Date,Volume,Open,Close,High,Low,CCI,MTR,DMP,DMM,PDI,MDI,ADX,ADXR
2/4/20,1093377,202,203.94,204.19,200.51,145.79430728322524,55.440000000000026,17.830000000000013,11.980000000000018,32.16089466089467,21.60894660894663,18.35796180168511,38.53481695730267
2/5/20,1366488,206.72,202.08,207.19,200.79,138.18551356767267,59.680000000000035,20.830000000000013,11.360000000000014,34.902815013404826,19.034852546916902,17.473190303463426,36.770136636587864
2/6/20,1326371,203.62,206,206.92,202.46,148.81412600564192,62.19,19.879999999999995,11.360000000000014,31.966554108377547,18.266602347644337,16.76674698832446,32.935372052637604
2/7/20,1410217,205.58,207.01,210.13,204.64,164.73337284551783,64.75,21.97,11.360000000000014,33.93050193050193,17.544401544401566,19.603400775398523,29.34770853896618
2/10/20,1556983,207.24,206.1,207.76,205.34,141.96054008701583,62.96999999999997,18.659999999999997,11.360000000000014,29.633158646974756,18.040336668254756,23.12102914,26.318843106442536
2/11/20,1289730,207.35,205.8,207.99,204.52,127.53066726518266,62.339999999999975,17.49000000000001,12.180000000000007,28.055822906641026,19.538017324350356,25.060543238188433,22.40925934198458
2/12/20,1177216,206.76,207.11,207.72,205.45,125.49648928085375,59.45999999999998,17.49000000000001,11.319999999999993,29.414732593340087,19.038008745375038,25.359191202737577,21.858576502211342
2/13/20,897453,206.34,207.51,208.47,206.34,124.6266052484642,58.599999999999966,16.25,11.319999999999993,27.730375426621176,19.31740614334471,23.436304750189958,20.454747526826694
2/14/20,996939,208.09,208.95,209.2,207.24,128.00961455505598,54.329999999999956,16.97999999999999,6.3700000000000045,31.253451131971296,11.72464568,26.46401223185889,21.615379610091676
2/18/20,1342962,209.47,207.06,209.82,206.9,109.29517657847983,52.49999999999994,14.319999999999993,6.3700000000000045,27.276190476190493,12.133333333333356,27.562541611138048,23.582971193268286
2/19/20,1569936,209.33,210.76,211.18,208.64,125.16623103533881,53.90999999999997,14.54000000000002,6.3700000000000045,26.970877388239714,11.815989612316839,30.021723666610303,26.57137640131105
2/20/20,1527322,210.44,206.67,211.58,205.07,86.56832123677003,56.559999999999974,14.54000000000002,8.059999999999974,25.707213578500756,14.250353606789211,31.817673808435913,28.43910852331217
2/21/20,1774916,205,201.91,206.27,199.85,17.647109347488332,57.369999999999976,14.54000000000002,9.609999999999985,25.34425658009417,16.75091511242808,31.65065776438443,28.504924483561005
2/24/20,2104856,195.56,194.37,197.29,192.43,-93.87661264,63.75999999999996,13.920000000000016,17.029999999999973,21.831869510665033,26.709535759096585,30.345109386915116,26.890707068552537
2/25/20,2282521,196.47,186.73,197.42,185.74,-154.9193129,70.50999999999993,9.670000000000016,23.71999999999997,13.714366756488477,33.64061835,29.785025127586376,28.124518679722634
2/26/20,2850215,188.59,190.67,194.15,187.66,-139.7846159,71.52999999999994,6.670000000000016,23.71999999999997,9.324758842,33.16091150566195,32.73162879073287,30.147085200935457
2/27/20,2688333,184.24,180.65,188.49,180.07,-215.663944,77.28999999999996,6.670000000000016,31.309999999999974,8.629835683788354,40.50976840470952,37.032301525180664,33.527012595895485
2/28/20,4340064,176.57,190.88,191.36,175.05,-166.248621,88.10999999999996,3.460000000000008,36.329999999999956,3.926909544887084,41.232550221314234,46.021656405262696,38.91966510684931
3/2/20,2698908,190.67,190.83,191.97,183.27,-122.7212682,94.38999999999996,4.069999999999993,36.329999999999956,4.311897446763423,38.489246742239615,55.92789081752378,43.789274290954104
3/3/20,2756240,187.85,180.55,190,177.82,-161.5318273,103.92999999999998,4.069999999999993,40.95999999999998,3.9160973732319775,39.41114211488501,67.907007,49.126058191357906
3/4/20,2242924,183.9,191.42,191.68,182.13,-100.4160301,112.78999999999996,5.75,40.95999999999998,5.0979696781629595,36.31527617696604,73.45726327496236,51.62114420127437
3/5/20,2328656,185.47,184.04,192.73,182.83,-105.5938901,120.55999999999995,6.049999999999983,40.95999999999998,5.018248175,33.97478433974784,76.48339894204967,54.60751386639127
3/6/20,3272212,177.83,173.42,179.68,168.55,-181.2712803,134.08999999999995,5.319999999999993,55.23999999999998,3.9674845253188122,41.196211499738986,79.40913171433313,58.22071662
3/9/20,3108606,157.82,160.05,164.81,156.71,-231.5212045,147.87999999999994,4.699999999999989,67.07999999999998,3.1782526372734585,45.3611036,80.12508747,63.07337194
3/10/20,3439444,165.6,164.48,166.5,157.1,-184.2892272,153.15999999999994,5.029999999999973,67.07999999999998,3.2841472969443553,43.79733611909115,81.15802189237009,68.54295635494694
3/11/20,2789599,159.55,154.4,161.75,152.36,-188.7951396,158.7699999999999,5.029999999999973,68.24999999999997,3.1681048056937557,42.98671033570575,81.88280051318928,74.89490375449499
3/12/20,5014108,143.79,136,148.5,135.7,-229.012073,170.64999999999992,5.029999999999973,79.69,2.947553472018737,46.69791971872255,84.00706482946865,78.73216405
3/13/20,3998375,146,158.03,158.17,138.45,-156.5700509,183.33999999999992,14.69999999999996,72.27000000000001,8.017890258536035,39.41856659757829,82.66280552320718,79.57310223262843
3/16/20,4101260,140.99,148.08,153.49,135.24,-158.5561715,194.44999999999993,14.69999999999996,68.78999999999999,7.559784006171234,35.37670352,79.72206463127556,79.56559817280434
3/17/20,4110652,149.69,154.92,157.95,140.05,-122.3129383,204.9299999999999,19.15999999999994,68.78999999999999,9.349533987215123,33.56755965451619,74.64295787291103,77.38402267289086
3/18/20,4762375,145.22,141.82,154.38,125.38,-140.51442,223.8699999999999,19.15999999999994,75.87,8.558538437,33.89020413632914,70.24742456593164,75.70272322915086
3/19/20,3749324,141.45,149.23,152.27,134.98,-110.0876627,224.8499999999999,19.15999999999994,70.85000000000002,8.52123638,31.509895485879497,65.43994431588017,73.66137241453472
3/20/20,4515807,151.46,148.02,156.06,145.38,-87.20368508,226.82999999999993,22.339999999999947,70.85000000000002,9.848785434,31.234845478993098,59.42816953886612,71.71761718416738
3/23/20,3309178,147.81,144.14,151.84,138.1,-94.48846118,227.55999999999992,22.339999999999947,72.68,9.817191070486885,31.938829319739863,57.22534964149432,69.94407758235076
3/24/20,2691644,151.25,149.96,153.4,141.43,-76.73173307,228.39999999999992,22.219999999999942,72.68,9.728546409807333,31.821366024518404,55.28960927595267,67.50583695361411
3/25/20,2497272,149.4,149.99,154.97,142.32,-68.45910008,231.14999999999995,22.739999999999952,72.68,9.837767683,31.442786069651753,54.60748371054098,64.62522079172601
3/26/20,2753388,150.85,160.88,163.15,150.65,-34.74687868,228.81999999999996,30.91999999999996,58.400000000000006,13.512804824753065,25.52224455904205,49.78913272963516,60.018278647783404
3/27/20,2929303,155.83,141.57,156.62,140.32,-71.5299166,232.67,30.91999999999996,56.890000000000015,13.28920789100441,24.45093909829373,45.147177173384584,55.29356074463237
3/30/20,3378468,142.74,155.91,157.18,141.29,-48.83569996,239.16,29.789999999999964,56.890000000000015,12.456096337180115,23.78742264592742,41.682090396884455,50.55512996787529
3/31/20,3679702,154,156.1,158.91,152.83,-27.82239164,233.12,31.519999999999953,52.150000000000034,13.520933424845554,22.370452985586837,36.96176836990042,47.09355900569737
4/1/20,3185117,147.53,139.22,150.47,137.86,-80.74090805,232.65999999999997,31.519999999999953,50.46000000000001,13.547666122238441,21.688300524370334,31.95034106228994,43.619975169121304
4/2/20,2729652,136.97,137.05,142.14,135.52,-96.70647038,217.10999999999996,21.849999999999966,52.80000000000001,10.064022845562143,24.319469393395064,30.137526244552973,42.37250497754698
4/3/20,2214656,136.89,139,141.54,136.28,-90.07264647,199.57999999999996,21.849999999999966,49.59000000000003,10.947990780639326,24.84717907605975,31.481526460526783,40.635329595080975
4/6/20,2732670,146.12,152.32,153.52,144.61,-30.43997966,196.2,29.370000000000005,49.59000000000003,14.969418960244651,25.275229357798185,30.82030704589998,37.98374210964228
4/7/20,2098172,157.73,148.7,157.8,147.27,-18.79768033,177.19,33.650000000000006,34.920000000000016,18.99091370844856,19.707658445736225,25.91825722271283,33.80017380979864
4/8/20,3142061,150.79,159.21,161.78,149.46,25.867512824535794,172.98,37.629999999999995,34.920000000000016,21.753959995375187,20.187304890738826,22.431418345367906,29.696593357634164
4/9/20,3705174,160.71,164.9,170.81,160.17,106.89135083174003,173.89999999999998,42.870000000000005,34.920000000000016,24.65209890741806,20.08050603795286,20.284189461678967,26.117265261984453
4/13/20,1896505,162.37,160.92,163.99,156.91,90.82653188532342,168.14999999999998,42.870000000000005,30.900000000000006,25.495093666369318,18.37644959857271,16.078516264968005,23.108021254760487
4/14/20,1918063,165.17,172.22,174.76,164,191.84001646662296,170.01999999999998,52.079999999999984,30.900000000000006,30.63169038936595,18.174332431478653,13.860922176671908,22.671224318599347
4/15/20,2014700,168.57,169.14,172.54,167.44,171.43022191910023,162.46999999999997,50.50999999999999,30.900000000000006,31.08881639687327,19.01889579614699,13.607596701295968,22.213951873597974
4/16/20,1847485,171.46,171,173.49,168.12,169.5673323058867,154.67999999999998,43.28,30.900000000000006,27.98034652185157,19.97672614429791,16.08043213769672,20.999344680204775
4/17/20,2357706,176.08,180.94,182,173.97,202.89396147515876,145.11999999999998,51.78999999999999,20.569999999999993,35.68770672546858,14.174476295479598,22.648770348117427,22.540094346742666
4/20/20,1191987,178.19,177.87,181.52,176.44,171.71805175748688,134.30999999999997,51.22999999999999,20.569999999999993,38.14310177946542,15.315315315315312,28.062458225020507,24.173323843349735
4/21/20,2331901,175.96,170.02,177.16,166.86,107.54704802643322,139.23999999999998,49.5,30.149999999999977,35.55012927319736,21.653260557311103,29.407071081133846,22.742793673050926
4/22/20,1013487,176.05,175.37,177.33,173.36,120.15601986514784,128.31,49.670000000000016,15.179999999999978,38.71093445561532,11.830722469020323,34.017079196344206,23.939000686508056
4/23/20,1582439,172.99,175.55,178.98,172.22,109.09720737660922,128.45000000000002,51.31999999999999,12.839999999999975,39.95328921759438,9.996107434799512,39.99826460648303,26.80293065
4/24/20,1151076,177.26,180.35,180.97,174.19,114.42684785405459,129.97000000000003,53.31,12.839999999999975,41.01715780564745,9.879202893,47.41326523721375,31.746848687455234
4/27/20,1684183,182.24,182.51,186.56,182.24,129.70131456491364,121.66000000000003,46.91999999999999,12.839999999999975,38.56649679434488,10.554002959066228,49.727053280486906,36.18791181430217
4/28/20,1829452,185.53,177.31,185.79,176.27,98.35428060539455,120.65,42.639999999999986,18.809999999999974,35.34189805221714,15.590551181102338,49.07331089116903,38.56788455809477
4/29/20,1559298,180.61,187.9,189.86,180,119.3549239571359,120.12,42.73000000000002,18.809999999999974,35.572760572760586,15.659340659340636,51.502518051762145,40.454794566447994
4/30/20,1941415,187,187.13,189.55,185.14,116.17307956534455,112.93000000000004,33.70000000000002,18.809999999999974,29.841494731249455,16.65633578322852,47.36455673969721,40.69081796802071
5/1/20,2061724,179.22,174.9,181.54,172.22,56.31767281813975,119.85000000000002,33.70000000000002,28.46999999999997,28.11848143512725,23.75469336670836,38.77078260979757,39.38452361
5/4/20,1153457,174.78,177.8,179.33,173.13,55.14287877,112.21000000000004,22.930000000000035,28.46999999999997,20.43489885036987,25.37207022547007,30.370627908920213,38.89194657306698
5/5/20,972833,179.57,180.49,184.87,179.28,75.56342246180513,114.18000000000004,28.470000000000027,28.46999999999997,24.934314240672638,24.93431424067259,20.865942500620353,35.29649789055363
5/6/20,1011883,182.23,181.23,185.08,179.66,74.10422819571068,114.23000000000005,27.730000000000018,28.46999999999997,24.27558434736935,24.923400157576786,14.622147576258792,31.84772923371391
5/7/20,1632447,182.93,184,186.46,180.81,80.00707696,108.88000000000005,20.600000000000023,28.46999999999997,18.919911829537117,26.148052902277698,10.817028299648598,31.15977317570537
5/8/20,1005491,186,184.29,187.16,183.25,84.32600677703408,107.71000000000004,21.30000000000001,28.46999999999997,19.77532262556866,26.432086157274128,8.491989185233592,27.92827296
5/11/20,1112115,183.14,184.4,186.14,182.92,79.46181139735349,99.92000000000004,21.30000000000001,19.22,21.31705364291433,19.23538831064851,7.945464178145155,23.35812339397136
5/12/20,1097398,184.37,180.97,187.12,180.97,67.73990158255464,98.76000000000005,21.129999999999995,21.169999999999987,21.395301741595773,21.435803969218284,6.164856266648943,18.267742087784576
5/13/20,1164858,180.6,176.86,182.68,173.83,19.138074320313397,100.85000000000005,19.480000000000018,28.309999999999974,19.315815567674772,28.071393158155637,9.244301059841353,15.055121780230852
5/14/20,1222797,174.53,177.87,177.98,170.57,-14.14061988,101.48000000000005,17.49000000000001,31.569999999999993,17.234923137564053,31.10957824201811,13.808105324984533,14.215126450621662
5/15/20,1077856,176.49,180.72,181.13,175.44,20.04051725425753,100.96000000000004,15.050000000000011,31.569999999999993,14.906893819334396,31.269809825673512,17.040959128451757,13.928993714050177
5/18/20,1437177,183.84,190.1,190.81,183.04,131.3885038728092,101.53000000000006,24.730000000000018,25.599999999999994,24.357332808037036,25.21422239732097,14.928012871916485,11.71000102857504
5/19/20,1519154,190.13,194.71,198.9,190.13,207.36605572545295,97.78000000000006,28.75,25.599999999999994,29.40274084679892,26.181223154019207,15.038429646426811,11.491946912285982
5/20/20,1028971,197.97,196.64,199.59,194.32,208.62447412913747,98.64000000000004,29.439999999999998,25.599999999999994,29.84590429845903,25.952960259529586,16.185459902808876,11.17515808472891
5/21/20,1261075,196.08,194.75,197.58,193.65,171.05760873214544,87.66000000000005,29.439999999999998,13.349999999999994,33.584302988820426,15.229295,19.37305569542311,14.30867837763223
5/22/20,1534589,194.03,195.78,196.9,192.51,151.79288942124413,85.85000000000005,29.439999999999998,14.490000000000009,34.29237041351192,16.878276062900408,20.26169936926623,17.03490234712538
5/26/20,1662644,199.32,199.53,203.83,198.62,189.7298141359744,86.83000000000007,30.830000000000013,14.490000000000009,35.50616146493146,16.68778072094898,20.364913792869007,18.702936460660382
5/27/20,2192991,198.65,199.81,199.82,192.51,135.97303629144835,88.72000000000006,30.620000000000005,20.600000000000023,34.51307484220016,23.21911632100993,23.33726038191391,19.132636626915197
5/28/20,3709293,196.38,202.63,208.3,194.6,160.50255111383544,96.77000000000007,37.72000000000003,20.600000000000023,38.97902242430506,21.28758912886226,27.263845888223884,21.15113776732535
5/29/20,2750750,203.6,210.38,210.71,200.34,181.8963043074993,103.23000000000008,39.430000000000035,20.600000000000023,38.196260776905945,19.955439310278027,31.328996775312635,23.757228339060756
6/1/20,2746022,210,219.29,221.51,209.06,220.78151486644677,112.46000000000006,50.23000000000002,20.27000000000001,44.66476969589186,18.024186377378623,32.144698506290844,25.758877100856978
6/2/20,2479929,218.93,219.09,221,212.11,190.86997467149445,115.20000000000005,50.23000000000002,18.32000000000002,43.60243055555556,15.902777777777791,34.231123492574916,27.246411430920574
6/3/20,2025133,220.75,226.39,227.39,219.17,200.04299052864914,114.65000000000003,56.620000000000005,11.180000000000035,49.38508504143043,9.751417357174036,39.39211132432484,29.878512558596924
6/4/20,2177537,225,225.2,227.37,223.29,179.04584880245332,111.32000000000005,56.620000000000005,7.920000000000016,50.862378727991356,7.114624505928865,48.70784633238617,36.02255335715004
6/5/20,1956278,224.67,233.71,234.54,223,180.34893725629755,117.17000000000004,60.639999999999986,7.920000000000016,51.753861910045195,6.759409405137845,56.63132435756838,41.94758512289613
6/8/20,2273377,231.14,233.51,236.47,230.46,168.84940651432174,113.09000000000003,52.889999999999986,7.920000000000016,46.768060836501874,7.003271730480161,63.728658220922284,47.52882749811746
6/9/20,1916273,232.49,234.15,237.8,231.45,151.65428065877245,110.64000000000004,46.129999999999995,7.920000000000016,41.69378163412869,7.158351409978319,68.42821624332952,50.28645737481018
6/10/20,1810693,235.59,236.59,240.25,233.46,142.52357033780913,112.16000000000003,47.889999999999986,7.920000000000016,42.697931526390846,7.061340941512138,72.60622058955074,53.418672041062834
6/11/20,2798454,233,219.1,233.47,218.95,82.25758322,125.87000000000003,47.889999999999986,21.760000000000048,38.04719154683401,17.287677762771146,67.68880445987863,53.54045789210173
6/12/20,1865112,227.95,222.96,228.13,218.95,73.11579084,130.66000000000003,47.889999999999986,20.620000000000033,36.65238022348077,15.781417419256107,61.746692332466814,55.22726933242649
6/15/20,1522421,218.96,229,229.75,218.76,75.74259651394368,133.60000000000002,42.579999999999984,20.620000000000033,31.871257485029922,15.434131736526968,54.72180667993542,55.67656552
6/16/20,2385790,234.95,240.93,241.77,234,114.0628881950864,139.06000000000003,54.599999999999994,14.51000000000002,39.26362721127569,10.434344887099105,52.06469309937247,57.89667566014738
6/17/20,1127113,242.29,237.04,243.76,236.42,105.25424280921189,132.70000000000002,48.10999999999996,14.51000000000002,36.25470987189144,10.934438583270547,49.22522253,58.82671938517876
6/18/20,1181220,237.95,238.07,239.2,236.05,93.59133186113753,125.47999999999999,45.69999999999996,14.879999999999995,36.420146636914225,11.858463500159385,45.76803695855591,59.18712877405333
6/19/20,2023843,242.11,237.82,242.98,235.49,91.97112907155196,120.51999999999998,38.67999999999998,14.879999999999995,32.094258214404235,12.346498506471953,46.921369323285084,57.30508689158185
6/22/20,1203830,236,240.88,241.13,236,90.41901346157265,116.75999999999999,38.67999999999998,14.879999999999995,33.12778349,12.744090441932165,47.693325700333496,54.720009016400155
6/23/20,1461835,242.91,241.62,247.14,241.46,102.16738141453625,114.72,38.29999999999998,14.879999999999995,33.38563458856344,12.970711297071126,49.24203853454199,51.98192261
6/24/20,1863968,240.29,233.44,242.67,231.44,66.34457767,121.86999999999998,38.29999999999998,24.900000000000006,31.426930335603505,20.431607450562083,43.10763194124945,47.586162520310964
6/25/20,1782536,233.5,234.47,234.81,228.37,48.07517124261817,116.76999999999998,31.129999999999995,27.97,26.65924466900745,23.953070137877884,35.055947126460474,42.14058482674424
6/26/20,1510209,234.93,232.74,236.71,230.66,48.958198965749986,116.81,31.099999999999994,27.97,26.624432839654133,23.944867733926888,27.4599341,36.613985529130154
6/29/20,930460,232.53,232.17,233.93,227.76,33.598663853788054,116.63,29.769999999999982,30.870000000000005,25.525165051873433,26.46831861442168,20.356240398199656,33.63880486074237
6/30/20,1602535,232.95,239.19,239.95,231.2,61.83584790722337,118.59,33.339999999999975,30.870000000000005,28.113668943418478,26.03086263597268,13.591341475590061,30.64233358796178
7/1/20,1275289,239.94,241.22,242.67,237.8,83.13714040787457,105.81999999999996,36.059999999999974,16.359999999999985,34.07673407673406,15.460215460215453,12.515002055078492,30.87852029481024
7/2/20,1158173,242.51,240.15,244.4,239.18,87.47727566689136,101.85999999999996,37.78999999999999,16.359999999999985,37.099941095621446,16.061260553701153,15.577122434864295,29.342377188056872
7/6/20,1092704,243.32,244.36,248.35,243.07,120.6913007969756,99.06999999999994,40.119999999999976,16.359999999999985,40.496618552538614,16.513576259210655,21.697308927564848,28.37662802701266
7/7/20,993651,243.12,238.94,245.6,238.8,81.49723653977523,93.09999999999991,28.099999999999966,20.629999999999967,30.18259935553168,22.158968850698162,23.36907023714348,25.41450216842394
7/8/20,960268,241.64,243.9,244,239.42,91.60785258609013,90.81999999999991,26.109999999999985,20.629999999999967,28.749174190706906,22.71526095573661,25.020811714633243,22.68852605641645
7/9/20,1594049,250.3,248.2,251.39,242.07,140.88498551630875,96.98999999999992,33.49999999999997,20.25999999999999,34.53964326219198,20.888751417671934,28.48434893933988,21.037845207464972
7/10/20,1142858,248.22,244.24,248.89,243,113.13461266675276,95.38999999999993,29.71999999999997,20.25999999999999,31.156305692420585,21.23912359786142,25.37543145653854,18.945216755808516
7/13/20,2030573,246.17,231.86,246.73,231.26,-1.609950795,105.72999999999993,29.71999999999997,32,28.109335098836652,30.265771304265602,19.395239535478833,17.486180985171565
7/14/20,2459437,228.86,234.6,234.68,226.55,-67.59961753,107.59999999999994,23.70999999999998,36.70999999999998,22.035315985130108,34.11710037174721,15.96991714,18.833613033030574
7/15/20,1112348,236,235.58,237.16,231.5,-29.49902043,102.02999999999994,26.18999999999997,26.68999999999997,25.668920905615977,26.15897285,13.572612333721793,18.470841285432634
7/16/20,1029230,233.86,234.03,235.39,229.25,-54.10137099,101.91999999999996,26.18999999999997,25.869999999999976,25.69662480376764,25.382653061224477,11.720986057182413,18.370898885907827
7/17/20,1102440,235.8,237.7,238.06,232.67,-8.481606975,101.25999999999996,26.95999999999998,25.869999999999976,26.624530910527348,25.548094015405873,7.960193634496895,18.22227128691839
7/20/20,1050325,239.05,246.04,246.96,237.43,87.94522380420648,104.61999999999995,35.859999999999985,22.96999999999997,34.27642898107437,21.955649015484596,8.457363436,16.91639744607662
7/21/20,987843,246.64,239.69,247.3,237.34,53.201691655558086,105.82999999999996,30.180000000000007,22.96999999999997,28.517433619956556,21.704620617972203,10.102576535489986,14.748908035484408
7/22/20,515059,241.4,240.74,243.91,239.06,45.036201767433994,105.80999999999997,27.460000000000008,22.96999999999997,25.95217843304037,21.708723183063963,8.000472571,11.985194854581444
7/23/20,1177010,241.29,237.34,245.16,235.73,10.855615167244835,110.01999999999998,25.72999999999999,26.299999999999983,23.38665697145973,23.90474459189237,8.025470028880742,10.799041181301266
7/24/20,1007657,234.14,232.88,236.03,230.24,-95.88417289,108.91999999999999,21.78,31.789999999999964,19.99632757987514,29.186558942342973,11.037329403482198,11.379157730332306
7/27/20,731198,234.96,239.69,239.97,233.31,-16.02828099,109.21000000000001,25.72,27.519999999999982,23.550956872081308,25.199157586301602,11.256945228431201,9.608569431464048
7/28/20,623883,238.53,234.58,240.6,234.14,-34.83904635,110.61000000000001,26.349999999999994,27.519999999999982,23.822439200795582,24.880209745954232,7.967162806496241,8.212263121055472
7/29/20,502969,236.58,238.61,240.12,236.58,-0.392482286,106.83000000000001,18.960000000000008,27.519999999999982,17.747823645043532,25.760554151455562,8.775686512933312,9.439131524
7/30/20,713189,235.29,236.1,237.65,231.42,-53.89370061,108.13000000000005,18.960000000000008,32.68000000000001,17.53444927402201,30.22287986682696,11.719873348389532,9.860172959528061
7/31/20,1144187,238.36,236.43,238.36,231.5,-46.89899708,99.52000000000007,19.670000000000016,20.939999999999998,19.76487138263666,21.040996784565902,12.058504470115453,10.041987249498098
8/3/20,1269286,239.42,239.48,240.46,235.84,4.380730435601611,96.01000000000008,21.77000000000001,16.230000000000018,22.674721383189244,16.90448911571712,11.37402376,11.20567658
8/4/20,964018,239.29,239.9,241.87,236.73,17.438544739429567,95.49,20.700000000000017,16.230000000000018,21.677662582469367,16.996544140747723,12.827867744422612,12.042406486426906
8/5/20,1292900,240.07,243.2,246.36,235.24,52.600335527164404,100.28000000000009,25.190000000000026,13.980000000000018,25.11966493817312,13.940965297167937,17.235692018788942,12.601427412642591
8/6/20,735942,243.64,243.57,244.5,239.24,64.45957667773982,100.15000000000006,22.52000000000001,13.980000000000018,22.48627059410883,13.959061407888177,18.06581485848432,13.420750685708816
8/7/20,1042919,242.47,236.24,242.47,233.2,-35.20233784,100.99000000000007,13.620000000000005,20.02000000000004,13.48648381027824,19.82374492524015,16.808551318988822,14.264212333689176
8/10/20,1307834,236.4,231.88,236.93,227.52,-125.2974323,100.44000000000005,13.280000000000001,25.700000000000017,13.221823974512139,25.587415372361612,21.59774882594903,16.828126648032242
8/11/20,927506,231.17,228.79,232.79,227.55,-156.6175419,100.83000000000004,13.280000000000001,25.700000000000017,13.170683328374487,25.48844589903799,24.478339862287964,17.92618181172208
8/12/20,905060,229.3,231.57,233.87,229.3,-111.6202643,96.48000000000005,14.360000000000014,22.370000000000005,14.883913764510787,23.18615257048092,26.09564087009598,19.461754307259298
8/13/20,1200754,232.88,238.19,243.25,232.57,7.790059951601242,101.06000000000006,23.74000000000001,16.880000000000024,23.49099544824856,16.702948743320814,24.140539444783837,20.68811573178639
8/14/20,786242,237.92,234.35,239.63,233.46,-28.01645032,100.14000000000004,19.80000000000001,16.880000000000024,19.77231875374476,16.85640103854605,21.567786323876373,19.816800591180346
8/17/20,919809,236.3,239,239.35,235.65,25.913836200558634,98.68000000000004,19.170000000000016,16.880000000000024,19.426428860964744,17.105796513984615,19.45567269,18.13211200599316
8/18/20,1482465,241.94,242.69,246.33,240.26,127.77826996743104,100.47000000000006,26.150000000000034,16.880000000000024,26.027669951229246,16.801035134866144,17.73577533834128,19.666762082145155
8/19/20,1250652,244.4,241.42,244.98,239.17,95.01152955955361,99.09000000000003,26.150000000000034,12.810000000000002,26.39015036835203,12.92764153799576,18.132067475027323,21.305203668657644
8/20/20,1080607,240.44,249.15,250.62,239.45,173.66977920613002,103.40000000000003,31.08000000000004,12.810000000000002,30.058027079303706,12.388781431334621,21.435235426338924,23.765438148217452
8/21/20,1088357,249.33,248.27,249.93,245.27,180.7347397189918,103.44000000000003,28.980000000000047,12.810000000000002,28.01624129930398,12.38399071925754,25.069441249480587,24.604990347132212
8/24/20,1227466,250.1,251.8,253.47,249.66,214.9656029305225,103.5,31.110000000000042,12.810000000000002,30.057971014492793,12.37681159,30.687095435837076,26.127440879856724
8/25/20,1555125,249.02,252.24,254.35,246.4,184.13427484313408,100.32999999999998,26.620000000000033,16.069999999999993,26.532442938303635,16.017143426691913,33.747221946488615,26.60144731974306
8/26/20,3075999,246.66,248.21,253.26,237.19,100.08727563014178,111.13999999999999,26.620000000000033,25.28,23.951772539139856,22.746086017635417,30.58701841117376,24.16139687475752
8/27/20,1137941,250.19,243.11,250.19,241.74,76.56964794,109.21999999999997,26.620000000000033,19.23999999999998,24.372825489837062,17.615821278154172,27.562386559867843,22.847227017447583
8/28/20,999064,244.85,247.39,250.5,244.85,101.7860095474307,107.19999999999996,26.930000000000035,13.560000000000002,25.12126865671646,12.64925373134329,26.128003998241393,23.78161971229016
8/31/20,1210857,246.33,245.7,247.98,242.55,66.37654112435739,107.38999999999996,26.930000000000035,15.859999999999985,25.07682279541861,14.768600428345277,23.990847858424136,24.53014455395236
9/1/20,1413483,247.99,253.51,253.7,244.67,123.5112199708064,111.33999999999995,31.57000000000002,15.859999999999985,28.35458954553623,14.244656008622233,22.56681946570505,26.626957450771062
9/2/20,2374057,255.48,261.35,261.94,254.15,203.0867402,108.08999999999995,30.430000000000035,15.859999999999985,28.15246553797766,14.672957720418164,23.693891651246805,28.72055679886771
9/3/20,2497741,256.81,242.09,256.81,239.23,45.13918629550307,124.03999999999999,30.430000000000035,30.78,24.532408900354756,24.814575943244115,23.35887727566516,26.972947843419462
9/4/20,2704646,240.53,233.88,244.44,228.18,-78.87502261,135.29999999999998,30.430000000000035,41.829999999999984,22.490761271249106,30.91648189209164,23.30619524806431,25.434290903966076
9/8/20,1845665,224.16,224.36,230.19,223.92,-173.5959364,137.92999999999998,23.450000000000017,46.09,17.001377510331345,33.415500616254626,23.228912406739752,24.678458202490575
9/9/20,2018469,227.61,232.78,234.98,225.59,-109.8645852,142.73999999999995,28.24000000000001,45,19.78422306,31.525851197982355,22.73110234471216,23.360975101568147
9/10/20,2128563,234,228.2,239.01,226.95,-98.16921524,143.62999999999994,26.629999999999995,45,18.540694840910678,31.33050198426514,21.484966157103326,22.025892811404187
9/11/20,992236,228.18,227.48,231.34,223.27,-122.4629751,147.03999999999994,26.629999999999995,48.67999999999998,18.11071817192601,33.10663764961915,21.11888274872671,22.406387199986757
9/14/20,1276790,231.03,229.83,232.9,228.23,-87.05744682,147.25999999999996,24.650000000000006,48.67999999999998,16.739100909955187,33.05717778079587,26.485194307986593,24.922035791825877
9/15/20,1969945,231.48,235.87,240.05,231.09,-39.22730545,149.52999999999997,31.80000000000001,45.41999999999999,21.26663545776768,30.375175550056845,26.79545339211782,25.050824320091067
9/16/20,1092756,236.41,230.76,237.59,230.33,-63.91054943,140.71999999999997,31.80000000000001,36.96999999999997,22.59806708357022,26.272029562251266,22.622288585315705,22.925600496027727
9/17/20,1884476,225.5,226.97,227.51,220.43,-128.4881113,142.59999999999997,31.80000000000001,46.869999999999976,22.30014025245443,32.868162692847115,22.00100489,22.366053618500978
9/18/20,2034103,228.32,225.13,229.34,219.89,-123.6854922,144.66,33.32000000000002,46.869999999999976,23.033319507811438,32.40011060417529,20.54295315304336,21.013959655073343
9/21/20,1205468,220.8,227.64,227.76,218.51,-113.4529818,148.48000000000002,33.32000000000002,45.94999999999999,22.44073276,30.946928879310335,18.31860438374888,19.718743566237794
9/22/20,841113,229.41,229.56,230.08,225.72,-79.01669991,143.81000000000003,29.920000000000044,45.94999999999999,20.80522912,31.951880954036564,16.37836677,21.431780540426747
9/23/20,901998,228.6,221.87,230.33,221.05,-99.56636681,144.66000000000003,21.680000000000035,50.619999999999976,14.986865754182244,34.992395962947576,20.109990919428792,23.45272215577331
9/24/20,1147889,219.49,220.96,223.9,215.83,-117.3686706,130.60999999999999,21.680000000000035,40.91999999999996,16.59903529591918,31.32991348288796,23.979492799644714,23.30089069248021
9/25/20,1054915,221.18,227.8,228.97,219.92,-75.48002322,123.4,26.75000000000003,29.869999999999976,21.67747163695302,24.20583468,21.705234862762776,21.85311987752629
9/28/20,995935,232.5,232.15,234.34,229.1,-30.87672512,119.97999999999999,32.12000000000003,25.609999999999957,26.771128521420266,21.34522420403397,20.76844550456515,20.655699328804253
9/29/20,956962,232.51,232.92,234.38,230.57,-22.79302094,113.17000000000002,27.370000000000033,25.609999999999957,24.18485464345677,22.629672174604533,18.666632288844635,18.492618336296758
9/30/20,1466075,232.29,231.01,236.71,228.95,-21.89681139,108.87000000000003,25.670000000000044,25.609999999999957,23.578579957747806,23.523468356755714,15.16475878830824,15.77156278058757
10/1/20,1438777,232.76,233.96,238.61,232.75,5.705783489,108.40000000000006,27.57000000000005,21.92999999999998,25.43357933579339,20.23062730627303,10.392471601083335,15.251231260256063
10/2/20,1253379,228.77,225.56,231.14,223.51,-62.1401817,113.43000000000006,26.010000000000048,31.169999999999987,22.93044168209471,27.479502777043084,6.774023273007771,15.376758036326242
10/5/20,915907,226.86,228.93,230.13,225.04,-47.70989026,108.30000000000007,18.860000000000042,31.169999999999987,17.414589104339825,28.781163434903018,9.956492691627403,15.83086377719509
10/6/20,979948,228.32,228.01,231.57,226.5,-38.06711064,106.11000000000007,20.30000000000004,30.409999999999997,19.131090377909743,28.658938837055864,11.399869937575707,16.08415772107043
10/7/20,1039264,229.31,233.01,234.21,229.31,4.433940446715653,101.9800000000001,22.940000000000055,20.50999999999999,22.494606785644276,20.11178662482837,11.778307755553643,15.22247002219914
10/8/20,1382130,237.23,234.31,238,232.26,48.72701435345208,98.27,24.900000000000034,20.50999999999999,25.338353515823762,20.87106950239134,13.370052662962784,14.267405725635513
10/9/20,1794439,234.38,237.5,238.14,233.32,96.91545423301716,93.84000000000009,25.04000000000002,19.129999999999995,26.683716965046884,20.385763000852492,13.701083139793562,12.046777370438448
10/12/20,1987984,243.46,242.12,246.12,239.92,208.17945366575913,98.10000000000008,30.700000000000017,19.129999999999995,31.294597349643215,19.50050968,16.066884822843694,11.420454047925732
10/13/20,1374509,242.75,244.09,247.87,242.39,217.71427451441545,94.57000000000008,32.45000000000002,14.460000000000008,34.31320714814422,15.290261182193081,18.35768400921692,14.157088350422162
10/14/20,1414684,246.88,246.7,250.74,244.53,222.07125280838818,93.15000000000009,35.32000000000002,9.240000000000009,37.917337627482546,9.919484702093397,24.789505937948633,18.09468793776217
10/15/20,2638403,244,252.03,253.96,242.12,210.2333970480449,95.94000000000008,33.47000000000003,9.240000000000009,34.88638732541171,9.631019387116948,33.31264084022573,22.545474297889687
10/16/20,2289563,253.21,259.97,261.45,253.17,251.4376266333638,98.82000000000008,35.59,9.240000000000009,36.01497672535921,9.350333940497876,41.49766253325974,27.433857598111263
10/19/20,2330722,262.67,259.94,268.44,258.59,236.20737466526987,104.8600000000001,42.54000000000002,9.240000000000009,40.56837688346364,8.811748998664887,49.986066259408915,31.843574699601238
10/20/20,1715609,261.41,257.34,262.58,257.17,175.67730815778788,102.51000000000005,40.21000000000001,10.659999999999968,39.22544142034923,10.398985464832663,55.797783374318044,35.93233409858087
10/21/20,872881,257.39,254.01,259.69,253.1,129.7092549739506,101.50000000000003,38.31,14.72999999999999,37.74384236453201,14.512315270935948,56.815613640740736,37.58664882497883
10/22/20,1033457,254.52,252.76,255.64,247.02,92.87829936976826,99.66999999999999,38.31,11.569999999999965,38.43684157720478,11.608307414467708,55.995752497035966,40.39262922
10/23/20,640713,253.27,254.42,254.65,249.9,90.15452989737071,99.32999999999998,38.31,11.569999999999965,38.56840834,11.648041880599985,55.47528852359181,44.39396468190877
10/26/20,1256976,251.59,249.13,254.65,246.4,65.93314882848316,102.50999999999999,36.870000000000005,15.069999999999965,35.967222709979524,14.701004780021426,52.674272073678345,47.08596730346905
10/27/20,1008937,251.01,250.6,253.87,250.27,68.80860231860491,101.04999999999998,34.22999999999999,15.069999999999965,33.87431964374072,14.913409203364637,48.43319753222236,49.20963189581563
10/28/20,1357415,246.21,237.62,246.38,236.7,-2.109853386,109.20999999999998,30.439999999999998,28.639999999999986,27.87290541159235,26.22470469737203,39.2594424,47.52861288797072
10/29/20,1043041,238.33,242.84,245.72,238.11,6.364234722292566,112.48999999999998,30.30000000000001,28.639999999999986,26.93572762023292,25.46004089252377,32.31934405,44.567478846752564
10/30/20,1514698,240.13,235.54,241.5,233.32,-35.86585086,113.38999999999999,22.319999999999993,33.43000000000001,19.684275509304165,29.482317664697074,26.705942441962744,41.35084746949936
11/2/20,1728616,237.2,240.74,242.57,236.21,-19.36313304,114.66999999999999,21.639999999999986,33.43000000000001,18.87154443,29.15322229004972,21.33935158947575,38.40732005653378
11/3/20,1045611,244.38,248.31,250.46,241.84,29.350274076813868,117.73999999999998,26.659999999999997,33.43000000000001,22.64311194156616,28.39306947511467,16.221839606049684,34.44805583986401
11/4/20,2779453,257.41,245.89,257.83,241.46,37.15917437381001,122.26999999999995,30.809999999999974,33.43000000000001,25.19833156129875,27.341130285433895,10.424232677333247,29.4287151
11/5/20,1467612,254.26,255.92,260.5,252.35,91.50101135305445,127.45999999999998,25.99000000000001,33.43000000000001,20.390710811234907,26.227836183900845,12.003286072520801,25.631364237072102
11/6/20,819095,255.38,259.41,261.6,253.25,98.07437543334184,125.95999999999998,20.100000000000023,33.43000000000001,15.957446808510658,26.54017148301049,15.684202851382954,24.001773452073678
11/9/20,2361909,274.24,262.61,276.68,262.26,158.60717165543903,137.82,35.18000000000001,32.01000000000005,25.526048469017567,23.225946887244266,13.14915499499282,19.92754871847778
11/10/20,1615260,259.38,247.22,259.98,245.88,26.873901821819906,147.96,35.18000000000001,44.32000000000002,23.776696404433636,29.95404163287376,11.49711161,16.418231598479927
11/11/20,2067971,252.84,246.79,257.41,244.3,7.813328404907451,152.45000000000005,35.18000000000001,39.82000000000002,23.076418497868154,26.12003935716629,10.650483771460356,13.436161688755021
11/12/20,1005153,247.98,245.71,253.03,244.69,-15.27775208,156.04000000000005,35.18000000000001,39.82000000000002,22.545501153550372,25.51909766726481,11.001852250774034,10.71304246405364
11/13/20,1518678,254.4,251,256.91,248.63,25.165066459071802,158.99000000000007,39.06000000000003,36.32000000000002,24.56758286684698,22.844204037989815,9.520832206685808,10.762059139603306
11/16/20,1087696,249.37,248.79,251.56,246.86,-16.61411281,158.95000000000005,39.06000000000003,38.09,24.57376533501102,23.963510537904998,5.580060012835028,10.632131432108991
11/17/20,1015462,249.24,252.71,253.67,247.62,7.295746200645405,151.10000000000002,41.170000000000016,24.519999999999982,27.246856386499015,16.22766379880872,9.018119955936745,11.083637475464784
11/18/20,908635,252.39,252.22,255.13,250.53,20.70771480555717,147.60000000000002,42.630000000000024,24.519999999999982,28.882113821138226,16.612466124661232,11.596889287090919,11.547000447287509
11/19/20,1077781,250.24,256.88,259.66,250.24,55.73008154917984,147.50000000000003,47.16000000000005,19.72999999999996,31.972881355932234,13.376271186440649,17.400382252324075,14.025433011892215
11/20/20,1458524,256.73,254.89,260.6,254.09,63.12237128655295,146.98000000000005,47.03000000000006,19.72999999999996,31.99755068716835,13.423595046945133,23.184729499511363,17.09329088
11/23/20,1338283,255.57,257.25,257.95,251.6,53.422219788643254,143.61000000000004,39.14000000000004,22.21999999999997,27.254369472877958,15.472460135088062,27.174737996514946,18.347785101600376
11/24/20,1590924,257.72,258.97,260.89,256.6,100.24273921040268,131.53000000000003,34.710000000000065,22.21999999999997,26.389416863073105,16.893484376187917,30.621726765909084,18.100893389372057
11/25/20,3128324,260.99,271.24,282.49,260.01,239.6653366601815,140.44,53.64000000000007,22.21999999999997,38.19424665337516,15.82170321845626,33.30040654569535,21.15926325081605
11/27/20,886936,272.19,272.81,276.48,270.51,224.48901862797163,138.06,52.54000000000005,22.21999999999997,38.05591772,16.094451687672006,35.56490253989259,23.580895913491755
11/30/20,2612328,275,280.23,281.35,272.21,222.79474193755016,129.93000000000006,42.33000000000007,22.21999999999997,32.57908104363892,17.101516201031295,33.92265580927518,25.661519030799624
12/1/20,1753763,281.87,279.11,282,275.16,192.30695646719386,120.04000000000002,42.98000000000005,5.839999999999975,35.80473175608134,4.865044985004976,39.786427274819474,31.48557838716542
12/2/20,1426356,277.99,277.06,279.16,273.76,153.66793700393208,112.33000000000004,42.98000000000005,5.660000000000025,38.26226297516249,5.038725184723603,47.97842832127521,37.576583158895076
12/3/20,1841708,276,277.29,279.79,275.71,139.7988195937073,108.07000000000008,43.61000000000004,5.660000000000025,40.35347459979644,5.2373461645230135,57.159317479102185,43.89052212250564
12/4/20,1688205,277.29,278,281.78,276.98,131.19902893030226,101.67000000000002,41.71999999999997,5.660000000000025,41.034720173109044,5.5670305891610345,62.940927504694535,48.12066702519495
12/7/20,1422385,278.18,280.8,282.27,278,123.53400760450481,101.24000000000001,42.20999999999998,3.890000000000043,41.69300671671274,3.8423548004741632,70.03546033029558,52.80018143509409
12/8/20,939027,281.69,284.38,286.24,280.31,127.0602743360242,101.12000000000003,44.07000000000002,3.890000000000043,43.581882911392405,3.8469145569620666,78.80612772740996,56.36439176834257
12/9/20,1484500,288.97,279.42,289.45,278.07,108.04222112346012,107.90000000000003,45.81999999999999,3.890000000000043,42.4652456,3.6051899907321983,80.18510215489157,59.98576471485552
12/10/20,1160357,278.14,281.16,282.18,274.24,82.96367848665653,106.42000000000002,41.289999999999964,7.720000000000027,38.79909791392591,7.254275512121806,78.81331075088166,63.395869536078436
12/11/20,1251164,280.25,279.68,280.49,275.38,73.15150086773943,105.69000000000003,40.349999999999966,7.720000000000027,38.17768946920234,7.304380736115077,77.28924678259192,67.22428213084706
12/14/20,1743931,281.57,288.33,293.48,280.05,111.6317013342858,113.14000000000004,53.339999999999975,5.230000000000018,47.14512992752338,4.622591479582832,78.29474100864684,70.61783425667069
12/15/20,997920,288.2,287.53,290.66,287.07,108.15342748436184,112.44000000000011,50.39999999999998,5.230000000000018,44.82390608324434,4.651369619352555,77.97366626,74.00456329497604
12/16/20,1054935,288.74,292.17,293.1,288.74,112.02185672477184,94.49000000000018,31.239999999999952,5.230000000000018,33.06169965075658,5.534977246269455,75.89712355684816,77.35162564212905
12/17/20,1108516,294.65,297.35,297.76,292.38,126.01341413478042,94.11000000000013,35.89999999999992,5.230000000000018,38.14684943151617,5.557326532780801,74.26699289333482,77.22604752
12/18/20,2766224,299.83,305,305.95,298.73,153.37304162782377,93.57000000000005,39.219999999999914,5.230000000000018,41.91514374265245,5.589398311424619,75.59561227,77.20446150937163
12/21/20,1421517,302.84,300.88,303.99,296.7,133.77515395051404,95.03000000000009,38.569999999999936,7.260000000000048,40.58718299484363,7.639692728612061,75.66853245,76.47888962
12/22/20,1302945,303.31,303.86,304.3,300,139.0455353,93.93000000000006,38.87999999999994,5.860000000000014,41.39252634940904,6.238688384967539,74.27906148680144,76.28690124772413
12/23/20,689730,305.65,300.18,307.22,300,133.05888086327482,97.07000000000005,41.16999999999996,5.860000000000014,42.41269187,6.036880601627702,73.25948491693855,75.61657558829752
12/24/20,323059,300.4,301.39,302.76,298.77,115.5205726607956,96.26,39.18000000000001,7.090000000000032,40.70226469977142,7.365468522750908,72.93196836930532,74.41454596307673
12/28/20,702708,304.25,299.65,305.44,298.02,106.59941335313108,99.41000000000014,41.370000000000005,7.090000000000032,41.615531636656215,7.132079268,72.29368705003195,73.28033997168339
12/29/20,672891,300,298.11,301.73,296.03,85.33514826,99.18000000000018,37.39999999999998,9.080000000000041,37.70921556765468,9.155071587013536,69.70393547,72.64977386781825
12/30/20,513673,300.25,299.41,301.51,297.94,83.85020700259243,91.37000000000018,34.19,9.080000000000041,37.41928422895911,9.937616285432881,67.98948088542765,71.82900666724967
12/31/20,941702,299,305.34,305.85,299,99.49753123703333,90.28,38.53000000000003,5.250000000000057,42.67833407177663,5.815241470979226,68.35818818698874,71.31862483689508
1/4/21,1407015,304.11,296.84,307.83,293.05,67.76313478791957,99.28000000000014,38.53000000000003,11.200000000000045,38.80942788074131,11.28122481869463,65.00435989,69.13192240203072
1/5/21,1636915,297.84,301.7,302.51,296.54,68.75035212,91.45,25.54000000000002,11.200000000000045,27.927829414980852,12.247129579004957,59.950565869954566,66.44126711962994
1/6/21,1557737,294.15,302.87,309.95,294.13,77.22074047285378,103.68000000000006,32.98000000000002,11.200000000000045,31.80941358024691,10.802469135802506,56.37716110707561,64.33542407855379
1/7/21,1527642,305.45,315.2,316.45,305.01,134.23953869329588,111.69,37.04000000000002,11.200000000000045,33.16321962574986,10.027755394395243,55.14984007216601,62.42688776997045
1/8/21,1196778,316.41,319.85,320.43,315.08,162.43132282798965,111.45000000000005,36.36000000000007,11.200000000000045,32.62449528936748,10.049349484073613,54.29494501,61.142212949059875
1/11/21,1232960,317.43,317.81,319.84,313.75,145.31628214983263,108.9500000000001,28.170000000000073,12.53000000000003,25.855897200550753,11.50068838916936,48.03012377299652,58.19415597999263
1/12/21,859508,320,320.13,320.94,317.11,152.27781952087923,104.48000000000008,29.270000000000095,10.5,28.014931087289504,10.049770290964771,46.73672587982562,55.87054288347426
1/13/21,1182030,320.75,314.33,321.13,313.07,125.71365142928249,108.24000000000007,28.960000000000093,14.54000000000002,26.755358462675602,13.433111603843322,45.75645861915368,52.853512244554125
1/14/21,1269716,314.08,311.11,316.11,310.06,94.92960593269483,107.07000000000005,26.040000000000077,17.55000000000001,24.320537965816815,16.391145979265904,40.78622848903991,48.581694798057754
1/15/21,1248598,311.74,308.51,316.35,308.03,79.12402869376172,111.40000000000009,26.040000000000077,18.350000000000023,23.375224416517106,16.472172351885106,34.745931114806254,44.947885593486134
1/19/21,1414107,314.83,310.97,315.47,310.25,82.91406258178668,110.94000000000011,23.36000000000007,18.350000000000023,21.056426897422075,16.540472327384176,27.93091612316462,41.11293056792836
1/20/21,1794524,311.52,308.58,315.26,307.42,61.87937627507877,113.08000000000004,23.36000000000007,19.189999999999998,20.65794128050943,16.970286522815698,23.15970222151596,35.59491299725624
1/21/21,2004285,309.24,306.46,309.96,305.34,26.800015464998825,114.13000000000005,23.36000000000007,21.27000000000004,20.467887496714326,18.63664243,16.074130473005262,31.40542817641544
1/22/21,2590522,303,299.17,306.5,296.51,-41.24262558,117.27000000000004,19.02000000000004,30.100000000000023,16.21898183678693,25.667263579773184,14.308726801334018,30.03259271024385
1/25/21,2698053,301.76,293.64,302.49,289.52,-101.310915,115.4600000000001,19.02000000000004,31.140000000000043,16.473237484843256,26.97037935215661,15.089682663428697,27.93795558
1/26/21,2134214,294,291.75,295.94,291.32,-125.4595504,114.11000000000013,19.02000000000004,31.140000000000043,16.668127245640186,27.28945754096925,16.22950897458329,25.487720044694772
1/27/21,2714719,285.32,273.47,285.32,272.7,-258.6975244,117.34000000000015,11.580000000000041,49.76000000000005,9.868757456962696,42.406681438554614,24.601463374482098,26.266189748823358
1/28/21,1752663,277.16,284.22,289.4,276.7,-177.3771342,119.69000000000011,9.160000000000025,49.76000000000005,7.653103852,41.574066338039934,34.45258962691886,28.80614592421741
1/29/21,1611181,281.68,277.43,283.63,274.63,-195.0218821,123.93000000000012,5.180000000000007,51.83000000000004,4.179778907447754,41.82199628822721,47.31005643165317,31.692093452329217
2/1/21,1160107,280.41,286.32,287.73,279.33,-132.226682,128.1300000000001,9.28,50.50000000000006,7.242644189495061,39.413096074299546,55.04269372750707,34.675710264420545
2/2/21,1146225,288.62,294.61,296.77,288.62,-61.38122509,134.7500000000001,17.21999999999997,50.50000000000006,12.779220779220747,37.476808905380345,59.20616918843024,37.14792592592947
2/3/21,856142,294.45,292.85,295.94,292.73,-54.26438989,129.9000000000001,17.21999999999997,46.460000000000036,13.256351039260938,35.765973826020016,62.831903521979996,39.530706248281646
2/4/21,931030,294.36,300.49,300.67,291.72,-26.43547152,132.80000000000007,21.94999999999999,43.450000000000045,16.52861445783131,32.71837349397592,57.93713407297384,41.26929872372797
2/5/21,1086201,302.99,305.86,307.86,301.88,24.195760874374862,131.85000000000002,29.139999999999986,41.420000000000016,22.100872203261268,31.41448615851347,49.35324000391831,41.90291481541858
2/8/21,945222,308.33,302.81,310.07,302.12,21.317476764440126,132.83999999999997,31.349999999999966,41.420000000000016,23.599819331526625,31.180367359229166,38.02163510172002,42.66584577
2/9/21,1399872,308.15,304.5,308.15,302.77,21.680910240201978,130.38,31.349999999999966,38.59000000000003,24.045098941555427,29.598097867771155,28.254785605366706,41.64873966643689
2/10/21,1195568,305.56,301.71,306.2,299.65,2.9367599962792994,132.31,31.349999999999966,39.629999999999995,23.694354168241222,29.95238455143224,22.008406543321318,40.607287865875776
2/11/21,1612362,304.49,300.21,305.48,298.32,-5.556679909,129.48000000000002,31.349999999999966,32.129999999999995,24.212233549582916,24.814643188137158,14.560347882024907,38.69612570200245
2/12/21,1529915,297.93,305.14,305.5,295.32,-0.954472824,126.69,31.349999999999966,28.139999999999986,24.745441629173545,22.21169784513378,9.980555734396967,33.9588449
2/16/21,1571964,307.95,308.22,316.31,307.3,59.718998276811284,133.24,42.15999999999997,28.139999999999986,31.64214950465323,21.119783848694073,10.403801214033413,29.87852060897586
2/17/21,891045,306.1,302.52,307.19,296.44,4.581760448229524,125.97000000000003,42.15999999999997,20.379999999999995,33.46828609986501,16.178455187743108,13.901733120728863,25.961684111224443
2/18/21,1264681,299,300.72,301.78,292.86,-17.47972504,119.70000000000005,38.079999999999984,23.95999999999998,31.812865497075997,20.016708437761046,15.969696443932227,22.112241024649467
2/19/21,1208190,301.74,305.4,310.05,301.11,43.38332131699162,119.44,46.35000000000002,21.889999999999986,38.806095110515756,18.32719356999329,19.999500093854913,21.003953318588117
2/22/21,954481,301.46,297.7,303.15,297.67,-0.271375045,116.86999999999995,42.25,25.329999999999984,36.151279199110135,21.673654487892524,23.967543382837437,19.263945632431174
2/23/21,1487201,292.41,290.25,293.52,284.56,-79.30972991,119.55999999999995,33.210000000000036,38.44,27.776848444295794,32.15122114,24.284794565458913,17.13267514992794
2/24/21,1397415,281.33,298.91,299.16,280.62,-44.51439418,134.89,38.85000000000008,38.44,28.801245459263168,28.49729409148195,21.049356009457362,15.726578611745389
2/25/21,1489308,294.81,284.03,298.77,282.25,-77.06280497,142.60000000000002,34.12000000000006,38.44,23.927068723702707,26.95652173913043,16.237353001195206,15.069543060962035
2/26/21,2529278,283.45,276,291.98,274.82,-129.4624943,152.39000000000004,26.930000000000064,45.870000000000005,17.671763239057718,30.10040028873285,16.78018192168368,16.374939182807953
3/1/21,1831355,279.86,284.27,284.72,278.07,-107.434998,153.16000000000008,24.720000000000084,45.870000000000005,16.139984330112345,29.949072864977786,15.79979379461465,17.89964694423478
3/2/21,1267254,285.55,277.92,286.9,277.33,-110.2439332,157.35000000000008,26.900000000000034,45.870000000000005,17.095646647600905,29.151572926596746,15.971700728165594,19.969622055501517
3/3/21,1409245,275.7,269.3,276.82,267.04,-164.9507912,161.68000000000006,26.900000000000034,53.039999999999964,16.63780306778824,32.80554181098463,20.20505951091862,22.244927038188766
3/4/21,1812588,266.8,265.44,273.28,263.02,-165.314804,164.78000000000003,26.900000000000034,55.73000000000002,16.324796698628493,33.82085204515111,25.931727169995366,23.490541589726362
3/5/21,1835526,270.33,267.39,270.33,255.02,-172.0799998,169.91,26.900000000000034,60.72999999999999,15.831911011712105,35.74245188629274,31.373694987390035,23.80552399429262
3/8/21,1623241,265.21,253.1,268.28,252.6,-185.4235713,174.41999999999996,16.090000000000032,63.150000000000006,9.224859534457078,36.205710354317176,36.935813963819975,26.85799794275183
3/9/21,2708645,262.24,263.97,266.43,260.03,-143.0134184,175.96999999999994,16.090000000000032,52.28999999999999,9.143604023413102,29.715292379382856,40.76543146799582,28.282612631305234
3/10/21,1420677,269.76,263.64,271.75,262.32,-118.384427,175.73999999999998,21.410000000000025,48.71000000000001,12.182770001138062,27.717082053032897,42.90956855,29.440634637971346
3/11/21,2029446,270.92,274.36,276,269.02,-74.86099358,178.77,17.389999999999986,48.71000000000001,9.727582927784296,27.247301001286573,45.356773341185594,32.78091642605211
3/12/21,926091,270.07,268.11,272,264.4,-89.31317824,181.00000000000009,17.389999999999986,49.890000000000015,9.607734806629821,27.56353591160221,47.59262550299129,36.762176336493326
3/15/21,865229,267.98,273.02,273.75,266.3,-69.97701083,175.3100000000001,19.139999999999986,36.78,10.917802749415308,20.979978324111563,46.415886166037275,38.89479057671365
3/16/21,1041336,275.21,275.01,277.7,272.01,-48.2781509,162.46000000000006,17.449999999999932,36.78,10.741105502892973,22.63941893389141,42.458432807964684,39.697123385892326
3/17/21,1092239,272.02,272.84,275.31,265.09,-60.94817524,156.02000000000007,17.449999999999932,43.70000000000002,11.184463530316577,28.009229585950518,40.789728165677076,40.77757981683645
3/18/21,1356028,265.56,263.44,271,263.14,-79.97069223,148.56000000000003,17.449999999999932,38.22,11.746095853527146,25.726978998384485,40.51904248098279,41.714305514379944
3/19/21,2320357,261.79,261.5,265.22,258.85,-93.04869937,146.21,17.449999999999932,42.50999999999996,11.934888174543417,29.07461869913136,39.58767186,42.47222260129455
3/22/21,1863436,261.03,265.96,269.29,261.03,-70.86294322,144.90000000000006,19.339999999999975,42.50999999999996,13.347135955831584,29.337474120082778,37.78034053835486,42.68648302067307
3/23/21,1313554,268.91,269,274.83,267.01,-43.03057103,142.89000000000007,24.87999999999994,32.22,17.411995241094495,22.548813772832236,34.66526997219706,40.54057806911717
3/24/21,1191663,270,263.18,270.97,262.97,-63.45452019,140.63000000000008,24.87999999999994,32.239999999999924,17.69181540211898,22.925407096636494,30.87204944469659,36.665241126330635
3/25/21,906194,262.21,262.19,263.34,257.32,-87.93474859,131.3400000000001,24.87999999999994,29.889999999999986,18.94320085274853,22.757728034109917,25.242068662801994,33.01589841423954
3/26/21,1642223,261.35,269.01,269.22,260.88,-51.56760795,124.00000000000014,30.75999999999999,27.46999999999997,24.80645161290319,22.153225806451566,19.965546233061847,30.242294357022317
3/29/21,1311186,266.97,270.78,273.1,265.5,-22.75533848,118.27000000000015,34.639999999999986,27.46999999999997,29.28891519404747,23.226515599898484,14.923797081486981,27.25573447144524
3/30/21,904450,268.18,268.43,271.9,264.47,-30.14906939,116.2700000000001,29.319999999999993,28.499999999999943,25.217166939021215,24.511911929130406,8.916562706433103,23.34845162239398
3/31/21,1666149,269.79,277.15,279.66,269.65,48.449729973137266,115.1400000000001,32.83000000000004,28.499999999999943,28.51311446934168,24.752475247524682,7.9508169285416175,21.30804345036934
4/1/21,1509442,277.84,283.9,285.64,277.84,136.41567710258062,113.67000000000007,38.81,23.87999999999994,34.14269376264623,21.008181578252767,9.772558013979905,20.32230372933825
4/5/21,950902,285.74,288.32,289.42,284.29,194.04652386078106,111.74000000000012,40.84000000000003,23.87999999999994,36.54913191337031,21.37103991408619,12.615532707042163,18.92880068492208
4/6/21,898549,286.86,285.5,288.63,284.65,172.2186367688878,110.03000000000014,36.89000000000004,23.87999999999994,33.52721984913205,21.703171862219307,15.241962903383415,17.60375456822263
4/7/21,718673,286.83,286.12,287.59,283.24,160.19776372573452,104.16000000000008,36.89000000000004,18.36999999999989,35.416666666666686,17.636328725038283,18.90367311638415,16.913735098935568
4/8/21,1220409,290,293.43,297.76,288.65,215.97200844896443,106.10000000000008,47.06000000000006,16.419999999999902,44.354382657869955,15.47596606974542,26.71183584405789,17.814199275245496
4/9/21,1032737,292.56,297.57,297.9,290.38,192.44621891455753,107.25000000000006,47.200000000000045,12.129999999999939,44.009324009324025,11.310023310023247,35.38681851900248,21.66881772377205
4/12/21,1378616,294,294.5,296.25,293,159.4357755357959,103.56,43.13000000000005,12.129999999999939,41.64735419080731,11.713016608729179,40.76729237672571,25.26992519535281
4/13/21,1007856,295.34,295.35,298.66,293.12,145.79534661421488,100.23000000000002,40.000000000000114,12.129999999999939,39.90821111,12.102165020452894,45.310176711323614,28.96285470918289
4/14/21,881144,297.24,294.35,301.41,293.79,133.4865249915902,99.85000000000002,42.750000000000114,8.089999999999975,42.81422133,8.10215323,53.104522686813176,34.1732428
4/15/21,1103606,299.78,298.86,303.69,298.22,138.07620964911374,103.17000000000002,45.030000000000086,2.439999999999941,43.646408839779085,2.3650285935833484,62.47211051866679,40.68789181752547
4/16/21,861303,300.18,300.16,301.36,296.58,118.47682421809603,99.61000000000001,39.150000000000034,4.079999999999984,39.30328280293146,4.095974299769083,67.94828527361898,47.33006055883843
4/19/21,939254,297.27,290.2,299.46,288.85,74.29453277225602,103.32,35.27000000000004,11.809999999999945,34.13666279519942,11.430507162214427,66.40162095737504,50.89421973818877
4/20/21,967453,288.16,286.36,289.05,282.82,33.56123202102587,103.27000000000004,35.27000000000004,16.810000000000002,34.15319066524646,16.277718601723635,62.959458422273535,51.863375399499624
4/21/21,893458,285.76,288.87,289.73,284.15,38.806935622470846,97.62000000000006,28.189999999999998,16.810000000000002,28.87727924605612,17.219832,58.26385697006356,51.78701684069358
4/22/21,1721026,287.54,288,292.24,285.72,41.87980638987261,95.65000000000003,24.720000000000027,16.810000000000002,25.844223732357573,17.574490329325663,50.075824772054375,51.59017372943377
4/23/21,1073549,289.47,295.27,296.57,289.12,65.95530693447289,98.69999999999999,25.269999999999982,16.810000000000002,25.60283687943261,17.031408308004057,38.47328138730569,50.47269595298624
4/26/21,833414,294.67,299.34,300.76,294.4,87.08595965,101.07999999999998,29.45999999999998,16.810000000000002,29.145231499802122,16.63039176889593,29.50916631401066,48.72872579381482
4/27/21,812676,299.41,297.87,299.97,294.25,79.28623362,102.45000000000005,29.45999999999998,15.550000000000011,28.755490483162486,15.178135675939487,26.354860819986218,46.37824088868063
4/28/21,908357,298.07,299.23,299.56,296.18,82.66327732983783,94.19000000000005,19.289999999999964,15.550000000000011,20.479881091410927,16.509183565134304,22.23641400173196,42.59793621200275
4/29/21,906891,301.5,296.28,301.5,293.79,71.25304113505268,94.38000000000005,19.149999999999977,17.939999999999998,20.290315744861164,19.008264462809905,18.56532166377523,38.41458931691939
4/30/21,732176,294.55,291.91,295.47,290.5,34.99546002832926,95.59000000000003,19.149999999999977,21.230000000000018,20.03347631,22.20943613348678,16.249420406114698,33.162622589084535
5/3/21,644746,292.99,287.5,293.5,286.07,-1.209269272,97.48000000000002,16.739999999999952,25.660000000000025,17.172753385309754,26.323348379154723,16.404949258017073,27.43911532266138
5/4/21,1052232,284.23,279.73,284.23,274.5,-98.13289511,102.86000000000001,13.989999999999952,37.23000000000002,13.601011083025423,36.19482792144664,19.410511317696525,24.459838815853594
5/5/21,839435,280.21,281.08,282,277.68,-100.9454934,97.84000000000003,11.70999999999998,37.23000000000002,11.968520032706435,38.051921504497145,22.95071811186398,24.65278947
5/6/21,1131132,280.49,284.35,284.72,277.79,-93.99786247,99.99000000000001,14.430000000000007,35.589999999999975,14.431443144314438,35.59355935593556,28.212099973202886,25.22425698746742
5/7/21,799813,285.66,285.76,292.64,283.9,-44.78652317,97.42000000000002,22.349999999999966,27.860000000000014,22.94190104701289,28.597823855471166,29.497362426305653,24.03134204504044
5/10/21,839223,285.89,276.05,286,275.88,-140.1130568,100.16000000000003,22.349999999999966,29.849999999999966,22.314297124600596,29.802316293929668,31.033487627697024,23.64145401690586
5/11/21,933177,269,277.42,280.56,265.75,-174.5350794,109.38999999999999,21.66999999999996,39.97999999999996,19.80985464850531,36.548130542097056,32.477184802354095,24.441067030185586
5/12/21,984157,271.95,269.54,275.09,267.34,-190.7082928,112.95000000000005,19.159999999999968,39.97999999999996,16.963258078795892,35.39619300575471,30.782467809943743,25.096489563820136
5/13/21,1289758,270.94,269.72,273.7,267.22,-172.7530281,110.86000000000001,14.829999999999984,40.09999999999991,13.377232545552934,36.17174815082077,29.75888794843505,26.354803030149515
5/14/21,1154548,272.52,277.63,278.82,270.16,-111.9757036,113.59999999999997,15.759999999999991,40.09999999999991,13.873239436619714,35.29929577464782,29.97057794721773,29.091338960210308
5/17/21,755055,275,274.78,275.61,270.35,-115.8930589,115.15999999999991,15.759999999999991,39.94999999999993,13.685307398402225,34.69086488364012,35.37847448677162,32.43791845653864
5/18/21,811972,276.35,272.75,276.98,272.56,-100.9165988,116.19999999999993,17.129999999999995,39.94999999999993,14.741824440619625,34.38037865748705,39.647001283872946,35.34024445578498
5/19/21,821251,267.63,273.97,274.71,266.79,-107.5112017,116.40999999999991,17.129999999999995,43.32999999999993,14.715230650287783,37.22188815393863,41.9194208,37.19830280092505
5/20/21,971222,275.21,281.16,282.97,275.21,-42.99769936,119.62999999999994,25.390000000000043,40.03999999999991,21.2237733,33.46986541837326,39.78371106053765,35.28308944
5/21/21,996278,283.63,281.68,285,279.33,-21.67846644,117.86999999999995,27.420000000000016,35.61,23.26291677271573,30.211249681852816,34.28201228934689,32.02045011889097
5/24/21,914096,285.29,287.48,288.52,283.83,20.705061542947764,111.70999999999992,30.939999999999998,24.039999999999907,27.69671470772538,21.520007161399988,29.111478860554175,29.541028403885953
5/25/21,1119897,288.28,289.47,291.48,287.06,46.06339554181826,111.80999999999995,33.900000000000034,24.039999999999907,30.319291655487035,21.500760218227278,24.710864794100114,30.04466964043587
5/26/21,1192521,288.72,292.51,293.49,288.09,60.38145415078149,110.27999999999997,33.19,24.039999999999907,30.09611896989482,21.799056945955673,20.712388334984347,30.179694809428646
5/27/21,2369823,290.25,286.67,291.17,284.8,27.925244656825722,109.24999999999994,25.27000000000004,27.32999999999987,23.13043478260874,25.016018306636052,14.142707304842348,28.031064052169175
5/28/21,1948492,287,285.86,291.5,282.15,19.961076837409983,108.47999999999996,25.27000000000004,21.959999999999923,23.294616519174085,20.24336283185834,11.579026745046393,25.68136890279202
6/1/21,1206067,287,281.3,287.41,280.01,-7.765056668,101.07,25.27000000000004,13.969999999999914,25.002473533194852,13.822103492628786,14.212915628274912,24.24746396
6/2/21,937644,280.84,279.67,284,278.35,-23.52529438,96.63999999999993,25.27000000000004,15.629999999999882,26.148592715231846,16.17342715231777,16.04952628880113,22.580502574677652
6/3/21,1468631,276.15,274.47,278.67,271.7,-74.88404286,98.13,25.27000000000004,22.159999999999968,25.751554060939608,22.58228880057064,14.30609745485988,19.50848112
6/4/21,1138779,277.97,284.78,285.33,275.86,4.383385272645115,99.88999999999999,26.810000000000002,22.159999999999968,26.83952347582341,22.184402843127412,13.224012694360587,16.968200514672468
6/7/21,1431396,283.97,278.89,283.97,276.11,-16.14118417,101.27999999999997,26.810000000000002,22.159999999999968,26.47116903633492,21.879936808846736,14.153889318858255,14.14829831
6/8/21,809026,281.99,278.66,283.39,278.26,-4.822446837,101.98999999999995,25.439999999999998,22.159999999999968,24.943621923718023,21.727620354936736,14.134305792032292,12.856666268539342
6/9/21,1245794,280.99,275.5,280.99,275.21,-40.54862561,99.85000000000002,25.439999999999998,19.439999999999998,25.47821732598898,19.469203805708556,11.562945489964969,12.88793055911994
6/10/21,1444299,275.31,277.5,280.11,274.34,-37.41351439,96.62000000000006,17.17999999999995,20.310000000000002,17.780997723038645,21.020492651624913,9.026147304390635,12.537836796595883
6/11/21,985847,278.5,277.51,281.36,277.13,-16.96945822,95.18000000000006,16.399999999999977,20.310000000000002,17.230510611472962,21.338516495061977,9.708483528697172,12.007290491778527
6/14/21,1177052,278.29,280.52,281.28,276.76,-3.295645344,92.86000000000007,12.879999999999995,20.680000000000007,13.870342451001493,22.27008399741546,11.999541053882858,12.611776874121723
6/15/21,1151726,281.26,276.76,281.72,275.97,-19.18608115,94.19000000000005,9.919999999999959,21.46999999999997,10.531903599108135,22.794351842021403,16.549465743326436,15.351677531092346
6/16/21,1207906,277,273.71,278.32,271.25,-70.86485303,95.86000000000001,7.909999999999968,26.189999999999998,8.251616941,27.32109326100563,24.335512713434138,19.234909252733214
6/17/21,1894010,272.16,276.34,278.8,271.15,-56.87419123,95.80000000000007,8.389999999999986,22.900000000000034,8.757828810020856,23.903966597077265,29.836122556720667,20.699534023342817
6/18/21,1627643,275.52,277.98,281.13,275.01,-23.5954136,92.57000000000005,10.71999999999997,20.25,11.580425623852182,21.875337582370086,33.573259477443386,21.29970339091701
6/21/21,1189932,278.47,283.22,283.5,275.87,16.004052469705243,92.80000000000001,13.089999999999975,18.110000000000014,14.105603448275833,19.515086206896562,34.47970861564137,22.094096072169272
6/22/21,881097,283.46,286.07,286.41,282.79,80.47101188,90.77000000000004,16,16.450000000000045,17.62696926297234,18.122727773493487,30.837174305039763,21.41835767946131
6/23/21,922920,286.61,283.67,286.65,282.68,61.89960201,86.76999999999998,16.239999999999952,9.800000000000011,18.716146133456213,11.294226115016727,28.82651182206737,22.687988782696905
6/24/21,817291,286.71,286.96,289.1,285.88,102.37105259236097,81.34000000000003,12.03000000000003,9.800000000000011,14.789771330218866,12.048192771084347,21.59455547584092,22.96503409463753
6/25/21,1943454,288.86,288.74,289.9,285.6,106.05941716253673,76.97000000000003,12.829999999999984,9.800000000000011,16.668832012472365,12.732233337664034,16.097332678129035,22.96672761742485
6/28/21,994348,290.22,293.36,295,289.27,158.11285659964224,78.10000000000002,17.930000000000007,9.800000000000011,22.95774647887324,12.548015364916784,15.855118200321789,24.71418883888259
6/29/21,1146454,292.36,297.74,298.14,290.13,172.33363130103047,80.32999999999998,21.069999999999993,6.75,26.22930412050292,8.402838292045315,21.752454249526973,28.116081432584174
6/30/21,977848,296.67,291.9,296.87,290.93,131.90593469962496,81.36999999999995,21.069999999999993,5.8799999999999955,25.894064151407157,7.226250460857809,30.915268836070357,30.87622157055506
7/1/21,757908,291.78,293.7,295.22,290.61,125.08362949199899,81.74999999999994,19.819999999999993,6.199999999999989,24.24464831804282,7.584097859327208,35.51746345338986,32.17198763772861
7/2/21,667429,295.03,297.74,298.31,295.03,163.09575064907915,81.83999999999997,22.909999999999968,5.829999999999984,27.99364614,7.123655913978477,43.719807901797786,32.65718168881935
7/6/21,1446369,298.19,295.6,301,294.12,146.35555452572476,82.96999999999997,25.599999999999966,5.0400000000000205,30.854525732192325,6.074484753525398,52.67189480939326,34.38461374376115
7/7/21,999349,296.65,296.11,299.21,293.46,125.78175588345263,81.64999999999998,25.599999999999966,0.9800000000000182,31.353337415799107,1.2002449479485835,63.22316262886893,39.53914041459536
7/8/21,1180959,292.3,294.47,296.13,290.04,88.20991304728759,80.08999999999992,25.119999999999948,4.399999999999977,31.364714695967002,5.493819453115223,66.34248629754296,44.04747027353497
7/9/21,1027843,294.03,295.38,296.96,290.49,86.85665571,80.43999999999988,23.619999999999948,4.399999999999977,29.36350074589754,5.469915464942794,68.38085715818364,49.648063
7/12/21,888471,297.62,291.93,298.7,290.31,74.13512986184642,81.19999999999987,22.989999999999952,4.399999999999977,28.312807881773388,5.418719211822641,70.96871306554355,53.24308826
7/13/21,1051144,292.44,296.42,297.22,290.93,78.71628833701052,83.86999999999989,20.079999999999927,4.399999999999977,23.941814713246636,5.246214379396665,71.73919987311743,57.72950388745761
7/14/21,1052458,298.5,297.1,300.73,296.14,99.30196659897614,84.48999999999995,23.349999999999966,4.399999999999977,27.636406675346166,5.207716889572707,71.93694330845882,62.304419058926044
7/15/21,839751,297.48,294.79,298,292.06,66.76732571380305,84.99999999999994,20.89999999999992,8.479999999999961,24.588235294117567,9.976470588235255,63.54488013104238,63.384021379955655
7/16/21,698216,296.78,293.33,297.63,293.08,59.95316549580414,85.25,20.099999999999966,8.479999999999961,23.577712609970636,9.947214076246288,58.62289692,62.48269161114128
7/19/21,1048069,289.58,287.31,290,284.42,-14.28238659,87.89999999999998,14.999999999999943,17.13999999999993,17.064846416382192,19.499431171786046,48.300314942302236,58.34058605024294
7/20/21,1169646,287.9,296.12,298.64,285.92,44.87604756668892,92.60999999999996,20.499999999999943,17.13999999999993,22.135838462369026,18.507720548536806,38.476179576894445,54.722446321218996
7/21/21,867812,294.82,301.78,302.11,294.42,100.5785209236119,93.48999999999995,23.96999999999997,17.13999999999993,25.63910578671514,18.33351160551924,30.569792069865922,51.15449597149168
7/22/21,1083552,302.87,308.51,309.33,302.05,169.87660797975704,96.42999999999995,31.18999999999994,16.819999999999936,32.344706004355444,17.44270455252509,24.176954741806764,48.056949025132795
7/23/21,1066809,310.19,312.65,314.92,309.3,230.47509732200345,98.22999999999996,33.69,16.819999999999936,34.29705792527742,17.123078489259843,22.697899961469336,43.12139004625586
7/26/21,903724,312,313.62,313.96,309.81,224.7944457445976,95.49999999999994,31,16.819999999999936,32.460732984293216,17.61256544502612,20.863743669948885,39.74332029734424
7/27/21,1076592,314.04,308.25,314.37,304.31,167.20634465282583,99.80999999999995,31,21.65999999999991,31.05901212303378,21.701232341448673,22.710085786463008,35.505200364382624
7/28/21,1024553,309.41,313.13,314.09,306.07,168.8525506118114,101.73999999999995,31,18.239999999999952,30.469825044230404,17.928051896992294,25.54128868547666,32.00873413118555
7/29/21,1457481,313.68,320.5,322.68,312.68,210.42752537613003,105.26999999999998,38.76000000000005,18.239999999999952,36.819606725562885,17.326873753205998,28.77229492888864,29.671043499377284
7/30/21,1311526,318.3,321.13,321.73,317.01,186.3626276368335,101.60000000000002,37.02000000000004,18.239999999999952,36.43700787401578,17.95275590551176,29.447884064129585,26.812419402968175
8/2/21,914043,321.41,322.07,324.13,319.15,170.29861086647622,100.29000000000002,39.420000000000016,18.239999999999952,39.30601256356567,18.18725695483094,30.00342463,26.350662293913366
8/3/21,1043158,323.03,327.61,328.19,320.85,169.7160954332651,103.03999999999996,39.97000000000003,18.239999999999952,38.790760869565254,17.701863354037226,31.283006409511128,26.073375039730006
8/4/21,1341772,328,329.09,331.12,326.02,164.85412050931015,102.19999999999999,42.900000000000034,14.159999999999968,41.976516634050924,13.855185909980401,36.72160829565278,29.71584704105789
8/5/21,1342825,331.1,328.82,331.5,326.75,145.7294311300434,102.39999999999998,43.28000000000003,14.159999999999968,42.265625000000036,13.828124999999972,40.85202291,33.19665579762083
8/6/21,856913,327.46,332.77,334.06,326.67,140.9148300056583,100.88,45.84000000000003,5.5,45.44012688342589,5.452022204599524,47.947724766666674,38.36000984777766
8/9/21,763172,333.18,332.77,333.88,330.29,132.41572453058464,91.75,37.200000000000045,5.5,40.54495912806544,5.994550408719346,54.65673755780685,42.052310810968216
8/10/21,874896,332.85,331.28,335.67,328.77,118.01278782410883,90.96000000000004,35.52000000000004,5.5,39.050131926121395,6.0466138962181155,60.731944646960564,45.36768463665898
8/11/21,1021187,332,328.64,333.57,325.35,95.52358879077516,91.63,28.300000000000068,8.919999999999959,30.88508130524945,9.734803012113892,63.188348749741124,47.23567757962613
8/12/21,884540,327.4,332.05,332.42,325.58,92.11055260525637,92.06,22.710000000000036,8.919999999999959,24.668694329784962,9.689333043667128,62.05998483198769,49.39079656382023
8/13/21,754468,333.94,332.78,334,330.25,95.68128925557598,91.66000000000003,24.29000000000002,8.919999999999959,26.500109098843566,9.731616844861398,61.324128458671055,51.088075684218026
8/16/21,924127,332.31,330.18,332.67,326.65,77.02332674777293,87.73000000000002,24.29000000000002,7.019999999999982,27.68722215889663,8.001823777499123,57.421442677570504,52.68458372211859
8/17/21,1086494,328.56,324.7,328.89,322.58,50.87332916125119,87.31000000000006,24.29000000000002,11.089999999999975,27.820410033214984,12.70186691100672,51.26649907208989,52.96161831494837
8/18/21,913826,323.57,323.52,326.06,322.23,39.71287277907921,81.14000000000004,15.699999999999989,11.43999999999994,19.349272861720458,14.099087996056118,41.685261791978654,51.20860321946961
8/19/21,1226383,322.7,330.35,332.37,322.46,59.78897613716558,86.33000000000004,22.00999999999999,11.43999999999994,25.495192864589345,13.251476890999578,38.273698769810395,50.73102375977576
8/20/21,860187,331.65,334.38,335.27,330.55,84.28047173,86.26999999999998,22.50999999999999,11.43999999999994,26.09250028978787,13.260693172597593,36.44185285753711,49.250918844762396
8/23/21,1253152,336,336.76,338.28,334.02,98.48536357874082,83.19,21.45999999999998,11.43999999999994,25.796369755980265,13.75165284,33.80430060111845,47.564214529894755
8/24/21,1032526,338.98,341.07,344.39,338.48,129.65198625298314,85.71999999999997,24.639999999999986,11.43999999999994,28.744750349976663,13.345776948203389,30.708845500927097,44.065144089248804
8/25/21,1502079,342.52,342.27,343.56,339.33,132.19470492249891,85.19999999999999,24.25999999999999,11.43999999999994,28.47417840375586,13.427230046948289,30.475703817647428,40.87110144486866
8/26/21,5486136,317.2,310.19,324,308.03,-94.34293383,112.05000000000001,21.69999999999999,42.73999999999995,19.366354306113333,38.14368585452918,33.30139357248169,37.49332768223017
8/27/21,1840676,314.23,315.64,318.23,310.15,-96.36931625,116.54000000000008,21.69999999999999,42.73999999999995,18.620216234769156,36.67410331216743,33.476581160801494,35.87513996530595
8/30/21,1411918,316.94,313.39,318.72,310.16,-103.1680525,118.20000000000005,20.399999999999977,42.73999999999995,17.25888324873094,36.15905245346865,33.93906729590514,35.19046007672112
8/31/21,1567030,313.13,310.09,314.29,309.11,-127.9662301,115.16000000000008,20.399999999999977,40.370000000000005,17.71448419590132,35.05557485237928,34.340014345079354,34.07215747
9/1/21,3085384,311.8,303.24,315.46,300.79,-166.160415,122.99000000000001,20.399999999999977,48.69,16.58671436702169,39.58858443775917,35.06688526988932,32.887865385408205
9/2/21,5475722,306.5,287.47,306.84,285.35,-248.9179347,140.72999999999996,18.819999999999993,64.13,13.373125843814396,45.569530306260226,38.18570241700129,34.33070311732436
9/3/21,1819609,286.7,288.75,293,284.5,-235.1589693,143.09999999999997,18.819999999999993,61.379999999999995,13.15164220824598,42.89308176,41.58850309170601,37.44494833209385
9/7/21,2177358,290.76,287.46,290.89,284.48,-201.3457671,141.9099999999999,18.819999999999993,57.329999999999984,13.261926573180189,40.39884433796069,44.575288649901275,39.025934905351384
9/8/21,1504351,286.45,289.56,289.81,284.8,-166.7060912,143.08999999999992,18.819999999999993,56.98000000000002,13.152561325040187,39.821091620658365,47.06884138928709,40.50395434259612
9/9/21,1444831,289.81,287.68,292.5,285.7,-141.6036273,139.9799999999999,15.199999999999989,56.98000000000002,10.858694099157022,40.705815116445244,51.23908485,42.78954959683358
9/10/21,1565311,288.66,284.43,290.59,284.11,-133.6190243,141.5399999999999,12.300000000000011,58.56999999999999,8.690122933,41.38052847251662,55.29607903,45.18148215168896
9/13/21,1518076,284.51,281.28,286.29,278.46,-134.9853724,145.10999999999996,9.29,64.22000000000003,6.402039831851715,44.25608159,58.646289074633636,48.41599574581746
9/14/21,1278843,282.19,279.35,282.93,278.6,-127.7065639,141.80999999999995,3.180000000000007,64.22000000000003,2.242437063676756,45.28594598406322,64.89570017,53.24210162889996
9/15/21,1430073,280.58,286.62,287.3,278.56,-102.0915267,146.31999999999994,7.550000000000011,64.22000000000003,5.159923455440142,43.89010388190272,69.62725475,57.10127170057149
9/16/21,1433244,287.11,290.68,291.21,285.22,-77.24900857,118.06999999999988,11.45999999999998,32.920000000000016,9.706106546963658,27.881765054628655,69.29593925141867,58.18239032035288
9/17/21,2113743,290.87,288.15,292.2,286.54,-71.0657681,115.6499999999998,12.449999999999989,32.920000000000016,10.765239948119333,28.465196714224014,67.16841412265738,59.203749485622595
9/20/21,1168746,282.52,283.6,286.66,279.84,-83.52955564,115.3999999999998,11.95999999999998,39.62000000000006,10.363951473136915,34.33275563258243,65.22456073993476,60.260319886711684
9/21/21,720011,285.72,283.19,286.17,282.09,-75.97623603,114.29999999999984,11.95999999999998,38.57000000000005,10.463692038495184,33.744531933508405,61.54743704042992,60.09686305753178
9/22/21,1054836,283.88,286.42,288.78,283.66,-62.55393045,105.21999999999986,14.569999999999936,30.250000000000057,13.84717734271047,28.74928720775527,52.284201,58.58995058
9/23/21,1061674,287.86,292.16,293.32,287.4,-42.46488668,90.62999999999988,19.109999999999957,14.81000000000006,21.085733200926825,16.341167383868562,41.236920717521436,55.43208773438157
9/24/21,1067759,290.5,294.67,295.34,290.5,-30.12101456,86.96999999999986,21.12999999999994,13.960000000000036,24.29573416120498,16.051512015637645,36.583263538721546,52.93960139507011
9/27/21,1677529,294,294.06,295.29,289.34,-29.11168998,86.50999999999993,21.12999999999994,15.10000000000008,24.424921974338172,17.454629522598648,31.837554562163263,49.50298434241032
9/28/21,1835859,288.64,287.85,291.59,283.75,-47.28333128,91.80999999999995,21.12999999999994,20.690000000000055,23.01492212177317,22.535671495479868,23.07533655428871,44.149948647111735
9/29/21,1162959,290.42,287.99,292.88,286.9,-37.21782492,90.98999999999995,19.72999999999996,20.690000000000055,21.683701505659933,22.73876250137385,14.69421602,38.120826528392456
9/30/21,1668489,290.33,285.17,292.57,284.96,-43.7015028,92.12,19.72999999999996,21.040000000000077,21.417716022579203,22.839774207555447,9.399010174592071,30.841605586906784
10/1/21,1245767,283.8,284.06,286.51,279.79,-73.52687963,91.00999999999993,19.72999999999996,20.560000000000002,21.678936380617486,22.590924074277567,7.629539797873662,24.43323025769755
10/4/21,1747790,282.87,272.93,283.99,271.09,-139.489661,99.64999999999998,19.72999999999996,29.260000000000048,19.799297541394846,29.362769693928804,7.466169420826586,22.024716479774067
10/5/21,953716,274.93,275.98,278.85,274.35,-143.2005649,96.82999999999998,15.359999999999957,29.260000000000048,15.86285242177007,30.217907673241815,9.884216808775397,20.86088568546933
10/6/21,940627,272.95,277.42,278.66,271.75,-151.3004083,97.75000000000006,11.449999999999989,31.86000000000007,11.713554987212257,32.593350383631766,17.56309131439069,20.31921393
10/7/21,909472,280.13,283.02,285.44,280.13,-55.87581932,100.11000000000007,17.239999999999952,31.86000000000007,17.221056837478713,31.824992508240985,22.129908908202847,18.412062462278925
10/8/21,797433,284.05,278.94,284.36,278.73,-81.04838002,97.43000000000006,17.239999999999952,26.560000000000002,17.694755208867846,27.26059735194497,25.14080755670769,17.26990886564988
10/11/21,681016,276.65,276.54,280.3,276.41,-117.0400457,97.24000000000001,17.239999999999952,28.879999999999995,17.729329494035326,29.699712052653222,29.003881507913288,18.316710652893477
10/12/21,1117108,275.3,275.91,278.38,275.11,-124.2937853,94.92000000000002,14.629999999999995,30.180000000000007,15.41297935103244,31.795195954487994,31.545402482587324,19.505785951706955
10/13/21,883052,278.67,283.45,284.48,278.67,-33.99307641,96.59000000000003,16.189999999999998,30.180000000000007,16.761569520654305,31.245470545605134,31.381805645023423,20.63301122689941
10/14/21,799610,286.85,289.17,289.94,286.01,60.59671108650944,98.24000000000007,19.629999999999995,30.180000000000007,19.981677524429948,30.720684039087935,27.057657419054028,22.310374366722357
10/15/21,931739,290.81,291.19,291.88,289.35,94.66207356372908,95,21.569999999999993,29.019999999999982,22.705263157894727,30.547368421052614,24.549367930202347,23.339638419202597
10/18/21,766528,290.21,292.67,293.05,289.36,99.95073544,88.38,22.74000000000001,23.430000000000007,25.72980312287849,26.51052274270198,21.252024283583662,23.196415920145675
10/19/21,849496,294.54,296.69,297.55,292.34,138.1212809135615,87.61000000000001,25.94999999999999,23.430000000000007,29.619906403378593,26.743522428946473,17.89615302376062,23.450017265836955
10/20/21,915146,297.81,298.64,299.19,295.39,151.5048943141138,83.80000000000001,27.589999999999975,21.49000000000001,32.92362768496417,25.644391408114565,14.183921761588786,22.864662122088056
10/21/21,1099588,298.25,305.68,306.35,298.11,194.82079852718113,85.32000000000005,34.75,16.32000000000005,40.72902015939988,19.12798874824196,15.170147421687012,23.27597653335522
10/22/21,1162108,306,308.58,312.48,305.68,222.8665178808657,79.15000000000003,40.879999999999995,7.6200000000000045,51.64876816171823,9.627289955780165,23.069619711922545,25.063638565488287
10/25/21,913496,308.69,311.79,313.45,307.27,206.23690010587944,79.41000000000003,41.849999999999966,7.6200000000000045,52.70117113713632,9.595768795,32.14748972788498,28.348428829043662
10/26/21,980027,312.26,312.8,315,311.95,194.75156782277716,75.70999999999998,43.39999999999998,5.019999999999982,57.32399947,6.630563994188328,45.10920467659966,33.18061448009166
10/27/21,865660,313.37,308.51,314.98,307.53,150.33999785687485,75.14000000000004,36.620000000000005,9.439999999999998,48.73569337237155,12.56321533138141,54.093655725445565,35.994904374603095
10/28/21,932044,309.22,317.1,317.63,308.7,157.96951988082935,78.63000000000005,39.26999999999998,8.04,49.942769935139204,10.225104921785597,63.024110095579125,38.604015928583955
10/29/21,1061269,315.53,317.61,318.74,313.71,149.61504642248676,79.77,40.379999999999995,5.720000000000027,50.62053403535157,7.17061552,69.54021993645227,42.35518367906964
11/1/21,697802,318.5,315.01,319.74,313.18,127.6559253236821,83.06000000000012,41.379999999999995,4.420000000000016,49.81940765711527,5.32145437,71.56044833,47.31503402157932
11/2/21,993013,315.31,314.92,317.73,312.77,109.30032848802588,79.45000000000016,35.27999999999997,4.830000000000041,44.40528634361221,6.079295154185061,72.68091162963366,52.414200678759315
11/3/21,1409203,313.71,308.37,314.25,302.01,67.15784682737902,85.87000000000018,29.819999999999993,15.590000000000032,34.72691277512511,18.155351112146267,64.69290218803609,54.90105343231787
11/4/21,956821,308.86,318.97,319.72,308.38,95.54694511249609,94.51000000000022,33.35000000000002,15.590000000000032,35.287271188233994,16.495608930271924,60.90612667215365,57.4998912
11/5/21,1306682,320,324.52,325.64,319.62,119.35418052783325,97.49000000000018,38.099999999999966,15.590000000000032,39.08093137757708,15.99138373166479,56.89186944916497,59.957989772372045
11/8/21,911494,327.15,329.07,330.25,325.02,128.32501070457354,98.01000000000016,38.20999999999998,15.590000000000032,38.98581777369648,15.906540148964398,51.368574096945906,60.45439701669909
11/9/21,1110470,328.42,329.4,334.51,327.9,128.67160968299424,100.82000000000016,40.829999999999984,15.590000000000032,40.49791707994437,15.463201745685387,45.374777312896974,58.46761282206654
11/10/21,1148606,328.87,320.53,330.3,319.29,91.39722473985405,103.59000000000015,33.66999999999996,24.19999999999999,32.503137368471776,23.361328313543737,35.44944970703069,54.065180668332175
11/11/21,720409,323.08,325.21,327.79,322.03,93.50667155,104.05000000000018,27.539999999999964,24.19999999999999,26.468044209514574,23.258049014896635,31.302556992990418,47.99772959051325
11/12/21,709741,327.25,329.32,331.62,326.27,106.5573970500113,104.2800000000002,30.399999999999977,24.19999999999999,29.15228232,23.20675105485227,27.146886572505945,44.02650662
11/15/21,865474,330.74,326.39,332.46,325.09,97.72517736810642,108.44000000000023,28.849999999999966,25.379999999999995,26.604573957949007,23.40464773146435,21.225686836199813,39.05877814268239
11/16/21,1161694,326,333.64,334.2,325.24,109.3529236623198,109.95000000000016,30.589999999999975,20.95999999999998,27.821737153251412,19.06321055025007,17.331733948217973,34.35015402258194
11/17/21,1400979,334.8,330.55,335.48,328.54,108.0736574323646,107.77000000000015,29.220000000000027,20.95999999999998,27.113296835854122,19.44882620395282,12.619205961412897,28.996991637154935
11/18/21,1194939,330.96,322.18,331.77,320.98,66.86120795431644,113.53000000000009,28.110000000000014,28.519999999999982,24.759975336915346,25.121113362106897,10.01249481969415,22.730972263362418
11/19/21,1355448,325.58,322.52,327.14,321.64,54.96147596062466,112.47000000000008,27.110000000000014,28.519999999999982,24.104205565928687,25.35787321063391,9.359036476294097,20.330796734642256
11/22/21,1380055,324.14,310.48,325.21,310.45,-9.211097189,122.27000000000004,27.110000000000014,39.299999999999955,22.172241760039263,32.141980862026614,10.525762804893626,18.836324688699786
11/23/21,2303369,308.98,304,310.7,297.73,-101.3835417,122.32999999999998,27.110000000000014,41.259999999999934,22.161366794735564,33.728439467015406,12.90868604942746,17.067186442813636
11/24/21,10904560,262.88,256.9,268.35,245.05,-396.381438,169.92999999999995,21.639999999999986,93.93999999999994,12.734655446360263,55.28158654,20.220883176421097,18.776308562319535
11/26/21,2180855,258.18,254.17,260,252.62,-327.7432002,170.64,15.720000000000027,93.93999999999994,9.212376933895937,55.051570557899645,29.365686972426555,20.992446466919727
11/29/21,3192413,257.21,261.15,266.43,254.02,-244.8869798,177.31999999999996,17.54000000000002,93.93999999999994,9.891721182043776,52.97766749,40.66709935764984,25.339797088671993
11/30/21,3072708,261.74,254.19,263,252.49,-211.6780949,181.21999999999994,13.28000000000003,95.46999999999994,7.328109480189843,52.68182319832247,52.840834001502934,31.099935238898517
12/1/21,2318592,260.86,249.68,265.32,249.41,-177.4727481,186.11999999999995,13.28000000000003,89.94,7.1351816032667275,48.32366215,62.15964788136552,36.34270534312957
12/2/21,2473667,252.74,257.66,258.54,250.81,-146.4366902,187.7199999999999,13.28000000000003,89.94,7.074366077,47.911783507351394,71.08837135,41.99852870017048
12/3/21,2411587,259.61,259.02,263.49,253.05,-119.6015922,191.7499999999999,14.400000000000034,89.94,7.509778357236007,46.90482398956978,72.72901380845353,46.47494849243731
12/6/21,2260147,259.53,265.56,267.84,254.16,-96.36354304,198.05999999999986,18.75,88.75999999999999,9.466828233868531,44.814702615369114,71.69400708,50.52984702860593
12/7/21,2716540,270.59,276.7,278.55,267.28,-61.61637747,202.0899999999999,27.720000000000027,88.75999999999999,13.716660893661262,43.92102528576379,69.00590275,54.83650105134463
12/8/21,1824796,277.39,276.29,278.64,273.48,-52.12998643,200.30999999999986,26.529999999999973,88.75999999999999,13.24447106984174,44.31131745794023,65.40588878723388,59.12336139
12/9/21,1582951,275.48,267.67,280,267.52,-57.1099646,201.99999999999991,26.529999999999973,87.16000000000003,13.133663366336625,43.148514851485174,61.91600145356967,62.037824667467596
12/10/21,1237366,271.02,269,274.23,267.68,-55.69222406,203.05999999999992,26.529999999999973,87.16000000000003,13.065103910174324,42.923273909189426,58.42611411990549,64.75724274
12/13/21,1293221,267.89,268.88,273.63,265.59,-53.41227309,196.33999999999995,26.529999999999973,78.06000000000006,13.512274625649374,39.75756341041055,54.57122123266137,63.65011752055745
12/14/21,1145889,262.84,263.22,268.79,260.95,-59.79586784,191.29999999999998,26.529999999999973,69.98000000000008,13.868269733403018,36.581285938316825,51.221507492146664,61.457757288465984
12/15/21,2003760,262.68,271.73,272.07,262.67,-46.26927566,141.74999999999997,29.809999999999945,17.300000000000068,21.02998236331566,12.204585537918922,46.91334506269891,57.95962390386916
12/16/21,1956029,273.4,269.61,277.53,268.44,-36.07579722,143.45999999999995,35.269999999999925,17.300000000000068,24.585250243970403,12.059110553464432,43.614356121979036,54.51012245460646
12/17/21,2767817,269.75,277.65,279.7,267.84,-25.43682081,142.90999999999997,31.009999999999934,17.300000000000068,21.698971380589143,12.105520957245869,39.45602094684611,50.686011200207886
12/20/21,1651616,270,275.12,276.82,268.04,-26.64799817,142.00999999999993,31.009999999999934,15.770000000000067,21.83649038800081,11.104851771002096,35.997486978983204,47.21180054944435
12/21/21,1103764,278.94,280.42,282.12,272.99,-8.295506307,135.22999999999993,36.309999999999945,12.690000000000055,26.850550913258864,9.384012423278904,35.82007183087974,45.19564653177056
12/22/21,979654,280.65,282.61,284.52,279,8.544081814406487,131.8899999999999,38.70999999999992,12.690000000000055,29.350216089165176,9.621654408977227,36.75362629275343,43.98756689245005
12/23/21,1079189,282.13,280.99,283.52,280.2,15.510271803070921,124.7699999999999,33.759999999999934,12.690000000000055,27.05778632684136,10.170714113969757,39.88791482967817,43.40062994618854
12/27/21,721705,282.95,284.3,285.38,281.26,36.253632379366984,115.4799999999999,31.269999999999982,12.690000000000055,27.078281953585044,10.988915829580936,41.23503182705343,42.42469397451623
12/28/21,681840,285,282.77,285.37,281.61,48.63379493192195,106.24999999999989,20.559999999999945,12.690000000000055,19.350588235294087,11.94352941176477,40.45002439022496,39.95302266853554
12/29/21,547754,282.77,282.57,283.39,279.26,57.55077835433661,105.21999999999991,20.46999999999997,15.040000000000077,19.45447633529746,14.293860482798033,37.56893145612803,36.783209217555616
12/30/21,696432,282.73,281.71,285.01,281.23,80.84835260194761,96.51999999999987,22.089999999999975,9.080000000000041,22.88644840447576,9.407376709490316,36.49139309397534,36.15573246242754
12/31/21,643351,281.71,281.19,283.93,280.34,88.54578686,93.55,22.089999999999975,9.970000000000084,23.613041154462852,10.657402458578401,34.35498462509441,35.55430545892392
1/3/22,1082824,280.73,283.72,284.96,275.66,80.59340984,94.80999999999983,22.089999999999975,12.560000000000002,23.29923003902543,13.247547727033039,31.37881874257764,35.63336679
1/4/22,1282923,283.15,278.19,284.87,273.04,54.47103100874369,98.70999999999981,22.089999999999975,10.54000000000002,22.378685036977018,10.677742883193234,30.23401506840102,35.73452344772723
1/5/22,1559929,276.51,264.32,278.07,263.81,-34.14290069,103.68999999999983,18.810000000000002,19.77000000000004,18.140611437940045,19.066448066351693,26.703875567237606,33.576949978731285
1/6/22,1679507,261.94,264.11,266.07,259.94,-87.20937303,100.72999999999985,13.350000000000023,23.640000000000043,13.253251265759994,23.46867864588512,28.791685914878176,33.18030869
1/7/22,1179033,262.5,262.32,266.64,258.49,-102.6240127,97.01999999999981,11.180000000000007,25.090000000000032,11.523397237682982,25.86064729,28.22708641830319,32.35923975613927
1/10/22,1637519,256.54,262.39,262.73,250.6,-143.8299475,99.53999999999988,11.180000000000007,32.98000000000005,11.23166566204543,33.13240908177626,30.154057209784213,32.25452091743931
1/11/22,1373111,260.47,270.63,271.99,260,-62.64070984,102.39999999999989,15.139999999999986,32.98000000000005,14.785156250000002,32.20703125000008,31.749119577913945,31.56396916024579
1/12/22,1185002,271.26,269.6,274.95,265.29,-42.61722647,106.53999999999988,15.699999999999989,32.98000000000005,14.736249296039052,30.955509667730507,31.76582791679788,30.999921492599448
1/13/22,1297867,271.81,260.17,273.31,259.59,-93.97695006,116.93999999999991,15.699999999999989,38.68000000000009,13.425688387207115,33.07679151701738,38.394135788501536,32.54900567786957
1/14/22,1856713,258.08,259.1,261.37,251.14,-149.4359725,122.77999999999994,13.839999999999975,47.13000000000008,11.272194168431325,38.38573058,42.857851451694295,35.82476868328624
1/18/22,1612957,253.9,252.03,257.99,251.2,-161.2043515,126.91999999999999,13.839999999999975,47.13000000000008,10.904506775921822,37.13362748187841,45.56607958120313,36.89658299975316
1/19/22,1609723,253.88,254.35,259.5,252.84,-130.748833,130.26,15.349999999999966,44.78000000000006,11.784124059573136,34.377399048057775,45.49574837048498,37.82490279
1/20/22,1908635,258.9,252.41,262.49,252.14,-117.8579707,136.83000000000004,16.71999999999997,44.78000000000006,12.219542497990181,32.726741211722604,46.92108746178113,39.335103519847536
1/21/22,2880179,250.22,239.19,250.61,238.82,-191.7861148,146.83,16.71999999999997,57.21000000000001,11.387318667847149,38.96342709255602,50.13290408356571,40.949366
1/24/22,3647023,234.25,245.35,246.29,229.62,-179.4322878,154.20000000000005,16.71999999999997,61.73000000000005,10.843060959792455,40.03242542,52.65222749857609,45.52318164353881
1/25/22,2851310,240.02,233.78,240.94,230.93,-181.423732,156.79000000000005,16.71999999999997,59.11000000000004,10.6639454,37.700108425282245,52.86901667259678,47.86343406214554
1/26/22,1989175,237.1,233.28,242.55,230.86,-157.0677317,154.10000000000005,18.329999999999984,49.880000000000024,11.894873458792977,32.36859182349124,51.477948617123126,48.52201409916313
1/27/22,1563526,235.61,228.66,239.75,228.07,-154.1651039,159.65000000000006,18.329999999999984,48.80000000000004,11.481365487002805,30.56686501722519,50.885546602741236,48.19064748661311
1/28/22,1958880,229.61,239.54,239.78,226.4,-126.095667,164.88000000000008,18.329999999999984,49.02000000000004,11.117176128093144,29.730713245997098,50.875865347799504,48.898476404790316
1/31/22,1415922,239.71,249.79,249.91,239.29,-69.40788541,163.37000000000006,28.45999999999998,41.130000000000024,17.42057905368181,25.17598090224644,44.78230119423183,47.45760263889877
2/1/22,1468529,250.89,249.77,250.96,244.56,-55.00500859,157.78000000000006,20.25,41.130000000000024,12.834326277094684,26.06794270503233,40.88954647127911,46.77088698
2/2/22,1431845,250.93,248,252.34,245.86,-49.27288452,154.60000000000008,18.670000000000016,41.130000000000024,12.076326002587326,26.60413971539457,37.832408159050736,45.35071241582376
2/3/22,1570151,242.45,237.76,245.84,236.81,-85.1250697,152.07000000000005,18.670000000000016,44.47999999999999,12.277240744394035,29.249687643848212,36.93519603848581,44.206572327804466
2/4/22,1458394,235.52,241.24,244.65,235.51,-78.042584,150.98000000000005,18.670000000000016,37.33000000000001,12.365876275003318,24.725129156179626,34.92384368732636,42.90469515
2/7/22,1313280,242.54,240.48,245.42,239.47,-65.77454366,149.03,19.439999999999998,37.33000000000001,13.044353485875325,25.048647923236942,32.581376086976455,41.72862071738798
2/8/22,1635750,240.19,241.1,242.26,237,-69.21405366,146.82,17.930000000000007,39.80000000000001,12.212232665849344,27.10802343005041,35.86081120786935,40.32155620105058
2/9/22,1441681,244.35,251.34,251.42,244.2,-13.88278495,146.78999999999996,24.099999999999994,39.80000000000001,16.418012126166634,27.11356359,34.286152000315994,37.58784923579755
2/10/22,2050066,242.68,238.52,248.03,236.49,-58.79544069,148.04999999999995,24.099999999999994,34.19,16.27828436339075,23.093549476528207,30.911397548227075,34.37190285363891
2/11/22,1865129,239.77,227.13,241.08,226.61,-115.4335867,145.84999999999997,24.099999999999994,34.870000000000005,16.52382584847446,23.90812478573878,27.14349448565469,32.03934526207025
2/14/22,1692476,227.66,226.9,231.33,223.81,-133.50956,138.95,24.099999999999994,37.670000000000016,17.344368477869736,27.11047139258728,25.251355251784044,30.08759947
2/15/22,1377926,229.94,233.38,234.41,227.69,-96.54792538,134.76999999999998,25.569999999999965,37.670000000000016,18.973065222230442,27.951324478741576,23.188078036306425,27.884727061641442
2/16/22,1358047,232.73,233.74,234.82,227.27,-89.74246524,130.63999999999996,25.569999999999965,35.29999999999998,19.572872014696856,27.020820575627674,19.538350738304683,27.699580973087016
2/17/22,2230374,231.3,223.39,231.79,222.19,-128.4890222,128.80999999999997,25.569999999999965,38.71000000000001,19.850943249747665,30.052014595140143,18.850380236272475,26.568266118294233
2/18/22,2793031,224.49,216.84,228.11,216.19,-164.9158053,130.10999999999999,15.43999999999997,44.71000000000001,11.866881869187587,34.36323111213589,24.075659806261566,27.49352867724432
2/22/22,3351834,216.5,215.65,219.79,215,-178.3719144,128.49999999999997,14.389999999999958,45.900000000000006,11.198443579766508,35.71984435797667,29.742415344908427,28.442954915281558
2/23/22,2786338,217.74,209.02,218.9,208.74,-189.7989804,132.17999999999998,13.009999999999962,52.16,9.842638826,39.46134059615676,36.093258737134164,30.672306994459106
2/24/22,4380635,204.13,218.18,218.34,199.63,-172.0116618,139.7,13.009999999999962,52.22,9.312813171080862,37.38010021474589,42.922745207897265,33.05541162210184
2/25/22,2886056,218.18,219.62,226.71,212.73,-108.4758749,144.54,21.379999999999967,50.91999999999999,14.791753147917511,35.22900235229002,47.06818724351678,33.30326899091073
2/28/22,1926729,218.19,220.23,221.63,216.46,-101.4178024,143.76,20.609999999999985,50.91999999999999,14.336393989983296,35.42014468558708,50.72352259554756,34.78695141591002
3/1/22,1845939,220.94,214,222.62,213.3,-111.1486717,147.82,20.609999999999985,51.609999999999985,13.942632931944248,34.91408469760518,49.76730902,36.92148441242788
3/2/22,1677230,216.34,216.51,218.16,209.52,-112.2114402,146.14,11.449999999999989,55.389999999999986,7.834952785000677,37.90201176953605,52.01314590836332,40.877780626635875
3/3/22,1730045,219.45,210,219.45,208.56,-112.2838719,142.17999999999998,12.73999999999998,47.68000000000001,8.960472640315082,33.534955689970474,51.638959254461206,43.86610899579769
3/4/22,1964126,209,207.66,212.35,206.52,-121.7120773,133.53999999999996,12.73999999999998,39.84,9.54021267,29.833757675602826,50.21064776,46.56669648446088
3/7/22,1930463,207.9,199.09,209.69,199.02,-140.3497718,136.68999999999994,12.73999999999998,44.53999999999999,9.320359938547067,32.58468066427684,52.65385138445367,49.861019313985224
3/8/22,1974045,197.7,195.95,202.57,192.34,-152.3447153,139.40999999999994,9.659999999999997,51.22,6.929201635,36.74054945843198,56.96911989239709,53.846321243972326
3/9/22,1850028,202.71,204.88,207.76,200.98,-105.2416974,143.66999999999996,14.849999999999994,50.80000000000001,10.33618709542702,35.35880838031602,58.94173551239379,54.35452227
3/10/22,1458925,199.88,199.79,203.07,198.04,-118.0875595,138.95999999999995,14.849999999999994,48.66,10.686528497409327,35.01727115716754,56.85784093164337,54.43549342000335
3/11/22,1987062,198.26,192.31,200.63,192.11,-136.6842934,135.55999999999992,14.849999999999994,48.589999999999975,10.95455887,35.84390676,56.08377049378501,53.86136487412311
3/14/22,2194051,192.31,188.7,194.17,186.29,-152.3417993,138.64999999999992,14.849999999999994,53.22,10.710421925712227,38.384421204471714,56.888426251962024,53.54953700649326
3/15/22,1696804,190.36,192.43,193.72,188.99,-131.3718187,133.50999999999993,14.849999999999994,46.96000000000001,11.122762339899635,35.173395251292064,56.29388674436425,54.47386906440896
3/16/22,2432019,195.97,204.5,204.63,195.36,-76.15609769,126.99999999999991,25.75999999999999,37.849999999999994,20.28346456692914,29.80314960629923,48.0840543,52.52658709
3/17/22,2241423,204.05,211.65,212.22,202.37,-33.54663519,122.86999999999989,24.97999999999999,37.849999999999994,20.330430536339232,30.804915764629307,42.37134661440776,50.65654106340078
3/18/22,2777338,210,213.3,215.31,209.85,-3.303205022,123.15999999999991,28.069999999999993,37.849999999999994,22.79149074374798,30.732380643065948,35.97142230388713,46.41463161776525
3/21/22,1640988,211.73,212.38,213.84,208.06,-5.479311231,119.61999999999992,28.069999999999993,36.47999999999999,23.465975589366334,30.496572479518488,29.278847134308503,42.68130881404676
3/22/22,1470872,211.98,216.66,218.87,211.02,29.34681573,118.82999999999993,33.099999999999994,32.69999999999999,27.85491879155097,27.518303458722553,19.985423548807606,38.43692490038482
3/23/22,2462943,213.76,207.34,214.97,206.33,-10.62958289,118.26999999999992,31.810000000000002,37.389999999999986,26.896085228713975,31.614103322905226,12.67110039615414,34.482493570259194
3/24/22,2507738,208.9,213.05,213.08,204.58,1.4193013851309433,120.93999999999994,31.810000000000002,37.099999999999994,26.30229866049282,30.676368447163895,10.782806096112068,29.433430196670084
3/25/22,1466517,213.26,212.14,214.74,207.76,21.079743294025274,117.24999999999997,33.47,29.599999999999994,28.545842217484015,25.24520256,8.391505100204771,25.38142585730627
3/28/22,1698238,212.87,215.41,216.09,211.45,53.57106994025174,111.66,34.81999999999999,22.919999999999987,31.183951280673465,20.526598602901654,9.353749154289426,22.662585729088278
3/29/22,1799337,219.55,223,223.45,217.96,122.61555715080584,107.88999999999999,36.98999999999998,22.919999999999987,34.28491982574843,21.243859486514033,11.096510468995797,20.18767880165215
3/30/22,1747200,218.62,221,223.81,218.28,114.65687773461542,106.57999999999998,37.349999999999994,19.97999999999999,35.04409832989304,18.74648151623193,16.044905538971417,18.01516454388951
3/31/22,1967732,219.42,214.35,221.71,214.19,70.67037424915439,105.58000000000001,37.349999999999994,18.140000000000015,35.37601818526235,17.181284334154206,20.470783277014444,16.570941836584293
4/1/22,1329121,215.62,213.04,217.23,210.56,40.36214464257935,104.37,37.349999999999994,15.949999999999989,35.78614544409312,15.282169205710442,25.883018957256116,18.33291252668409
4/4/22,1128459,213.88,218.77,220.41,213.75,79.39261848959056,106.72,40.53,15.949999999999989,37.97788605697151,14.945652173913032,32.11365074174606,20.25257792097542
4/5/22,1415837,218.16,211.55,218.58,210.68,44.58164409434441,102.61000000000001,29.620000000000005,19.019999999999982,28.8665822,18.53620504824089,32.31083970588659,20.83229443008801
4/6/22,1947035,207.23,203.94,208.98,202.58,-32.71247439,101.73000000000002,22.03,27.119999999999976,21.65536223336282,26.658802713063967,30.122643882140796,20.609577175568297
4/7/22,1391952,202.43,204.77,206.86,201.52,-36.37910343,101.61000000000001,18.939999999999998,28.17999999999998,18.63989765,27.733490798149763,28.341182962916104,22.19304425094376
4/8/22,1421051,201.94,202.25,205.47,198.2,-54.72405085,103.10000000000002,18.939999999999998,29.710000000000008,18.370514064015513,28.81668283220175,26.26099432182013,23.365888799417288
4/11/22,1455325,198.41,199.03,202.09,197.65,-70.98598212,99.85000000000002,13.909999999999997,30.25999999999999,13.930896344516768,30.305458187280905,25.738657730139483,25.81083834
4/12/22,1335963,203.4,196.14,206.23,195.24,-71.93639617,100.51000000000002,18.049999999999983,25.569999999999993,17.958412098298655,25.44025470102476,21.358652435031377,26.736151588388722
4/13/22,1158898,196,201.74,202.19,195.34,-69.02583713,98.86000000000001,18.049999999999983,23.819999999999993,18.258142828241937,24.094679344527602,20.023316898764147,26.167078302325372
4/14/22,1197184,202.97,196.73,203.17,196.22,-74.08964606,98.82999999999998,17.369999999999976,23.819999999999993,17.575634928665366,24.101993321865827,20.907164843566022,25.514904362853407
4/18/22,1142329,195.09,196.54,198.7,193.64,-91.95522064,99.24999999999997,16.019999999999982,26.400000000000006,16.14105793,26.59949622166248,21.717178539575468,25.029180751245786
4/19/22,1764238,194.35,203.8,205.74,194.35,-52.72391286,102.6,15.700000000000017,26.400000000000006,15.30214424951269,25.73099415204679,22.263504966726913,24.262249644273524
4/20/22,1244473,205.86,201.92,207.05,201.72,-40.36508666,102.4,16.650000000000006,26.400000000000006,16.259765625000004,25.781250000000004,19.868839860918055,22.80374879552877
4/21/22,1536956,204.92,195.13,209,193.98,-87.69646772,109.9,16.650000000000006,30.05000000000001,15.150136487716109,27.343039126478622,21.77783850962021,21.568245472325792
4/22/22,1686900,194.57,187.31,195.62,187.07,-165.9992316,111.78000000000003,16.650000000000006,33.33000000000001,14.895330112721417,29.81749865807837,25.043271742860956,22.53329432081255
4/25/22,1719060,186.65,191.15,191.54,185.55,-150.5599823,110.4,13.469999999999999,34.849999999999994,12.201086956521738,31.56702898550724,29.807863105131414,25.35751397434872
4/26/22,1605992,189.33,185.59,190,183.84,-157.4505771,109.62,13.469999999999999,33.49000000000001,12.287903667214012,30.55099434,32.834936011984034,27.27605727577975
4/27/22,1917807,185.59,180.47,189.68,180.19,-163.1520874,110.14000000000001,13.469999999999999,29.04000000000002,12.229889231886688,26.366442709279113,34.703435864750276,28.483470415738594
4/28/22,2083668,185.25,195.84,198.04,184.95,-84.36372833,122.37,21.829999999999984,27.980000000000018,17.83933970744462,22.86508131,32.98657497571808,26.427707418318064
4/29/22,1425848,193.71,189.28,196.6,188.76,-87.97128497,122.94,21.829999999999984,24.659999999999997,17.756629250040657,20.058565153733525,29.21883172,25.498335114239154
5/2/22,1741613,189.23,192.9,193.28,186.76,-85.82489669,124.86000000000001,21.829999999999984,26.110000000000014,17.483581611404755,20.91142079128625,25.144577903856938,25.093924823358947
5/3/22,1696148,192.36,193.22,194.16,188.89,-72.77948585,119.14000000000004,18.569999999999993,26.110000000000014,15.586704717139488,21.91539365452409,20.58272303598119,25.195293070556303
5/4/22,2023743,193.7,203.75,204.1,191.58,-10.84523091,124.81000000000003,28.50999999999999,26.110000000000014,22.842720935822438,20.91979809310152,14.209717638719923,23.52232682535198
5/5/22,3483851,203.78,198.39,204.79,195.61,-6.51368465,127.04000000000002,28.22,26.110000000000014,22.213476070528962,20.552581863979857,8.752550600187213,21.727993232468744
5/6/22,2921609,196.39,193.77,197.65,187.11,-63.75976831,133.26,28.22,32.03,21.176647155935765,24.035719645805194,7.748672794,20.367623884851145
5/9/22,3236848,189.33,186.32,191.91,185.03,-105.0480637,130.60999999999999,21.17999999999998,34.110000000000014,16.21621622,26.115917617334063,10.631748367153415,19.92529004300576
5/10/22,2757018,193.3,186.41,194.32,181.17,-100.9512293,138.42999999999998,19.869999999999976,37.97000000000003,14.353825037925292,27.42902550025286,14.359314406075972,19.751946154966454
5/11/22,2388426,183.51,180.68,191.83,179.75,-125.6424397,135.48999999999998,19.869999999999976,31.650000000000006,14.665288951214096,23.35965754,15.357538955714446,17.970130995847818
5/12/22,2554330,177.48,185.05,186.64,175.41,-134.8137485,138.16999999999996,19.869999999999976,29.080000000000013,14.380835203010772,21.046536874864312,17.761059387902833,15.985388513311378
5/13/22,1731426,187.12,197.07,197.5,186.56,-5.462813984,144.62999999999997,30.72999999999999,27.56000000000003,21.24732074949872,19.05552098458137,18.020168015951423,13.386359308069318
5/16/22,1342905,194.45,192.58,196.38,191.66,-2.759610291,142.72999999999996,30.72999999999999,25.850000000000023,21.530161844041196,18.1111189,18.403718743033643,13.076195768508926
5/17/22,1596082,197,195.64,198.99,189.54,16.886433522697644,142.68999999999997,33.34,22.200000000000017,23.365337444810436,15.558203097624236,17.849024090495103,14.24038622882426
5/18/22,1286941,192.09,187.98,193.95,186.4,-50.50268944,134.35999999999996,24.980000000000018,25.340000000000003,18.591842810360244,18.859779696338205,12.752723860560488,13.55601913331823
5/19/22,1554511,187.4,193.72,196.82,186.28,-7.969816677,137.05999999999995,27.850000000000023,25.340000000000003,20.319568072377084,18.488253319714005,9.728394743527401,12.542966849620925
5/20/22,2246121,196.21,191.41,197.97,185.58,-13.16941409,142.92999999999992,29.00000000000003,23.340000000000003,20.289652277338586,16.329671867347663,8.394860008422116,13.077959698162474
5/23/22,3781199,182.95,183.51,184.88,173.9,-164.029256,155.1699999999999,28.120000000000033,35.02000000000001,18.12205967648389,22.568795514596914,9.309821788528321,13.664994902239872
5/24/22,2368295,181.48,179.55,182.93,176.43,-160.1192528,149.7299999999999,18.180000000000035,35.02000000000001,12.141855339611332,23.388766446269972,13.148018375790038,15.77586855941184
5/25/22,1841764,180.12,186.53,187.66,178.6,-88.46295901,149.60999999999993,22.220000000000027,35.02000000000001,14.851948399171203,23.407526234877366,13.532079791393114,15.690551940944108
5/26/22,2278042,187.38,191.63,193.56,185.42,3.053870410400676,146.46999999999997,28.120000000000033,26.52000000000001,19.19847067658909,18.10609681163379,13.900885855229765,13.326804857895127
5/27/22,2985286,204,211.38,211.85,201,259.09150510442976,157.94999999999996,46.410000000000025,24.439999999999998,29.38271604938274,15.473251028806589,18.282592885534257,14.00549381453083
5/31/22,3012779,209.69,207.75,210.03,204.06,210.55093813765976,152.11999999999995,46.410000000000025,20.579999999999984,30.50880883513019,13.52879305811201,22.906606997906987,15.650733503164552
6/1/22,1417784,210,207.38,212.79,205.79,196.5020278929861,147.03999999999994,49.170000000000016,19.159999999999997,33.43988030467903,13.030467899891189,28.40512687749722,18.85747433301277
6/2/22,1509854,207.22,214.09,214.24,206.73,198.1503773883277,143.31999999999996,50.62000000000003,14.819999999999993,35.319564610661494,10.340496790399104,32.24720456560504,22.697611470697538
6/3/22,1105402,210.08,208.37,210.85,206.31,144.54109010926422,138.64999999999998,39.76000000000002,15.23999999999998,28.676523620627496,10.991705733862231,35.950510158218826,24.74129497480597
6/6/22,835464,211.27,208.6,212.29,207.47,132.59116717744055,138.05999999999997,41.20000000000002,15.23999999999998,29.842097638707827,11.038678835288994,43.128425159884266,28.514655507557016
6/7/22,1249796,206.51,207.17,211.13,205.1,104.7443679485123,134.63999999999996,38.59,17.609999999999985,28.661616161616173,13.079322638146161,44.18205625024526,31.23232456788976
6/8/22,872935,206.32,203.73,207.59,203.35,73.5035113,129.64,38.59,16.22,29.767047207651967,12.511570502931196,44.558010649188155,33.73230882354757
6/9/22,975465,202.77,195.06,203.19,194.96,15.966748084822763,127.86999999999998,35.72,24.609999999999985,27.93462109955424,19.24610932978806,40.307371731490846,34.356249304494035
6/10/22,1722897,189.84,187.08,190.7,184.45,-60.68071636,126.09,34.56999999999999,35.120000000000005,27.41692441906574,27.853120786739634,31.321139712945097,31.784172139275068
6/13/22,1914806,179.61,173.1,182.28,172.16,-138.1730837,123.50000000000003,34.56999999999999,35.72999999999999,27.991902834008084,28.93117408906881,24.165848536601274,30.05817934741005
6/14/22,1591338,174.4,171.59,175.39,170.06,-148.107715,121.75000000000003,34.56999999999999,37.829999999999984,28.394250513347007,31.071868583162196,17.250350992312963,30.189388076098616
6/15/22,1911715,174.57,176.71,180.27,171.67,-113.0668482,121.37000000000003,34.72000000000003,37.829999999999984,28.606739721512746,31.169152179286456,11.742973988029894,27.962515119137578
6/16/22,2104617,171.03,164.31,171.62,163.2,-161.5904108,126.74000000000004,28.82000000000002,46.29999999999998,22.739466624585777,36.531481773709935,8.818926562311567,26.68846860574986
6/17/22,3324034,164.39,167.77,169.81,164.39,-142.9948772,112.02000000000004,10.53000000000003,46.29999999999998,9.400107124,41.33190501696123,16.240047558348195,28.27370964491952
6/21/22,1465058,170.09,166.88,172.55,166.27,-126.1877572,110.98000000000005,13.270000000000039,46.29999999999998,11.957109389079143,41.71922868985399,25.349741472174674,28.335440592559884
6/22/22,1705692,166.08,169.15,171.13,165.01,-114.0559519,110.10000000000005,10.510000000000048,47.56,9.545867393278876,43.19709355131697,35.708447544855694,29.937148040728484
6/23/22,2636937,173.14,183.41,183.87,171.95,-50.70316523,117.31000000000003,21.80000000000004,47.56,18.583240985423267,40.54215326911601,41.14791409087177,29.19913254159237
6/24/22,2814160,184.32,192.48,192.99,183.25,0.9551711496548922,119.27000000000004,30.920000000000044,47.140000000000015,25.924373270730307,39.52376959839021,43.89661229,27.81979314
6/27/22,1814280,191.48,185.87,193.33,184.51,-7.43425202,123.27000000000007,29.82000000000005,47.140000000000015,24.190800681431032,38.24125902490467,43.76923928118731,26.29408292174944
6/28/22,1561054,186.62,176.81,186.62,176.31,-45.79374687,127.55000000000007,29.82000000000005,52.97,23.379067032536287,41.52881223049782,37.93927365579364,27.08966060707092
6/29/22,1305589,177.7,176.85,179.49,174.36,-57.15546389,128.44000000000005,29.82000000000005,53.16999999999999,23.21706633447527,41.39676113360321,33.38736484774083,29.36855315995775
6/30/22,1707010,174.7,171.96,175.83,170.35,-75.13132752,126.17000000000007,29.82000000000005,48.79000000000002,23.634778473488176,38.67004834746769,26.77561189587054,31.242029720363117
7/1/22,1203155,172.78,173.86,174.62,170.48,-71.31495152,119.70000000000007,29.82000000000005,38.28,24.912280701754412,31.979949874686696,22.65616952619571,31.902041808533742
7/5/22,1833258,171.7,176.9,177.04,170.22,-59.66511695,111.60000000000005,32.24000000000004,25.99000000000001,28.888888888888907,23.28853046594982,20.98190468485099,32.43925848839895
7/6/22,1027746,179.96,176.73,180.98,175.3,-42.77516839,111.95000000000005,36.180000000000035,23.890000000000015,32.317999106744104,21.33988387673069,20.64094909377056,32.205094187478934
7/7/22,1091745,176.27,182.25,182.55,175.93,-27.2165687,109.89000000000004,32.87000000000003,23.890000000000015,29.91172991172993,21.739921739921744,18.61739682969662,28.27833524274513
7/8/22,1197769,181.38,179.83,182.19,175.75,-28.49193383,102.88000000000002,32.87000000000003,15.600000000000023,31.94984447900469,15.163297045101107,19.866457960524073,26.62691140413245
7/11/22,992782,177.84,176.72,179.45,174.07,-38.12756189,103.14000000000004,32.87000000000003,17.28000000000003,31.869303858832673,16.753926701570702,21.025616282530454,23.900614089200495
7/12/22,1425826,177.43,172.33,181.36,171.8,-43.99490908,106.42000000000004,30.130000000000024,19.55000000000001,28.312347303138516,18.370607028753998,22.504514417082053,22.58034197163888
7/13/22,1139128,167,170.95,171.68,166.94,-77.30989573,105.69000000000005,30.130000000000024,23.150000000000006,28.50790046362003,21.903680575267284,22.899064686052725,21.940484685451857
7/14/22,1292532,170.76,170.96,171.9,167.21,-75.87930616,95.66000000000005,17.610000000000014,23.150000000000006,18.40894835877065,24.200292703324266,21.75444679695713,21.197697945363842
7/15/22,1443776,174.36,176.21,177.11,172.6,-25.50852821,92.07000000000005,13.700000000000017,23.150000000000006,14.879982621918117,25.143912240686426,23.391697471000573,21.004547150348596
7/18/22,2114109,178.34,177.22,179.5,175.61,8.247113065499644,87.14000000000001,15.75,23.150000000000006,18.074363093871927,26.5664448,20.623839049577526,20.24514851
7/19/22,1149876,180.85,184.76,185.06,178.95,95.08155013402359,84.67000000000002,21.310000000000002,14.950000000000017,25.168300460611782,17.656785165938366,18.36604724756125,19.695831765045853
7/20/22,1741736,186.31,196.38,197.07,185.53,223.77794566160267,91.85000000000002,33.31999999999999,13.000000000000028,36.276537833424044,14.15351115949921,22.12812106576631,22.316317741424182
7/21/22,1304645,196.2,199.1,199.85,195.32,238.46533402740457,89.88000000000002,36.099999999999994,8.990000000000009,40.16466399643968,10.002225189141084,29.965386974389492,26.432225830221107
7/22/22,1457698,199.19,195.95,203.55,194.48,198.9449493366758,94.81000000000003,39.80000000000001,8.990000000000009,41.97869423056639,9.482122139014878,38.22479188765091,29.989619342304017
7/25/22,1444982,194.76,195.71,196.06,192.54,144.66672180290067,91.51000000000005,37.380000000000024,10.930000000000007,40.847994754671625,11.944049830619605,43.075802636207676,33.233750053604126
7/26/22,1470666,196.34,193.07,196.92,192.17,123.7218177778358,90.58000000000007,34.30000000000001,10.930000000000007,37.86707882534774,12.06668138661956,48.516820941012156,34.57032999529484
7/27/22,1574274,196.58,203.41,204.67,194.88,158.82173049910062,95.56000000000006,40.47999999999999,10.930000000000007,42.36082042695685,11.437840100460443,55.17333772479713,36.76969248617919
7/28/22,1791873,203.3,212.16,212.62,203.22,191.62748678684932,98.46000000000006,48.43000000000001,10.75,49.18748730448911,10.918139345927273,58.47357433011687,40.30084769794159
7/29/22,1780190,211.89,216.32,217.65,211.21,196.76819440954927,99.14000000000004,53.46000000000001,9.069999999999993,53.92374420012103,9.148678636271928,60.28452912740669,45.124958050898094
8/1/22,1446952,212.01,218.14,218.34,211.88,173.74596636652564,96.04000000000005,54.150000000000006,6.800000000000011,56.38275718450644,7.080383173677642,62.70760284077527,50.46619736421309
8/2/22,1894059,214.36,216.18,217.87,213.29,150.7222051543304,95.50000000000003,54.150000000000006,1.9399999999999977,56.701570680628265,2.031413612565442,69.09626561878171,56.08603413
8/3/22,1562486,216.64,218.44,220.35,215.99,142.48401672385035,95.17000000000002,56.41,1.9399999999999977,59.27288010927813,2.0384574971104312,76.04313649,62.27997871475548
8/4/22,1645437,218.76,221.94,222,216.16,133.86227709766138,94.86000000000001,52.849999999999994,1.9399999999999977,55.71368332279147,2.0451191229179817,81.94969084,68.56151428148387
8/5/22,1113414,216.46,221.7,223.12,216.14,122.24125089026987,97.95000000000005,51.58000000000001,1.9399999999999977,52.65952016334863,1.9806023481368014,86.79639331394272,72.63498382
8/8/22,811035,222.96,220.69,224.92,219.25,117.38034727661181,95.78000000000003,47.81999999999999,1.9399999999999977,49.92691584882019,2.0254750469826655,90.33183456580741,75.30818184660706
8/9/22,970164,218.79,218.14,219.19,215.12,92.41293744908425,89.04000000000002,35.81,6.069999999999993,40.21787960467205,6.817160827,89.21946590646876,75.96353437362201
8/10/22,1176918,225.15,226.32,227.58,224.11,116.50334133188835,93.95000000000005,41.420000000000016,6.069999999999993,44.08728046833422,6.4608834486428846,86.11182884186536,77.60404723032354
8/11/22,1042773,228.34,227.26,232.28,226.33,115.88745215442614,90.84000000000003,42.41999999999999,6.069999999999993,46.697490092470254,6.682078379568463,83.04740197363827,79.54526923106854
8/12/22,957159,229.68,233.01,233.15,227.56,114.96155803798655,93.21000000000004,43.28999999999999,4.1299999999999955,46.44351464435144,4.430855058470114,81.32453090735031,81.63711087276045
8/15/22,853167,232.38,234.04,234.96,231.92,113.41752883814954,91.50000000000006,44.24000000000001,4.1299999999999955,48.34972677595626,4.5136612021857845,79.68668521964513,83.24153926679392
8/16/22,892995,231.25,233.64,235.01,230.18,102.98433174521307,84.73000000000005,36.49000000000001,5.869999999999976,43.066210315118596,6.927888587277201,76.36711894395177,83.34947675487959
8/17/22,1028926,230.37,228.2,231.31,227.66,83.43675372516759,81.31000000000003,28.539999999999992,8.389999999999986,35.10023367359486,10.318534005657341,73.62549723313876,81.42248156980375
8/18/22,1043269,228.83,228.86,230.53,227.67,79.66070664291867,77.73000000000005,23.50999999999999,8.389999999999986,30.245722372314393,10.793773317895255,69.11906316672473,77.61544600429505
8/19/22,1064140,226.62,222.59,226.62,221.49,53.68741267775785,78.64000000000004,22.819999999999993,14.569999999999965,29.01831129196335,18.52746693794501,60.30253201730219,71.67496699547023
8/22/22,1240915,219.45,216.4,219.51,215.87,20.336079882497458,80.51000000000005,22.819999999999993,20.18999999999997,28.34430505527261,25.077630108061054,47.558143290372946,64.44133709886162
8/23/22,1075335,215.71,213.63,218.77,213.2,2.9182687567781076,81.72000000000008,20.340000000000003,22.859999999999985,24.88986784140967,27.97356828193828,34.709815584954065,57.19825040229959
8/24/22,1758851,215.02,214.43,217.27,213.44,-6.156811734,79.71,18.689999999999998,22.859999999999985,23.447497177267564,28.678961234474922,24.334969983275005,50.351044463613384
8/25/22,3236582,234.72,220.15,234.99,216.45,50.31423739679261,93.29000000000008,35.28999999999999,22.859999999999985,37.82827741451384,24.504234108693286,18.803814350202217,46.21465579167049
8/26/22,1876173,218.87,207.77,220.31,207.46,-46.36911794,100.47000000000008,33.49000000000001,31.849999999999966,33.333333333333314,31.701005275206466,11.322452490574944,40.22075782864984
8/29/22,1162661,206.09,205.71,208.81,204.27,-97.15027009,99.44000000000008,33.49000000000001,30.909999999999968,33.67860016090103,31.084070796460118,8.312700489,34.307616253280734
8/30/22,1347536,206.72,202.81,208.08,200.16,-126.7248159,97.92000000000007,25.099999999999994,35.01999999999998,25.63316993,35.76388888888884,10.043613098925876,28.80087819464941
8/31/22,1236523,205.83,201.74,207,200.87,-139.8272288,98.09000000000006,20.400000000000006,35.01999999999998,20.79722703639514,35.701906412478294,13.468118893063574,24.08896723900882
9/1/22,1257057,200.31,201.95,202.3,195.31,-168.7953468,99.19000000000005,19.53,40.579999999999984,19.689484827099495,40.911382195785826,17.631957311238356,20.98346364725668
9/2/22,1097446,204.72,198.69,205.53,197.49,-152.9060372,104.19000000000003,20.94999999999999,40.579999999999984,20.107495920913703,38.948075631058614,19.386521364024905,19.09516785711356
9/6/22,1334938,200.29,198.18,201.31,196.55,-151.4732965,104.12000000000003,20.94999999999999,39.78,20.12101421436802,38.20591625,24.135878793401684,17.729165641988313
9/7/22,1325547,199.57,206.19,207.13,198.27,-100.346914,107.09000000000003,26.769999999999982,37.25999999999999,24.997665514987368,34.79316462788307,26.19866784576423,17.255684167511756
9/8/22,1805757,203.2,209.82,210.3,202.41,-67.68591211,112.12000000000003,29.939999999999998,37.25999999999999,26.703531930074913,33.23225115947198,25.264088591574197,17.653850845250037
9/9/22,1097362,211.41,211.68,213.29,210.09,-35.03033818,108.22000000000003,32.92999999999998,31.080000000000013,30.428756237294373,28.719275549805957,21.349056143615048,17.40858751833931
9/12/22,1275736,212.9,215.16,215.32,210.86,-18.49681436,105.96000000000001,34.95999999999998,25.460000000000008,32.99358248395619,24.02793506983768,18.133079284976777,17.882518298107566
9/13/22,3041622,204.28,208.34,211.05,204.11,-56.57014697,111.43999999999997,34.95999999999998,29.539999999999992,31.37114142139267,26.50753768844221,14.216406633960128,16.801463998992517
9/14/22,1787521,209.19,208.52,210.94,206,-48.50886727,112.54999999999995,34.95999999999998,29.539999999999992,31.06175033318525,26.24611283873834,10.449241339700064,17.292560066550873
9/15/22,1630814,207,201.3,209.97,200.07,-75.60322383,101.88999999999996,17.23999999999998,35.47,16.920208067523788,34.81205221317108,13.48299503,19.840831439306914
9/16/22,2234793,196,194.97,196.44,191.87,-128.7291059,98.46999999999997,17.23999999999998,34.68000000000001,17.50787041738599,35.218848380217345,17.26587528818749,21.264981939880844
9/19/22,993586,193.03,196.89,196.96,191.93,-115.3200891,98.95999999999998,17.75999999999999,31.49000000000001,17.946645109134998,31.82093775262734,21.430541817925487,21.389798980770266
9/20/22,850730,195.54,194.97,197.42,193.51,-108.6799897,94.94999999999996,18.21999999999997,27.379999999999995,19.189046866771964,28.83622959452344,22.157949960924512,20.145514622950643
9/21/22,1199982,197.4,192.42,201.22,191.94,-104.5113375,98.09999999999997,22.019999999999982,27.379999999999995,22.446483180428125,27.91029561671764,22.56580023658385,18.39110343527199
9/22/22,1154288,189.82,187.15,191.3,187.01,-147.9927865,96.51999999999995,22.019999999999982,26.75,22.813924575217563,27.71446332,22.781714306687743,16.615477823193903
9/23/22,1101448,186.63,184.56,186.82,181.67,-167.5952572,93.95999999999998,18.789999999999992,32.09,19.99787143465304,34.152830991911465,21.37412588230799,17.428560457578794
9/26/22,1063031,185.05,183.99,188.84,183.71,-149.5240348,94.32999999999998,20.810000000000002,31.150000000000006,22.06085020672109,33.02236828156473,19.09242327277823,18.17914928048286
9/27/22,1604155,186.35,187.96,189.66,183.02,-128.8128458,92.01999999999998,15.810000000000002,31.150000000000006,17.18104759834819,33.85133667,19.890410975888766,20.66047639690713
9/28/22,1562414,188.83,190.98,192.49,186.67,-94.79230496,89.94999999999999,15.469999999999999,31.150000000000006,17.19844357976654,34.63035019455254,22.148063365120095,22.153006663022303
9/29/22,1375255,189.23,189.46,191.37,186.94,-93.37879556,90.91,12.480000000000018,31.150000000000006,13.727862721372807,34.26465735342647,27.471639146372254,25.018719691478054
9/30/22,1341173,189.11,186.8,191.88,186.57,-92.90194374,91.76000000000002,10.960000000000008,31.150000000000006,11.94420226678292,33.94725370531822,33.84618429560101,28.313949301144376
10/3/22,1628628,187.83,192.46,193.44,187.62,-65.14014085,87.35000000000002,12.52000000000001,24.400000000000006,14.333142530051523,27.933600457927874,34.85247502335732,28.113300452832654
10/4/22,2118033,197.67,199.99,200.24,197.3,9.205827953522585,90.19000000000003,19.32000000000002,24.400000000000006,21.42144361902652,27.053997117197024,33.47238721,26.282405243039364
10/5/22,1995988,196.14,204.53,205.18,194.78,33.098055013908755,90.69000000000003,24.26000000000002,18.47,26.75046862939686,20.366082258242358,30.28640389929671,25.08840743759274
10/6/22,1791729,203.81,205.87,209.64,203.37,76.50015049137504,87.53,28.72,10.27000000000001,32.81160744887467,11.733120073117798,32.567435893075555,27.357749629097825
10/7/22,1261261,201.59,194.74,202.17,193.27,-10.67760804,95.1,28.19999999999999,20.370000000000005,29.65299684542586,21.41955835962146,28.122336770996373,27.796987958684312
10/10/22,1305151,194.66,191.03,195.51,187.51,-57.56052013,99.19,27.74000000000001,26.130000000000024,27.966528883960088,26.343381389252972,20.62947349634632,27.237828895973667
10/11/22,1468159,190.96,191.03,192.03,185.72,-68.82748541,96.22,23.939999999999998,27.920000000000016,24.88048222822698,29.016836416545438,16.545611299362676,25.69904316
10/12/22,1523344,191.98,193.64,194.72,190.75,-35.04071157,94.78,26.629999999999995,22.99000000000001,28.096644861785183,24.256172188225374,15.83167055863833,24.652028885969415
10/13/22,1669996,186.59,193.85,195.24,182.3,-54.94233438,102.23999999999998,26.629999999999995,26.099999999999994,26.046557120500783,25.528169014084508,13.740824142193764,22.013614020745237
10/14/22,1212717,197.46,189.81,197.91,189.56,-33.39185775,105.45999999999998,27.279999999999973,26.099999999999994,25.86762753650671,24.748719893798597,6.222614168636704,19.39502503085613
10/17/22,1281448,196.33,198.7,200.62,196.2,35.593894982740764,109.63,29.169999999999987,26.099999999999994,26.607680379458166,23.80735200218918,4.4615288361053205,16.291932803550846
10/18/22,1494011,204.68,200.7,206.24,197.38,80.05020582006752,112.66999999999999,31.95999999999998,26.099999999999994,28.366024673826207,23.164995118487617,5.645583967873083,13.137528732109702
10/19/22,767182,197.4,197.02,200.36,196.02,44.105548309421216,112.91999999999996,31.95999999999998,27.45999999999998,28.303223521076863,24.31810131066241,5.628700531644676,11.087155915503676
10/20/22,743089,197.96,197.83,203.6,196.85,74.97891431135028,114.35999999999996,34.68999999999997,27.45999999999998,30.334032878628875,24.01189227002448,6.344932848715938,11.088301703677134
10/21/22,1053641,197.51,201.39,202.21,193.73,75.92380206439363,116.19999999999999,33.12999999999997,30.579999999999984,28.511187607573124,26.31669535283992,6.844498007863202,10.292661075028484
10/24/22,1050785,202.9,207.09,208.22,198.52,138.40153936020383,118.11999999999998,32.33999999999995,30.579999999999984,27.378936674568195,25.88892651540805,6.942270848236266,6.582442508436484
10/25/22,1237436,209.5,215.72,216.01,208.92,217.95699653052165,116.63999999999996,35.18999999999994,30.579999999999984,30.169753086419714,26.217421124828526,7.184724907623788,5.823126871864554
10/26/22,1180114,213.33,214.56,219.62,211.01,198.71265795047873,118.97999999999999,34.339999999999975,30.579999999999984,28.86199361237181,25.701798621617066,6.467847649396929,6.056715808635007
10/27/22,1625014,216.19,210.15,217.34,209.58,149.80343995135698,114.13999999999999,34.339999999999975,21.909999999999968,30.08585947082528,19.195724548799696,8.888609333329265,7.258654932486971
10/28/22,1051916,211.42,216.39,216.99,208.59,148.66267190118714,114.53999999999999,34.339999999999975,17.139999999999958,29.98079273616202,14.964204644665584,12.518257299260432,9.431595073988184
10/31/22,965042,214.76,214.3,216.29,214,143.22168478670488,110.61999999999998,34.339999999999975,15.349999999999966,31.043210992587216,13.876333393599683,18.22066291254026,12.53258046020173
11/1/22,1105468,216.71,214.05,218.53,212.25,129.98655978374583,112.92999999999998,33.889999999999986,15.349999999999966,30.00974054724165,13.592490923580952,24.02984831,15.486059579863182
11/2/22,2115920,214.41,199.38,214.41,199.12,34.52685201025019,115.27999999999997,33.889999999999986,20.029999999999973,29.397987508674525,17.375086745315734,27.14576048301613,17.165242695319957
11/3/22,1939805,197.35,194.22,200.63,194,-38.87376154,113.55999999999997,31.22,25.149999999999977,27.492074674181055,22.146882705177866,27.97515971577225,17.22150368258459
11/4/22,2641330,196,193.69,196.37,189.69,-68.76572976,109.42999999999998,28.50999999999999,29.45999999999998,26.05318468427305,26.921319565018724,24.56532653258043,16.726967932954846
11/7/22,2247220,195.12,194.88,196.85,192.67,-58.484052,104.74999999999997,23.369999999999976,29.45999999999998,22.31026252983292,28.124105011933164,20.918077825706494,16.718167562483462
11/8/22,1377550,196,199.01,203.88,194,-22.86552999,109.94999999999999,30.399999999999977,28.099999999999994,27.64893133242381,25.55707139608913,15.203857637749124,16.712260275144693
11/9/22,1206290,196.35,194.61,197.92,194.04,-54.19493878,108.16999999999999,27.159999999999997,28.099999999999994,25.108625312008872,25.977627808079873,9.211980036563117,16.62091417402661
11/10/22,1946872,208.27,222.96,223.37,207.95,141.10783736004706,128.44999999999996,52.610000000000014,24.97999999999999,40.957571039314935,19.44725574153367,10.862898583149963,19.004329533083045
11/11/22,1870089,222.5,228.8,232.44,221.4,190.93971542817982,129.78999999999996,55.670000000000016,24.97999999999999,42.89236458895141,19.24647507512135,15.410428203136703,21.692793959454477
11/14/22,1518903,225.63,223.31,226.64,221.08,141.30050290213464,128.58999999999997,47.880000000000024,25.299999999999983,37.23462166575942,19.674935842600505,20.279869253282666,22.42259789293155
11/15/22,1930360,231.2,232.3,233.69,229.89,173.1129320431485,130.35999999999996,51.32000000000002,25.299999999999983,39.367904265112024,19.40779380177968,24.018579328047093,22.468328576876793
11/16/22,2290684,230.49,221.14,231.23,219.82,109.91812251217955,135.07999999999998,51.32000000000002,33.94,37.99230085875039,25.125851347349723,26.76075960717319,20.982308622461154
11/17/22,1660565,215.86,214.68,218.09,212.73,49.33883045898258,135.08999999999997,51.32000000000002,40.03999999999999,37.98948849,29.639499592864016,28.535044688217663,18.87351236239039
11/18/22,1588320,219.23,210.37,219.23,209.65,31.91047080883417,142.27999999999997,51.32000000000002,43.119999999999976,36.06972167556932,30.306438009558605,24.047128436170627,17.455013509660297
11/21/22,1793680,208.4,206.5,209.16,205.92,-11.47496763,140.45,49.08000000000001,46.849999999999994,34.94482022071912,33.35706657173371,18.092344252010033,16.75138622757337
11/22/22,2548731,206.5,208.9,209.64,202.88,-14.6910026,131.92,49.08000000000001,36.75999999999999,37.20436628259552,27.86537295330503,15.341820641726352,17.81084494750451
11/23/22,6274813,190.75,197.07,199.67,188.01,-98.99017381,146.18,49.08000000000001,46.50999999999999,33.57504446572719,31.816938021617176,10.129947996922846,17.07426366248497
11/25/22,1318187,196.79,200.66,200.96,196.25,-68.87842622,144.21,50.37000000000003,42.19999999999999,34.92822967,29.26288052146175,8.203455976501115,17.48210779183715
11/28/22,1624583,199.84,195.35,202.98,194.79,-79.11751382,148.22,51.910000000000025,42.19999999999999,35.022264201862114,28.47119147213601,7.865281517193488,18.200163102705574
11/29/22,1473806,195.4,195.18,196.53,190.96,-100.4059732,143.91,44.880000000000024,46.02999999999997,31.18615801542633,31.985268570634407,6.628985818594618,15.338057127382623
11/30/22,4608918,195.32,201.95,202.81,193.93,-60.83246256,147.82,51.160000000000025,46.02999999999997,34.609660397781106,31.13922337978621,7.121270671739676,12.606807461874855
12/1/22,1649510,202.37,206.93,208.7,202.12,-15.87366789,125.81,31.599999999999994,46.02999999999997,25.117240282966375,36.586916779270304,7.827252564562767,11.58453660314456
12/2/22,1323643,200.9,201.11,204.06,200.19,-41.14857491,121.51000000000002,22.53,47.95999999999998,18.541683812031927,39.47000246893258,13.391831465385195,11.76088973115402
12/5/22,1546987,198.78,198.39,199.47,195.27,-64.99468298,119.63000000000002,22.53,52.559999999999974,18.833068628270496,43.93546769205046,18.58620748282581,13.394831729663462
12/6/22,1132305,197.33,194.61,197.79,191.81,-79.54560344,115.83000000000001,15.47999999999999,56.01999999999998,13.364413364413355,48.36398169731501,26.31647204700813,17.090876782100807
12/7/22,1281401,194.61,193.34,196.87,191.83,-79.08818388,108.38999999999999,15.47999999999999,45.94999999999999,14.28176030999169,42.393209705692406,34.372502832948044,20.50074432577133
12/8/22,1370334,194.28,196.63,197.9,192.7,-63.22278598,105.18,16.50999999999999,38.859999999999985,15.696900551435624,36.94618749,40.22025244609312,23.670761558916396
12/9/22,1030995,195.77,194.31,197.27,193.84,-63.18100374,99.03000000000003,16.50999999999999,35.78,16.671715641724717,36.13046551550034,43.264251764821665,25.545752164692217
12/12/22,1344369,193.27,199.88,199.98,193.14,-46.71160335,101.42000000000002,19.21999999999997,32.04999999999998,18.950897258923256,31.601262078485483,41.422308693985244,27.40707007968522
12/13/22,1535445,210.88,203.02,211.83,201.49,2.838029275,106.61000000000004,31.069999999999993,29.00999999999999,29.143607541506405,27.211331019604145,35.32843403775825,26.957320760292028
12/14/22,1404451,203.41,200.06,206.77,199.05,-24.08018024,93.44000000000003,31.069999999999993,16.579999999999984,33.251284246575324,17.744006849315046,30.946756254191698,28.631614150599916
12/15/22,1808152,195.8,194.11,197.5,192.22,-74.47327094,96.57000000000002,29.779999999999973,23.409999999999997,30.837734286010114,24.241482862172507,24.675883464262224,29.524193148605136
12/16/22,2292777,192.73,192.4,195.12,189.84,-87.94733826,93.66000000000003,27.75999999999999,25.789999999999992,29.639120222079846,27.535767670296803,18.56154786,29.39090015196986
12/19/22,1281239,192.72,188.54,192.72,188.15,-100.6401631,92.66000000000003,27.75999999999999,23.650000000000006,29.958989855385262,25.523418951003666,13.751945024794194,28.50809839480793
12/20/22,949401,186.28,187.92,189.78,185.51,-113.6178862,88.05000000000004,21.47999999999999,26.29000000000002,24.395229982964203,29.858035207268603,11.259395072080324,26.340851883032784
12/21/22,1177346,188.67,192.23,193.38,186.28,-89.03748073,88.40000000000003,19.189999999999998,26.29000000000002,21.70814479638008,29.739819004524897,13.289811079506762,24.309122558632506
12/22/22,1999472,189.31,188.1,190.11,185.85,-114.1159235,88.04000000000002,19.189999999999998,24.79000000000002,21.796910495229433,28.157655611085882,10.343782160196085,20.64526920719389
12/23/22,941108,186.36,188.16,188.8,185.76,-119.3245182,85.24000000000004,19.189999999999998,19.960000000000036,22.51290473955888,23.416236508681404,8.675592002595833,16.675737733429028
12/27/22,914110,188.07,186.29,188.07,185.3,-126.6869097,81.52000000000004,19.189999999999998,16.960000000000008,23.54023552502452,20.80471050049068,9.090581419,13.826064638570205
12/28/22,1172072,184.49,181.9,187.41,181.59,-156.569325,82.30000000000004,19.189999999999998,20.670000000000016,23.31713244228431,25.11543134872419,8.376988401860277,11.064466713327235
12/29/22,988621,183.47,188.12,189.28,182.85,-110.8207807,84.48000000000002,20.03,20.670000000000016,23.709753787878782,24.46732954545456,6.960888495,9.110141783578081
12/30/22,1057518,184.78,186.87,186.94,183.07,-117.1810502,86.10000000000002,20.03,20.670000000000016,23.26364692,24.006968641114998,4.621092474541034,8.955451777023898
1/3/23,1181561,190.62,185.15,192.96,183,-88.67351537,89.22000000000003,23.340000000000032,20.670000000000016,26.16005379959653,23.167451244115682,3.510049560754538,6.926915860475312
1/4/23,1069612,187.89,187.96,190.71,186,-67.26642348,82.83000000000001,11.490000000000009,20.670000000000016,13.871785584933004,24.954726548352063,7.939713183890437,8.307652593243136
1/5/23,1488597,186.05,182.07,186.32,180.38,-122.2028603,82.69000000000003,11.490000000000009,23.850000000000023,13.89527149594873,28.842665376708204,12.740678475806712,10.915629947550261
1/6/23,1294661,184.23,187.19,188.6,179.61,-87.3132527,83.84,13.77000000000001,17.02000000000001,16.424141221374057,20.30057251908398,13.881075082073052,11.129031741966664
1/9/23,1400843,190.52,192.47,199.09,190.48,20.49011758426328,90.46000000000001,24.26000000000002,14.640000000000015,26.81848330753926,16.18394870661067,17.740674340129885,12.350781417602862
1/10/23,1126835,190.23,193.43,194.3,190.23,11.125834697430362,89.96000000000004,24.26000000000002,13.200000000000017,26.96754112939085,14.673188083592722,22.399398491646338,13.510245483093685
1/11/23,1144083,195.36,199.93,200.28,194.06,89.06843597838282,92.54000000000002,30.24000000000001,10.560000000000002,32.677760968229954,11.411281607953317,29.42748034470112,16.468764952727827
1/12/23,1247128,199.58,199.96,201.8,197.09,107.63987703118137,90.15000000000003,28.160000000000025,10.560000000000002,31.236827509706064,11.713810316139766,32.24577523389153,20.092744208890984
1/13/23,961029,197.06,200.59,201.04,197.06,100.52963771426673,87.75000000000003,28.160000000000025,10.159999999999997,32.091168091168115,11.578347578347572,34.24549640360821,23.49308743970746
1/17/23,1194526,200.14,200.7,202.61,199.46,109.22492022537793,87.86000000000001,29.730000000000047,10.069999999999993,33.83792396995224,11.461415888914171,40.71909803741328,27.300086559743168
1/18/23,1117892,201.38,198.02,205.47,197.67,96.99825805648827,92.80000000000004,32.59000000000003,9.610000000000014,35.11853448275864,10.355603448275872,45.673247901162426,31.706961120646156
1/19/23,987372,195.68,196.05,199.25,195.65,54.14593991959682,90.58000000000004,32.59000000000003,7.9199999999999875,35.979244866416444,8.743652020313517,50.90220074914722,36.65079962039678
1/20/23,1248440,198.24,205.9,206.73,198.2,125.16657057912545,93.88000000000002,38.20000000000002,7.9199999999999875,40.69024286322966,8.436301661695767,53.80545398452637,41.616467164613745
1/23/23,1079305,206.06,211.29,211.63,205.1,183.67464787186194,95.36000000000001,43.10000000000002,7.9199999999999875,45.19714765100672,8.305369127516764,57.72192167990431,44.98384845689792
1/24/23,908375,209.31,206.43,210.61,204.84,152.5775961,91.85,37.08000000000001,8.179999999999978,40.370168753402304,8.905824714207926,60.53532700738513,47.39041170549667
1/25/23,1273353,202,202.5,203.81,198.01,83.03959999697855,94.71000000000001,37.08000000000001,15.009999999999991,39.151092809629404,15.848379263013399,59.36399231511016,50.04154517626172
1/26/23,876704,206.27,208.46,209.24,205.77,130.75328086177103,93.87,42.51000000000002,9.389999999999986,45.28603387663792,10.003195909236164,60.92400108151293,53.29862449133768
1/27/23,1284604,206.33,210.88,212.5,206,132.61539312911376,91.38000000000002,43.49000000000001,9.389999999999986,47.592471000218865,10.275771503611276,61.52184845936662,56.212024604256925
1/30/23,1122141,207.07,209.12,210.6,206.8,113.0015181088702,83.56,33,9.389999999999986,39.49258018190522,11.237434179033013,59.86222926642257,56.83384162547447
1/31/23,1633328,210.33,215.16,215.55,208.89,135.19117149104898,86.15,37.95000000000002,9.139999999999986,44.05107370864773,10.609402205455584,58.566790291032795,58.14435598546855
2/1/23,1313864,213.89,222.19,223.99,212.98,168.85669075888643,90.31000000000003,40.410000000000025,9.139999999999986,44.74587531834793,10.120695382571125,58.44257023362706,59.48894862050609
2/2/23,1827448,226.43,228.22,232.15,225.81,209.80148136955322,95.56000000000003,47.05000000000001,9.139999999999986,49.236082042695685,9.564671410632046,62.62566092366387,60.99482661938701
2/3/23,1199604,221.68,223.66,227.49,221,159.25863435745808,98.80000000000004,47.05000000000001,13.919999999999987,47.62145748987853,14.089068825910912,61.046189292427925,60.985095186970426
2/6/23,1174762,219.02,218.34,220.53,216.94,111.37203963486276,102.37000000000003,45.47999999999999,17.97999999999999,44.427078245579736,17.563739376770524,57.52098196,59.52141521150061
2/7/23,1021873,217.85,223.65,224.01,215.68,116.33823886616273,102.9,46.099999999999994,17.97999999999999,44.80077745383867,17.473275024295422,55.55190668353091,57.70706797497674
2/8/23,1024159,223.86,221.32,225.95,220.94,115.87405592590477,104.31,48.03999999999999,15.960000000000008,46.055028281085214,15.30054644808744,53.70928705445181,56.138038672742304
2/9/23,1581913,224.42,224.65,229.43,222.76,123.3188596705208,101.74000000000004,44.04000000000002,15.960000000000008,43.28680951,15.687045409868295,50.99129176349991,54.716930998563484
2/10/23,1096466,220.94,222.8,224.84,219.84,96.53787307046736,100.21000000000004,39.140000000000015,18.879999999999995,39.05797824568406,18.84043508631872,45.56653718672326,54.09609905519356
2/13/23,1021244,223.38,224,225.96,222.85,100.7192734690673,96.92000000000004,40.26000000000002,18.620000000000005,41.539413949649195,19.21172100701609,42.63562356622089,51.840906429324406
2/14/23,1373122,223.37,228.04,229.33,222.08,105.71145679656897,95.75000000000003,43.630000000000024,11.789999999999992,45.566579634464766,12.313315926892937,44.98859014346547,51.254786053550035
2/15/23,926883,226.48,229.28,229.32,225.39,105.74977737505642,92.94000000000003,38.20000000000002,11.789999999999992,41.101786098558215,12.685603615235623,46.479910047063335,51.01590836529712
2/16/23,825508,223.75,222.13,225.39,221.18,66.558267,94.54000000000002,34.940000000000026,15.999999999999972,36.957901417389486,16.924053310767896,44.32257625567481,49.01593165506331
2/17/23,1194063,219.39,219.98,221.24,216.5,37.389175958661966,96.09000000000003,34.940000000000026,20.67999999999998,36.36174419814758,21.521490269538944,40.79561952548184,45.89345564449087
2/21/23,1277456,215.72,215.55,218.43,214.31,11.301303406269442,95.1,29.99000000000001,22.869999999999976,31.53522607781284,24.04837013669819,37.220710981544265,41.39362408413376
2/22/23,1464950,215.71,216.7,218.46,215.31,12.611890447561935,87.23999999999998,21.580000000000013,22.869999999999976,24.736359468133905,26.215038972948168,31.578947621801177,37.10728559401103
2/23/23,2070894,218.06,221.16,221.55,216.12,31.252385873765377,82.70999999999998,16.51000000000002,22.869999999999976,19.961310603312807,27.650828194897816,24.695305420049802,34.84194778175764
2/24/23,4971474,203.19,192.53,205.11,191.44,-162.969205,105.20999999999998,16.51000000000002,42.73999999999998,15.692424674460623,40.62351487501187,23.26855143352815,34.874230740295744
2/27/23,2251820,195,196.68,200,194.08,-158.1979567,105.95999999999998,16.51000000000002,38.67999999999998,15.581351453378653,36.50434126085314,23.766772009962278,34.04467413281854
2/28/23,1896134,195.11,198.69,201.67,195.11,-139.1648935,104.18999999999997,14.700000000000017,38.67999999999998,14.108839619925158,37.124484115558104,26.980927441291737,33.88827348338679
3/1/23,1300281,199.48,196.38,200.13,195.18,-136.1081459,104.12999999999997,12.76000000000002,38.67999999999998,12.253913377508905,37.14587534812253,33.134137491529565,35.177424236536915
3/2/23,1523395,195.69,201.13,201.97,195.53,-111.6070832,102.45999999999995,11.120000000000005,38.67999999999998,10.853015811048223,37.75131758735116,41.87400886302982,36.726478242415496
3/3/23,1790020,201.75,207.46,208.12,201.75,-68.92276867,104.44999999999996,17.27000000000001,35.75999999999999,16.534226902824333,34.23647678314984,44.99346324075796,34.844384330403884
3/6/23,1299111,208,208.33,211.12,206.97,-46.84941879,105.43999999999997,19.150000000000006,35.75999999999999,18.161987860394547,33.91502276176024,42.65670607182202,32.96262875267509
3/7/23,1209793,209,205.48,211.51,205.07,-56.31083481,104.62999999999997,15.780000000000001,37.66,15.081716524897262,35.99350091,42.78550491551895,33.27613846274061
3/8/23,1012349,205.84,204.51,207.58,203.07,-70.84633194,105.20999999999998,15.780000000000001,39.66,14.99857428001141,37.69603649843171,42.47723839331463,34.72908291730318
3/9/23,1439980,205.71,200.49,208.75,199.9,-78.46935021,105.95999999999998,15.780000000000001,38.620000000000005,14.89241223103058,36.44771611929031,41.076653664866505,37.105395578198035
3/10/23,1341669,201.11,194.02,201.37,193.12,-112.2404671,108.57999999999998,15.780000000000001,40.72,14.533063179222696,37.50230245,39.21002490795094,40.54201688549038
3/13/23,1905462,193.33,197.87,200.3,191.04,-101.0307602,112.17000000000002,15.780000000000001,40.610000000000014,14.067932602300079,36.203976107693684,40.73762049390743,42.865541867332695
3/14/23,1792456,200.07,199.22,202.5,196.35,-75.86856978,115.17000000000002,17.94999999999999,40.610000000000014,15.585655986802106,35.260918642007475,42.14526316237072,42.40098461709637
3/15/23,1857243,196.17,195.79,197.42,193.16,-92.63746659,115.80000000000001,14.859999999999985,43.80000000000001,12.832469775474944,37.8238342,43.543936153925976,43.16472053472246
3/16/23,1463042,196.18,200.59,202.15,195.23,-64.21034986,93.00000000000003,19.590000000000003,19.120000000000005,21.064516129032256,20.559139784946236,36.56736339977637,39.5223009
3/17/23,2216175,199.3,199.11,202.71,196.9,-58.83268398,91.34000000000003,20.150000000000006,19.120000000000005,22.060433544996712,20.93277862929713,30.006958934960135,35.54180629991332
3/20/23,1577406,200.31,200.42,202.89,198.24,-49.19108583,89.43000000000004,18.659999999999997,19.120000000000005,20.865481382086536,21.37985016213798,22.852956021024312,31.031490464487625
3/21/23,1785734,202,207.15,208.62,201.58,-9.617927999,92.68000000000006,24.390000000000015,19.120000000000005,26.316357358653427,20.630125161847207,17.532877391966117,29.135248942936773
3/22/23,1718944,206.44,198.38,207.28,198.34,-38.70560816,95.18000000000006,22.55000000000001,22.360000000000014,23.691952090775366,23.492330321496112,11.15416291991332,26.649713041142018
3/23/23,1549866,200.92,201.14,204.67,199.11,-32.10369007,94.48000000000005,16.400000000000006,22.360000000000014,17.35817104149026,23.666384419983068,5.494417130712905,24.51917664231944
3/24/23,1403772,201.07,200.22,202.97,198.16,-38.06872303,95.14000000000004,13.400000000000006,23.31000000000003,14.08450704225352,24.500735757830586,9.791285890802763,23.179324645289565
3/27/23,1580664,201.55,198.75,202.82,197.26,-42.83650593,94.26000000000005,13.400000000000006,22.31000000000003,14.215998302567364,23.668576278378975,13.512640355893547,21.759799645426842
3/28/23,1463052,196.75,197.27,197.82,195.13,-74.43253439,93.37000000000003,13.400000000000006,22.440000000000026,14.351504765984792,24.03341544393276,17.513580164056094,20.183268092540203
3/29/23,1206710,199.61,199.16,199.94,197.62,-42.92232398,87.19000000000003,15.52000000000001,19.27000000000004,17.80020644569332,22.10115838972363,17.29138038847999,17.41212889022305
3/30/23,1072943,201.07,201.61,202.82,200.12,5.876278932311098,82.60000000000002,18.400000000000006,12.490000000000038,22.27602905569007,15.121065375302702,20.409603213516878,15.78188307
3/31/23,1871244,202.78,208.16,208.38,202.01,120.11582123188569,80.10999999999999,23.960000000000008,10.410000000000025,29.908875296467375,12.994632380476878,24.41747641675178,14.955946773732341
4/3/23,1472599,205.09,207.58,207.86,204.34,115.84210314100324,77.77999999999997,21.76000000000002,10.410000000000025,27.976343533041945,13.383903317048121,25.798467898235156,17.79487689451896
4/4/23,1300693,209,203.32,210.89,202.13,83.89718071203755,80.47999999999996,24.789999999999992,7.220000000000027,30.80268389662028,8.971172962226678,30.788151737875797,22.150396046884673
4/5/23,1517958,201.62,197.55,202.37,195.93,-57.75012451,80.94999999999993,20.059999999999974,13.420000000000016,24.780728844966017,16.57813465101918,29.88973868388476,23.701659423970426
4/6/23,1174501,196.89,197.34,198.32,194.62,-95.42828527,78.83999999999992,19.49999999999997,14.730000000000018,24.733637747336367,18.683409436834136,30.41576954036454,23.853574964422265
4/10/23,1075124,195,198.14,198.53,193.29,-92.50644923,79.42999999999995,19.319999999999993,16.06000000000003,24.323303537706163,20.21906081,28.762742878228988,24.586173045872933
4/11/23,993206,197.39,197.78,198.73,195.7,-72.64964258,74.25999999999993,13.789999999999964,16.06000000000003,18.56988957716129,21.626716940479458,23.459538530105593,23.938507473428686
4/12/23,1818765,200.82,193.16,201.18,192.76,-103.9491164,73.73999999999995,13.789999999999964,15.76000000000002,18.700840791971757,21.37238947653923,18.69042997486093,22.244448936548043
4/13/23,1685539,194.88,196.31,196.93,194.14,-97.11625896,71.21999999999997,13.789999999999964,15.76000000000002,19.362538612749184,22.128615557427725,10.653358226449031,20.720754982162415
4/14/23,1478810,195.96,194.66,199.39,192.88,-95.88406373,72.91999999999996,16.249999999999943,14.810000000000002,22.284695556774484,20.30992868897423,8.120600236684474,19.00516946028462
4/17/23,1343555,196.64,197.09,200.08,195.35,-47.58593712,72.77999999999997,16.93999999999997,13.909999999999997,23.275625171750445,19.112393514701843,7.4350291333985306,18.925399336881537
4/18/23,1013252,199.8,197.45,200.82,196.35,-32.98729002,73.62999999999997,17.67999999999995,11.780000000000001,24.01195165014255,15.998913486350679,9.237180821513382,18.999961849871184
4/19/23,932199,195.55,196.56,196.94,193.67,-94.64398236,74.73999999999998,15.559999999999945,14.460000000000008,20.81883864062075,19.347069842119364,8.580436443765512,16.019987486935552
4/20/23,1194141,194.51,194.64,196.84,193.74,-101.4968569,74.17999999999998,12.67999999999995,14.460000000000008,17.09355621461304,19.493124831490984,8.562422852,13.626426413276214
4/21/23,891677,194.41,194.09,195.16,192.27,-126.9147059,70.29999999999998,7.119999999999948,15.930000000000007,10.128022759601635,22.66002844950215,13.821521429662118,12.237439828055575
4/24/23,999946,193.81,195.84,196.23,192.62,-93.57893263,70.08999999999997,8.19,15.930000000000007,11.684976458838555,22.72792124411473,18.397082132266377,13.258841184475425
4/25/23,1115003,193.82,190.21,194.15,190.13,-151.8876609,67.03999999999999,5.159999999999968,18.420000000000016,7.696897374701624,27.47613365155134,26.132478582572503,16.783753857985516
4/26/23,1062053,191.19,189.9,192.4,189.2,-155.8747528,62.85000000000002,5.159999999999968,13.150000000000034,8.210023866348395,20.92283214001596,30.067512111019393,19.652346466266387
4/27/23,1513156,192.35,190.11,192.62,188.38,-150.3458333,63.39000000000004,5.159999999999968,12.660000000000025,8.140085186937947,19.97160435399908,36.47139848381547,22.525917463790492
4/28/23,1138741,189.42,194.79,194.9,188.45,-96.57040779,64.60000000000005,7.439999999999969,11.330000000000013,11.517027863777033,17.538699690402485,38.83239437625059,23.697408613971046
5/1/23,917116,194.79,196.47,197.31,193.27,-32.81955453,65.61000000000004,9.649999999999977,11.330000000000013,14.70812376162166,17.26870903825637,33.79678907229755,23.809155250979835
5/2/23,1421668,196.56,192.42,197.03,191.78,-69.55703769,62.440000000000026,9.649999999999977,9.880000000000024,15.454836643177407,15.823190262652178,28.644809594367164,23.52094586331677
5/3/23,972483,193.58,193.7,197.45,193.38,-42.97820006,63.70000000000002,10.069999999999965,9.880000000000024,15.808477237048606,15.510204081632686,19.43119030441191,22.781834443492208
5/4/23,855873,194.57,193.03,195.38,191.77,-69.9043256,60.80000000000001,7.609999999999985,11.490000000000009,12.516447368421026,18.898026315789487,15.543986886067918,22.805749498543655
5/5/23,1281158,193.98,194.94,196.5,192.9,-37.46831534,58.97999999999999,8.039999999999964,11.490000000000009,13.631739572736462,19.48118006103766,11.473584966203617,23.972491725009544
5/8/23,1045616,193.47,191.99,194.7,189.54,-92.40502639,59.91,7.299999999999983,14.850000000000023,12.184944082790825,24.787180771156773,13.700454684904457,26.266424530577524
5/9/23,959660,191.53,192.73,194.52,190.95,-76.73084453,59.70000000000002,7.299999999999983,12.170000000000016,12.227805695142347,20.385259631490808,16.534657010955357,25.165723041626453
5/10/23,1437624,196.08,196.32,197.46,193.23,14.908406934901967,61.33000000000004,10.23999999999998,12.170000000000016,16.696559595630156,19.84346975379098,17.77374889650402,23.209279245435592
5/11/23,731421,196.12,193.1,196.82,192.29,-26.51893161,62.970000000000056,10.23999999999998,11.640000000000015,16.261711926314074,18.484992853739882,18.681441650631953,19.056315977521933
5/12/23,948824,193.64,194.45,194.9,192.67,-23.39802779,61.59000000000009,9.169999999999987,11.640000000000015,14.888780646208758,18.899171943497315,17.27396789782986,16.408977391948888
5/15/23,834985,193.73,196.91,197.01,191.26,22.401636919435013,61.63000000000008,11.279999999999973,9.150000000000006,18.302774622748593,14.846665584942388,16.06742019419526,13.77050258019944
5/16/23,1059901,196.18,193.25,197.42,193.19,7.644469588847626,62.66000000000005,11.68999999999997,8.219999999999999,18.656240025534565,13.118416852856674,13.291195051633066,13.495824868268762
5/17/23,1212761,195.06,198.46,199.09,193.14,108.60227632131966,64.37000000000006,13.359999999999985,7.400000000000006,20.75501009787164,11.496038527264252,13.907230986567754,15.220943998761555
5/18/23,1591411,198.5,204.84,205,198.42,306.4456722,64.50000000000006,16.98999999999998,7.400000000000006,26.341085271317777,11.472868217054263,19.025092071470397,18.399420483987207
5/19/23,1522381,204,200.89,204.25,199.25,221.49569335701437,66.05000000000007,14.579999999999984,7.400000000000006,22.07418622255862,11.20363361090083,23.40301250104486,21.042227075838404
5/22/23,1058828,201.48,203.49,204.23,199.62,211.6801607809365,65.41000000000005,14.579999999999984,5.909999999999997,22.29016969882277,9.035315700963142,28.47701749498358,22.87549269640672
5/23/23,1696295,199.27,196.64,201.83,196.51,89.21040237130312,67.36000000000007,14.159999999999997,9.02,21.02137767,13.390736342042757,30.435091467136235,23.251255830665748
5/24/23,1757073,193.94,196.75,198.02,192.5,19.43629301090879,69.27,14.159999999999997,11.420000000000016,20.441749675184028,16.486213367980366,29.315602371889153,21.30339871176111
5/25/23,2487101,197.84,197.56,199.51,195.67,69.39840129816056,69.51,14.529999999999973,11.420000000000016,20.903467127032012,16.429290749532438,26.528190682743354,20.217710834655556
5/26/23,2839338,200.77,198.9,202.5,193.19,79.00022358528466,73.42,17.519999999999982,8.060000000000002,23.86270770907104,10.977935167529271,26.13862802,22.58186004
5/30/23,1776300,202.2,195.04,202.88,192.98,41.672097197844934,79.75000000000009,17.899999999999977,8.060000000000002,22.44514106583067,10.106583072100305,27.01169607696906,25.207354289006958
5/31/23,3895651,195.46,199.39,200.86,194.82,72.61861811147418,81.06000000000009,14.95999999999998,8.060000000000002,18.455465087589396,9.943251912163822,24.955131432903304,26.716074463943443
6/1/23,1549153,199.21,203.3,205.39,197.05,146.13712819768168,84.87000000000006,19.489999999999952,7.1200000000000045,22.964533993165947,8.389301284,29.00713062834633,29.72111104774128
6/2/23,1385518,205.31,204.24,208.48,203,196.8851724852449,88.12000000000003,22.579999999999956,7.1200000000000045,25.624148887880104,8.079891057648663,35.897527078294516,32.606564725091836
6/5/23,1341524,203.93,208.43,208.91,202.72,199.41560638315357,88.56000000000003,20.899999999999977,7.1200000000000045,23.599819331526614,8.039747064,42.09662241,34.31240654740703
6/6/23,926759,209.24,208.01,209.92,207.18,199.1157383769544,87.07000000000002,21.49999999999997,7.1200000000000045,24.692775927414687,8.177328586195019,44.30705024638905,35.22283913181673
6/7/23,1329798,208.25,201.16,208.47,200.33,94.12252595877773,89.25999999999999,19.829999999999956,13.969999999999999,22.215998207483707,15.65090746134887,40.8791852,33.94544063614288
6/8/23,1043064,201.13,200.16,201.78,198.41,33.075364069525506,86.04999999999998,13.919999999999959,15.890000000000015,16.17664148750722,18.466008134805364,36.984949349080225,30.970040390991763
6/9/23,1348437,200.65,201.39,203.35,198.01,43.18063123521615,85.79999999999998,15.489999999999952,15.890000000000015,18.053613053613002,18.51981351981354,29.44968500029322,29.228407814319773
6/12/23,1511252,202.91,208.1,208.24,202.89,127.12123759593315,88.04000000000002,20.379999999999967,15.890000000000015,23.14856883234889,18.048614266242627,22.837269140565525,29.36739810943002
6/13/23,1799685,208.62,213.29,213.55,207.37,184.8290419077977,87.24000000000001,25.68999999999997,12.780000000000001,29.447501146263143,14.649243466299861,20.233845700527002,31.16523405629885
6/14/23,1933448,212.85,213.55,214.9,209.66,182.6309873742503,86.96000000000001,27.039999999999964,8.77,31.094756209751566,10.085096596136166,20.362959726184446,32.33500498628675
6/15/23,2128058,211.41,221.43,222.15,211.39,229.66502682522986,93.88000000000002,32.79999999999998,8.77,34.938219,9.341712824882837,27.10776507103421,33.99347513317545
6/16/23,3289117,223.64,213.5,223.64,212.36,177.87840915454268,95.85,31.299999999999955,8.77,32.65519040166923,9.149713093375077,35.377445539919535,36.18119744449988
6/20/23,1730962,211.63,211.99,214.03,209.27,107.1814342054739,90.70999999999998,30.91999999999996,11.860000000000014,34.08664976298089,13.074633447249495,42.59058427781425,36.02013463905374
6/21/23,1711811,210,207.98,212.12,207.69,69.6671291,89.09999999999997,30.91999999999996,13.440000000000026,34.70258137,15.08417508417512,47.09483300382626,34.966051072195896
6/22/23,1889658,207.05,206.7,207.85,205.04,32.02542598,83.69999999999999,26.389999999999986,16.090000000000032,31.52927120669055,19.22341696535249,45.54284754169509,32.88834662111105
6/23/23,1538921,202.86,202,203.19,200.25,-31.44388895,84.66999999999999,23.299999999999983,20.880000000000024,27.518601629857073,24.66044644,37.95256809330276,29.15776391
6/26/23,1286892,201.14,200.78,204.44,199.64,-37.44293686,83.28,24.119999999999976,20.880000000000024,28.962536023054728,25.072046109510115,29.51821639736818,28.312990734201193
6/27/23,1556773,201.76,206.85,207.25,201.05,7.402631449373354,87.01000000000002,25.919999999999987,20.880000000000024,29.78967934720145,23.99724169635676,21.94198761824447,28.65971658
6/28/23,1194450,206.15,206.3,208.36,203.91,20.548460133049865,83.32000000000005,27.03,14.03000000000003,32.44119059049446,16.838694191070598,19.793229991443223,31.191907134628735
6/29/23,1104264,207.02,206.18,210.5,205.36,33.738793058250224,85.09000000000003,29.169999999999987,12.110000000000014,34.281349159713216,14.231989658009178,20.113671679487727,33.604252341656995
6/30/23,2094783,207.42,204.61,207.76,203.75,3.3256261056033694,83.76000000000002,27.599999999999994,13.720000000000027,32.95128939828079,16.380133715377298,21.671134478069863,33.60699100988248
7/3/23,818809,203,203.7,205.19,202.11,-27.48928329,79.98999999999998,22.70999999999998,15.360000000000014,28.391048881110123,19.202400300037528,23.975959296852736,30.964263695077747
7/5/23,1688592,202.41,203.85,203.97,200.51,-46.29658794,77.26999999999998,17.399999999999977,16.960000000000036,22.51844182735859,21.94900996505764,22.98938576173437,26.253801079551273
7/6/23,1685677,200,201.05,201.19,197.52,-94.84932595,78.35999999999996,16.049999999999983,19.950000000000017,20.482388973966298,25.45941807044414,23.00006952241816,22.471028570331313
7/7/23,1176641,200.4,201.57,203.95,200.4,-67.3220988,71.14999999999992,11.559999999999974,19.950000000000017,16.24736472241741,28.039353478566465,22.160983499425168,20.977106745434195
7/10/23,1097568,201,207.33,208.07,201,-13.042552,66.93999999999994,14.189999999999998,19.950000000000017,21.198087839856605,29.80280848521069,18.085014393645523,19.099343036566623
7/11/23,1183468,207.59,212.05,212.66,206.88,72.87108603263636,67.95999999999995,18.78,16.860000000000014,27.63390229546794,24.808711006474436,13.384301771022615,17.52771812454624
7/12/23,1469792,216.67,215.32,218.02,214.92,149.7324478882008,69.49999999999994,24.140000000000015,15.280000000000001,34.73381294964034,21.985611510791387,13.91252843,18.944243865184017
7/13/23,1012037,217.98,216.59,218.84,216.52,146.83782522992774,70.07999999999996,24.960000000000008,12.629999999999995,35.616438356164416,18.02226027397261,19.165981457859548,21.077683609796956
7/14/23,1189546,215.95,214.14,216.07,210.5,84.21020031465692,69.71999999999997,24.960000000000008,13.860000000000014,35.800344234079205,19.879518072289184,22.12601065243277,22.563040087425463
7/17/23,1428654,213.49,213.73,216.12,212.7,84.15951477746181,68.33999999999997,23.76000000000002,13.860000000000014,34.767339771729624,20.28094820017562,22.07423093337948,22.117607216402323
7/18/23,1754827,212.57,217.24,217.92,212.41,97.61808639483226,67.37999999999997,22.75,13.860000000000014,33.763728109231245,20.569902048085517,23.309443941116132,20.697229167380826
7/19/23,1869362,217.97,219.07,222.63,216.84,133.53231335172657,68.71999999999994,26.349999999999994,13.860000000000014,38.34400465657744,20.16880093131552,27.588563858966054,20.486432814994334
7/20/23,1163264,217.14,210.97,218.53,210.66,49.660404863664965,71.98999999999995,24.210000000000008,20.04000000000002,33.62967078760943,27.837199611057137,25.41320190154387,19.662865167529585
7/21/23,4587883,213.11,209.9,214.91,209.25,23.420915260135388,73.63999999999996,24.210000000000008,19.840000000000003,32.87615426,26.941879413362326,21.599746551553732,20.38286400470664
7/24/23,1508113,210.82,210.53,212.2,207.58,8.725189485158014,75.17999999999995,24.210000000000008,19.870000000000005,32.20271348762972,26.429901569566397,18.475117639295476,20.300564145864122
7/25/23,850419,211,210.76,212.64,210.5,29.599339591851823,73.85999999999993,24.650000000000006,18.269999999999982,33.37395071757383,24.735987002437042,16.566630204492263,19.32043056893587
7/26/23,1094987,208.63,212.75,213.68,208.23,37.12731341116524,72.97999999999996,24.650000000000006,17.55000000000001,33.77637708961362,24.04768429706772,15.323573830854938,19.316508885985535
7/27/23,1901944,216,209.46,220.25,208.45,53.045216899816594,81.22999999999999,28.460000000000008,17.55000000000001,35.03631663,21.605318232180245,14.098625760192883,20.843594809579468
7/28/23,1480020,213.02,209.79,215.29,208.32,28.86884610990785,81.13,24.340000000000003,17.680000000000007,30.001232589670906,21.79218538148651,15.169603529724212,20.291402715634042
7/31/23,1302045,210.83,211.99,212.18,209.12,26.13708980454783,78.41,19.75,17.680000000000007,25.188113760999872,22.548144369340655,14.437899935505854,18.018823243529795
8/1/23,757473,211.17,212.45,213.25,209,29.275355801875648,76.69,15.45999999999998,17.680000000000007,20.159082018516077,23.053853175120626,13.913419655873108,16.19426864758429
8/2/23,1386731,209.45,206.78,209.83,203.68,-49.48319614,81.93999999999997,14.639999999999986,23,17.86673175494263,28.06931901391263,15.137677920513942,15.852154062503104
8/3/23,1427307,203.97,202.62,206.05,202.33,-96.92680481,80.29999999999995,14.639999999999986,18.329999999999984,18.23163138231631,22.826899128268984,14.19890261566263,14.761238223258784
8/4/23,1017645,204.91,201.57,204.91,200.54,-110.7992926,81.24999999999994,14.589999999999975,20.120000000000005,17.956923076923058,24.763076923076945,12.902197881747147,13.500411820970015
8/7/23,849294,202.52,203.72,204.32,201.54,-91.32701836,78.51999999999995,12.789999999999992,20.120000000000005,16.28884361,25.624044829342864,13.972742875032417,14.571173202378315
8/8/23,1227041,200.9,203.23,203.96,198.86,-102.9843117,77.82999999999996,8.079999999999984,22.799999999999983,10.381600925093137,29.29461647,20.995754627078966,17.71682728129241
8/9/23,1949501,203.7,204.77,206.72,203.25,-63.76190737,72.90999999999997,10.839999999999975,16.619999999999976,14.867645041832368,22.795226992182123,23.387412110841666,18.650415883357386
8/10/23,1660341,208.33,208.06,210.86,206.09,-19.18893333,73.33999999999997,14.97999999999999,15.20999999999998,20.42541587128442,20.739023725115878,19.812649980294502,17.475163950404223
8/11/23,1167942,205.75,207.96,209,205.6,-39.07905401,72.12,14.97999999999999,14.030000000000001,20.770937326677746,19.453688297282305,18.49310666864216,16.346004642152394
8/14/23,1096438,206.89,211.48,211.93,206.89,-2.076514422,75.02000000000004,17.47,14.030000000000001,23.28712343375099,18.701679552119426,17.657877810941375,15.28003784634426
8/15/23,1289758,209.91,209.53,211.79,208.81,-6.649026738,72.55000000000001,17.47,11.759999999999991,24.07994486560992,16.209510682288062,17.20152101220086,15.587131943616638
8/16/23,1517334,208.84,203.65,210.04,203.57,-80.86114379,67.22,10.900000000000006,17,16.21541207973818,25.290092234454033,12.900755262329298,16.948254944704132
8/17/23,1526134,203.96,198.7,204.1,198.46,-155.7034592,65.88999999999999,10.900000000000006,21.97999999999999,16.54272271968433,33.358628016390945,15.009005026492625,19.198208568667145
8/18/23,975740,196.5,199.68,200.53,195.29,-165.78868,68.07,10.900000000000006,25.150000000000006,16.012927868370802,36.94726017335097,21.470103536974175,20.641376758634337
8/21/23,951292,200.4,202.02,202.92,199.74,-106.0667756,67.05999999999997,12.219999999999999,25.150000000000006,18.22248732478378,37.503728004771865,26.690972475373098,22.59203957200763
8/22/23,1041486,202.34,200.58,202.81,200,-102.7847103,61.099999999999994,12.219999999999999,19.830000000000013,20.000000000000004,32.45499181669397,28.82822494959905,23.243051380270213
8/23/23,1697452,202.25,204.36,205.81,201.97,-53.58571068,61.879999999999995,15.219999999999999,18.480000000000018,24.595992243051068,29.86425339366519,27.18470260067161,22.193111806436235
8/24/23,2648308,215.5,208.6,216.75,208.14,67.81879289500023,69.89999999999998,26.159999999999997,16.689999999999998,37.42489270386267,23.87696709585122,27.224127729869764,20.06244149609953
8/25/23,1933948,209.85,215.92,216.8,209.49,115.68032422443824,75.32,26.210000000000008,16.689999999999998,34.798194370685096,22.15878916622411,25.30626862222964,20.157636824361134
8/28/23,1098101,217.23,217.09,218.41,216.08,156.12482306939444,72.71000000000001,27.819999999999993,14.01000000000002,38.26158712694263,19.26832622747905,24.220626972724542,22.84536525484936
8/29/23,1151892,217,219.4,219.57,215.7,156.2627965222026,73.09,26.22,14.01000000000002,35.87358051717061,19.16814885757288,23.512383344685563,25.10167791002933
8/30/23,1331254,219.4,221.55,223.45,218.48,179.11892029539078,71.97,25.95999999999998,14.01000000000002,36.07058496595801,19.46644435181328,24.537928894903853,26.683076922251452
8/31/23,1729194,221.74,221.94,224.26,220.89,174.54586993069165,71.94,26.769999999999982,13.52000000000001,37.21156519321654,18.793438976925227,28.406759202571852,27.79573090162173
9/1/23,1160668,224.07,220.02,224.13,218.45,142.66601300323367,72.57999999999998,23.839999999999975,15.960000000000008,32.846514191237226,21.989528795811534,28.02320002199373,27.623663875931747
9/5/23,1189803,218.09,219.46,220.79,216.59,110.06033552113107,73.79999999999998,23.839999999999975,17.819999999999993,32.30352303523032,24.14634146341463,26.73306166512468,26.01966514367716
9/6/23,1709732,219.08,222.2,222.69,218.15,120.6059629763868,71.86999999999998,25.73999999999998,12.579999999999984,35.81466536802559,17.503826353137594,26.954361185618144,25.587494079171343
9/7/23,1288221,221.14,221.01,221.62,218.18,103.45979437864008,70.24999999999997,25.73999999999998,7.469999999999999,36.640569395017785,10.633451957295376,31.064872089384906,27.288627717035233
9/8/23,1002278,220.56,219.19,221.92,217.86,88.53164310603589,69.06999999999994,25.73999999999998,4.619999999999976,37.26654119009701,6.688866367,37.676171143385595,31.107050019144722
9/11/23,838785,219.49,218.74,220.43,217.5,74.44864359007646,68.75999999999996,23.349999999999994,4.98,33.95869691681211,7.242582897033148,43.00222953444038,35.70449436850612
9/12/23,1574632,215.13,211.8,217.07,211.25,19.62334497619186,73.43999999999997,23.349999999999994,11.22999999999999,31.79466231,15.291394335511976,45.54392393278649,36.78356197739011
9/13/23,1095003,212.2,212.26,213.83,210.57,5.391428516295708,71.47,20.349999999999994,11.909999999999997,28.473485378480476,16.66433468588218,47.495943633495955,37.11450264931032
9/14/23,1137169,213.34,216.67,217.2,211.6,31.08336121402876,64.68,12.779999999999973,11.909999999999997,19.758812615955428,18.413729128014833,42.359495940981404,34.65692856329977
9/15/23,1944419,216.67,213.35,217.36,212.81,21.149575063547584,61.03,12.889999999999986,11.909999999999997,21.120760281828588,19.514992626577087,33.84917306893548,32.457022579160196
9/18/23,880353,212.44,213.52,214.21,212.19,6.223192237823682,60.56,11.280000000000001,12.530000000000001,18.626155878467635,20.69022457067371,23.129952670734724,30.40306190706016
9/19/23,1145975,212.13,212.06,212.6,209.07,-18.88692427,61.140000000000015,10.120000000000005,15.650000000000006,16.552175335296045,25.596990513575403,15.899309041862494,29.450769288151438
9/20/23,1230385,213.12,207.73,213.43,207.61,-37.46353831,61.99000000000001,6.240000000000009,17.109999999999985,10.066139699951618,27.601226,17.8165259,31.680224917475797
9/21/23,1425177,206.78,204.06,207.11,203.2,-86.49862892,63.150000000000006,5.430000000000007,21.52000000000001,8.598574821852742,34.07759303,23.406646524612345,35.45129507905415
9/22/23,1122774,204.55,204.04,206.28,203.79,-86.34418358,59.96000000000001,5.430000000000007,19.080000000000013,9.056037358238836,31.82121414276186,32.10128996867987,37.230392954830634
9/25/23,1141960,203.01,205.67,205.7,202,-93.45843833,59.46000000000001,5.430000000000007,19.01000000000002,9.132189707366306,31.97107299024557,40.703462504448844,37.27631778669216
9/26/23,1544613,204.05,201.66,204.58,200.26,-124.140458,60.33000000000001,3.530000000000001,20.75000000000003,5.8511519973479205,34.39416542,51.64890834017794,37.38943050545633
9/27/23,1064977,202.06,202.28,203.64,200.09,-126.653068,59.860000000000014,3.530000000000001,20.920000000000016,5.897093217507518,34.94821249582361,59.92652225,37.91291564541385
9/28/23,1466278,202.28,207.89,208.57,201.95,-84.27995181,62.420000000000044,8.460000000000008,20.600000000000023,13.553348285805834,33.00224287087473,59.130384596821166,38.473455249493135
9/29/23,1073911,209.71,206.91,210.99,206.58,-63.92724178,63.900000000000034,10.880000000000024,20.24000000000001,17.026604068857615,31.67449139280125,54.1927124,38.79967946352957
10/2/23,855181,206.06,208.99,209.42,205.54,-62.94486155,60.29000000000002,10.880000000000024,15.03000000000003,18.04611046608064,24.929507380991915,47.580283634567024,39.84078680162345
10/3/23,1103078,207.89,203.28,209.05,201.21,-94.942253,64.87,10.880000000000024,18.680000000000007,16.772005549560692,28.79605364575305,42.717343860303714,41.71040318237628
10/4/23,892695,204.28,207.06,207.62,204.05,-69.31266329,63.610000000000014,7.510000000000048,18.680000000000007,11.806319761043934,29.366451815752246,38.005226584425685,44.82706746230181
10/5/23,958648,206.23,203.96,206.46,200.41,-91.15053695,65.71000000000001,7.350000000000023,22.32000000000002,11.18551209861516,33.96743265865168,34.56027003098127,47.243396139973235
10/6/23,1238096,202.08,210.04,211.28,201.33,-43.29378143,73.63999999999999,12.170000000000016,21.700000000000017,16.52634437805543,29.46768060836505,32.287162993716876,45.708773795269025
10/9/23,766007,208.1,210.56,211.05,206.61,-17.26615801,73.62999999999997,12.170000000000016,18.580000000000013,16.528588890397966,25.23427950563632,30.748564265827287,42.47063833413704
10/10/23,914161,211.15,212.47,214.91,210,26.325441704895383,72.71999999999997,16.03,17.120000000000033,22.04345434543455,23.542354235423595,28.627081366538878,38.10368250055295
10/11/23,965508,214.1,213.2,215.18,211.63,42.793819551305674,71.73999999999998,16.30000000000001,12.710000000000008,22.72093671591862,17.716754948424885,26.29175363592728,34.504548748115496
10/12/23,1207221,213.83,212.77,215,211.12,45.04048359209527,73.12999999999997,16.30000000000001,13.219999999999999,22.28907425133327,18.077396417338992,20.92237663173346,29.46380160807957
10/13/23,1313947,212.83,209.47,213.75,208.63,17.039679282805974,74.54999999999998,16.30000000000001,13.920000000000016,21.864520456069773,18.67203219315898,13.825805636914437,24.193037833947855
10/16/23,786398,211.02,211.78,213.97,210.1,47.11912114862427,73.63999999999999,16.52000000000001,12.180000000000007,22.433460076045645,16.539923954372636,11.656631775113823,21.97189738441535
10/17/23,1004247,209.32,213.99,215.44,208.23,66.01431759879185,77.30000000000001,16.52000000000001,13.880000000000024,21.37128072,17.956015523932756,9.629745453619025,20.189154859723157
10/18/23,1307659,211.35,209.64,212.09,209.07,26.123310374886117,75.60000000000002,11.590000000000003,13.880000000000024,15.330687830687832,18.359788359788386,10.580226337585666,19.603653852062273
10/19/23,1383567,210.33,206.07,210.93,205.2,-26.37557685,76.92000000000004,9.169999999999987,17.75000000000003,11.921476859074339,23.07592304,13.829754817372423,20.060754226649852
10/20/23,1060682,206.25,202.69,206.72,201.34,-95.41236701,78.42000000000004,9.169999999999987,20.569999999999993,11.69344554960467,26.230553430247358,18.47952284609956,19.70094973891651
10/23/23,1012616,201.62,199.72,203.17,198.82,-144.5773494,74.93000000000004,9.169999999999987,18.76000000000002,12.238088882957404,25.03670092085948,22.88956626481624,18.35768595086534
10/24/23,998821,201.82,205.04,205.71,201.47,-68.72462722,76.58000000000004,11.710000000000008,18.76000000000002,15.291198746408988,24.497257769652663,24.225493112762106,17.941062443937966
10/25/23,1155829,203.15,200.21,204.41,199.82,-111.8164416,75.15000000000003,11.710000000000008,16.77000000000001,15.582168995342654,22.31536926147705,25.739267013806863,17.684506233712945
10/26/23,1944204,201,196.12,202.42,192.92,-176.4355228,74.70000000000005,6.890000000000015,23.670000000000016,9.223560910307912,31.686746987951814,33.39216821297282,21.986197275279242
10/27/23,1157419,196.25,195.15,197.11,192.88,-190.1330353,74.49000000000007,6.890000000000015,23.710000000000008,9.249563699825492,31.829775808833386,37.24135259532735,25.535553706349887
10/30/23,1084430,196.08,197.79,198.67,194.62,-139.917397,73.63000000000005,4.590000000000003,23.710000000000008,6.233872063017792,32.20154828195028,42.11295675323137,30.296239799665464
10/31/23,1057757,198.29,197.63,198.63,195.32,-124.0122988,73.39000000000004,4.319999999999993,23.710000000000008,5.886360539583037,32.306853794794925,47.91963065,35.404598457650565
11/1/23,1066735,198.12,198.93,199.46,195.94,-104.2966924,73.03000000000006,5.150000000000006,23.200000000000017,7.051896480898264,31.76776667,54.67478366,39.45013838
11/2/23,1939964,199.51,199.24,200.28,192.01,-110.2333809,76.18000000000006,5.150000000000006,24.640000000000015,6.760304541874509,32.34444736,62.61774785648098,44.17850743514392
11/3/23,1354669,200.74,203.98,205.35,200.28,-26.18979495,77.79000000000005,10,24.640000000000015,12.855122766422411,31.675022496464837,60.51023160354379,46.95119991
11/6/23,1005558,203.17,201.99,203.33,199.84,-42.93506337,74.72000000000003,10,23.210000000000008,13.38329764453961,31.062633832976445,57.97854081822635,47.60994670677685
11/7/23,910266,204.02,205.31,206.75,202.79,2.4272436490154443,74.56,13.419999999999987,23.210000000000008,17.99892703862659,31.129291845493572,51.17268903004243,46.64282289
11/8/23,745318,206.16,206.93,207.92,205.36,25.70670602083693,71.43999999999997,14.589999999999975,19.340000000000003,20.42273236282192,27.07166853303473,41.97661029147843,44.948120470981664
11/9/23,844795,208.02,204.68,208.88,204.4,15.595869972800934,70.53999999999996,14.589999999999975,15.480000000000018,20.683300255174345,21.944995747093884,31.85849866207835,43.26664115860743
11/10/23,1014854,205.26,210.58,211.05,203.72,46.07662417460731,73.51999999999998,16.75999999999999,12.960000000000008,22.796517954298142,17.627856365614814,23.085392587268146,42.85157022187457
11/13/23,1055691,209.26,210.1,211.97,208.42,66.49703569883691,71.07999999999998,15.139999999999958,12.960000000000008,21.29994373,18.23297692740576,17.334513865886485,38.92237273471514
11/14/23,1155581,214.54,217.36,218.07,213.97,138.82356728393526,73.82999999999998,21.239999999999952,11.310000000000002,28.768793173506648,15.318976026005695,15.789470014696974,36.88400541646166
11/15/23,1031468,217.21,216.11,218.26,215.52,134.7894695726893,67.06999999999996,21.42999999999995,4.409999999999997,31.951692261815957,6.575219919487101,22.312827737745078,36.74275838389375
11/16/23,1130496,216.1,215.02,217.5,213.89,117.88501500808134,66.44999999999996,21.42999999999995,6.000000000000028,32.24981188863802,9.029345372460545,29.354972400415914,35.66579134594717
11/17/23,1131110,215.3,217.33,217.54,214.33,124.50027438863941,65.60999999999996,19.909999999999968,6.000000000000028,30.345983843926202,9.144947416552403,37.809318238085844,34.83390845
11/20/23,1522678,217.49,219.7,221.97,217.18,148.81373269131365,67.08999999999995,24.339999999999975,6.000000000000028,36.27962438515426,8.943210612609976,45.75302664465082,34.41920961595948
11/21/23,2109770,219,217.67,221.99,216.63,130.41504357526105,68.92999999999995,23.509999999999962,6.55,34.107065138546325,9.502393732772443,53.86344084985052,35.598977357868506
11/22/23,4288913,201.25,202.66,208.55,200.05,-24.98825493,78.27999999999992,23.509999999999962,19.200000000000017,30.033214103219198,24.527337761880478,50.46084102773725,33.12515552121711
11/24/23,912476,202.66,203.42,203.57,201.11,-33.72589396,74.62999999999991,18.43999999999997,19.200000000000017,24.70856224038589,25.72691946938234,39.81955028133637,31.06618900954072
11/27/23,1441400,202.21,202.26,203.02,200.85,-38.48200541,73.05999999999992,18.43999999999997,19.02000000000004,25.239529154119886,26.033397207774513,30.702223561157513,30.028597980786714
11/28/23,1573209,201.8,207.37,207.65,201.8,-0.304934595,74.14999999999992,19.649999999999977,19.02000000000004,26.50033715441672,25.650708024275197,22.02611261356257,29.917715425824206
11/29/23,2799538,210.03,213.85,217.39,210.03,81.44066554238252,81.55999999999992,28.21999999999997,19.02000000000004,34.60029426189308,23.320255026974078,15.197240619782797,30.475133632216806
11/30/23,3073674,215.22,218.43,218.78,212.7,100.64008961452909,83.15999999999994,29.609999999999985,19.02000000000004,35.606060606060616,22.871572871572933,9.423272071855708,31.643356460853113
12/1/23,1977263,218.27,224.93,225.26,217,139.4378884826541,84.08999999999992,33.91999999999996,19.02000000000004,40.337733380901405,22.61862290403146,12.432231468643257,31.446536248190256
12/4/23,1747101,222.94,221.31,224.28,217.96,116.19757558868592,87.51,32.99999999999997,19.02000000000004,37.70997600274255,21.734658896126223,16.57475655811056,28.197153419723463
12/5/23,1386581,220.01,220.45,220.84,216.79,91.51292108,84.05999999999992,26.899999999999977,20.190000000000055,32.00095170116584,24.01855817273385,18.69158849580211,24.696906028479813
12/6/23,1463005,221.71,219.55,221.97,218.58,90.29940119760495,84.70999999999992,27.839999999999975,20.190000000000055,32.865069059142954,23.834258056900097,21.07465105997723,21.55038184
12/7/23,1330421,220,223.84,224.46,219.05,103.92146464200073,86.51,30.329999999999984,18.56000000000003,35.059530690093645,21.454167148306613,21.841223007451067,18.519231813616933
12/8/23,1073730,222.07,224.01,225.31,221.9,108.10025059894903,86.70999999999992,31.139999999999986,18.56000000000003,35.91281282435707,21.40468227424755,22.430421368499527,15.926846720177618
12/11/23,1486994,224.51,226.09,228.28,224.51,124.98647414352372,86.18999999999994,29.67999999999998,18.56000000000003,34.43554936767606,21.533820628843305,21.581477989854832,17.006854729249046
12/12/23,1369313,224.83,227.94,228.95,224.25,124.05650564401012,85.52999999999992,30.349999999999966,18.01000000000002,35.48462527768034,21.056939085700964,21.3552575,18.96500702720798
12/13/23,2051452,228.99,234.91,235,227.9,167.19627856821273,75.00999999999993,36.39999999999998,1.4300000000000352,48.52686308492202,1.9064124783362706,34.38701628142526,26.539302388613685
12/14/23,3303631,235.36,240.81,242.64,235.26,213.67326097186165,80.27999999999994,44.039999999999964,1.4300000000000352,54.85799701046337,1.7812655705032838,47.35078182620771,34.21271644309247
12/15/23,3179508,241.35,242.29,243.17,238.89,202.5942494137994,81.98999999999995,44.569999999999965,1.170000000000016,54.36028783998047,1.4270032930845427,59.152394297013835,40.49680865223245
12/18/23,1764866,240.79,239.14,242.47,236.35,166.62130938468897,82.25999999999996,39.93999999999997,3.710000000000008,48.55336737,4.510089958667651,68.76727333834853,45.59884735342403
12/19/23,1528715,239.65,238.16,240.8,237.75,145.54969417620364,75.28999999999999,30.19999999999999,3.710000000000008,40.11156860140788,4.927613228848464,77.94512991867963,49.76330395426723
12/20/23,1353566,237.33,236.71,241.56,235.72,124.22997709582829,75.04999999999998,28.809999999999974,5.740000000000009,38.387741505662866,7.648234510326463,84.82110273391767,53.088180115111534
12/21/23,1024336,240.65,241.89,242.65,239.06,131.61876565007154,72.72999999999999,23.419999999999987,5.740000000000009,32.20129245153306,7.892204042348426,79.51962587204882,56.95332107673704
12/22/23,719925,243.74,242.76,244.03,240.31,123.83234818877015,69.47999999999999,24.799999999999983,5.740000000000009,35.69372481289577,8.261370178468638,74.30292847298027,60.82685514959399
12/26/23,595012,242.49,245.07,245.36,241.96,120.62335404361941,68.35999999999999,26.129999999999995,4.569999999999993,38.22410766530135,6.685196021064942,70.19357603150279,64.67298516425831
12/27/23,771953,245.36,245.11,245.88,244.38,114.02542532288085,66.47,25.519999999999982,4.569999999999993,38.393260117346145,6.875282082142309,67.96412844451957,68.36570089143405
12/28/23,537238,245.63,244.91,245.85,244.02,102.34061358401578,62.889999999999986,23.029999999999973,4.929999999999978,36.619494355223374,7.839084115121608,65.73359296018681,71.83936143943322
12/29/23,721532,243.72,243.48,245.4,242.79,88.12364877435391,62.09,22.17999999999998,6.159999999999997,35.72233854082779,9.921082299887255,64.02610675025103,74.42360474208435
1/2/24,1443500,240.79,234.12,241.2,232.22,39.779005524861915,69.07999999999998,19.20999999999998,16.72999999999999,27.808338158656607,24.21829762594093,55.07100477798053,67.29531532501467
1/3/24,1278943,231.71,227.19,231.71,227.04,-7.599872164,71.46000000000001,18.539999999999992,21.909999999999997,25.944584382871522,30.660509375874604,46.05789128102733,60.18040988
1/4/24,1552829,227.19,228.92,229.57,225.45,-19.8196293,68.48000000000002,12.48999999999998,23.5,18.23890186915885,34.31658878504672,39.45186095350543,54.82271849250411
1/5/24,1138296,228.77,229.52,231.86,228.41,-14.21842544,64.20000000000005,7.140000000000015,23.5,11.121495327102819,36.60436137071648,36.746826940372195,52.35547769244589
1/8/24,1447519,231,235.45,235.95,230.78,12.184079395972486,66.35000000000002,10.699999999999989,23.5,16.126601356443082,35.418236623963814,32.19542101,48.96450698279881
1/9/24,878484,233.5,235.96,236.68,232.63,15.949589186648087,64.28000000000003,11.430000000000007,20.960000000000008,17.781580584940887,32.60734287492222,27.67788525895912,45.85199600460508
1/10/24,964952,236.19,238.82,239.18,235.77,37.416595701304374,64.64000000000001,13.930000000000007,20.960000000000008,21.550123762376245,32.425742574257434,29.885993642521868,42.47849921
1/11/24,1035448,239.53,240.65,241.02,237.34,49.70476821441664,62.48000000000002,15.77000000000001,18.930000000000007,25.240076824583873,30.297695262483998,30.01521948674078,38.03655538388406
1/12/24,1012639,242.47,242.44,243.34,239.83,67.51877964283625,60.05000000000001,17,18.930000000000007,28.30974188176519,31.523730224812663,25.811840276535055,32.63185061502024
1/16/24,1364804,240.28,241.5,242.68,240.13,59.13537736570204,58.880000000000024,15.620000000000005,18.930000000000007,26.52853260869565,32.15013586956522,18.509517360616236,27.628172150494215
1/17/24,1330398,239.66,238.47,240.44,235.96,17.834895683471398,61.02000000000001,14.289999999999992,23.099999999999994,23.41855129465747,37.85644051130775,16.19877557196732,24.197098288689062
1/18/24,1042706,238.35,241.18,241.94,237.85,40.081629182433275,63.610000000000014,15.27000000000001,23.099999999999994,24.005659487501973,36.31504480427604,14.696093291257474,21.186989275108296
1/19/24,1205727,242.37,248.64,249.05,241.73,126.33449024258461,69.65000000000003,22.380000000000024,22.74000000000001,32.132089016511145,32.648959081119884,11.470898708079131,20.67844618
1/22/24,1441025,250,250.79,252.81,249.81,189.80897931703814,71.21000000000004,26.140000000000015,21.50999999999999,36.708327482095214,30.20643168094366,11.572574693616495,20.79389709017864
1/23/24,1030074,251.18,252.78,253.24,249.31,181.23812617507835,63.88000000000005,26.140000000000015,11.439999999999998,40.92047589229805,17.90857858484657,17.196740619308944,21.50429045
1/24/24,1174455,255,252.66,256.48,252.5,184.19265860386187,60.78000000000006,29.380000000000024,6.259999999999991,48.338269167489294,10.299440605462298,26.411842812381877,22.460680086499057
1/25/24,1116062,255.62,251.75,255.8,250.53,148.57138220090755,61.930000000000064,29.380000000000024,6.639999999999986,47.440658808331975,10.721782657839464,33.00670009675388,24.602737834360603
1/26/24,940236,252.4,253.07,254.29,250.86,133.1623423549432,61.910000000000025,27.090000000000003,6.639999999999986,43.75706670973994,10.72524632531091,39.71035892572743,27.20322610849245
1/29/24,937343,253.05,257.23,257.63,252.69,149.64773966283647,60.420000000000044,26.340000000000032,6.639999999999986,43.594836146971225,10.989738497186332,49.532908805517046,30.50190375679809
1/30/24,1204411,255.63,256.47,257.56,255.04,137.90261358848858,58.89000000000004,25.610000000000014,6.639999999999986,43.48785871964679,11.275258957378131,57.71707901735997,34.64482685548823
1/31/24,2017382,255.02,253.81,256.93,251.73,104.43578804179795,60.680000000000064,23.110000000000014,9.949999999999989,38.085036255767946,16.397495056031605,57.83205588837286,37.51439825
2/1/24,1214059,253.48,255.07,255.77,251.37,94.58537062921879,61.40000000000006,21.27000000000001,10.309999999999974,34.64169381,16.791530944625347,52.80448560149642,39.60816420693915
2/2/24,1592890,254.5,256.45,259.25,254.05,106.38359090129407,63.09000000000006,22.430000000000007,10.309999999999974,35.552385481058785,16.341734030749663,48.45237618831152,40.729538142532704
2/5/24,1336118,255.84,252.81,256.42,251.74,75.09726180808775,65.25000000000003,22.430000000000007,12.619999999999976,34.37547892720306,19.340996168582333,43.012387376146336,41.361373150936885
2/6/24,865174,254.07,253.98,254.91,252.7,70.93437582717405,61.920000000000044,22.430000000000007,8.449999999999989,36.22416020671834,13.646640826873357,40.60219556051724,45.06755218301714
2/7/24,1125207,256.81,258.43,261,255.19,96.14723182,64.85000000000005,27.02000000000001,8.449999999999989,41.66538164996143,13.030069390902053,39.52426166580401,48.62067034158199
2/8/24,771127,258.08,261.51,262.92,258.02,107.73759896877334,61.88000000000008,21.830000000000013,8.449999999999989,35.277957336780844,13.655462184873914,40.254456662398276,49.043256275385566
2/9/24,1828625,262.85,266.68,269.53,262.85,140.64317204446434,65.73000000000005,24.67999999999998,8.449999999999989,37.547542978852825,12.855621481819538,42.63501033874736,47.71974797012189
2/12/24,1055527,265.91,262.04,267.31,261.51,115.68640539080084,67.60000000000005,24.67999999999998,9.29,36.50887573964491,13.742603550295877,44.01596759216489,46.23417189
2/13/24,1341584,254.14,256.76,258.73,252.75,51.77697443189928,72.91000000000005,21.43999999999997,18.05000000000001,29.406117130709028,24.756549170209844,40.781944930186114,41.897166153166225
2/14/24,925541,259.41,262.17,263.03,259.13,97.81636998194928,73.91000000000003,25.739999999999924,16.080000000000013,34.826139899878115,21.756189960763102,37.08644075859453,38.84431815955588
2/15/24,724512,264.74,261.25,264.94,259.59,100.82895639578204,75.83000000000007,27.64999999999995,16.080000000000013,36.46314123697735,21.20532770671238,32.770391962955664,36.14732681437984
2/16/24,1369454,261,258.3,261.44,257.2,67.01001996266535,75.13000000000008,24.309999999999945,18.47,32.35724743777442,24.58405431,27.681001351944463,33.96772900717137
2/20/24,1277518,256.33,255.26,256.7,251.66,10.412757494760163,79.25000000000009,24.309999999999945,24.00999999999999,30.67507886435321,30.296529968454216,19.61967286073082,31.12734159973909
2/21/24,742306,252,252.52,252.68,249.13,-37.45093262,80.18000000000006,24.309999999999945,23.22999999999999,30.319281616363092,28.97231229733097,12.447521283991271,28.23174443807808
2/22/24,1077877,258.65,256.98,260.33,255.77,44.944146148543695,83.59000000000003,31.959999999999923,22.870000000000005,38.23423854528043,27.35973202536188,13.77986522587993,27.280905078033022
2/23/24,821491,259.25,257.2,260,256.85,43.32718327183219,81.54000000000002,28.479999999999933,22.870000000000005,34.92764287466265,28.047584007848908,11.750870000364365,24.418655379479446
2/26/24,987824,257.84,257.35,259.14,256.14,27.607580145303892,79.83000000000004,28.479999999999933,21.27000000000004,35.67581109858439,26.644118752348774,9.756645504916612,21.263518733936138
2/27/24,951007,258.5,256.95,258.6,255.96,13.313786913824183,80.26000000000005,28.479999999999933,21.450000000000017,35.48467480687754,26.72564166459009,9.828057621508943,18.754529486726703
2/28/24,1702995,254.8,255.25,258.84,254.66,-11.76381939,77.42000000000002,22.38999999999993,22.75000000000003,28.92017566520269,29.38517179023511,9.857500605367894,14.738586733049356
2/29/24,3331660,256.35,258.17,258.99,255,10.086625462344262,76.50999999999999,20.619999999999948,22.75000000000003,26.950725395373087,29.73467520585548,10.297410242037627,11.37246576301445
3/1/24,3854244,275,264.74,279.53,258.6,220.96245124604508,89.84999999999997,34.549999999999955,22.75000000000003,38.452977184195845,25.31997774067895,10.966552379716978,12.373208802798455
3/4/24,1945028,263.01,260.7,263.85,259.66,77.23091184430032,89.12999999999994,34.549999999999955,21.409999999999997,38.76360372489619,24.021092785818478,13.059224639009166,12.405047319686766
3/5/24,1850322,257.35,247.29,257.51,246.17,-157.0801448,94.36999999999992,34.549999999999955,26.140000000000043,36.61121119,27.699480767193037,12.95336552523853,11.355005515077572
3/6/24,1008050,248.15,251.1,252.23,248.15,-141.4516308,93.03999999999994,30.25,26.140000000000043,32.51289767841791,28.095442820292416,11.821501314942163,10.824779468225554
3/7/24,1381047,252.89,253.84,256.09,250.89,-74.62443401,92.89,32.19999999999996,26.140000000000043,34.66465712132629,28.140811712778635,13.419812226380694,11.638656415874294
3/8/24,881719,253.77,251.86,256.03,251.69,-81.15158717,92.98999999999987,32.19999999999996,23.750000000000057,34.62737929,25.540380686095375,15.118402454804249,12.707906348420938
3/11/24,1469357,252.31,258.26,259.11,251.38,-24.28737298,94.07999999999987,35.28,18.210000000000065,37.50000000000005,19.35586734693887,17.00492558368906,13.985738981703019
3/12/24,1437911,258.85,262.78,264.09,258.39,77.28499525858905,93.77999999999986,40.25999999999996,15.680000000000064,42.93026231605889,16.719982938793013,20.41473854149493,16.73698159025205
3/13/24,1134330,262.91,258.7,264.08,258.51,47.65249182,91.53999999999988,32.609999999999985,15.680000000000064,35.62377102905837,17.129123880271013,23.948357008392076,18.450861266815302
3/14/24,1227778,258.56,258.53,259.47,254.38,-12.23786617,93.47999999999993,32.609999999999985,19.81000000000006,34.88446727,21.191698759092933,26.803296120524177,19.31239871773317
3/15/24,3010936,256.66,254.24,258.04,253.13,-54.58054538,95.87999999999991,32.609999999999985,20.350000000000023,34.01126408010014,21.224447225698835,28.930323208667073,21.175067717523884
3/18/24,906396,256.18,255.18,259.48,254.9,-25.31440162,98.48,34.04999999999998,20.170000000000044,34.57554833468726,20.481316003249457,30.679763122204605,22.899082788504426
3/19/24,857664,253.05,256.19,257.24,251.37,-52.89751561,100.16999999999993,34.04999999999998,22.400000000000034,33.99221323749626,22.361984626135623,28.80063403820242,22.90277981094574
3/20/24,1260051,257.35,262.43,262.83,256.73,77.66383009673523,102.81999999999991,39.489999999999924,22.400000000000034,38.406924722816534,21.785644816183677,26.079562736727393,23.24715063911116
3/21/24,1693437,265,265.75,268.9,263.9,175.70343360680656,87.92999999999992,25.019999999999953,22.400000000000034,28.45445240532239,25.47480951,21.15724214778594,22.552799578089008
3/22/24,893034,265.11,262.86,267.04,262.73,128.01180914272464,87.15999999999994,25.019999999999953,23.569999999999993,28.705828361633746,27.042221202386425,17.584907499565347,22.194101810044764
3/25/24,1076582,260.59,261.57,262.82,258.33,64.39317953861654,77.15999999999997,25.019999999999953,14.47999999999999,32.42612752721613,18.76620010368066,18.173907078899166,23.55211514378312
3/26/24,939860,262.02,261.67,264.63,261.51,90.93961814785298,75.33999999999997,26.829999999999956,14.47999999999999,35.611892752853684,19.21953809397398,18.88999027373231,24.784876697968457
3/27/24,992342,260.59,260.97,262.3,258.03,45.072770296368475,74.41000000000003,22.96999999999997,17.960000000000008,30.869506786722166,24.136540787528563,17.4904366,23.14553531848691
3/28/24,896092,261.31,260.42,262.95,259.74,50.735982621072225,73.28000000000003,23.619999999999948,17.960000000000008,32.23253275109162,24.508733624454152,15.156904228076328,20.618233482401862
4/1/24,791578,259.9,259.44,260.75,256.39,7.486973901590441,69.91000000000003,20.539999999999907,21.31000000000003,29.380632241453156,30.482048347875875,14.542705815389992,17.849973981587965
4/2/24,1692080,249.55,248.71,252.76,247.19,-154.2899314,76.33000000000004,15.559999999999945,30.51000000000002,20.38516965806359,39.97117778068912,19.4537834,18.519345449636674
4/3/24,1326077,247.59,246.38,250.85,245.5,-166.9785284,76.11000000000004,15.559999999999945,32.20000000000002,20.444094074365967,42.30718696623308,20.813337852704386,19.493622465801778
4/4/24,1437758,248.54,244.81,252.68,243.73,-154.9537006,79.97000000000003,17.389999999999958,28.07000000000002,21.74565462048262,35.100662748530716,19.746216492275334,19.318103383003823
4/5/24,1330014,246,244.74,248.28,244.07,-154.3346547,78.78000000000006,17.389999999999958,26.82000000000002,22.074130489972006,34.04417364813405,21.26115072171608,19.37579366024374
4/8/24,1273523,244.76,245.89,247.15,244.39,-135.2126799,76.30000000000007,15.94999999999996,26.82000000000002,20.90432503276533,35.15072083879423,23.228266873229444,19.192585550652886
4/9/24,840676,246.86,247.93,248.45,244.6,-110.7150307,74.28000000000006,17.249999999999943,23.29000000000002,23.22294022617115,31.35433494884222,25.404760356171874,19.973733085780932
4/10/24,1285050,243.59,239.01,244.2,238.1,-170.9814777,77.47000000000008,11.659999999999968,29.79000000000002,15.05098747902408,38.453594939976746,27.28623143796563,23.370007418836813
4/11/24,1171342,239.06,241.06,242.56,237.54,-154.9679653,76.02000000000012,5.589999999999975,30.350000000000023,7.353328071560071,39.923704288345135,32.96151939695926,26.887428624831823
4/12/24,1617057,236.58,236.98,238,234.05,-175.2021632,78.72000000000011,5.589999999999975,32.670000000000044,7.101117886,41.50152439,40.84246948361099,30.29434298794316
4/15/24,1385762,239.95,229.62,239.95,228.91,-177.7661626,85.23000000000008,5.589999999999975,33.410000000000025,6.558723454182764,39.19981227267394,49.17635573357958,35.21875322764783
4/16/24,2120161,230.4,228.24,230.43,227.57,-179.6518993,84.97000000000008,3.7799999999999727,34.75000000000003,4.448628927856854,40.89678710132987,58.337008232111934,40.78263755267069
4/17/24,6357444,212.77,214.92,219.5,207.43,-240.4403913,101.51000000000005,3.7799999999999727,51.41,3.723771057038687,50.64525662496303,70.23750839243174,47.821134374301806
4/18/24,4609060,214.56,210.63,214.76,206.23,-223.8500476,106.99000000000007,3.1299999999999955,52.610000000000014,2.925507056734268,49.17281989,77.74248186842868,52.514356653197154
4/19/24,3157485,211.55,216.5,216.84,210.2,-175.7037418,109.27000000000007,5.210000000000008,49.25999999999999,4.768005857051345,45.08099204,79.73874936945548,56.35013438320737
4/22/24,1776476,218.7,217.13,219.27,214.33,-142.0895803,101.96000000000006,7.640000000000015,40.06,7.493134562573568,39.289917614750856,79.27001198359687,60.05624073360393
4/23/24,1504576,217.13,217.93,219.35,217.13,-119.8784125,98.83000000000007,7.719999999999999,38.370000000000005,7.811393301629053,38.82424365071332,78.46451066974231,63.82043320166095
4/24/24,2628238,217.35,215,218.62,214.15,-116.1670838,94.35000000000005,5.889999999999986,41.349999999999994,6.2427133015368135,43.826179120296736,77.57860733494608,67.95780778
4/25/24,2211585,214.33,216.4,216.8,213.54,-106.3779282,93.40000000000006,5.889999999999986,41.96000000000001,6.306209850107048,44.92505353319056,75.75852965642328,72.99801902
4/26/24,1277888,215.77,217.93,219.36,215.5,-89.10779937,94.50000000000006,8.449999999999989,41.96000000000001,8.941798941798924,44.402116402116384,72.04279962,74.89264074593319
4/29/24,1437021,218.38,216.78,219.09,214.49,-84.77066832,95.25000000000006,7.150000000000006,42.97,7.506561679790027,45.112860892388426,70.47584493619128,75.10729715282338
4/30/24,1427716,216.45,212.85,217.64,212.75,-87.10264346,90.31000000000003,7.150000000000006,38.21000000000001,7.917174177831916,42.30982172516886,70.56050657,74.91525927528568
5/1/24,1687750,211,210.71,216,209.08,-90.04726138,92.21000000000001,7.150000000000006,41.31999999999999,7.754039692,44.81075805227197,71.22665478727747,74.84558273
5/2/24,1589246,211.85,209.95,212.4,208.8,-89.70356135,88.80000000000001,7.150000000000006,38.110000000000014,8.051801801801806,42.91666666666668,70.11686594097294,73.84773663795951
5/3/24,1197081,214.37,215.19,217.35,214.14,-62.89554652,85.16000000000003,12.099999999999994,32.97,14.208548614372935,38.71535932,65.27092367553762,70.51472666598045
5/6/24,1343774,215.52,216.7,217.2,214.49,-56.02830357,85.00999999999999,12.099999999999994,31.629999999999995,14.233619574167742,37.20738736619221,61.635175411803324,66.83898751762051
5/7/24,1860058,216.38,214.62,216.74,213.45,-57.52210672,67.49000000000001,12.099999999999994,12.53000000000003,17.92858201214994,18.565713439028045,50.014735870140875,60.24529040316608
5/8/24,1189663,213.75,213.95,214.68,213,-59.22102154,60.48000000000002,12.099999999999994,11.780000000000001,20.006613756613742,19.47751322751322,38.825670318987115,54.69308844298081
5/9/24,1487020,214.8,218.63,218.73,213.66,-39.12289236,58.91,14.069999999999965,11.780000000000001,23.883890680699313,19.996604990663727,28.552601319265502,49.88962805327149
5/10/24,1032861,219.43,217.77,220.73,216.61,-27.53794804,58.089999999999975,13.639999999999958,11.780000000000001,23.480805646410683,20.278877603718378,18.371318110056897,44.24409202551492
5/13/24,1465619,219.79,216.65,219.98,216.13,-28.92755007,59.71999999999997,13.559999999999974,12.26000000000002,22.705961152042832,20.529135967850006,11.49283645736651,38.38188006645206
5/14/24,1883340,215.76,215.83,217.06,214.74,-38.48506117,57.569999999999965,13.559999999999974,10.670000000000016,23.553934340802467,18.533958659023835,6.037327554560309,33.83625148318182
5/15/24,1251171,219.13,220.24,221.65,217.72,4.869901547116807,60.12999999999994,18.149999999999977,10.060000000000002,30.184600033261262,16.73041742890406,10.525983459663472,30.270359664902173
5/16/24,1405406,219.95,220.43,221.26,218.43,18.46439896001278,59.09999999999991,15.589999999999975,10.060000000000002,26.37901861252115,17.021996615905277,13.895886908029397,26.360778613508256
5/17/24,1568015,220.89,221.21,221.31,219.21,45.23301307489144,56.59999999999991,15.639999999999986,9.050000000000011,27.63250883392228,15.989399293286265,16.867914779620364,22.710258049442935
5/20/24,1046066,221.4,221.4,221.98,219.84,78.24246449849024,53.84999999999991,16.309999999999974,7.310000000000002,30.287836583101207,13.574744661095663,21.998952965531448,20.185135537794174
5/21/24,898270,219.35,220.28,220.6,218,72.13867598072466,50.32999999999993,16.309999999999974,5.480000000000018,32.40611961057023,10.888138287303846,29.443426519929005,20.468131488647757
5/22/24,1214293,220.51,219.96,221.83,219.46,113.96448615327877,49.09999999999994,17.539999999999992,5.200000000000017,35.72301425661917,10.590631364562165,36.499801267308065,21.268564410934186
5/23/24,1759341,221.07,215.16,221.2,214.52,11.85058494741169,48.37999999999991,12.590000000000003,10.140000000000015,26.02315006200915,20.959073997519706,33.51662338666627,22.02130342316487
5/24/24,1496728,212.3,214.89,216.52,209,-100.9815802,53.18999999999994,12.590000000000003,15.660000000000025,23.669862756157208,29.441624365482312,31.734590461022126,22.81523868452576
5/28/24,1845428,213.63,210.45,213.63,209.75,-156.2648479,55.03999999999991,12.590000000000003,14.620000000000005,22.87427326,26.562500000000053,28.529511204816302,22.698712992218333
5/29/24,2968993,207.66,208.51,210.12,206.72,-203.4554482,57.08999999999989,12.590000000000003,17.200000000000017,22.05289893,30.127868278157386,24.758126091770322,23.378539528650883
5/30/24,4026509,207.1,199.93,207.1,199.55,-293.220023,60.979999999999876,8.54,24.370000000000005,14.004591669399865,39.96392259757307,24.49132328585527,26.96737490289214
5/31/24,4174758,199.17,201.6,201.82,195.32,-270.6539614,63.36,6.5400000000000205,28.600000000000023,10.321969696969745,45.13888889,25.909965006613074,31.204883136960568
6/3/24,8148968,219.59,210.82,222.21,208.34,-19.576646,80.11999999999992,26.930000000000035,28.120000000000005,33.61208188,35.09735396904647,24.47379244874297,28.99520791770462
6/4/24,3179068,211,212,214.07,208.84,-52.2798784,83.02999999999992,26.930000000000035,26.730000000000018,32.434059978321166,32.193183186800006,22.72470252716748,27.22964649
6/5/24,2465964,213.69,216.28,218.27,212.98,20.644945731755715,83.47999999999993,26.54000000000005,26.730000000000018,31.792045999041772,32.019645424053714,21.540732707806686,25.035121956311492
6/6/24,2064754,216.99,215.87,219.38,215.11,34.90158877530057,84.91999999999993,27.650000000000034,26.730000000000018,32.56005652378716,31.476683937823882,19.24353384903874,22.00082997040453
6/7/24,2411227,215.94,216.05,216.72,215.09,18.56787790861143,84.44999999999993,27.600000000000023,26.75000000000003,32.682060390763816,31.67554766133813,11.487376557601246,17.98934992172826
6/10/24,1901681,213.69,218.2,218.64,213.69,31.291123982140746,87.25999999999993,28.850000000000023,26.75000000000003,33.06211322484534,30.655512262204958,1.6539626967718792,13.781963851692478
6/11/24,3714933,211,211.5,215.29,205.86,-71.37745666,96.2,28.850000000000023,32.74000000000001,29.989604989605045,34.033264033264075,2.346344225969609,13.41006833735629
6/12/24,4046789,219.44,223.02,223.29,214.51,87.28983959364332,105.61999999999989,35.620000000000005,32.74000000000001,33.72467335731873,30.99791706,2.986389716794124,12.855546121980803
6/13/24,2520181,221.79,223.1,224.53,221.04,120.40927896333784,102.42999999999992,36.860000000000014,27.80000000000001,35.98555110807385,27.140486185687816,5.262236423329131,13.401484565567909
6/14/24,2562973,224.39,225.87,227.08,222.37,144.0595824190686,99.61999999999992,39.410000000000025,22.28,39.56032925115445,22.36498695041158,9.608248617,14.425891232919835
6/17/24,5019817,235,240.51,242.82,230.6,286.82958364113347,111.42999999999992,55.150000000000006,22.28,49.49295521852288,19.994615453648045,16.422800090878695,13.95508832423997
6/18/24,3377136,240.51,244.12,245.74,240.51,289.33992540549906,112.92999999999995,58.07000000000002,19.25,51.42123439298685,17.045957672894723,24.161125726283462,12.907544211527672
6/20/24,2763225,243.56,243.51,244.61,240.9,232.36352194168913,107.67999999999998,58.07000000000002,12.080000000000013,53.92830609212484,11.218424962852913,34.03505154980446,18.190697887887033
6/21/24,5677377,244.3,242.31,244.32,237.65,187.28734342867813,107.84999999999997,58.07000000000002,11.099999999999994,53.84330088085307,10.292072322670375,44.65041340720253,23.818401561998325
6/24/24,2799030,239.67,239.17,241.84,239,151.59095234832375,90.54999999999995,37.68000000000001,11.099999999999994,41.61236885698512,12.25842076200994,51.39671192493562,28.32947417413238
6/25/24,2760667,240.89,242.53,243.07,240.12,142.24823854409834,89.21999999999997,38.91,11.099999999999994,43.611297915265645,12.441156691324814,56.036879692970594,32.82256415488576
6/26/24,1717459,240.49,243.28,245.35,240.49,129.64863097334205,87.80999999999995,36.98999999999998,11.099999999999994,42.12504270584216,12.640929279125388,57.93443138791642,37.17861573939756
6/27/24,1239495,243.45,243.68,246.55,242.4,119.9859886182584,87.68999999999997,37.08000000000001,11.099999999999994,42.285323297981556,12.658227848101266,58.553740939505275,41.35743333289437
6/28/24,2851358,243.04,247.45,248.2,243.04,115.7805180766306,91.21999999999997,38.72999999999999,11.079999999999984,42.45779434334576,12.146459109844319,56.87897864845383,45.457015099129144
7/1/24,1172639,248.62,245.83,249,242.28,101.2748048219152,92.98999999999998,37.610000000000014,11.079999999999984,40.44520916227554,11.915259705344646,54.642714190713036,49.646563798957786
7/2/24,1062737,245.84,247.86,248.95,245.77,99.13838193488058,83.82999999999998,37.610000000000014,3.25,44.86460694,3.8768937134677333,59.576460297630774,55.48658611
7/3/24,907920,248.17,246.3,248.31,245.48,86.93969152441223,74.87,29.610000000000014,3.5400000000000205,39.54855082142382,4.728195538934179,63.41540291634684,59.72614130465872
7/5/24,1344912,246.27,247.87,248.71,245.77,83.21876171105065,74.32,28.77000000000001,3.5400000000000205,38.71097954790098,4.7631862217438385,67.45719008691238,62.69581074
7/8/24,1230197,246.1,247.96,249.33,245.4,77.93406340858559,73.53999999999999,26.840000000000003,3.5400000000000205,36.49714441120479,4.813706826217053,71.25259086482686,64.90316590216607
7/9/24,1709432,243.17,243.96,245.99,241.18,56.421632667680896,63.370000000000005,11.100000000000023,7.760000000000019,17.51617484614174,12.245542054599998,64.95234026248494,60.91565945546938
7/10/24,1666348,243.68,247.05,247.33,241.42,60.37444490958478,64.05000000000001,9.52,7.760000000000019,14.86338797814209,12.115534738485586,57.56860871824813,56.10566145448058
7/11/24,1268348,247.82,248.77,252.63,247.82,80.01910498155142,65.91999999999999,14.819999999999993,7.760000000000019,22.48179611650485,11.771844660194207,48.76437306498227,54.17041668130652
7/12/24,1130333,249.12,253.45,255.55,248.63,93.04074444071888,66.17000000000002,17.74000000000001,4.510000000000019,26.809732507178488,6.815777542693091,45.567396435090906,54.491399675718874
7/15/24,870302,253.33,253.17,255.47,252.11,97.55501814,66.22,17.74000000000001,4.510000000000019,26.78948958018727,6.810631229,42.462962214635276,54.96007615077383
7/16/24,835911,254.8,253.82,256.05,252.34,99.73445358406654,66.03,17.090000000000032,4.510000000000019,25.882174769044422,6.830228683931575,39.38721997030624,55.319905417566545
7/17/24,1239686,248.5,250.18,253,248.08,74.34436918,66.91,14.81000000000003,8.77,22.134210133014545,13.107158870124064,40.704801627149486,52.828570944817216
7/18/24,1399128,249.68,242.81,249.68,240.64,22.797811424551487,72.30000000000001,13.610000000000014,16.210000000000036,18.82434302,22.420470262793962,40.46043418794638,49.01452145309726
7/19/24,1120472,242.95,242.45,243.54,239.62,-14.29384461,71.06,11.960000000000036,17.230000000000018,16.830847171404496,24.247115113988205,38.25835427,43.51136366885684
7/22/24,712528,245.48,245.26,245.79,242.9,9.186504234850059,67.68,13.410000000000025,17.230000000000018,19.813829787234077,25.458037825059126,30.426135733894526,37.99676608449272
7/23/24,693924,244.96,246.23,247.31,244.63,20.30600573052949,67.18000000000004,14.930000000000035,17.230000000000018,22.22387615361719,25.64751414111344,21.70798025659936,32.08547123561732
7/24/24,1510935,244.59,239.45,245.23,239.01,-90.28058333,71.57000000000002,14.930000000000035,22.560000000000002,20.860695822271946,31.521587257230674,15.393205781759974,27.390212876033107
7/25/24,1680251,240.17,242.23,245.65,239.66,-70.56757789,74.83000000000004,14.950000000000045,22.560000000000002,19.978618201256232,30.14833622878523,14.505371667671655,27.60508664741057
7/26/24,1267132,243.8,240.86,245.34,239.99,-78.05878905,76.25000000000003,14.330000000000041,22.560000000000002,18.793442622950867,29.586885245901627,16.770469740824858,28.61545196438562
7/29/24,723502,242.55,242.58,244.03,240.35,-71.32722776,73.15000000000003,14.330000000000041,18.340000000000003,19.589883800410163,25.071770334928225,15.807158007946954,27.032756140339178
7/30/24,1141886,244.19,243.34,245.63,240.06,-58.80869771,72.81,14.590000000000032,18.340000000000003,20.038456256008832,25.188847685757455,15.627229568344731,23.02668265111963
7/31/24,1289105,246.4,247.52,250.75,243.54,30.139994135657552,74.64000000000001,14.410000000000053,18.340000000000003,19.30600214362279,24.571275455519828,16.435272686089323,19.07162647134434
8/1/24,1299610,247.09,241.78,248.61,238.57,-70.47487417,77.76000000000002,11.490000000000038,23.310000000000002,14.776234567901279,29.976851851851844,18.704176577701794,17.048691179730884
8/2/24,2812417,236.67,231.37,238,230.65,-255.7298335,85.53000000000003,11.490000000000038,31.22999999999999,13.433882848123503,36.51350403367237,23.02416690237926,18.76476928502546
8/5/24,2341177,226.7,225.72,228.25,223.03,-325.3906022,90.16000000000003,10.910000000000025,38.849999999999994,12.100709849157079,43.090062111801224,28.66415835171287,22.717314046268864
8/6/24,2183782,230.44,234.23,236.49,229.32,-169.4940732,95.19000000000005,19.150000000000034,34.59,20.117659418006117,36.33785061456034,31.406936510918054,23.607047259432505
8/7/24,875724,236.56,232.57,240.03,232.36,-128.0408464,93.32000000000002,22.690000000000026,27.149999999999977,24.314187741105897,29.093441920274294,31.00041040214475,23.31381998524474
8/8/24,911309,236.17,239.29,239.4,233.43,-86.29999046,96.23000000000005,22.690000000000026,26.129999999999995,23.578925491011137,27.153694274134867,30.174792485990192,23.305032586039758
8/9/24,876398,238.16,240.44,242.28,237.84,-43.84505326,97.33000000000004,23.32000000000002,26.129999999999995,23.95972465,26.84680982225417,25.460957542996585,22.08256706034919
8/12/24,1000099,240.17,239.57,241.75,238.01,-45.82070754,98.39000000000004,21.80000000000001,26.129999999999995,22.156723244232136,26.55757698953144,19.265314669611495,21.144740785995378
8/13/24,1088042,242.1,244.61,245.59,241.6,14.30336247402157,97.19000000000005,25.640000000000015,20.50999999999999,26.381314950097746,21.102994135199072,11.759716109995926,20.21193723
8/14/24,790843,244.61,246.22,246.94,243.79,37.24676592628768,94.14000000000004,26.569999999999993,20.50999999999999,28.22392181856807,21.786700658593563,9.116512951,20.26172473108088
8/15/24,933858,248.18,250.21,250.5,247.22,83.70479916935685,93.07000000000005,30.129999999999995,20.50999999999999,32.37348233,22.037176318899732,10.791213752628584,20.89581207738667
8/16/24,1075389,248.39,248.23,249.28,246.33,67.09357119962905,93.27000000000004,30.129999999999995,21.399999999999977,32.304063471641456,22.944140666881065,12.440429572916699,21.307611029453447
8/19/24,1050162,248.5,251.11,251.44,248,101.32826637712549,91.14000000000004,30.689999999999998,21.399999999999977,33.673469387755084,23.480359885889804,14.465764505980573,19.963361024488577
8/20/24,871431,250.77,250.13,251.89,249.78,111.35900065521463,85.84000000000003,26.019999999999982,21.399999999999977,30.31220876048459,24.930102516309375,14.583883949405987,16.924599309508743
8/21/24,1055977,250.31,252.06,252.93,250.01,130.51276916245055,78.72000000000003,27.060000000000002,16.42999999999998,34.374999999999986,20.87144308943086,16.804962986848835,14.282339548422382
8/22/24,796927,253,249.91,253.22,249.58,118.55753716972336,71.23000000000002,27.060000000000002,8.94,37.98961111891056,12.550891478309655,23.048567253817605,16.082540102530654
8/23/24,1413872,254.32,255.26,255.79,251.85,150.11460871026222,68.77000000000001,29.629999999999995,1.3199999999999648,43.08564781154572,1.9194416169840984,35.12744602769829,22.95932989016344
8/26/24,979760,256.93,256.21,258.82,255.82,162.3666619257575,61.56,24.419999999999987,1.3199999999999648,39.668615984405434,2.144249512670508,47.26111308082977,29.850771326873236
8/27/24,1059130,256,256.99,258.49,255.51,143.80885609677404,56.87000000000003,20.879999999999995,1.629999999999967,36.71531563214346,2.8661860383329807,58.541618176621796,36.503691341301185
8/28/24,1220811,256.01,254.62,256.98,252.58,107.8733879487337,54.45000000000002,20.879999999999995,4.559999999999945,38.34710743801651,8.374655647382816,67.60965464,41.09676929696769
8/29/24,2225475,257.22,258.23,261.82,256.62,135.8112727714205,57.21000000000001,22.839999999999975,4.559999999999945,39.92309036881659,7.970634504457166,74.65514263041315,45.730052808630994
8/30/24,4054902,270,258.4,275.68,258.03,164.44021477330156,71.12000000000003,36.69999999999999,4.559999999999945,51.60292463442066,6.411698538,79.24896500344057,51.14876612862909
9/3/24,2026711,261.77,257.83,267.83,256.83,122.44178101960858,76.10000000000002,32.859999999999985,5.759999999999934,43.18002628,7.568988173,75.69909547397951,55.413270750838905
9/4/24,1472541,256.56,255.79,259.42,255.37,81.42732094996683,77.00000000000003,31.50999999999999,7.219999999999914,40.92207792,9.376623376623261,71.19453729010299,59.22782518546638
9/5/24,2392723,257.02,251.77,257.02,249.86,44.11339397408999,79.88,27.94999999999999,12.729999999999905,34.98998497746619,15.936404606910246,63.17727310321115,60.85944563991647
9/6/24,1487904,252.7,250.37,255,249.61,31.76104977584879,81.38999999999999,27.94999999999999,12.089999999999918,34.34082811156161,14.85440471802423,59.08718080557168,63.34841772505054
9/9/24,1497390,251.62,255.67,256.05,251.55,51.791754943948696,83.63,26.840000000000003,12.089999999999918,32.09374626330265,14.456534736338538,54.28271236980543,64.46892750010929
9/10/24,1895842,256.18,257.61,257.85,252.23,61.33111956396006,87.14000000000004,28.190000000000026,12.089999999999918,32.35024099150793,13.874225384438732,47.96170253,63.605333767349734
9/11/24,2148442,255.63,258.98,259.67,251.94,68.32230482,91.95000000000005,28.97,12.089999999999918,31.50625339858617,13.14845024469811,43.118314862734756,59.40870516835713
9/12/24,1216673,259.13,259.47,260.63,256.61,86.91196891182844,92.33000000000004,29.92999999999998,11.65999999999994,32.416332719592724,12.62861475,39.987079596920246,55.59080844351162
9/13/24,1468637,260.59,263.96,264.55,260,127.05069319632742,91.53000000000003,31.28,11.65999999999994,34.17458756691794,12.738992679995562,41.36669628860026,52.2719847
9/16/24,1410404,265.5,267.73,269,265,171.21127536361365,93.01000000000005,32.69999999999999,11.65999999999994,35.157509945167156,12.536286420814896,42.66998422398917,50.87858251478042
9/17/24,950014,268.09,266.89,270.25,266.49,168.36846674201087,93.79000000000002,33.94999999999999,11.349999999999937,36.19788890073567,12.10150335856694,44.67016870257348,49.47644053618946
9/18/24,1155962,267.97,264.21,267.97,263.57,126.41844872250732,93.78000000000006,33.94999999999999,11.339999999999975,36.20174877372571,12.09213051823413,46.32892065,47.145311592505905
9/19/24,1911477,270.25,269.76,272.34,267.79,172.67674873974042,94.71000000000006,33.47999999999996,11.339999999999975,35.350015837820656,11.973392461197305,47.710090731042044,45.414202796888404
9/20/24,2551359,270.58,267.29,272.72,266.5,141.5871894501343,83.28000000000006,19.619999999999948,12.629999999999995,23.559077809798193,15.165706051873183,44.00102232424326,41.99405096058175
9/23/24,2070572,269.23,268.46,269.38,266.92,120.43939941745934,74.74000000000004,19.619999999999948,11.430000000000007,26.25100347872617,15.293015788065295,40.78188045906338,41.07428837383182
9/24/24,870049,267.94,269.65,270.12,266.62,115.24579517693842,74.19000000000003,20.359999999999957,9.970000000000027,27.443051624208046,13.438468796333769,38.58627953937327,40.62813188168122
9/25/24,1174516,268.95,268,270.74,267.57,103.85997544010743,70.20000000000007,20.97999999999996,4.460000000000036,29.886039886039804,6.3532763532763985,41.09419323840272,42.88218097048809
9/26/24,1108009,271.13,273.36,273.49,269.73,129.74789450354618,70.3,23.72999999999996,4.210000000000036,33.75533428164997,5.988620199146559,44.41773890942731,45.37332978
9/27/24,614886,273.36,271.9,274.5,271,120.64413876050064,68.12000000000009,23.68999999999994,4.210000000000036,34.77686436,6.180270111567867,47.821605270930625,47.76584800098634
9/30/24,1109835,274.84,275.48,275.85,272.06,130.54317558370136,66.45,23.239999999999952,4.210000000000036,34.973664409330205,6.335590669676494,55.76354339662777,49.88228286043551
10/1/24,1043974,274.61,267.47,275,266.55,73.31224291690268,67.65000000000009,21.41999999999996,9.720000000000027,31.662971175166195,14.368070953436828,57.629450520137304,49.20566548960034
10/2/24,827262,267.92,270.17,271.99,267.44,70.03477092570293,68.18000000000012,20.45999999999998,9.720000000000027,30.00880023467284,14.256380170137884,57.85111208826018,48.21869581381672
10/3/24,740033,267.55,268.59,270.57,267.55,55.52670537915405,66.12000000000012,16.539999999999964,9.720000000000027,25.01512402,14.700544464609814,51.35677070927468,46.22548197
10/4/24,846556,272.86,271.16,273.85,267.49,72.37944746235503,67.44000000000011,15.370000000000005,9.720000000000027,22.79062870699878,14.412811387900373,43.46592697,43.94183294
10/7/24,757318,268.32,267.23,270.24,266.02,35.03092778705049,68.82000000000016,14.120000000000005,11.190000000000055,20.51729148503338,16.259808195292106,33.75853754872579,40.79007140982821
10/8/24,1412998,268.19,275.08,276.26,267.51,88.68667705580759,73.45,20.139999999999986,8.270000000000039,27.420013614703823,11.259360108917669,29.16770682325072,42.465625109939246
10/9/24,782074,274.93,276.88,277.66,274.08,117.80060629292531,68.90000000000015,17.170000000000073,8.270000000000039,24.920174165457237,12.002902757619768,28.73637722230069,43.18291387
10/10/24,849171,275,277.71,277.91,275,121.02443853889906,65.59000000000015,17.420000000000073,6.980000000000018,26.558926665650304,10.641866138130817,29.93644457773099,43.89377833299559
10/11/24,1332319,277.49,281.67,282.54,277.48,164.9049144,68.19000000000017,22.050000000000068,6.980000000000018,32.33611966564014,10.236105000733247,34.25990403091289,42.80833737009378
10/14/24,1264083,283.15,285.31,286.43,281.25,209.93063543518392,69.87000000000018,25.200000000000045,6.980000000000018,36.06698153714038,9.989981394017462,39.94325172728964,41.70458934927497
10/15/24,1602388,285.31,286.48,287.96,285.29,215.3352100604973,69.37000000000012,26.110000000000014,6.980000000000018,37.638748738647784,10.061986449473846,47.64918102857348,40.70385928864964
10/16/24,1364344,288.18,289.19,289.36,284.9,201.19640692296363,68.34000000000015,24.760000000000048,6.980000000000018,36.230611647644125,10.213637693883529,50.02194441961569,39.59482562143321
10/17/24,1808725,290.44,290.57,292.88,289.13,205.63820322245067,68.59000000000015,27.27000000000004,6.980000000000018,39.75798221315058,10.176410555474565,54.06471095009053,41.40054408619561
10/18/24,1511702,290.57,292.99,294.13,290,188.8920564829194,68.77,27.170000000000016,6.980000000000018,39.50850661625706,10.149774611022261,56.787150524773075,43.36179755125203
10/21/24,1254454,291.36,289.78,293.75,288.8,149.74528842161303,64.79000000000008,27.170000000000016,2.670000000000016,41.93548387096772,4.121006328137078,61.81927423766198,48.03958913428744
10/22/24,1012736,287.54,288.48,290.53,286.25,113.08981305711129,64.52000000000004,27.170000000000016,5.220000000000027,42.110973341599504,8.090514569,63.6774095,51.81033061192687
10/23/24,1209119,287.12,286.3,287.59,283.93,82.18605103875161,66.05000000000007,27.170000000000016,7.5400000000000205,41.13550341,11.41559424678276,63.46778938208797,55.558485205330726
10/24/24,1238311,288.55,285.77,289.17,285.51,81.24834780486835,63.35000000000008,25.470000000000027,7.5400000000000205,40.20520915548539,11.902131018153135,63.18432776915583,56.60313609438576
10/25/24,973419,287.72,286.04,289,285.04,73.02764914897797,62.170000000000016,25.470000000000027,6.539999999999964,40.968312691008556,10.519543188032753,63.16714335826237,58.61592715417645
10/28/24,1016697,286.34,286.52,288.64,286.34,70.59927498296138,55.74000000000001,19.450000000000045,6.539999999999964,34.89415141729466,11.73304628632932,61.59238143177158,59.18976597827233
10/29/24,886987,286.32,289.66,290.2,284.49,72.51735578965564,57.86999999999995,18.05000000000001,8.39,31.190599619837617,14.49801278728173,53.99754719058755,57.90841071412476
10/30/24,751563,288.18,288.82,291.21,287.93,76.88556411859683,58.239999999999895,18.810000000000002,8.39,32.29739010989017,14.405906593406499,49.08771284931792,56.38256117294101
10/31/24,1488039,287.8,283.8,288.47,283.42,38.37457477537402,58.57999999999987,14.180000000000007,12.89999999999992,24.206213724820824,22.021167634004694,40.44978426300509,51.95878682254653
11/1/24,1047852,282.83,286.57,289.26,281.61,40.104933021953975,61.04999999999984,10.29000000000002,14.709999999999923,16.855036855036932,24.095004095004033,34.343638650564365,48.76398321
11/4/24,896358,287.19,287.62,289.76,285.32,52.544538853814856,62.81999999999988,9.260000000000048,14.709999999999923,14.74052849411026,23.416109519261305,28.276802788752708,45.72197307350754
11/5/24,1009401,288.84,291.79,293.06,287,77.09884467,64.41999999999985,11.160000000000025,14.709999999999923,17.323812480596168,22.834523439925423,22.28505401,41.93871771951414
11/6/24,2258401,299,302.33,305.49,297.91,180.10184802503434,74.36999999999983,20.07000000000005,14.709999999999923,26.986688180718158,19.779480973510765,18.764321281096993,36.38093423584227
11/7/24,1057217,302.95,305.51,306.23,301.05,199.2849395412364,75.41999999999985,19.56000000000006,14.709999999999923,25.934765314240387,19.504110315566102,14.738237328402993,31.912975088860456
11/8/24,968605,306.26,305.56,307.17,305.02,210.42649342554256,72.61999999999989,20.500000000000057,13.509999999999934,28.22913797851843,18.60369044340396,17.375911161120257,28.912847712062675
11/11/24,1557009,305.46,313.89,314.7,304.64,236.5357432,78.39999999999992,28.03000000000003,10.959999999999923,35.752551020408234,13.97959183673461,21.72598724900615,28.034812949785255
11/12/24,1748774,311.22,309.73,314.01,304.75,191.19968171134605,83.11,28.03000000000003,8.64,33.72638671640003,10.395860907231308,26.749363399776815,27.51308309426476
11/13/24,1273488,308.63,313.14,315.73,307.91,184.85540909884358,87.26999999999987,28.170000000000016,8.64,32.27913372292891,9.900309384668205,33.30499277856858,27.79502339291264
11/14/24,1545643,310.23,306.65,312.88,305.98,130.94082521302573,90.46999999999986,28.170000000000016,10.099999999999966,31.137393611141885,11.163921742013907,38.605990366452694,28.685155823774842
11/15/24,2300222,305.06,299.15,305.08,297.12,57.20607856304468,97.39999999999986,28.170000000000016,18.95999999999998,28.921971252566795,19.466119096509246,39.504219262419944,27.12122829541147
11/18/24,920116,299.36,302.05,303.01,297,52.685197741197754,97.69999999999987,28.170000000000016,17.230000000000018,28.83316274309115,17.635619242579367,40.094908879924624,28.73541002052244
11/19/24,1348276,298.13,305.2,306.4,298.02,66.15221503070899,102.7999999999999,30.55000000000001,17.230000000000018,29.717898832684863,16.760700389105093,37.44446164651067,29.585224447758407
11/20/24,1442321,305.93,307.84,308.38,303.15,83.58125368667228,102.62999999999994,32.53000000000003,12.720000000000027,31.696385072590907,12.394036831335901,35.92812737052063,31.33874538514872
11/21/24,1602211,310,315.41,317.45,308.25,125.26599546485294,104.58999999999997,41.60000000000002,10.910000000000025,39.77435701309879,10.431207572425688,36.82642329800874,35.06570803828866
11/22/24,1905591,315.96,321.27,321.9,315.04,148.47272647259453,107.00999999999993,45.55000000000001,10.910000000000025,42.566115316325615,10.19530884964025,39.182428135028935,38.894209250740815
11/25/24,2967370,324.53,319.39,326.62,318.69,146.26496302475968,108.87999999999994,46.97000000000003,10.910000000000025,43.13923586,10.020205731080116,46.30903144710475,42.90662535476235
11/26/24,2519923,320.79,317.96,320.99,316.54,116.45018385468614,99.62999999999994,34.54000000000002,13.060000000000002,34.66827260865205,13.108501455384934,49.813887133872846,44.954398006898735
11/27/24,3442326,293.2,290.64,301.47,289.65,-40.2431695,122.75999999999993,33.80000000000001,39.950000000000045,27.533398501140457,32.54317367220599,46.557422121208894,42.00094188385978
11/29/24,1317760,289.03,291.9,292.62,289.03,-60.5005058,124.19999999999993,32.860000000000014,40.57000000000005,26.457326892109528,32.66505636070859,41.01088715436836,38.469507262444495
12/2/24,2073018,291.74,296.65,297.94,291.44,-36.57634499,120.63999999999993,30.650000000000034,40.57000000000005,25.406167108753362,33.62897877984091,33.591330727313554,35.20887701266115
12/3/24,1944513,294.14,298.96,301.59,293.5,-22.30824491,119.46999999999991,34.30000000000001,40.57000000000005,28.710136435925364,33.95831589520388,24.76155497,31.971991551281267
12/4/24,1528707,302.72,304.23,304.97,299.89,9.650951399,117.65999999999997,35.960000000000036,40.57000000000005,30.56263810980796,34.48070712221661,15.381966377880099,30.845498912492424
12/5/24,1378778,302.53,305.17,307.25,301.32,17.52025425376738,116.43,38.24000000000001,38.64000000000004,32.84376878811304,33.18732285493433,7.947673201712653,28.88078016779275
12/6/24,1377635,305.92,307.71,309.43,305.56,37.59111583379677,111.16000000000003,40.420000000000016,29.78000000000003,36.362000719683344,26.790212306585122,9.083958552687255,27.820690336948076
12/9/24,1599948,308,308.55,311.51,305.72,41.56070120006694,110.94,42.5,29.660000000000025,38.30899585361457,26.735172165134333,10.299624527764038,25.65525584
12/10/24,1110152,306.16,303.99,307.8,303.63,4.108518191,107.48000000000002,39.110000000000014,31.750000000000057,36.388165240044664,29.540379605508047,9.709292233615267,21.65031148046441
12/11/24,1261847,305.37,307.46,310.9,304.76,24.107744107744228,109.15999999999997,40.22999999999996,31.750000000000057,36.85415903261266,29.08574569439361,10.277047977667486,17.519301472600542
12/12/24,998087,305.42,309.34,310.29,304.49,22.275269508266174,105.34999999999997,31.159999999999968,32.02000000000004,29.577598481252945,30.393925011865257,9.499949432083106,12.440957904981602
12/13/24,1131021,308.13,303.77,308.36,302.95,-15.45318071,104.88,26.70999999999998,33.56000000000006,25.467200610221187,31.99847444698709,11.307487841303141,9.627580521507896
12/16/24,1186216,303.93,304.89,307.14,302.37,-18.53970945,101.71999999999997,21.989999999999952,34.14000000000004,21.61816751867869,33.56272119543851,12.389068400881238,10.736513476784246
12/17/24,1781589,302.63,302.82,303.4,299.47,-50.75287527,102.68999999999994,21.989999999999952,34.89000000000004,21.413964358749602,33.976044405492324,13.203323954253838,11.751474241008939
12/18/24,1845067,303.71,292.83,304.07,291.47,-109.6512824,86.98,21.989999999999952,16,25.281673948034005,18.39503334099795,14.10009549,11.904693863065184
12/19/24,1381222,293.65,293.63,297.82,290.94,-121.4081541,90.26999999999987,21.989999999999952,15.910000000000025,24.36025258,17.624903068572117,14.81028983703031,12.543668907348899
12/20/24,4191162,290.7,298.12,299.74,288.54,-97.77729279,94.96999999999986,16.66999999999996,18.310000000000002,17.552911445719683,19.279772559755745,15.36482369,12.432386561020003
12/23/24,876162,297.99,297.49,298.45,294.36,-76.82318648,90.96999999999986,13.019999999999982,18.310000000000002,14.31241068484116,20.127514565241324,16.28469921621986,13.79609353
12/24/24,560019,297.55,301.23,301.23,296.68,-44.56225032,89.50999999999982,12.419999999999959,18.310000000000002,13.875544631884688,20.455814992738286,15.87149243815149,14.130280419516364
12/26/24,646806,299.43,300.28,301.73,299.43,-36.20719255,85.87999999999982,10.639999999999986,18.310000000000002,12.38938053097346,21.320447135538007,16.50726413823091,14.855294046242374