,Date,code,Open,Close,High,Low,Vol,VoT,exchange,CLOSE,HIGH,LOW,MTR,DMP,DMM,PDI,MDI,ADX,ADXR
0,8/27/01,600519,-260.7,-260.49,-260.04,-261.03,406318,1410347000,56.83,-260.49,-260.04,-261.03,,,,,,,
1,8/28/01,600519,-260.6,-260.23,-260.2,-260.68,129647,463463000,18.13,-260.23,-260.2,-260.68,,,,,,,
2,8/29/01,600519,-260.2,-260.32,-260.2,-260.38,53252,194689000,7.45,-260.32,-260.2,-260.38,,,,,,,
3,8/30/01,600519,-260.34,-260.18,-260.1,-260.4,48013,177558000,6.72,-260.18,-260.1,-260.4,,,,,,,
4,8/31/01,600519,-260.17,-260.2,-260.08,-260.24,23231,86231000,3.25,-260.2,-260.08,-260.24,,,,,,,
5,9/3/01,600519,-260.16,-260.2,-260.09,-260.23,22112,82129000,3.09,-260.2,-260.09,-260.23,,,,,,,
6,9/4/01,600519,-260.2,-260.11,-259.98,-260.22,37006,139204000,5.18,-260.11,-259.98,-260.22,,,,,,,
7,9/5/01,600519,-260.08,-260.11,-260.02,-260.16,26066,97796000,3.65,-260.11,-260.02,-260.16,,,,,,,
8,9/6/01,600519,-260.13,-260.26,-260.11,-260.3,28997,107078000,4.06,-260.26,-260.11,-260.3,,,,,,,
9,9/7/01,600519,-260.3,-260.46,-260.21,-260.47,31552,113868000,4.41,-260.46,-260.21,-260.47,,,,,,,
10,9/10/01,600519,-260.52,-260.26,-260.23,-260.6,18878,68406000,2.64,-260.26,-260.23,-260.6,,,,,,,
11,9/11/01,600519,-260.24,-260.34,-260.21,-260.36,11390,41579000,1.59,-260.34,-260.21,-260.36,,,,,,,
12,9/12/01,600519,-260.53,-260.4,-260.36,-260.54,25045,89421000,3.5,-260.4,-260.36,-260.54,,,,,,,
13,9/13/01,600519,-260.4,-260.42,-260.34,-260.46,10986,39512000,1.54,-260.42,-260.34,-260.46,3.92,0.27,0.62,6.89,15.82,,
14,9/14/01,600519,-260.4,-260.34,-260.3,-260.44,7672,27740000,1.07,-260.34,-260.3,-260.44,3.07,0.31,0.62,10.1,20.2,,
15,9/17/01,600519,-260.38,-260.43,-260.34,-260.5,8983,32183000,1.26,-260.43,-260.34,-260.5,2.75,0.31,0.68,11.27,24.73,,
16,9/18/01,600519,-260.42,-260.35,-260.29,-260.43,10773,39006000,1.51,-260.35,-260.29,-260.43,2.71,0.36,0.68,13.28,25.09,,
17,9/19/01,600519,-260.34,-260.22,-260.22,-260.39,8650,31597000,1.21,-260.22,-260.22,-260.39,2.58,0.33,0.68,12.79,26.36,,
18,9/20/01,600519,-260.22,-260.28,-260.19,-260.3,11173,41189000,1.56,-260.28,-260.19,-260.3,2.53,0.34,0.68,13.44,26.88,34.8,
19,9/21/01,600519,-260.34,-260.39,-260.28,-260.4,7879,28638000,1.1,-260.39,-260.28,-260.4,2.51,0.34,0.78,13.55,31.08,34.79,
20,9/24/01,600519,-260.39,-260.39,-260.32,-260.4,4068,14703000,0.57,-260.39,-260.32,-260.4,2.35,0.23,0.78,9.79,33.19,38.31,
21,9/25/01,600519,-260.34,-260.35,-260.29,-260.39,3488,12639000,0.49,-260.35,-260.29,-260.39,2.31,0.26,0.78,11.26,33.77,40.42,
22,9/26/01,600519,-260.38,-260.38,-260.3,-260.4,4956,17892000,0.69,-260.38,-260.3,-260.4,2.22,0.26,0.65,11.71,29.28,42.43,
23,9/27/01,600519,-260.38,-260.26,-260.2,-260.4,8778,32085000,1.23,-260.26,-260.2,-260.4,2.16,0.36,0.48,16.67,22.22,39.04,
24,9/28/01,600519,-260.22,-260.18,-260.16,-260.3,17088,63169000,2.39,-260.18,-260.16,-260.3,1.93,0.4,0.35,20.73,18.13,34.59,34.69
25,10/8/01,600519,-260.2,-260.28,-260.16,-260.35,6552,24091000,0.92,-260.28,-260.16,-260.35,1.97,0.38,0.4,19.29,20.3,28.47,31.63
26,10/9/01,600519,-260.28,-260.14,-260.1,-260.28,9558,35498000,1.34,-260.14,-260.1,-260.28,1.95,0.44,0.22,22.56,11.28,24.95,31.63
27,10/10/01,600519,-260.14,-260.38,-260.11,-260.39,17548,63956000,2.45,-260.38,-260.11,-260.39,2.11,0.42,0.33,19.91,15.64,18.62,29.52
28,10/11/01,600519,-260.4,-260.45,-260.3,-260.47,12306,44319000,1.72,-260.45,-260.3,-260.47,2.14,0.38,0.41,17.76,19.16,12.11,27.27
29,10/12/01,600519,-260.42,-260.4,-260.27,-260.79,20010,70897000,2.8,-260.4,-260.27,-260.79,2.5,0.38,0.67,15.2,26.8,14.33,26.68
30,10/15/01,600519,-260.42,-260.54,-260.4,-260.62,9755,34501000,1.36,-260.54,-260.4,-260.62,2.58,0.33,0.67,12.79,25.97,18.89,26.74
31,10/16/01,600519,-260.57,-260.64,-260.44,-260.65,8319,29068000,1.16,-260.64,-260.44,-260.65,2.62,0.26,0.7,9.92,26.72,26.1,27.28
32,10/17/01,600519,-260.64,-260.76,-260.64,-260.82,12507,42766000,1.75,-260.76,-260.64,-260.82,2.69,0.23,0.87,8.55,32.34,30.24,27.59
33,10/18/01,600519,-260.76,-260.79,-260.67,-260.81,4983,16999000,0.7,-260.79,-260.67,-260.81,2.71,0.23,0.77,8.49,28.41,37.24,27.93
34,10/19/01,600519,-260.8,-260.9,-260.77,-260.99,15687,52422000,2.19,-260.9,-260.77,-260.99,2.85,0.23,0.95,8.07,33.33,46.78,29.44
35,10/22/01,600519,-260.94,-261.04,-260.86,-261.06,9760,32268000,1.37,-261.04,-260.86,-261.06,2.95,0.2,1.02,6.78,34.58,53.37,33.85
36,10/23/01,600519,-260.4,-260.38,-260.38,-260.6,40598,145710000,5.68,-260.38,-260.38,-260.6,3.51,0.68,1.01,19.37,28.77,50.96,34.92
37,10/24/01,600519,-260.24,-260.43,-260.24,-260.58,40682,147001000,5.69,-260.43,-260.24,-260.58,3.65,0.72,1.01,19.73,27.67,46.12,36.11
38,10/25/01,600519,-260.46,-260.62,-260.44,-260.63,16036,56527000,2.24,-260.62,-260.44,-260.63,3.71,0.68,1.06,18.33,28.57,40.06,35.15
39,10/26/01,600519,-260.66,-260.6,-260.58,-260.71,9002,31280000,1.26,-260.6,-260.58,-260.71,3.65,0.68,1.09,18.63,29.86,34.92,36.08
40,10/29/01,600519,-260.62,-260.54,-260.47,-260.62,4587,16205000,0.64,-260.54,-260.47,-260.62,3.62,0.73,1.09,20.17,30.11,28.05,37.41
41,10/30/01,600519,-260.55,-260.6,-260.5,-260.61,3484,12214000,0.49,-260.6,-260.5,-260.61,3.45,0.73,0.98,21.16,28.41,19.28,36.33
42,10/31/01,600519,-260.6,-260.59,-260.58,-260.64,4762,16633000,0.67,-260.59,-260.58,-260.64,3.34,0.73,0.93,21.86,27.84,18.04,34.5
43,11/1/01,600519,-260.59,-260.48,-260.47,-260.61,6643,23511000,0.93,-260.48,-260.47,-260.61,2.96,0.84,0.61,28.38,20.61,17.89,32.0
44,11/2/01,600519,-260.54,-260.53,-260.45,-260.57,3435,12189000,0.48,-260.53,-260.45,-260.57,2.86,0.86,0.61,30.07,21.33,17.08,28.57
45,11/5/01,600519,-260.6,-260.62,-260.55,-260.66,3690,12879000,0.52,-260.62,-260.55,-260.66,2.78,0.86,0.67,30.94,24.1,15.29,25.1
46,11/6/01,600519,-260.64,-260.57,-260.54,-260.65,2609,9138000,0.36,-260.57,-260.54,-260.65,2.71,0.87,0.5,32.1,18.45,16.49,22.27
47,11/7/01,600519,-260.6,-260.83,-260.6,-260.84,9325,31791000,1.3,-260.83,-260.6,-260.84,2.84,0.87,0.69,30.63,24.3,15.98,17.63
48,11/8/01,600519,-260.93,-260.86,-260.82,-261.0,7402,24682000,1.04,-260.86,-260.82,-261.0,2.8,0.87,0.67,31.07,23.93,16.14,17.09
49,11/9/01,600519,-260.86,-260.77,-260.7,-260.93,3760,12737000,0.53,-260.77,-260.7,-260.93,2.83,0.99,0.6,34.98,21.2,17.58,17.73
50,11/12/01,600519,-260.72,-260.88,-260.72,-260.89,2683,9088000,0.38,-260.88,-260.72,-260.89,2.34,0.51,0.6,21.79,25.64,16.1,16.59
51,11/13/01,600519,-260.94,-260.87,-260.86,-260.95,2673,8965000,0.37,-260.87,-260.86,-260.95,2.09,0.37,0.66,17.7,31.58,18.72,17.0
52,11/14/01,600519,-260.87,-260.87,-260.8,-260.87,769,2599000,0.11,-260.87,-260.8,-260.87,1.96,0.43,0.61,21.94,31.12,17.1,16.8
53,11/15/01,600519,-260.87,-260.86,-260.84,-260.9,2193,7378000,0.31,-260.86,-260.84,-260.9,1.89,0.43,0.56,22.75,29.63,17.37,16.67
54,11/16/01,600519,-260.36,-260.78,-260.36,-260.8,9954,34600000,1.39,-260.78,-260.36,-260.8,2.24,0.8,0.56,35.71,25.0,18.15,17.14
55,11/19/01,600519,-260.77,-260.59,-260.58,-260.78,9955,34600364,1.39,-260.59,-260.58,-260.78,2.33,0.8,0.56,34.33,24.03,17.0,17.29
56,11/20/01,600519,-260.56,-260.52,-260.49,-260.62,3735,12950484,0.52,-260.52,-260.49,-260.62,2.4,0.89,0.53,37.08,22.08,19.87,17.99
57,11/21/01,600519,-260.5,-260.56,-260.5,-260.62,5114,17957000,0.72,-260.56,-260.5,-260.62,2.38,0.78,0.53,32.77,22.27,18.36,18.54
58,11/22/01,600519,-260.55,-260.57,-260.54,-260.62,4198,14713000,0.59,-260.57,-260.54,-260.62,2.34,0.76,0.53,32.48,22.65,18.45,17.78
59,11/23/01,600519,-260.6,-260.6,-260.55,-260.64,3960,13866000,0.55,-260.6,-260.55,-260.64,2.3,0.76,0.46,33.04,20.0,20.36,18.86
60,11/26/01,600519,-260.6,-260.68,-260.6,-260.7,3100,10749000,0.43,-260.68,-260.6,-260.7,2.29,0.75,0.52,32.75,22.71,20.44,19.29
61,11/27/01,600519,-260.68,-260.6,-260.58,-260.68,2569,8954000,0.36,-260.6,-260.58,-260.68,2.12,0.77,0.33,36.32,15.57,24.16,20.58
62,11/28/01,600519,-260.59,-260.59,-260.52,-260.62,3773,13256000,0.53,-260.59,-260.52,-260.62,2.04,0.83,0.17,40.69,8.33,30.94,25.4
63,11/29/01,600519,-260.6,-260.63,-260.56,-260.64,3046,10658000,0.43,-260.63,-260.56,-260.64,1.89,0.71,0.19,37.57,10.05,37.38,27.87
64,11/30/01,600519,-260.63,-260.53,-260.51,-260.64,4070,14292000,0.57,-260.53,-260.51,-260.64,1.85,0.76,0.19,41.08,10.27,44.41,31.43
65,12/3/01,600519,-260.53,-260.36,-260.34,-260.53,16037,57741000,2.24,-260.36,-260.34,-260.53,1.95,0.93,0.13,47.69,6.67,52.89,36.63
66,12/4/01,600519,-260.35,-260.35,-260.34,-260.44,6894,24859000,0.96,-260.35,-260.34,-260.44,1.98,0.87,0.13,43.94,6.57,62.21,41.32
67,12/5/01,600519,-260.2,-260.4,-260.2,-260.41,15028,54737513,2.1,-260.4,-260.2,-260.41,2.13,1.01,0.1,47.42,4.69,69.21,46.68
68,12/6/01,600519,-260.42,-260.39,-260.34,-260.44,6372,23004767,0.89,-260.39,-260.34,-260.44,1.73,0.53,0.13,30.64,7.51,68.31,49.62
69,12/7/01,600519,-260.38,-260.43,-260.36,-260.44,3908,14031912,0.55,-260.43,-260.36,-260.44,1.61,0.53,0.13,32.92,8.07,68.78,53.08
70,12/10/01,600519,-260.4,-260.4,-260.38,-260.46,4162,14941666,0.58,-260.4,-260.38,-260.46,1.56,0.44,0.15,28.21,9.62,66.97,55.69
71,12/11/01,600519,-260.4,-260.47,-260.4,-260.48,3580,12821499,0.5,-260.47,-260.4,-260.48,1.52,0.44,0.17,28.95,11.18,61.77,57.33
72,12/12/01,600519,-260.48,-260.44,-260.38,-260.48,4633,16611472,0.65,-260.44,-260.38,-260.48,1.54,0.46,0.17,29.87,11.04,57.11,59.66
73,12/13/01,600519,-260.48,-260.55,-260.4,-260.56,3540,12580276,0.5,-260.55,-260.4,-260.56,1.61,0.46,0.23,28.57,14.29,49.0,59.1
74,12/14/01,600519,-260.59,-260.56,-260.5,-260.59,2841,10026619,0.4,-260.56,-260.5,-260.59,1.6,0.46,0.2,28.75,12.5,45.46,56.88
75,12/17/01,600519,-260.58,-260.53,-260.48,-260.59,4414,15611050,0.62,-260.53,-260.48,-260.59,1.61,0.46,0.2,28.57,12.42,41.93,55.35
76,12/18/01,600519,-260.5,-260.42,-260.41,-260.58,4821,17167382,0.67,-260.42,-260.41,-260.58,1.68,0.47,0.2,27.98,11.9,40.45,53.71
77,12/19/01,600519,-260.42,-260.41,-260.3,-260.47,9620,34761229,1.35,-260.41,-260.3,-260.47,1.77,0.58,0.18,32.77,10.17,41.85,51.81
78,12/20/01,600519,-260.42,-260.65,-260.42,-260.67,11362,39988830,1.59,-260.65,-260.42,-260.67,1.9,0.53,0.38,27.89,20.0,36.92,47.01
79,12/21/01,600519,-260.66,-260.42,-260.4,-260.66,8135,28861442,1.14,-260.42,-260.4,-260.66,1.97,0.38,0.38,19.29,19.29,31.37,40.18
80,12/24/01,600519,-260.4,-260.31,-260.15,-260.44,27251,99947172,3.81,-260.31,-260.15,-260.44,2.16,0.63,0.38,29.17,17.59,28.93,37.19
81,12/25/01,600519,-260.31,-260.3,-260.26,-260.41,12183,44420025,1.7,-260.3,-260.26,-260.41,2.1,0.49,0.38,23.33,18.1,24.47,33.2
82,12/26/01,600519,-260.29,-260.16,-260.15,-260.38,16810,62127143,2.35,-260.16,-260.15,-260.38,2.23,0.6,0.35,26.91,15.7,22.14,31.3
83,12/27/01,600519,-260.16,-260.14,-260.03,-260.22,23285,87052679,3.26,-260.14,-260.03,-260.22,2.34,0.72,0.35,30.77,14.96,19.13,30.49
84,12/28/01,600519,-260.14,-260.14,-260.08,-260.22,12279,45692306,1.72,-260.14,-260.08,-260.22,2.4,0.72,0.33,30.0,13.75,22.57,29.75
85,12/31/01,600519,-260.07,-259.89,-259.74,-260.11,52195,202281565,7.3,-259.89,-259.74,-260.11,2.72,1.06,0.31,38.97,11.4,31.7,31.53
86,1/4/02,600519,-259.86,-260.09,-259.84,-260.11,29110,111030307,4.07,-260.09,-259.84,-260.11,2.89,1.04,0.31,35.99,10.73,36.58,32.76
87,1/7/02,600519,-260.17,-260.13,-260.1,-260.26,18943,70279717,2.65,-260.13,-260.1,-260.26,2.9,1.04,0.38,35.86,13.1,42.22,33.35
88,1/8/02,600519,-260.2,-260.28,-260.08,-260.3,13287,48947614,1.86,-260.28,-260.08,-260.3,3.03,1.04,0.39,34.32,12.87,45.41,33.78
89,1/9/02,600519,-260.3,-260.23,-260.16,-260.33,10607,38912708,1.48,-260.23,-260.16,-260.33,3.09,1.02,0.42,33.01,13.59,46.59,32.86
90,1/10/02,600519,-260.2,-260.15,-260.12,-260.33,18816,69093753,2.63,-260.15,-260.12,-260.33,3.13,0.99,0.42,31.63,13.42,47.14,34.86
91,1/11/02,600519,-260.2,-260.39,-260.17,-260.4,11835,43306414,1.66,-260.39,-260.17,-260.4,3.21,0.88,0.49,27.41,15.26,42.76,37.23
92,1/14/02,600519,-260.46,-260.38,-260.32,-260.51,18719,67196713,2.62,-260.38,-260.32,-260.51,3.14,0.88,0.4,28.03,12.74,40.0,38.29
93,1/15/02,600519,-260.4,-260.29,-260.19,-260.42,18247,66666866,2.55,-260.29,-260.19,-260.42,3.11,0.99,0.4,31.83,12.86,39.33,40.77
94,1/16/02,600519,-260.3,-260.33,-260.21,-260.52,13974,50700232,1.95,-260.33,-260.21,-260.52,3.13,0.74,0.5,23.64,15.97,34.98,40.19
95,1/17/02,600519,-260.36,-260.59,-260.3,-260.66,24180,85418339,3.38,-260.59,-260.3,-260.66,3.34,0.74,0.64,22.16,19.16,29.24,37.92
96,1/18/02,600519,-260.64,-260.27,-260.22,-260.66,32262,116437266,4.51,-260.27,-260.22,-260.66,3.55,0.71,0.64,20.0,18.03,23.37,35.25
97,1/21/02,600519,-260.34,-260.42,-260.28,-260.48,15756,56764193,2.2,-260.42,-260.28,-260.48,3.57,0.59,0.64,16.53,17.93,19.3,31.03
98,1/22/02,600519,-260.44,-260.31,-260.21,-260.44,13486,49186214,1.89,-260.31,-260.21,-260.44,3.66,0.66,0.64,18.03,17.49,13.31,26.65
99,1/23/02,600519,-260.27,-260.08,-260.07,-260.36,23336,86396947,3.26,-260.08,-260.07,-260.36,3.55,0.46,0.64,12.96,18.03,8.96,24.14
100,1/24/02,600519,-260.13,-260.14,-260.03,-260.24,26616,99483236,3.72,-260.14,-260.03,-260.24,3.49,0.5,0.64,14.33,18.34,7.78,21.38
101,1/25/02,600519,-260.15,-260.18,-260.09,-260.24,13941,51685502,1.95,-260.18,-260.09,-260.24,3.47,0.5,0.49,14.41,14.12,6.74,17.99
102,1/28/02,600519,-260.2,-260.5,-260.14,-260.54,21668,77886073,3.03,-260.5,-260.14,-260.54,3.65,0.5,0.75,13.7,20.55,9.21,16.29
103,1/29/02,600519,-260.56,-260.47,-260.36,-260.6,11872,42283085,1.66,-260.47,-260.36,-260.6,3.72,0.5,0.78,13.44,20.97,12.18,15.74
104,1/30/02,600519,-260.48,-260.48,-260.34,-260.56,8419,30030708,1.18,-260.48,-260.34,-260.56,3.73,0.48,0.78,12.87,20.91,15.89,14.6
105,1/31/02,600519,-260.4,-260.08,-260.0,-260.4,40828,152780902,5.71,-260.08,-260.0,-260.4,3.96,0.82,0.71,20.71,17.93,14.36,11.66
106,2/1/02,600519,-260.1,-260.19,-260.0,-260.22,17345,64926556,2.43,-260.19,-260.0,-260.22,3.99,0.82,0.6,20.55,15.04,14.9,11.34
107,2/4/02,600519,-260.16,-260.02,-259.97,-260.2,16510,62395237,2.31,-260.02,-259.97,-260.2,3.99,0.72,0.6,18.05,15.04,16.24,11.49
108,2/5/02,600519,-260.01,-260.02,-259.87,-260.07,11196,42691507,1.57,-260.02,-259.87,-260.07,3.88,0.82,0.5,21.13,12.89,16.95,13.08
109,2/6/02,600519,-260.03,-260.16,-259.98,-260.18,9669,36137656,1.35,-260.16,-259.98,-260.18,3.72,0.82,0.47,22.04,12.63,17.83,15.0
110,2/7/02,600519,-260.16,-260.12,-260.02,-260.18,6688,25158901,0.94,-260.12,-260.02,-260.18,3.44,0.74,0.47,21.51,13.66,17.58,16.73
111,2/8/02,600519,-260.08,-260.07,-259.96,-260.08,12569,47643920,1.76,-260.07,-259.96,-260.08,3.39,0.8,0.47,23.6,13.86,20.71,17.54
112,2/26/02,600519,-260.0,-260.05,-259.9,-260.11,14816,56234511,2.07,-260.05,-259.9,-260.11,3.37,0.79,0.47,23.44,13.95,22.36,18.63
113,2/27/02,600519,-260.03,-260.01,-259.98,-260.1,8291,31387541,1.16,-260.01,-259.98,-260.1,3.2,0.65,0.47,20.31,14.69,23.52,19.88
114,2/28/02,600519,-260.0,-260.0,-259.91,-260.04,12507,47786791,1.75,-260.0,-259.91,-260.04,3.12,0.68,0.47,21.79,15.06,22.53,19.74
115,3/1/02,600519,-260.01,-260.12,-259.97,-260.16,7421,27907358,1.04,-260.12,-259.97,-260.16,3.16,0.68,0.59,21.52,18.67,19.19,18.51
116,3/4/02,600519,-260.13,-259.99,-259.98,-260.18,5225,19593096,0.73,-259.99,-259.98,-260.18,2.96,0.68,0.31,22.97,10.47,21.7,19.64
117,3/5/02,600519,-259.99,-259.88,-259.78,-260.03,22189,85787001,3.1,-259.88,-259.78,-260.03,2.97,0.88,0.25,29.63,8.42,26.66,23.68
118,3/6/02,600519,-259.84,-259.93,-259.79,-260.0,18620,71904848,2.6,-259.93,-259.79,-260.0,2.96,0.86,0.25,29.05,8.45,31.58,26.97
119,3/7/02,600519,-259.96,-259.9,-259.88,-259.99,13616,52163426,1.9,-259.9,-259.88,-259.99,2.59,0.52,0.25,20.08,9.65,34.75,29.14
120,3/8/02,600519,-259.89,-259.68,-259.65,-259.89,35327,137988821,4.94,-259.68,-259.65,-259.89,2.62,0.75,0.25,28.63,9.54,40.04,31.28
121,3/11/02,600519,-259.66,-259.71,-259.66,-259.79,17606,69191402,2.46,-259.71,-259.66,-259.79,2.52,0.72,0.25,28.57,9.92,46.93,33.06
122,3/12/02,600519,-259.71,-259.9,-259.71,-259.9,17252,66875879,2.41,-259.9,-259.71,-259.9,2.51,0.62,0.36,24.7,14.34,45.13,33.41
123,3/13/02,600519,-259.94,-259.95,-259.84,-259.96,7794,29935169,1.09,-259.95,-259.84,-259.96,2.43,0.62,0.31,25.51,12.76,41.39,34.02
124,3/14/02,600519,-259.98,-259.88,-259.86,-259.99,6388,24487493,0.89,-259.88,-259.86,-259.99,2.4,0.62,0.34,25.83,14.17,37.09,34.34
125,3/15/02,600519,-260.0,-260.02,-259.82,-260.03,11893,45551718,1.66,-260.02,-259.82,-260.03,2.45,0.6,0.34,24.49,13.88,35.86,35.3
126,3/18/02,600519,-259.98,-260.0,-259.84,-260.02,6070,23162182,0.85,-260.0,-259.84,-260.02,2.42,0.54,0.34,22.31,14.05,31.31,35.68
127,3/19/02,600519,-259.98,-259.85,-259.83,-260.0,6774,26123110,0.95,-259.85,-259.83,-260.0,2.47,0.55,0.34,22.27,13.77,27.17,37.05
128,3/20/02,600519,-259.84,-259.81,-259.7,-259.86,15031,58767953,2.1,-259.81,-259.7,-259.86,2.5,0.61,0.34,24.4,13.6,27.48,36.3
129,3/21/02,600519,-259.74,-259.82,-259.69,-259.87,15037,58789396,2.1,-259.82,-259.69,-259.87,2.49,0.61,0.22,24.5,8.84,29.76,35.57
130,3/22/02,600519,-259.82,-259.89,-259.8,-259.92,7973,30733685,1.12,-259.89,-259.8,-259.92,2.41,0.61,0.25,25.31,10.37,31.88,34.48
131,3/25/02,600519,-259.9,-259.85,-259.82,-259.94,4315,16693141,0.6,-259.85,-259.82,-259.94,2.28,0.41,0.27,17.98,11.84,30.7,33.28
132,3/26/02,600519,-259.86,-259.96,-259.84,-259.98,6239,23950585,0.87,-259.96,-259.84,-259.98,2.21,0.41,0.31,18.55,14.03,29.22,30.27
133,3/27/02,600519,-259.97,-259.98,-259.91,-260.02,4991,19022433,0.7,-259.98,-259.91,-260.02,2.21,0.41,0.35,18.55,15.84,26.61,26.89
134,3/28/02,600519,-260.0,-260.0,-259.94,-260.0,5292,20150615,0.74,-260.0,-259.94,-260.0,2.02,0.18,0.35,8.91,17.33,27.22,27.35
135,3/29/02,600519,-260.0,-260.15,-259.99,-260.18,10625,39865325,1.49,-260.15,-259.99,-260.18,2.08,0.18,0.53,8.65,25.48,27.6,28.68
136,4/1/02,600519,-260.17,-260.08,-260.04,-260.18,2766,10386559,0.39,-260.08,-260.04,-260.18,2.03,0.18,0.42,8.87,20.69,27.29,29.58
137,4/2/02,600519,-260.08,-260.2,-260.05,-260.24,7329,27163339,1.03,-260.2,-260.05,-260.24,2.1,0.18,0.42,8.57,20.0,30.53,30.61
138,4/3/02,600519,-260.2,-260.2,-260.14,-260.24,6019,22255856,0.84,-260.2,-260.14,-260.24,2.07,0.18,0.39,8.7,18.84,34.35,31.79
139,4/4/02,600519,-260.21,-260.08,-260.08,-260.3,5161,19068025,0.72,-260.08,-260.08,-260.3,2.08,0.14,0.39,6.73,18.75,40.9,33.75
140,4/5/02,600519,-260.04,-260.14,-260.01,-260.18,3047,11402145,0.43,-260.14,-260.01,-260.18,2.07,0.21,0.39,10.14,18.84,40.55,33.88
141,4/8/02,600519,-260.14,-260.2,-260.12,-260.21,2300,8539346,0.32,-260.2,-260.12,-260.21,1.99,0.2,0.42,10.05,21.11,38.25,32.92
142,4/9/02,600519,-260.2,-260.11,-260.1,-260.22,3292,12257478,0.46,-260.11,-260.1,-260.22,1.95,0.09,0.42,4.62,21.54,42.37,34.83
143,4/10/02,600519,-260.11,-260.1,-260.05,-260.16,3424,12828309,0.48,-260.1,-260.05,-260.16,1.88,0.14,0.42,7.45,22.34,44.03,37.28
144,4/11/02,600519,-260.1,-260.1,-260.02,-260.12,6798,25576043,0.95,-260.1,-260.02,-260.12,1.86,0.17,0.37,9.14,19.89,44.07,39.21
145,4/12/02,600519,-260.08,-260.0,-259.96,-260.1,4519,17168808,0.63,-260.0,-259.96,-260.1,1.88,0.23,0.35,12.23,18.62,39.65,40.27
146,4/15/02,600519,-259.91,-260.02,-259.9,-260.08,2926,11085699,0.41,-260.02,-259.9,-260.08,1.92,0.29,0.31,15.1,16.15,35.21,37.88
147,4/16/02,600519,-260.02,-259.95,-259.94,-260.02,6036,23013458,0.84,-259.95,-259.94,-260.02,1.89,0.29,0.27,15.34,14.29,29.89,34.07
148,4/17/02,600519,-259.9,-260.2,-259.9,-260.23,13219,48993045,1.85,-260.2,-259.9,-260.23,2.16,0.29,0.48,13.43,22.22,23.22,32.79
149,4/18/02,600519,-260.2,-260.32,-260.16,-260.32,8538,31299469,1.19,-260.32,-260.16,-260.32,2.13,0.29,0.39,13.62,18.31,17.34,30.68
150,4/19/02,600519,-260.32,-260.35,-260.31,-260.42,8854,31912486,1.24,-260.35,-260.31,-260.42,2.1,0.29,0.49,13.81,23.33,15.44,29.75
151,4/22/02,600519,-260.4,-260.36,-260.32,-260.42,4114,14831735,0.58,-260.36,-260.32,-260.42,2.01,0.29,0.43,14.43,21.39,15.23,27.44
152,4/23/02,600519,-260.36,-260.49,-260.36,-260.5,4088,14622595,0.57,-260.49,-260.36,-260.5,2.05,0.29,0.51,14.15,24.88,19.26,27.23
153,4/24/02,600519,-260.5,-260.55,-260.42,-260.57,5051,17876338,0.71,-260.55,-260.42,-260.57,1.98,0.29,0.58,14.65,29.29,24.22,27.05
154,4/25/02,600519,-260.58,-260.5,-260.46,-260.58,2597,9206508,0.36,-260.5,-260.46,-260.58,1.93,0.22,0.59,11.4,30.57,27.72,25.47
155,4/26/02,600519,-260.5,-260.39,-260.38,-260.52,2381,8537641,0.33,-260.39,-260.38,-260.52,1.98,0.3,0.56,15.15,28.28,30.31,23.82
156,4/29/02,600519,-260.36,-260.33,-260.2,-260.36,4665,17015082,0.65,-260.33,-260.2,-260.36,2.05,0.46,0.56,22.44,27.32,27.67,21.55
157,4/30/02,600519,-260.3,-260.36,-260.28,-260.41,5978,21592851,0.84,-260.36,-260.28,-260.41,2.07,0.41,0.61,19.81,29.47,27.69,21.46
158,5/8/02,600519,-260.34,-260.35,-260.3,-260.39,1700,6152534,0.24,-260.35,-260.3,-260.39,2.06,0.38,0.61,18.45,29.61,26.98,23.12
159,5/9/02,600519,-260.4,-260.39,-260.31,-260.4,1712,6186437,0.24,-260.39,-260.31,-260.4,2.01,0.32,0.62,15.92,30.85,26.75,25.48
160,5/10/02,600519,-260.39,-260.47,-260.37,-260.47,2689,9625820,0.38,-260.47,-260.37,-260.47,1.93,0.26,0.69,13.47,35.75,26.68,27.2
161,5/13/02,600519,-260.48,-260.52,-260.46,-260.52,2831,10033864,0.4,-260.52,-260.46,-260.52,1.91,0.26,0.74,13.61,38.74,29.64,29.97
162,5/14/02,600519,-260.52,-260.5,-260.3,-260.56,5070,18159637,0.71,-260.5,-260.3,-260.56,1.84,0.42,0.53,22.83,28.8,29.93,28.8
163,5/15/02,600519,-260.46,-260.53,-260.46,-260.56,2244,7948908,0.31,-260.53,-260.46,-260.56,1.78,0.42,0.44,23.6,24.72,27.05,27.37
164,5/16/02,600519,-260.55,-260.61,-260.53,-260.62,5550,19465458,0.78,-260.61,-260.53,-260.62,1.76,0.42,0.4,23.86,22.73,23.59,25.28
165,5/17/02,600519,-260.62,-260.59,-260.48,-260.65,3860,13508333,0.54,-260.59,-260.48,-260.65,1.83,0.47,0.4,25.68,21.86,19.61,23.18
166,5/20/02,600519,-260.6,-260.7,-260.6,-260.7,3354,11623861,0.47,-260.7,-260.6,-260.7,1.8,0.47,0.37,26.11,20.56,14.05,20.36
167,5/21/02,600519,-260.49,-260.59,-260.49,-260.62,5707,20081800,0.8,-260.59,-260.49,-260.62,1.86,0.58,0.3,31.18,16.13,11.35,20.49
168,5/22/02,600519,-260.58,-260.59,-260.5,-260.61,2974,10442708,0.42,-260.59,-260.5,-260.61,1.85,0.58,0.29,31.35,15.68,14.98,22.46
169,5/23/02,600519,-260.42,-260.56,-260.42,-260.58,1620,5705093,0.23,-260.56,-260.42,-260.58,1.88,0.58,0.29,30.85,15.43,20.15,23.6
170,5/24/02,600519,-260.6,-260.62,-260.56,-260.66,2407,8401313,0.34,-260.62,-260.56,-260.66,1.79,0.4,0.37,22.35,20.67,20.39,21.99
171,5/27/02,600519,-260.6,-260.58,-260.53,-260.62,1653,5801250,0.23,-260.58,-260.53,-260.62,1.75,0.43,0.32,24.57,18.29,21.49,20.55
172,5/28/02,600519,-260.56,-260.57,-260.49,-260.58,2615,9258306,0.37,-260.57,-260.49,-260.58,1.75,0.47,0.32,26.86,18.29,22.67,18.36
173,5/29/02,600519,-260.56,-260.64,-260.52,-260.67,2685,9340641,0.38,-260.64,-260.52,-260.67,1.81,0.47,0.4,25.97,22.1,18.71,15.03
174,5/30/02,600519,-260.62,-260.63,-260.59,-260.68,1962,6813508,0.27,-260.63,-260.59,-260.68,1.8,0.47,0.34,26.11,18.89,15.83,15.4
175,5/31/02,600519,-260.6,-260.61,-260.57,-260.64,1806,6326360,0.25,-260.61,-260.57,-260.64,1.81,0.49,0.29,27.07,16.02,14.55,17.35
176,6/3/02,600519,-260.62,-260.61,-260.6,-260.7,2290,7966689,0.32,-260.61,-260.6,-260.7,1.65,0.33,0.35,20.0,21.21,14.39,17.39
177,6/4/02,600519,-260.62,-260.7,-260.6,-260.8,1976,6831604,0.28,-260.7,-260.6,-260.8,1.75,0.33,0.45,18.86,25.71,14.51,18.0
178,6/5/02,600519,-260.7,-260.73,-260.7,-260.78,2225,7636262,0.31,-260.73,-260.7,-260.78,1.74,0.33,0.39,18.97,22.41,12.73,17.7
179,6/6/02,600519,-260.72,-260.6,-260.5,-260.78,5757,19928860,0.81,-260.6,-260.5,-260.78,1.85,0.48,0.39,25.95,21.08,13.12,15.91
180,6/7/02,600519,-260.64,-260.61,-260.57,-260.68,3622,12686067,0.51,-260.61,-260.57,-260.68,1.85,0.48,0.34,25.95,18.38,13.29,14.56
181,6/10/02,600519,-260.6,-260.67,-260.59,-260.7,1833,6371263,0.26,-260.67,-260.59,-260.7,1.75,0.37,0.36,21.14,20.57,9.24,11.89
182,6/11/02,600519,-260.65,-260.63,-260.59,-260.67,1539,5368576,0.22,-260.63,-260.59,-260.67,1.72,0.37,0.36,21.51,20.93,8.98,11.68
183,6/12/02,600519,-260.64,-260.58,-260.57,-260.69,2082,7240715,0.29,-260.58,-260.57,-260.69,1.67,0.29,0.36,17.37,21.56,8.21,11.36
184,6/13/02,600519,-260.58,-260.62,-260.54,-260.62,1623,5701623,0.23,-260.62,-260.54,-260.62,1.65,0.32,0.28,19.39,16.97,7.93,10.33
185,6/14/02,600519,-260.62,-260.67,-260.56,-260.68,947,3289645,0.13,-260.67,-260.56,-260.68,1.68,0.29,0.34,17.26,20.24,7.53,10.32
186,6/17/02,600519,-260.69,-260.67,-260.67,-260.74,1358,4678657,0.19,-260.67,-260.67,-260.74,1.66,0.25,0.4,15.06,24.1,8.53,10.91
187,6/18/02,600519,-260.66,-260.6,-260.58,-260.66,1637,5721280,0.23,-260.6,-260.58,-260.66,1.6,0.34,0.31,21.25,19.37,9.07,9.16
188,6/19/02,600519,-260.62,-260.65,-260.6,-260.66,834,2900266,0.12,-260.65,-260.6,-260.66,1.57,0.34,0.3,21.66,19.11,9.89,9.43
189,6/20/02,600519,-260.6,-260.62,-260.59,-260.65,1319,4609083,0.18,-260.62,-260.59,-260.65,1.56,0.33,0.3,21.15,19.23,8.88,8.55
190,6/21/02,600519,-260.6,-260.5,-260.46,-260.62,4267,15107102,0.6,-260.5,-260.46,-260.62,1.62,0.46,0.24,28.4,14.81,13.01,10.47
191,6/24/02,600519,-259.79,-259.96,-259.79,-260.2,61254,234474989,8.57,-259.96,-259.79,-260.2,2.13,1.13,0.14,53.05,6.57,24.68,16.11
192,6/26/02,600519,-260.14,-260.23,-260.12,-260.29,15423,56971879,2.16,-260.23,-260.12,-260.29,2.38,1.13,0.23,47.48,9.66,31.86,20.2
193,6/27/02,600519,-260.22,-260.24,-260.16,-260.28,5580,20570000,0.78,-260.24,-260.16,-260.28,2.22,0.93,0.23,41.89,10.36,41.15,25.11
194,6/28/02,600519,-260.26,-260.19,-260.12,-260.26,10764,39735942,1.51,-260.19,-260.12,-260.26,2.25,0.97,0.23,43.11,10.22,50.39,30.14
195,7/1/02,600519,-260.18,-260.24,-260.1,-260.24,4320,16032014,0.6,-260.24,-260.1,-260.24,2.28,0.99,0.21,43.42,9.21,60.43,34.66
196,7/2/02,600519,-260.24,-260.25,-260.24,-260.28,3935,14439880,0.55,-260.25,-260.24,-260.28,2.24,0.99,0.25,44.2,11.16,65.14,39.07
197,7/3/02,600519,-260.25,-260.27,-260.23,-260.3,5333,19520104,0.75,-260.27,-260.23,-260.3,2.19,0.99,0.27,45.21,12.33,61.67,43.17
198,7/4/02,600519,-260.26,-260.38,-260.26,-260.4,6670,24199148,0.93,-260.38,-260.26,-260.4,2.25,0.96,0.37,42.67,16.44,58.03,44.95
199,7/5/02,600519,-260.39,-260.37,-260.36,-260.4,6816,24596151,0.95,-260.37,-260.36,-260.4,2.17,0.96,0.31,44.24,14.29,56.5,48.83
200,7/8/02,600519,-260.36,-260.36,-260.31,-260.38,3193,11563090,0.45,-260.36,-260.31,-260.38,2.17,1.01,0.25,46.54,11.52,56.28,53.33
201,7/9/02,600519,-260.36,-260.37,-260.35,-260.39,3523,12721871,0.49,-260.37,-260.35,-260.39,2.12,0.92,0.26,43.4,12.26,54.77,57.6
202,7/10/02,600519,-260.37,-260.45,-260.35,-260.47,4623,16561215,0.65,-260.45,-260.35,-260.47,2.18,0.92,0.34,42.2,15.6,52.49,58.82
203,7/11/02,600519,-260.47,-260.41,-260.35,-260.47,2358,8471292,0.33,-260.41,-260.35,-260.47,2.24,0.91,0.34,40.63,15.18,50.57,56.12
204,7/12/02,600519,-260.4,-260.39,-260.36,-260.44,1588,5724883,0.22,-260.39,-260.36,-260.44,2.16,0.78,0.34,36.11,15.74,49.72,53.88
205,7/15/02,600519,-260.4,-260.42,-260.37,-260.42,1309,4708941,0.18,-260.42,-260.37,-260.42,1.5,0.11,0.34,7.33,22.67,49.71,53.11
206,7/16/02,600519,-260.46,-260.42,-260.37,-260.46,2316,8339593,0.32,-260.42,-260.37,-260.46,1.26,0.11,0.29,8.73,23.02,47.16,51.72
207,7/17/02,600519,-260.41,-260.42,-260.4,-260.47,1342,4803760,0.19,-260.42,-260.4,-260.47,1.21,0.11,0.3,9.09,24.79,45.56,50.17
208,7/18/02,600519,-260.39,-260.35,-260.3,-260.4,5894,21394400,0.82,-260.35,-260.3,-260.4,1.19,0.17,0.3,14.29,25.21,42.5,47.5
209,7/19/02,600519,-260.32,-260.32,-260.31,-260.35,2517,9151205,0.35,-260.32,-260.31,-260.35,1.09,0.15,0.3,13.76,27.52,40.46,45.51
210,7/22/02,600519,-260.26,-260.32,-260.26,-260.33,6104,22267992,0.85,-260.32,-260.26,-260.33,1.12,0.2,0.26,17.86,23.21,36.08,42.9
211,7/23/02,600519,-260.31,-260.35,-260.31,-260.4,2902,10500988,0.41,-260.35,-260.31,-260.4,1.14,0.2,0.31,17.54,27.19,31.16,40.44
212,7/24/02,600519,-260.34,-260.32,-260.3,-260.38,4664,16952456,0.65,-260.32,-260.3,-260.38,1.08,0.21,0.21,19.44,19.44,23.66,35.41
213,7/25/02,600519,-260.3,-260.37,-260.26,-260.41,1700,5497155,0.22,-260.37,-260.26,-260.41,1.19,0.25,0.21,21.01,17.65,17.38,31.47
214,7/26/02,600519,-260.33,-260.41,-260.33,-260.42,1558,5017641,0.2,-260.41,-260.33,-260.42,1.21,0.2,0.22,16.53,18.18,13.57,28.03
215,7/29/02,600519,-260.39,-260.51,-260.38,-260.53,2557,8122111,0.33,-260.51,-260.38,-260.53,1.32,0.2,0.32,15.15,24.24,11.86,26.16
216,7/30/02,600519,-260.51,-260.54,-260.49,-260.55,3446,10878707,0.44,-260.54,-260.49,-260.55,1.26,0.2,0.26,15.87,20.63,11.86,23.97
217,7/31/02,600519,-260.54,-260.59,-260.5,-260.6,2580,8116149,0.33,-260.59,-260.5,-260.6,1.24,0.2,0.31,16.13,25.0,11.86,21.51
218,8/1/02,600519,-260.6,-260.6,-260.55,-260.62,2001,6261720,0.25,-260.6,-260.55,-260.62,1.23,0.2,0.33,16.26,26.83,15.95,19.8
219,8/2/02,600519,-260.59,-260.56,-260.49,-260.65,1254,3927364,0.16,-260.56,-260.49,-260.65,1.34,0.26,0.33,19.4,24.63,16.47,16.93
220,8/5/02,600519,-260.56,-260.59,-260.55,-260.6,1078,3381000,0.14,-260.59,-260.55,-260.6,1.3,0.26,0.29,20.0,22.31,16.59,15.08
221,8/6/02,600519,-260.59,-260.57,-260.53,-260.61,2092,6575058,0.27,-260.57,-260.53,-260.61,1.31,0.28,0.28,21.37,21.37,12.74,12.3
222,8/7/02,600519,-260.56,-260.57,-260.55,-260.58,1356,4259610,0.17,-260.57,-260.55,-260.58,1.22,0.18,0.28,14.75,22.95,14.19,13.03
223,8/8/02,600519,-260.57,-260.59,-260.53,-260.61,1265,3969885,0.16,-260.59,-260.53,-260.61,1.26,0.18,0.31,14.29,24.6,15.02,13.44
224,8/9/02,600519,-260.61,-260.66,-260.58,-260.67,2490,7741685,0.32,-260.66,-260.58,-260.67,1.28,0.13,0.37,10.16,28.91,18.93,17.44
225,8/12/02,600519,-260.7,-260.74,-260.68,-260.74,2251,6900600,0.29,-260.74,-260.68,-260.74,1.27,0.13,0.37,10.24,29.13,24.95,20.71
226,8/13/02,600519,-260.72,-260.74,-260.72,-260.79,1704,5204223,0.22,-260.74,-260.72,-260.79,1.26,0.12,0.42,9.52,33.33,33.3,24.95
227,8/14/02,600519,-260.66,-260.66,-260.66,-260.74,2472,7621220,0.31,-260.66,-260.66,-260.74,1.19,0.14,0.42,11.76,35.29,41.64,27.19
228,8/15/02,600519,-260.66,-260.71,-260.66,-260.71,1260,3886298,0.16,-260.71,-260.66,-260.71,1.15,0.14,0.41,12.17,35.65,46.2,30.19
229,8/16/02,600519,-260.77,-260.7,-260.69,-260.81,2241,6857222,0.28,-260.7,-260.69,-260.81,1.12,0.14,0.4,12.5,35.71,49.8,32.41
230,8/19/02,600519,-260.7,-260.73,-260.68,-260.74,1109,3407937,0.14,-260.73,-260.68,-260.74,1.12,0.15,0.38,13.39,33.93,49.03,33.98
231,8/20/02,600519,-260.75,-260.68,-260.66,-260.75,2372,7316845,0.3,-260.68,-260.66,-260.75,1.11,0.17,0.33,15.32,29.73,46.37,35.66
232,8/21/02,600519,-260.66,-260.68,-260.66,-260.71,1695,5229829,0.22,-260.68,-260.66,-260.71,1.09,0.17,0.31,15.6,28.44,41.97,37.64
233,8/22/02,600519,-260.66,-260.62,-260.58,-260.68,4220,13173485,0.54,-260.62,-260.58,-260.68,1.03,0.19,0.31,18.45,30.1,37.63,39.64
234,8/23/02,600519,-260.62,-260.61,-260.58,-260.62,2431,7592485,0.31,-260.61,-260.58,-260.62,1.02,0.19,0.31,18.63,30.39,33.45,39.82
235,8/26/02,600519,-260.62,-260.72,-260.62,-260.73,2631,8109133,0.33,-260.72,-260.62,-260.73,1.06,0.17,0.42,16.04,39.62,32.49,41.14
236,8/27/02,600519,-260.72,-260.69,-260.68,-260.74,2584,7938100,0.33,-260.69,-260.68,-260.74,1.09,0.17,0.43,15.6,39.45,32.48,40.76
237,8/28/02,600519,-260.68,-260.76,-260.63,-260.77,3765,11550000,0.48,-260.76,-260.63,-260.77,1.15,0.22,0.4,19.13,34.78,31.98,39.17
238,8/29/02,600519,-260.76,-260.77,-260.73,-260.78,2899,8846652,0.37,-260.77,-260.73,-260.78,1.11,0.22,0.35,19.82,31.53,30.92,36.45
239,8/30/02,600519,-260.75,-260.77,-260.75,-260.78,1887,5751168,0.24,-260.77,-260.75,-260.78,1.06,0.22,0.28,20.75,26.42,28.92,33.28
240,9/2/02,600519,-260.78,-260.79,-260.77,-260.8,2341,7119903,0.3,-260.79,-260.77,-260.8,1.02,0.22,0.25,21.57,24.51,25.99,29.72
241,9/3/02,600519,-260.79,-260.74,-260.68,-260.79,2277,6981608,0.29,-260.74,-260.68,-260.79,1.05,0.25,0.25,23.81,23.81,18.93,25.71
242,9/4/02,600519,-260.74,-260.75,-260.7,-260.78,1789,5457397,0.23,-260.75,-260.7,-260.78,1.08,0.25,0.25,23.15,23.15,11.7,22.09
243,9/5/02,600519,-260.76,-260.81,-260.76,-260.81,2894,8795149,0.37,-260.81,-260.76,-260.81,1.02,0.25,0.18,24.51,17.65,9.58,20.78
244,9/6/02,600519,-260.8,-260.8,-260.78,-260.83,1860,5634774,0.24,-260.8,-260.78,-260.83,1.01,0.24,0.2,23.76,19.8,7.29,19.11
245,9/9/02,600519,-260.81,-260.86,-260.8,-260.87,2614,7873842,0.33,-260.86,-260.8,-260.87,0.99,0.22,0.24,22.22,24.24,6.02,17.47
246,9/10/02,600519,-260.88,-260.96,-260.85,-260.99,8057,23941530,1.02,-260.96,-260.85,-260.99,1.08,0.22,0.36,20.37,33.33,8.98,17.48
247,9/11/02,600519,-260.99,-261.07,-260.96,-261.18,9845,28552916,1.25,-261.07,-260.96,-261.18,1.2,0.14,0.55,11.67,45.83,18.88,18.9
248,9/12/02,600519,-261.1,-261.08,-261.04,-261.15,1717,4984486,0.22,-261.08,-261.04,-261.15,1.27,0.14,0.55,11.02,43.31,28.78,20.24
249,9/13/02,600519,-261.09,-261.06,-261.06,-261.11,1072,3119148,0.14,-261.06,-261.06,-261.11,1.2,0.14,0.44,11.67,36.67,34.69,22.13
250,9/16/02,600519,-261.07,-261.16,-261.06,-261.16,3924,11280816,0.5,-261.16,-261.06,-261.16,1.24,0.14,0.48,11.29,38.71,42.31,24.8
251,9/17/02,600519,-261.15,-261.12,-261.08,-261.18,2613,7538521,0.33,-261.12,-261.08,-261.18,1.2,0.09,0.5,7.5,41.67,53.17,29.59
252,9/18/02,600519,-261.1,-261.12,-261.1,-261.15,1616,4660761,0.21,-261.12,-261.1,-261.15,1.2,0.09,0.49,7.5,40.83,60.64,34.81
253,9/19/02,600519,-261.14,-261.1,-261.06,-261.19,3650,10478770,0.46,-261.1,-261.06,-261.19,1.3,0.09,0.49,6.92,37.69,62.23,40.56
254,9/20/02,600519,-261.1,-261.15,-261.1,-261.17,1373,3949578,0.17,-261.15,-261.1,-261.17,1.34,0.09,0.47,6.72,35.07,63.64,46.21
255,9/23/02,600519,-261.17,-261.22,-261.15,-261.23,2121,6061634,0.27,-261.22,-261.15,-261.23,1.31,0.0,0.53,0.0,40.46,71.69,53.19
256,9/24/02,600519,-261.23,-261.32,-261.22,-261.34,7149,20063143,0.91,-261.32,-261.22,-261.34,1.35,0.0,0.64,0.0,47.41,79.21,60.76
257,9/25/02,600519,-261.32,-261.25,-261.19,-261.32,3557,10075783,0.45,-261.25,-261.19,-261.32,1.42,0.03,0.61,2.11,42.96,82.74,67.95
258,9/26/02,600519,-261.24,-261.31,-261.24,-261.31,2168,6093149,0.28,-261.31,-261.24,-261.31,1.44,0.03,0.59,2.08,40.97,86.3,73.47
259,9/27/02,600519,-261.29,-261.27,-261.24,-261.32,1505,4234851,0.19,-261.27,-261.24,-261.32,1.45,0.03,0.56,2.07,38.62,89.77,76.0
260,10/8/02,600519,-261.28,-261.3,-261.28,-261.33,3590,10069826,0.46,-261.3,-261.28,-261.33,1.37,0.03,0.45,2.19,32.85,93.05,78.34
261,10/9/02,600519,-261.31,-261.37,-261.3,-261.41,2459,6822147,0.31,-261.37,-261.3,-261.41,1.26,0.03,0.34,2.38,26.98,90.34,81.02
262,10/10/02,600519,-261.38,-261.36,-261.31,-261.39,1088,3018141,0.14,-261.36,-261.31,-261.39,1.23,0.03,0.34,2.44,27.64,87.64,83.43
263,10/11/02,600519,-261.38,-261.41,-261.34,-261.42,1217,3366265,0.15,-261.41,-261.34,-261.42,1.26,0.03,0.37,2.38,29.37,86.7,84.72
264,10/14/02,600519,-261.34,-261.4,-261.34,-261.42,1095,3024408,0.14,-261.4,-261.34,-261.42,1.24,0.03,0.32,2.42,25.81,85.46,85.88
265,10/15/02,600519,-261.4,-261.36,-261.36,-261.41,2066,5710573,0.26,-261.36,-261.36,-261.41,1.19,0.03,0.3,2.52,25.21,84.12,86.95
266,10/16/02,600519,-261.36,-261.33,-261.27,-261.36,2261,6327939,0.29,-261.33,-261.27,-261.36,1.23,0.12,0.3,9.76,24.39,76.68,84.86
267,10/17/02,600519,-261.33,-261.4,-261.31,-261.42,1565,4336014,0.2,-261.4,-261.31,-261.42,1.21,0.12,0.36,9.92,29.75,71.05,80.7
268,10/18/02,600519,-261.42,-261.57,-261.38,-261.63,4635,12464187,0.59,-261.57,-261.38,-261.63,1.39,0.12,0.57,8.63,41.01,67.96,77.8
269,10/21/02,600519,-261.58,-261.57,-261.47,-261.63,1646,4391499,0.21,-261.57,-261.47,-261.63,1.47,0.12,0.51,8.16,34.69,64.11,75.41
270,10/22/02,600519,-261.54,-261.45,-261.41,-261.55,2106,5735513,0.27,-261.45,-261.41,-261.55,1.51,0.18,0.4,11.92,26.49,56.62,71.04
271,10/23/02,600519,-261.43,-261.5,-261.43,-261.53,1081,2938025,0.14,-261.5,-261.43,-261.53,1.48,0.15,0.4,10.14,27.03,50.56,67.34
272,10/24/02,600519,-261.51,-261.51,-261.45,-261.51,971,2637743,0.12,-261.51,-261.45,-261.51,1.47,0.15,0.4,10.2,27.21,50.99,63.84
273,10/25/02,600519,-261.51,-261.61,-261.51,-261.62,2368,6346386,0.3,-261.61,-261.51,-261.62,1.5,0.15,0.5,10.0,33.33,51.63,61.34
274,10/28/02,600519,-261.62,-261.76,-261.62,-261.77,4472,11679872,0.57,-261.76,-261.62,-261.77,1.6,0.15,0.64,9.38,40.0,51.1,59.53
275,10/29/02,600519,-261.64,-261.71,-261.64,-261.84,3199,8294858,0.41,-261.71,-261.64,-261.84,1.69,0.15,0.63,8.88,37.28,51.04,57.58
276,10/30/02,600519,-261.7,-261.75,-261.69,-261.76,2036,5323624,0.26,-261.75,-261.69,-261.76,1.68,0.15,0.63,8.93,37.5,54.98,55.8
277,10/31/02,600519,-261.75,-261.73,-261.65,-261.75,2817,7375701,0.36,-261.73,-261.65,-261.75,1.7,0.19,0.6,11.18,35.29,56.05,53.31
278,11/1/02,600519,-261.73,-261.7,-261.69,-261.76,1471,3830309,0.19,-261.7,-261.69,-261.76,1.69,0.19,0.61,11.24,36.09,57.22,54.11
279,11/4/02,600519,-261.7,-261.61,-261.61,-261.7,1995,5271415,0.25,-261.61,-261.61,-261.7,1.73,0.27,0.61,15.61,35.26,54.69,53.16
280,11/5/02,600519,-261.6,-261.55,-261.49,-261.64,3485,9402742,0.44,-261.55,-261.49,-261.64,1.79,0.3,0.61,16.76,34.08,50.03,50.57
281,11/6/02,600519,-261.54,-261.59,-261.54,-261.6,1623,4344756,0.21,-261.59,-261.54,-261.6,1.74,0.3,0.55,17.24,31.61,44.68,47.86
282,11/7/02,600519,-261.59,-261.61,-261.57,-261.64,2417,6446131,0.31,-261.61,-261.57,-261.64,1.56,0.3,0.38,19.23,24.36,36.38,45.68
283,11/8/02,600519,-261.49,-261.73,-261.49,-261.76,2718,7151816,0.35,-261.73,-261.49,-261.76,1.67,0.3,0.5,17.96,29.94,31.9,43.97
284,11/11/02,600519,-261.72,-261.75,-261.68,-261.79,1883,4915876,0.24,-261.75,-261.68,-261.79,1.62,0.24,0.53,14.81,32.72,29.42,43.32
285,11/12/02,600519,-261.74,-261.8,-261.69,-261.81,2396,6207445,0.3,-261.8,-261.69,-261.81,1.64,0.24,0.55,14.63,33.54,29.52,42.11
286,11/13/02,600519,-261.8,-261.76,-261.75,-261.82,1954,5035473,0.25,-261.76,-261.75,-261.82,1.65,0.24,0.56,14.55,33.94,30.51,40.27
287,11/14/02,600519,-261.76,-261.79,-261.72,-261.8,1688,4380220,0.21,-261.79,-261.72,-261.8,1.62,0.27,0.45,16.67,27.78,29.78,37.23
288,11/15/02,600519,-261.8,-261.79,-261.74,-261.83,2349,6065973,0.3,-261.79,-261.74,-261.83,1.55,0.27,0.33,17.42,21.29,29.48,32.93
289,11/18/02,600519,-261.8,-261.75,-261.74,-261.8,1947,5049727,0.25,-261.75,-261.74,-261.8,1.41,0.27,0.26,19.15,18.44,25.63,28.76
290,11/19/02,600519,-261.75,-261.66,-261.63,-261.77,3218,8450560,0.41,-261.66,-261.63,-261.77,1.48,0.38,0.26,25.68,17.57,22.48,25.95
291,11/20/02,600519,-261.65,-261.68,-261.6,-261.77,9579,25196773,1.22,-261.68,-261.6,-261.77,1.55,0.37,0.26,23.87,16.77,18.85,24.19
292,11/21/02,600519,-261.7,-261.78,-261.66,-261.78,4020,10494850,0.51,-261.78,-261.66,-261.78,1.6,0.37,0.26,23.12,16.25,15.09,22.8
293,11/22/02,600519,-261.75,-261.77,-261.69,-261.84,2429,6292793,0.31,-261.77,-261.69,-261.84,1.66,0.29,0.32,17.47,19.28,11.75,20.76
294,11/25/02,600519,-261.77,-261.71,-261.69,-261.84,3988,10418495,0.51,-261.71,-261.69,-261.84,1.66,0.17,0.32,10.24,19.28,15.18,22.33
295,11/26/02,600519,-261.69,-261.82,-261.66,-261.82,2055,5354392,0.26,-261.82,-261.66,-261.82,1.76,0.2,0.32,11.36,18.18,18.71,22.17
296,11/27/02,600519,-261.84,-261.83,-261.76,-261.88,3321,8506108,0.42,-261.83,-261.76,-261.88,1.81,0.2,0.34,11.05,18.78,19.91,21.19
297,11/28/02,600519,-261.82,-261.69,-261.66,-261.84,2492,6508407,0.32,-261.69,-261.66,-261.84,1.72,0.3,0.22,17.44,12.79,19.56,19.21
298,12/2/02,600519,-261.64,-261.75,-261.6,-261.77,5851,15455370,0.74,-261.75,-261.6,-261.77,1.78,0.36,0.19,20.22,10.67,21.8,18.45
299,12/3/02,600519,-261.77,-261.67,-261.66,-261.82,3104,8113029,0.39,-261.67,-261.66,-261.82,1.82,0.36,0.22,19.78,12.09,25.01,18.38
300,12/4/02,600519,-261.74,-261.65,-261.58,-261.74,4151,11045716,0.53,-261.65,-261.58,-261.74,1.91,0.44,0.21,23.04,10.99,25.8,20.49
301,12/5/02,600519,-261.67,-261.51,-261.45,-261.69,13020,35246694,1.66,-261.51,-261.45,-261.69,2.07,0.54,0.21,26.09,10.14,29.29,24.0
302,12/6/02,600519,-261.53,-261.53,-261.49,-261.57,3742,10116516,0.48,-261.53,-261.49,-261.57,2.06,0.54,0.18,26.21,8.74,33.3,26.61
303,12/9/02,600519,-261.53,-261.58,-261.51,-261.6,2903,7793264,0.37,-261.58,-261.51,-261.6,2.09,0.54,0.21,25.84,10.05,38.07,28.82
304,12/10/02,600519,-261.57,-261.65,-261.55,-261.66,2612,6946196,0.33,-261.65,-261.55,-261.66,2.06,0.43,0.27,20.87,13.11,36.73,29.27
305,12/11/02,600519,-261.68,-261.68,-261.65,-261.73,2547,6682742,0.32,-261.68,-261.65,-261.73,1.97,0.4,0.34,20.3,17.26,34.06,29.53
306,12/12/02,600519,-261.68,-261.63,-261.62,-261.72,3989,10541432,0.51,-261.63,-261.62,-261.72,1.95,0.43,0.33,22.05,16.92,30.35,28.08
307,12/13/02,600519,-261.8,-261.64,-261.59,-261.8,2223,5860451,0.28,-261.64,-261.59,-261.8,2.01,0.43,0.35,21.39,17.41,24.73,27.01
308,12/16/02,600519,-261.64,-261.55,-261.54,-261.67,7977,21310704,1.01,-261.55,-261.54,-261.67,1.99,0.48,0.35,24.12,17.59,19.01,26.15
309,12/17/02,600519,-261.55,-261.55,-261.51,-261.59,2926,7886188,0.37,-261.55,-261.51,-261.59,1.91,0.48,0.35,25.13,18.32,14.28,26.18
310,12/18/02,600519,-261.56,-261.59,-261.54,-261.59,2029,5434639,0.26,-261.59,-261.54,-261.59,1.84,0.48,0.29,26.09,15.76,14.59,25.66
311,12/19/02,600519,-261.59,-261.62,-261.58,-261.64,2310,6160134,0.29,-261.62,-261.58,-261.64,1.72,0.38,0.34,22.09,19.77,14.16,24.11
312,12/20/02,600519,-261.62,-261.57,-261.54,-261.62,1625,4353432,0.21,-261.57,-261.54,-261.62,1.63,0.36,0.34,22.09,20.86,12.44,21.4
313,12/23/02,600519,-261.52,-261.58,-261.51,-261.6,1985,5333977,0.25,-261.58,-261.51,-261.6,1.56,0.39,0.29,25.0,18.59,13.19,18.96
314,12/24/02,600519,-261.57,-261.59,-261.54,-261.65,848,2257524,0.11,-261.59,-261.54,-261.65,1.51,0.31,0.34,20.53,22.52,11.35,15.18
315,12/25/02,600519,-261.58,-261.65,-261.58,-261.65,1481,3939760,0.19,-261.65,-261.58,-261.65,1.34,0.18,0.34,13.43,25.37,13.86,14.07
316,12/26/02,600519,-261.65,-261.82,-261.64,-261.84,5146,13383935,0.65,-261.82,-261.64,-261.84,1.46,0.18,0.53,12.33,36.3,17.97,16.28
317,12/27/02,600519,-261.82,-261.79,-261.76,-261.86,3390,8693114,0.43,-261.79,-261.76,-261.86,1.47,0.18,0.52,12.24,35.37,25.14,19.65
318,12/30/02,600519,-261.79,-261.85,-261.79,-261.87,3002,7672458,0.38,-261.85,-261.79,-261.87,1.44,0.18,0.47,12.5,32.64,32.1,22.27
319,12/31/02,600519,-261.84,-261.87,-261.8,-261.87,1645,4200254,0.21,-261.87,-261.8,-261.87,1.43,0.18,0.4,12.59,27.97,35.97,24.58
320,1/2/03,600519,-261.86,-262.03,-261.86,-262.04,3565,8921541,0.45,-262.03,-261.86,-262.04,1.51,0.15,0.57,9.93,37.75,44.92,28.13
321,1/3/03,600519,-262.04,-262.04,-261.98,-262.08,1744,4300516,0.22,-262.04,-261.98,-262.08,1.4,0.15,0.53,10.71,37.86,49.1,31.48
322,1/6/03,600519,-262.06,-262.0,-261.99,-262.08,986,2438329,0.13,-262.0,-261.99,-262.08,1.36,0.1,0.53,7.35,38.97,52.26,35.12
323,1/7/03,600519,-262.0,-262.05,-261.98,-262.06,1451,3595101,0.18,-262.05,-261.98,-262.06,1.36,0.08,0.53,5.88,38.97,56.46,40.8
324,1/8/03,600519,-261.97,-261.91,-261.91,-262.04,1768,4438021,0.22,-261.91,-261.91,-262.04,1.45,0.15,0.53,10.34,36.55,58.34,45.22
325,1/9/03,600519,-261.91,-261.86,-261.82,-261.97,2603,6616310,0.33,-261.86,-261.82,-261.97,1.54,0.24,0.48,15.58,31.17,57.58,46.77
326,1/10/03,600519,-261.86,-261.88,-261.77,-261.91,2346,6010671,0.3,-261.88,-261.77,-261.91,1.6,0.25,0.48,15.63,30.0,53.1,49.01
327,1/13/03,600519,-261.93,-261.89,-261.86,-261.93,1404,3560912,0.18,-261.89,-261.86,-261.93,1.58,0.22,0.5,13.92,31.65,50.27,49.69
328,1/14/03,600519,-261.89,-261.67,-261.59,-261.93,9588,25012085,1.22,-261.67,-261.59,-261.93,1.81,0.49,0.45,27.07,24.86,39.61,45.94
329,1/15/03,600519,-261.64,-261.6,-261.49,-261.67,11452,30551168,1.46,-261.6,-261.49,-261.67,1.92,0.59,0.45,30.73,23.44,29.55,43.01
330,1/16/03,600519,-261.57,-261.51,-261.5,-261.61,7359,19870062,0.94,-261.51,-261.5,-261.61,1.83,0.59,0.26,32.24,14.21,26.71,42.53
331,1/17/03,600519,-261.49,-261.6,-261.49,-261.61,3795,10187340,0.48,-261.6,-261.49,-261.61,1.85,0.6,0.24,32.43,12.97,28.3,42.94
332,1/20/03,600519,-261.62,-261.63,-261.62,-261.69,2071,5466246,0.26,-261.63,-261.62,-261.69,1.86,0.6,0.31,32.26,16.67,28.36,40.73
333,1/21/03,600519,-261.63,-261.63,-261.53,-261.64,4787,12816356,0.61,-261.63,-261.53,-261.64,1.9,0.69,0.31,36.32,16.32,28.21,39.24
334,1/22/03,600519,-261.64,-261.68,-261.64,-261.69,1633,4309306,0.21,-261.68,-261.64,-261.69,1.78,0.69,0.19,38.76,10.67,36.97,38.29
335,1/23/03,600519,-261.69,-261.68,-261.64,-261.69,2167,5719869,0.28,-261.68,-261.64,-261.69,1.73,0.69,0.15,39.88,8.67,45.44,37.5
336,1/24/03,600519,-261.69,-261.66,-261.65,-261.69,2441,6438339,0.31,-261.66,-261.65,-261.69,1.68,0.69,0.15,41.07,8.93,49.69,38.2
337,1/27/03,600519,-261.68,-261.57,-261.55,-261.68,3956,10571327,0.5,-261.57,-261.55,-261.68,1.73,0.78,0.15,45.09,8.67,53.83,41.07
338,1/28/03,600519,-261.58,-261.57,-261.53,-261.6,3495,9383544,0.44,-261.57,-261.53,-261.6,1.66,0.73,0.15,43.98,9.04,59.51,43.93
339,1/29/03,600519,-261.57,-261.56,-261.53,-261.59,3302,8889672,0.42,-261.56,-261.53,-261.59,1.57,0.64,0.15,40.76,9.55,63.51,45.86
340,2/10/03,600519,-261.56,-261.62,-261.56,-261.64,1694,4508037,0.22,-261.62,-261.56,-261.64,1.51,0.59,0.2,39.07,13.25,62.27,49.62
341,2/11/03,600519,-261.67,-261.61,-261.6,-261.67,822,2174401,0.1,-261.61,-261.6,-261.67,1.51,0.59,0.21,39.07,13.91,59.47,52.46
342,2/12/03,600519,-261.6,-261.56,-261.54,-261.64,1477,3959442,0.19,-261.56,-261.54,-261.64,1.27,0.38,0.21,29.92,16.54,53.56,51.62
343,2/13/03,600519,-261.56,-261.61,-261.54,-261.61,2718,7302546,0.35,-261.61,-261.54,-261.61,1.16,0.28,0.21,24.14,18.1,44.65,49.24
344,2/14/03,600519,-261.62,-261.56,-261.54,-261.62,1905,5111392,0.24,-261.56,-261.54,-261.62,1.13,0.28,0.22,24.78,19.47,35.67,47.59
345,2/17/03,600519,-261.6,-261.63,-261.55,-261.64,1568,4181515,0.2,-261.63,-261.55,-261.64,1.1,0.27,0.24,24.55,21.82,26.31,44.91
346,2/18/03,600519,-261.64,-261.64,-261.62,-261.66,1048,2772836,0.13,-261.64,-261.62,-261.66,1.05,0.27,0.18,25.71,17.14,21.41,41.84
347,2/19/03,600519,-261.64,-261.62,-261.62,-261.65,1030,2732606,0.13,-261.62,-261.62,-261.65,0.97,0.18,0.18,18.56,18.56,13.5,36.48
348,2/20/03,600519,-261.62,-261.6,-261.58,-261.63,851,2269016,0.11,-261.6,-261.58,-261.63,0.96,0.22,0.13,22.92,13.54,12.98,33.27
349,2/21/03,600519,-261.64,-261.67,-261.62,-261.71,2269,5978463,0.29,-261.67,-261.62,-261.71,1.02,0.22,0.21,21.57,20.59,10.99,27.82
350,2/24/03,600519,-261.64,-261.68,-261.64,-261.71,616,1625901,0.08,-261.68,-261.64,-261.71,1.05,0.22,0.21,20.95,20.0,9.37,22.52
351,2/25/03,600519,-261.69,-261.56,-261.55,-261.69,1879,4998648,0.24,-261.56,-261.55,-261.69,1.06,0.21,0.21,19.81,19.81,8.39,17.35
352,2/26/03,600519,-261.54,-261.6,-261.52,-261.6,1082,2904654,0.14,-261.6,-261.52,-261.6,1.07,0.22,0.21,20.56,19.63,5.45,13.43
353,2/27/03,600519,-261.59,-261.59,-261.54,-261.63,1698,4531823,0.22,-261.59,-261.54,-261.63,1.1,0.22,0.24,20.0,21.82,6.17,9.84
354,2/28/03,600519,-261.56,-261.58,-261.56,-261.62,1360,3636053,0.17,-261.58,-261.56,-261.62,1.08,0.22,0.19,20.37,17.59,3.11,8.04
355,3/3/03,600519,-261.56,-261.45,-261.43,-261.56,6001,16398104,0.76,-261.45,-261.43,-261.56,1.16,0.35,0.16,30.17,13.79,8.93,9.96
356,3/4/03,600519,-261.45,-261.47,-261.44,-261.52,1910,5200922,0.24,-261.47,-261.44,-261.52,1.14,0.29,0.16,25.44,14.04,13.36,11.37
357,3/5/03,600519,-261.47,-261.35,-261.32,-261.51,9405,26031534,1.2,-261.35,-261.32,-261.51,1.26,0.41,0.16,32.54,12.7,20.67,14.53
358,3/6/03,600519,-261.34,-261.42,-261.34,-261.46,4508,12426005,0.57,-261.42,-261.34,-261.46,1.3,0.41,0.15,31.54,11.54,28.02,16.73
359,3/7/03,600519,-261.42,-261.47,-261.4,-261.49,2475,6781984,0.31,-261.47,-261.4,-261.49,1.3,0.41,0.16,31.54,12.31,34.6,20.39
360,3/10/03,600519,-261.46,-261.55,-261.44,-261.56,3103,8423721,0.39,-261.55,-261.44,-261.56,1.38,0.41,0.21,29.71,15.22,38.76,20.93
361,3/11/03,600519,-261.57,-261.58,-261.55,-261.63,1964,5253243,0.25,-261.58,-261.55,-261.63,1.43,0.41,0.28,28.67,19.58,35.69,22.31
362,3/12/03,600519,-261.58,-261.56,-261.55,-261.62,1177,3146322,0.15,-261.56,-261.55,-261.62,1.45,0.37,0.28,25.52,19.31,33.18,23.27
363,3/13/03,600519,-261.56,-261.55,-261.48,-261.57,1998,5398370,0.25,-261.55,-261.48,-261.57,1.43,0.44,0.2,30.77,13.99,32.12,26.39
364,3/14/03,600519,-261.56,-261.57,-261.55,-261.59,2756,7388968,0.35,-261.57,-261.55,-261.59,1.4,0.44,0.22,31.43,15.71,29.94,28.98
365,3/17/03,600519,-261.58,-261.62,-261.58,-261.64,4693,12465705,0.6,-261.62,-261.58,-261.64,1.33,0.35,0.27,26.32,20.3,24.78,29.69
366,3/18/03,600519,-261.62,-261.69,-261.6,-261.72,3148,8320204,0.4,-261.69,-261.6,-261.72,1.37,0.32,0.35,23.36,25.55,20.15,29.45
367,3/19/03,600519,-261.75,-261.77,-261.69,-261.78,3398,8841844,0.43,-261.77,-261.69,-261.78,1.37,0.32,0.38,23.36,27.74,18.44,27.06
368,3/20/03,600519,-261.75,-261.75,-261.66,-261.77,1968,5120173,0.25,-261.75,-261.66,-261.77,1.42,0.35,0.38,24.65,26.76,16.82,25.0
369,3/21/03,600519,-261.75,-261.66,-261.65,-261.75,2021,5285370,0.26,-261.66,-261.65,-261.75,1.37,0.23,0.38,16.79,27.74,14.66,23.39
370,3/24/03,600519,-261.66,-261.68,-261.64,-261.71,1719,4522748,0.22,-261.68,-261.64,-261.71,1.36,0.24,0.38,17.65,27.94,12.87,21.41
371,3/25/03,600519,-261.7,-261.75,-261.68,-261.77,2062,5372767,0.26,-261.75,-261.68,-261.77,1.26,0.12,0.44,9.52,34.92,20.25,22.51
372,3/26/03,600519,-261.75,-261.82,-261.65,-261.86,3590,9202596,0.46,-261.82,-261.65,-261.86,1.35,0.12,0.53,8.89,39.26,30.01,25.08
373,3/27/03,600519,-261.82,-261.72,-261.69,-261.88,2106,5430724,0.27,-261.72,-261.69,-261.88,1.45,0.12,0.52,8.28,35.86,39.0,28.72
374,3/28/03,600519,-261.71,-261.74,-261.7,-261.75,3811,9946659,0.48,-261.74,-261.7,-261.75,1.38,0.12,0.45,8.7,32.61,47.96,32.39
375,3/31/03,600519,-261.75,-261.74,-261.72,-261.76,3047,7935303,0.39,-261.74,-261.72,-261.76,1.34,0.12,0.39,8.96,29.1,52.69,33.68
376,4/1/03,600519,-261.74,-261.7,-261.7,-261.76,3730,9730810,0.47,-261.7,-261.7,-261.76,1.33,0.14,0.39,10.53,29.32,56.79,34.83
377,4/2/03,600519,-261.71,-261.68,-261.65,-261.72,3713,9769605,0.47,-261.68,-261.65,-261.72,1.31,0.12,0.39,9.16,29.77,56.09,38.17
378,4/3/03,600519,-261.66,-261.69,-261.64,-261.7,5194,13726384,0.66,-261.69,-261.64,-261.7,1.33,0.13,0.37,9.77,27.82,53.57,41.79
379,4/4/03,600519,-261.69,-261.75,-261.69,-261.76,4985,12980379,0.63,-261.75,-261.69,-261.76,1.33,0.13,0.38,9.77,28.57,51.33,45.16
380,4/7/03,600519,-261.75,-261.82,-261.75,-261.84,4462,11509954,0.57,-261.82,-261.75,-261.84,1.3,0.13,0.38,10.0,29.23,49.85,48.91
381,4/8/03,600519,-261.82,-261.84,-261.82,-261.89,6113,15568085,0.78,-261.84,-261.82,-261.89,1.28,0.13,0.37,10.16,28.91,49.03,50.86
382,4/9/03,600519,-261.84,-261.75,-261.74,-261.89,10124,26059689,1.29,-261.75,-261.74,-261.89,1.32,0.18,0.37,13.64,28.03,46.92,51.85
383,4/10/03,600519,-261.75,-261.77,-261.73,-261.84,10789,27753599,1.37,-261.77,-261.73,-261.84,1.33,0.18,0.37,13.53,27.82,43.86,49.97
384,4/11/03,600519,-261.78,-261.65,-261.64,-261.78,29967,78671196,3.81,-261.65,-261.64,-261.78,1.4,0.26,0.37,18.57,26.43,38.77,46.17
385,4/14/03,600519,-261.62,-261.52,-261.49,-261.62,12612,33863674,1.6,-261.52,-261.49,-261.62,1.47,0.41,0.31,27.89,21.09,32.91,42.12
386,4/15/03,600519,-261.51,-261.54,-261.49,-261.62,7798,20927730,0.99,-261.54,-261.49,-261.62,1.39,0.41,0.22,29.5,15.83,29.77,39.81
387,4/16/03,600519,-261.54,-261.64,-261.45,-261.66,17017,45879208,2.16,-261.64,-261.45,-261.66,1.41,0.41,0.2,29.08,14.18,27.5,38.26
388,4/17/03,600519,-261.63,-261.69,-261.6,-261.7,7599,20049212,0.97,-261.69,-261.6,-261.7,1.46,0.41,0.24,28.08,16.44,26.11,36.51
389,4/18/03,600519,-261.68,-261.67,-261.58,-261.68,5339,14169319,0.68,-261.67,-261.58,-261.68,1.53,0.43,0.23,28.1,15.03,25.4,34.63
390,4/21/03,600519,-261.68,-261.85,-261.66,-261.86,11302,29053506,1.44,-261.85,-261.66,-261.86,1.67,0.41,0.41,24.55,24.55,22.49,30.63
391,4/22/03,600519,-261.85,-261.87,-261.8,-261.87,5131,13111434,0.65,-261.87,-261.8,-261.87,1.67,0.36,0.42,21.56,25.15,21.46,27.18
392,4/23/03,600519,-261.87,-261.96,-261.85,-261.97,5817,14679641,0.74,-261.96,-261.85,-261.97,1.73,0.35,0.52,20.23,30.06,19.69,24.73
393,4/24/03,600519,-261.96,-262.03,-261.94,-262.04,9749,24258559,1.24,-262.03,-261.94,-262.04,1.76,0.35,0.53,19.89,30.11,17.36,22.43
394,4/25/03,600519,-262.0,-261.98,-261.89,-262.01,7008,17541876,0.89,-261.98,-261.89,-262.01,1.81,0.4,0.45,22.1,24.86,13.98,20.04
395,4/28/03,600519,-261.98,-261.94,-261.93,-262.08,7845,19413811,1.0,-261.94,-261.93,-262.08,1.89,0.4,0.47,21.16,24.87,10.27,17.83
396,4/29/03,600519,-261.89,-262.02,-261.89,-262.08,9841,24464578,1.25,-262.02,-261.89,-262.08,1.93,0.36,0.47,18.65,24.35,12.48,17.48
397,4/30/03,600519,-262.01,-261.93,-261.87,-262.03,13499,33816176,1.72,-261.93,-261.87,-262.03,1.98,0.37,0.47,18.69,23.74,13.18,17.32
398,5/12/03,600519,-261.93,-261.98,-261.89,-261.98,7351,18413860,0.93,-261.98,-261.89,-261.98,1.93,0.28,0.47,14.51,24.35,14.15,16.92
399,5/13/03,600519,-261.97,-262.26,-261.97,-262.27,15235,36698786,1.94,-262.26,-261.97,-262.27,2.07,0.13,0.76,6.28,36.71,22.53,19.95
400,5/14/03,600519,-262.24,-262.23,-262.19,-262.28,9342,22223327,1.19,-262.23,-262.19,-262.28,2.03,0.13,0.77,6.4,37.93,33.41,23.69
401,5/15/03,600519,-262.21,-262.07,-262.06,-262.23,10417,25192950,1.32,-262.07,-262.06,-262.23,1.99,0.26,0.77,13.07,38.69,40.32,25.29
402,5/16/03,600519,-262.06,-262.1,-262.04,-262.17,9658,23550103,1.23,-262.1,-262.04,-262.17,2.02,0.28,0.73,13.86,36.14,45.53,29.01
403,5/19/03,600519,-262.08,-261.96,-261.91,-262.08,12899,32321424,1.64,-261.96,-261.91,-262.08,2.1,0.39,0.73,18.57,34.76,48.61,30.89
404,5/20/03,600519,-261.97,-262.03,-261.96,-262.05,5148,12771620,0.65,-262.03,-261.96,-262.05,1.99,0.39,0.55,19.6,27.64,47.22,30.68
405,5/21/03,600519,-262.03,-262.04,-261.95,-262.04,3164,7874689,0.4,-262.04,-261.95,-262.04,2.01,0.4,0.54,19.9,26.87,37.91,30.22
406,5/22/03,600519,-262.06,-261.99,-261.97,-262.06,3099,7672879,0.39,-261.99,-261.97,-262.06,1.98,0.4,0.46,20.2,23.23,27.22,30.31
407,5/23/03,600519,-261.99,-262.03,-261.99,-262.08,6890,17042735,0.88,-262.03,-261.99,-262.08,1.97,0.4,0.41,20.3,20.81,19.17,29.75
408,5/26/03,600519,-262.04,-262.01,-261.95,-262.04,9985,24833946,1.27,-262.01,-261.95,-262.04,1.92,0.39,0.41,20.31,21.35,12.16,28.85
409,5/27/03,600519,-262.0,-262.0,-261.98,-262.05,3623,8973935,0.46,-262.0,-261.98,-262.05,1.84,0.39,0.35,21.2,19.02,8.01,28.31
410,5/28/03,600519,-261.97,-261.94,-261.8,-261.99,9618,24413346,1.22,-261.94,-261.8,-261.99,1.85,0.53,0.35,28.65,18.92,8.58,27.9
411,5/29/03,600519,-261.95,-261.89,-261.84,-261.97,5156,13025241,0.66,-261.89,-261.84,-261.97,1.82,0.51,0.35,28.02,19.23,9.2,23.55
412,5/30/03,600519,-261.81,-261.72,-261.69,-261.87,18181,47295540,2.31,-261.72,-261.69,-261.87,1.93,0.66,0.35,34.2,18.13,13.15,20.18
413,6/2/03,600519,-261.7,-261.74,-261.7,-261.79,6259,16282794,0.8,-261.74,-261.7,-261.79,1.72,0.66,0.06,38.37,3.49,26.83,23.0
414,6/3/03,600519,-261.74,-261.82,-261.72,-261.83,5537,14325999,0.7,-261.82,-261.72,-261.83,1.74,0.66,0.09,37.93,5.17,39.08,25.62
415,6/4/03,600519,-261.83,-261.85,-261.8,-261.9,3996,10206523,0.51,-261.85,-261.8,-261.9,1.67,0.53,0.16,31.74,9.58,47.12,27.56
416,6/5/03,600519,-261.85,-261.85,-261.76,-261.87,6799,17422312,0.86,-261.85,-261.76,-261.87,1.65,0.55,0.16,33.33,9.7,52.86,30.72
417,6/6/03,600519,-261.85,-261.89,-261.84,-261.93,3596,9123796,0.46,-261.89,-261.84,-261.93,1.55,0.42,0.22,27.1,14.19,54.97,32.08
418,6/9/03,600519,-261.89,-261.9,-261.87,-261.92,2436,6174170,0.31,-261.9,-261.87,-261.92,1.51,0.42,0.22,27.81,14.57,55.06,34.11
419,6/10/03,600519,-261.89,-261.87,-261.83,-261.9,1628,4142275,0.21,-261.87,-261.83,-261.9,1.49,0.45,0.22,30.2,14.77,46.9,36.86
420,6/11/03,600519,-261.87,-261.84,-261.83,-261.87,3018,7712445,0.38,-261.84,-261.83,-261.87,1.44,0.45,0.2,31.25,13.89,40.64,39.86
421,6/13/03,600519,-261.84,-261.83,-261.78,-261.85,3200,8241151,0.41,-261.83,-261.78,-261.85,1.42,0.5,0.18,35.21,12.68,39.55,43.33
422,6/16/03,600519,-261.83,-261.9,-261.83,-261.91,2013,5108268,0.26,-261.9,-261.83,-261.91,1.41,0.46,0.24,32.62,17.02,35.63,44.25
423,6/17/03,600519,-261.89,-261.94,-261.88,-261.97,2994,7523686,0.38,-261.94,-261.88,-261.97,1.43,0.46,0.29,32.17,20.28,34.2,44.59
424,6/18/03,600519,-261.94,-261.97,-261.87,-261.98,3185,8004964,0.4,-261.97,-261.87,-261.98,1.34,0.28,0.29,20.9,21.64,29.28,42.17
425,6/19/03,600519,-261.96,-261.99,-261.92,-262.03,3260,8113184,0.41,-261.99,-261.92,-262.03,1.32,0.28,0.34,21.21,25.76,25.17,36.04
426,6/20/03,600519,-261.98,-261.97,-261.93,-262.0,1671,4175134,0.21,-261.97,-261.93,-262.0,1.19,0.13,0.34,10.92,28.57,26.21,33.43
427,6/23/03,600519,-261.97,-261.88,-261.81,-261.98,7811,19907731,0.99,-261.88,-261.81,-261.98,1.27,0.25,0.34,19.69,26.77,20.91,30.23
428,6/24/03,600519,-261.88,-261.87,-261.84,-261.91,1694,4313862,0.22,-261.87,-261.84,-261.91,1.23,0.25,0.3,20.33,24.39,17.19,26.41
429,6/25/03,600519,-261.87,-261.87,-261.77,-261.89,4205,10783228,0.53,-261.87,-261.77,-261.89,1.25,0.32,0.23,25.6,18.4,16.14,25.17
430,6/26/03,600519,-261.87,-261.93,-261.83,-262.01,4477,11265141,0.57,-261.93,-261.83,-262.01,1.32,0.28,0.35,21.21,26.52,17.7,23.49
431,6/27/03,600519,-261.93,-261.98,-261.88,-261.99,2720,6835321,0.35,-261.98,-261.88,-261.99,1.34,0.28,0.29,20.9,21.64,16.38,20.78
432,6/30/03,600519,-261.97,-261.98,-261.95,-261.98,3520,8803181,0.45,-261.98,-261.95,-261.98,1.32,0.28,0.29,21.21,21.97,9.22,17.72
433,7/1/03,600519,-261.99,-261.92,-261.91,-261.99,4886,12302828,0.62,-261.92,-261.91,-261.99,1.33,0.28,0.29,21.05,21.8,6.97,13.94
434,7/2/03,600519,-261.93,-261.95,-261.93,-261.97,1337,3354437,0.17,-261.95,-261.93,-261.97,1.34,0.28,0.29,20.9,21.64,5.75,11.47
435,7/3/03,600519,-261.94,-261.96,-261.92,-261.99,2879,7192931,0.37,-261.96,-261.92,-261.99,1.34,0.23,0.31,17.16,23.13,5.49,10.81
436,7/4/03,600519,-261.97,-261.97,-261.94,-261.98,2197,5492526,0.28,-261.97,-261.94,-261.98,1.3,0.23,0.25,17.69,19.23,4.33,11.01
437,7/7/03,600519,-261.97,-262.0,-261.95,-262.01,1670,4154239,0.21,-262.0,-261.95,-262.01,1.27,0.23,0.22,18.11,17.32,4.41,10.39
438,7/8/03,600519,-261.98,-261.93,-261.93,-261.99,2272,5693893,0.29,-261.93,-261.93,-261.99,1.23,0.25,0.22,20.33,17.89,5.18,7.2
439,7/9/03,600519,-261.94,-261.96,-261.93,-261.98,1484,3722710,0.19,-261.96,-261.93,-261.98,1.17,0.25,0.17,21.37,14.53,8.06,7.52
440,7/10/03,600519,-261.93,-261.83,-261.81,-261.96,6288,16057693,0.8,-261.83,-261.81,-261.96,1.25,0.37,0.17,29.6,13.6,13.95,9.85
441,7/11/03,600519,-261.82,-261.82,-261.78,-261.84,5764,14825594,0.73,-261.82,-261.78,-261.84,1.14,0.28,0.17,24.56,14.91,15.55,10.52
442,7/14/03,600519,-261.75,-261.67,-261.62,-261.81,8674,20533771,1.0,-261.67,-261.62,-261.81,1.27,0.44,0.17,34.65,13.39,22.23,13.28
443,7/15/03,600519,-261.69,-261.65,-261.57,-261.72,6661,15884705,0.77,-261.65,-261.57,-261.72,1.3,0.42,0.17,32.31,13.08,28.92,16.67
444,7/16/03,600519,-261.64,-261.61,-261.57,-261.65,7796,18717481,0.9,-261.61,-261.57,-261.65,1.2,0.42,0.05,35.0,4.17,40.98,23.08
445,7/17/03,600519,-261.61,-261.57,-261.5,-261.62,9978,24185340,1.15,-261.57,-261.5,-261.62,1.21,0.49,0.05,40.5,4.13,51.39,29.73
446,7/18/03,600519,-261.57,-261.71,-261.55,-261.74,9630,23126678,1.11,-261.71,-261.55,-261.74,1.37,0.49,0.17,35.77,12.41,53.29,33.62
447,7/21/03,600519,-261.74,-261.69,-261.67,-261.77,7112,16722758,0.82,-261.69,-261.67,-261.77,1.39,0.45,0.2,32.37,14.39,55.63,35.59
448,7/22/03,600519,-261.71,-261.66,-261.63,-261.71,3109,7381958,0.36,-261.66,-261.63,-261.71,1.42,0.49,0.2,34.51,14.08,55.26,38.75
449,7/23/03,600519,-261.66,-261.66,-261.63,-261.72,5592,13316655,0.65,-261.66,-261.63,-261.72,1.44,0.49,0.19,34.03,13.19,55.55,42.24
450,7/24/03,600519,-261.66,-261.7,-261.66,-261.72,1451,3437577,0.17,-261.7,-261.66,-261.72,1.46,0.49,0.19,33.56,13.01,49.78,45.38
451,7/25/03,600519,-261.7,-261.79,-261.69,-261.83,2876,6717751,0.33,-261.79,-261.69,-261.83,1.54,0.49,0.27,31.82,17.53,41.03,46.21
452,7/28/03,600519,-261.78,-261.81,-261.77,-261.81,1885,4383607,0.22,-261.81,-261.77,-261.81,1.51,0.47,0.27,31.13,17.88,37.45,45.37
453,7/29/03,600519,-261.78,-261.77,-261.74,-261.81,1304,3043368,0.15,-261.77,-261.74,-261.81,1.53,0.5,0.27,32.68,17.65,36.02,45.82
454,7/30/03,600519,-261.72,-261.78,-261.72,-261.82,2731,6375509,0.32,-261.78,-261.72,-261.82,1.48,0.4,0.27,27.03,18.24,32.25,43.75
455,7/31/03,600519,-261.78,-261.83,-261.78,-261.88,2249,5205478,0.26,-261.83,-261.78,-261.88,1.52,0.37,0.33,24.34,21.71,25.85,40.7
456,8/1/03,600519,-261.86,-261.89,-261.83,-261.92,3256,7459787,0.38,-261.89,-261.83,-261.92,1.41,0.21,0.37,14.89,26.24,23.09,36.44
457,8/4/03,600519,-261.91,-261.89,-261.89,-261.96,2710,6168033,0.31,-261.89,-261.89,-261.96,1.33,0.16,0.41,12.03,30.83,25.58,33.3
458,8/5/03,600519,-261.89,-261.84,-261.84,-261.92,1930,4411194,0.22,-261.84,-261.84,-261.92,1.33,0.21,0.41,15.79,30.83,26.45,31.95
459,8/6/03,600519,-261.84,-261.81,-261.81,-261.88,2284,5272928,0.26,-261.81,-261.81,-261.88,1.28,0.17,0.41,13.28,32.03,28.37,32.19
460,8/7/03,600519,-261.86,-261.86,-261.84,-261.88,751,1725955,0.09,-261.86,-261.84,-261.88,1.16,0.17,0.29,14.66,25.0,29.48,30.86
461,8/8/03,600519,-261.88,-261.91,-261.85,-261.93,1865,4268481,0.22,-261.91,-261.85,-261.93,1.14,0.17,0.31,14.91,27.19,33.39,29.62
462,8/11/03,600519,-261.96,-261.93,-261.91,-261.96,996,2260732,0.12,-261.93,-261.91,-261.96,1.11,0.13,0.34,11.71,30.63,36.24,29.66
463,8/12/03,600519,-261.92,-261.86,-261.84,-261.92,752,1725279,0.09,-261.86,-261.84,-261.92,1.11,0.2,0.33,18.02,29.73,33.02,29.3
464,8/13/03,600519,-261.89,-261.87,-261.86,-261.89,1803,4138095,0.21,-261.87,-261.86,-261.89,1.08,0.2,0.33,18.52,30.56,31.73,29.09
465,8/14/03,600519,-261.91,-261.91,-261.86,-261.92,1907,4369482,0.22,-261.91,-261.86,-261.92,1.0,0.2,0.25,20.0,25.0,26.68,27.53
466,8/15/03,600519,-261.91,-261.91,-261.89,-261.92,928,2117303,0.11,-261.91,-261.89,-261.92,0.99,0.2,0.25,20.2,25.25,24.19,26.83
467,8/18/03,600519,-261.91,-261.92,-261.9,-261.93,890,2029145,0.1,-261.92,-261.9,-261.93,0.95,0.17,0.26,17.89,27.37,22.81,28.1
468,8/19/03,600519,-261.92,-261.91,-261.89,-261.94,1141,2595147,0.13,-261.91,-261.89,-261.94,0.9,0.15,0.26,16.67,28.89,19.84,28.04
469,8/20/03,600519,-261.91,-261.94,-261.91,-261.96,869,1967310,0.1,-261.94,-261.91,-261.96,0.85,0.15,0.22,17.65,25.88,18.9,25.96
470,8/21/03,600519,-261.95,-262.05,-261.91,-262.34,4551,9879703,0.53,-262.05,-261.91,-262.34,1.19,0.15,0.56,12.61,47.06,24.44,28.08
471,8/22/03,600519,-262.05,-262.16,-262.0,-262.17,3865,8446625,0.45,-262.16,-262.0,-262.17,1.29,0.15,0.52,11.63,40.31,31.79,29.24
472,8/25/03,600519,-262.2,-262.26,-262.19,-262.27,2345,5036822,0.27,-262.26,-262.19,-262.27,1.32,0.1,0.62,7.58,46.97,41.98,33.08
473,8/26/03,600519,-262.26,-262.26,-262.22,-262.27,1001,2141565,0.12,-262.26,-262.22,-262.27,1.3,0.07,0.62,5.38,47.69,51.78,37.3
474,8/27/03,600519,-262.26,-262.13,-261.87,-262.26,4246,9547143,0.49,-262.13,-261.87,-262.26,1.62,0.42,0.62,25.93,38.27,50.51,35.17
475,8/28/03,600519,-262.2,-262.17,-262.11,-262.22,1447,3148383,0.17,-262.17,-262.11,-262.22,1.65,0.42,0.57,25.45,34.55,49.88,34.39
476,8/29/03,600519,-262.16,-262.22,-262.15,-262.27,2752,5896174,0.32,-262.22,-262.15,-262.27,1.72,0.42,0.59,24.42,34.3,43.06,33.75
477,9/1/03,600519,-262.18,-262.14,-262.13,-262.26,4952,10737291,0.57,-262.14,-262.13,-262.26,1.76,0.37,0.59,21.02,33.52,37.68,34.74
478,9/2/03,600519,-262.15,-262.08,-261.98,-262.15,7206,15963063,0.83,-262.08,-261.98,-262.15,1.9,0.52,0.59,27.37,31.05,26.69,34.33
479,9/3/03,600519,-262.08,-262.09,-262.04,-262.13,1161,2555237,0.13,-262.09,-262.04,-262.13,1.93,0.52,0.56,26.94,29.02,14.02,32.9
480,9/4/03,600519,-262.08,-262.13,-262.04,-262.14,1245,2733564,0.14,-262.13,-262.04,-262.14,2.0,0.52,0.57,26.0,28.5,11.58,31.05
481,9/5/03,600519,-262.13,-262.22,-262.13,-262.34,5812,12436931,0.67,-262.22,-262.13,-262.34,2.18,0.52,0.76,23.85,34.86,12.18,31.03
482,9/8/03,600519,-262.27,-262.25,-262.22,-262.3,1814,3877014,0.21,-262.25,-262.22,-262.3,2.21,0.52,0.76,23.53,34.39,12.5,27.78
483,9/9/03,600519,-262.25,-262.25,-262.23,-262.34,3563,7588439,0.41,-262.25,-262.23,-262.34,2.27,0.52,0.78,22.91,34.36,12.02,24.85
484,9/10/03,600519,-262.25,-262.25,-262.14,-262.32,2042,4387546,0.24,-262.25,-262.14,-262.32,2.02,0.61,0.4,30.2,19.8,14.43,20.56
485,9/11/03,600519,-262.24,-262.27,-262.22,-262.27,1010,2160179,0.12,-262.27,-262.22,-262.27,1.9,0.61,0.4,32.11,21.05,17.28,15.65
486,9/12/03,600519,-262.27,-262.29,-262.27,-262.31,2803,5941702,0.32,-262.29,-262.27,-262.31,1.83,0.61,0.34,33.33,18.58,21.25,16.42
487,9/15/03,600519,-262.29,-262.32,-262.26,-262.34,2649,5601667,0.31,-262.32,-262.26,-262.34,1.86,0.61,0.37,32.8,19.89,22.21,17.2
488,9/16/03,600519,-262.32,-262.31,-262.27,-262.39,1812,3803937,0.21,-262.31,-262.27,-262.39,1.59,0.26,0.42,16.35,26.42,23.0,17.75
489,9/17/03,600519,-262.28,-262.34,-262.26,-262.34,6789,14360717,0.78,-262.34,-262.26,-262.34,1.56,0.27,0.42,17.31,26.92,23.29,17.66
490,9/18/03,600519,-262.37,-262.34,-262.32,-262.37,1196,2508659,0.14,-262.34,-262.32,-262.37,1.49,0.27,0.4,18.12,26.85,23.06,18.75
491,9/19/03,600519,-262.35,-262.35,-262.32,-262.36,3830,8044199,0.44,-262.35,-262.32,-262.36,1.4,0.25,0.4,17.86,28.57,23.44,20.36
492,9/22/03,600519,-262.32,-262.37,-262.32,-262.39,1187,2488640,0.14,-262.37,-262.32,-262.39,1.3,0.1,0.43,7.69,33.08,29.08,25.17
493,9/23/03,600519,-262.37,-262.37,-262.34,-262.41,956,1991592,0.11,-262.37,-262.34,-262.41,1.28,0.1,0.45,7.81,35.16,35.61,28.91
494,9/24/03,600519,-262.3,-262.29,-262.29,-262.37,2285,4821609,0.26,-262.29,-262.29,-262.37,1.26,0.15,0.44,11.9,34.92,39.88,31.44
495,9/25/03,600519,-262.29,-262.29,-262.29,-262.35,2138,4498042,0.25,-262.29,-262.29,-262.35,1.11,0.15,0.24,13.51,21.62,40.1,31.7
496,9/26/03,600519,-262.3,-262.29,-262.25,-262.34,2655,5638160,0.31,-262.29,-262.25,-262.34,1.12,0.19,0.24,16.96,21.43,38.81,30.93
497,9/29/03,600519,-262.32,-262.32,-262.3,-262.33,1888,3986232,0.22,-262.32,-262.3,-262.33,1.05,0.19,0.2,18.1,19.05,35.39,29.42
498,9/30/03,600519,-262.31,-262.29,-262.25,-262.31,1443,3068648,0.17,-262.29,-262.25,-262.31,0.94,0.15,0.2,15.96,21.28,27.39,28.24
499,10/8/03,600519,-262.31,-262.28,-262.27,-262.34,852,1802810,0.1,-262.28,-262.27,-262.34,0.96,0.15,0.23,15.62,23.96,20.29,27.95
500,10/9/03,600519,-262.29,-262.29,-262.27,-262.32,1135,2406369,0.13,-262.29,-262.27,-262.32,0.97,0.15,0.19,15.46,19.59,14.06,26.97
501,10/10/03,600519,-262.31,-262.2,-262.19,-262.32,1337,2869291,0.15,-262.2,-262.19,-262.32,1.02,0.23,0.16,22.55,15.69,13.21,26.65
502,10/13/03,600519,-262.2,-262.19,-262.17,-262.25,1620,3500004,0.19,-262.19,-262.17,-262.25,0.98,0.25,0.11,25.51,11.22,17.75,28.28
503,10/14/03,600519,-262.2,-262.18,-262.17,-262.24,1792,3875773,0.21,-262.18,-262.17,-262.24,0.97,0.24,0.11,24.74,11.34,23.51,29.45
504,10/15/03,600519,-262.16,-262.18,-262.14,-262.19,1161,2523298,0.13,-262.18,-262.14,-262.19,0.97,0.27,0.08,27.84,8.25,30.18,28.79
505,10/16/03,600519,-262.18,-262.23,-262.16,-262.25,1490,3206207,0.17,-262.23,-262.16,-262.25,1.02,0.27,0.14,26.47,13.73,31.96,26.12
506,10/17/03,600519,-262.23,-262.26,-262.23,-262.27,823,1759531,0.1,-262.26,-262.23,-262.27,0.99,0.27,0.13,27.27,13.13,35.83,24.95
507,10/20/03,600519,-262.25,-262.26,-262.22,-262.27,928,1986082,0.11,-262.26,-262.22,-262.27,0.97,0.28,0.11,28.87,11.34,40.1,26.65
508,10/21/03,600519,-262.25,-262.25,-262.21,-262.26,664,1421413,0.08,-262.25,-262.21,-262.26,0.94,0.24,0.11,25.53,11.7,39.81,28.78
509,10/22/03,600519,-262.23,-262.15,-262.13,-262.23,2163,4701448,0.25,-262.15,-262.13,-262.23,1.0,0.32,0.11,32.0,11.0,41.76,32.64
510,10/23/03,600519,-262.15,-262.18,-262.13,-262.18,2252,4898910,0.26,-262.18,-262.13,-262.18,0.96,0.28,0.11,29.17,11.46,39.98,35.08
511,10/24/03,600519,-262.2,-262.22,-262.19,-262.22,971,2091740,0.11,-262.22,-262.19,-262.22,0.96,0.28,0.15,29.17,15.62,39.73,35.84
512,10/27/03,600519,-262.23,-262.29,-262.22,-262.31,3656,7761245,0.42,-262.29,-262.22,-262.31,0.98,0.23,0.24,23.47,24.49,34.25,35.04
513,10/28/03,600519,-262.29,-262.26,-262.19,-262.29,2983,6367834,0.34,-262.26,-262.19,-262.29,1.01,0.26,0.21,25.74,20.79,28.76,34.43
514,10/29/03,600519,-262.26,-262.1,-262.1,-262.26,7085,15341314,0.82,-262.1,-262.1,-262.26,1.12,0.35,0.21,31.25,18.75,26.74,33.27
515,10/30/03,600519,-262.08,-262.08,-262.03,-262.15,9310,20522203,1.08,-262.08,-262.03,-262.15,1.11,0.34,0.21,30.63,18.92,22.54,32.15
516,10/31/03,600519,-261.98,-262.01,-261.98,-262.09,5785,12895253,0.67,-262.01,-261.98,-262.09,1.14,0.37,0.21,32.46,18.42,19.87,29.92
517,11/3/03,600519,-261.94,-261.92,-261.9,-262.02,4878,11043553,0.56,-261.92,-261.9,-262.02,1.19,0.45,0.21,37.82,17.65,20.89,30.31
518,11/4/03,600519,-261.92,-261.78,-261.72,-261.92,15388,35781199,1.78,-261.78,-261.72,-261.92,1.34,0.6,0.21,44.78,15.67,28.56,31.41
519,11/5/03,600519,-261.8,-261.72,-261.66,-261.83,17312,40944023,2.0,-261.72,-261.66,-261.83,1.42,0.66,0.15,46.48,10.56,37.28,33.02
520,11/6/03,600519,-261.7,-261.76,-261.69,-261.79,6274,14718968,0.73,-261.76,-261.69,-261.79,1.48,0.66,0.13,44.59,8.78,44.3,35.52
521,11/7/03,600519,-261.79,-261.88,-261.77,-261.93,7497,17267141,0.87,-261.88,-261.77,-261.93,1.6,0.65,0.27,40.63,16.87,47.24,34.89
522,11/10/03,600519,-261.86,-261.85,-261.82,-261.91,2761,6335394,0.32,-261.85,-261.82,-261.91,1.64,0.64,0.27,39.02,16.46,49.42,34.65
523,11/11/03,600519,-261.85,-261.8,-261.78,-261.87,2602,6018093,0.3,-261.8,-261.78,-261.87,1.61,0.6,0.27,37.27,16.77,49.68,35.29
524,11/12/03,600519,-261.86,-261.86,-261.79,-261.86,2961,6839594,0.34,-261.86,-261.79,-261.86,1.63,0.6,0.27,36.81,16.56,47.98,38.27
525,11/13/03,600519,-261.86,-261.9,-261.83,-261.93,2104,4796537,0.24,-261.9,-261.83,-261.93,1.69,0.6,0.3,35.5,17.75,43.04,40.16
526,11/14/03,600519,-261.91,-261.86,-261.84,-261.95,2274,5200996,0.26,-261.86,-261.84,-261.95,1.71,0.6,0.23,35.09,13.45,39.29,41.79
527,11/17/03,600519,-261.84,-261.87,-261.83,-261.89,1800,4141789,0.21,-261.87,-261.83,-261.89,1.67,0.58,0.23,34.73,13.77,39.61,43.42
528,11/18/03,600519,-261.86,-261.92,-261.86,-261.93,2450,5590828,0.28,-261.92,-261.86,-261.93,1.58,0.49,0.27,31.01,17.09,37.66,43.54
529,11/19/03,600519,-261.92,-261.87,-261.86,-261.96,3147,7192949,0.36,-261.87,-261.86,-261.96,1.56,0.42,0.3,26.92,19.23,34.11,41.9
530,11/20/03,600519,-261.9,-261.85,-261.82,-261.91,4988,11467710,0.58,-261.85,-261.82,-261.91,1.54,0.41,0.3,26.62,19.48,30.37,39.18
531,11/21/03,600519,-261.77,-261.87,-261.77,-261.88,1826,4207140,0.21,-261.87,-261.77,-261.88,1.53,0.38,0.3,24.84,19.61,26.78,34.91
532,11/24/03,600519,-261.84,-261.8,-261.79,-261.91,2498,5751645,0.29,-261.8,-261.79,-261.91,1.45,0.2,0.33,13.79,22.76,23.43,31.36
533,11/25/03,600519,-261.79,-261.82,-261.79,-261.87,3349,7752298,0.39,-261.82,-261.79,-261.87,1.36,0.14,0.33,10.29,24.26,22.97,31.29
534,11/26/03,600519,-261.86,-261.81,-261.8,-261.89,3402,7832142,0.39,-261.81,-261.8,-261.89,1.35,0.14,0.35,10.37,25.93,25.29,31.47
535,11/27/03,600519,-261.84,-261.85,-261.74,-261.88,5847,13553445,0.68,-261.85,-261.74,-261.88,1.32,0.2,0.21,15.15,15.91,22.92,28.51
536,11/28/03,600519,-261.84,-261.87,-261.84,-261.9,3105,7138329,0.36,-261.87,-261.84,-261.9,1.29,0.2,0.23,15.5,17.83,21.5,25.93
537,12/1/03,600519,-261.79,-261.86,-261.79,-261.9,8765,20159528,1.01,-261.86,-261.79,-261.9,1.31,0.21,0.23,16.03,17.56,20.3,23.54
538,12/2/03,600519,-261.82,-261.82,-261.8,-261.86,6944,16075321,0.8,-261.82,-261.8,-261.86,1.3,0.21,0.23,16.15,17.69,16.96,20.2
539,12/3/03,600519,-261.8,-261.74,-261.67,-261.82,13572,31788191,1.57,-261.74,-261.67,-261.82,1.35,0.34,0.16,25.19,11.85,16.23,19.6
540,12/4/03,600519,-261.73,-261.76,-261.7,-261.79,8160,19152457,0.94,-261.76,-261.7,-261.79,1.33,0.34,0.14,25.56,10.53,16.03,20.66
541,12/5/03,600519,-261.77,-261.65,-261.64,-261.79,20336,48018185,2.35,-261.65,-261.64,-261.79,1.42,0.39,0.14,27.46,9.86,23.48,23.2
542,12/8/03,600519,-261.64,-261.7,-261.64,-261.72,3533,8392000,0.41,-261.7,-261.64,-261.72,1.43,0.39,0.1,27.27,6.99,32.19,26.84
543,12/9/03,600519,-261.7,-261.73,-261.68,-261.75,3796,8935849,0.44,-261.73,-261.68,-261.75,1.4,0.39,0.1,27.86,7.14,41.29,30.79
544,12/10/03,600519,-261.67,-261.69,-261.67,-261.74,5360,12660246,0.62,-261.69,-261.67,-261.74,1.38,0.36,0.1,26.09,7.25,49.95,33.46
545,12/11/03,600519,-261.68,-261.73,-261.66,-261.74,4640,10986759,0.54,-261.73,-261.66,-261.74,1.35,0.32,0.1,23.7,7.41,52.68,34.46
546,12/12/03,600519,-261.73,-261.74,-261.72,-261.75,1932,4539656,0.22,-261.74,-261.72,-261.75,1.26,0.32,0.08,25.4,6.35,55.74,35.88
547,12/15/03,600519,-261.74,-261.72,-261.7,-261.76,1862,4392702,0.22,-261.72,-261.7,-261.76,1.24,0.34,0.08,27.42,6.45,58.2,40.84
548,12/16/03,600519,-261.72,-261.73,-261.69,-261.81,3332,7816685,0.39,-261.73,-261.69,-261.81,1.27,0.34,0.11,26.77,8.66,56.85,44.52
549,12/17/03,600519,-261.72,-261.62,-261.55,-261.72,8283,19926940,0.96,-261.62,-261.55,-261.72,1.31,0.42,0.11,32.06,8.4,56.73,49.01
550,12/18/03,600519,-261.62,-261.57,-261.56,-261.67,5708,13788180,0.66,-261.57,-261.56,-261.67,1.36,0.42,0.09,30.88,6.62,58.1,54.03
551,12/19/03,600519,-261.56,-261.62,-261.56,-261.67,5827,14005567,0.67,-261.62,-261.56,-261.67,1.36,0.37,0.09,27.21,6.62,59.51,56.1
552,12/22/03,600519,-261.62,-261.51,-261.5,-261.69,6254,15017997,0.72,-261.51,-261.5,-261.69,1.49,0.43,0.09,28.86,6.04,60.41,58.08
553,12/23/03,600519,-261.51,-261.47,-261.41,-261.56,10334,25513368,1.19,-261.47,-261.41,-261.56,1.49,0.39,0.09,26.17,6.04,60.51,59.35
554,12/24/03,600519,-261.46,-261.33,-261.31,-261.5,7043,17578282,0.81,-261.33,-261.31,-261.5,1.59,0.49,0.09,30.82,5.66,63.49,60.17
555,12/25/03,600519,-261.33,-261.37,-261.31,-261.38,7431,18686453,0.86,-261.37,-261.31,-261.38,1.51,0.43,0.09,28.48,5.96,64.64,60.68
556,12/26/03,600519,-261.38,-261.31,-261.27,-261.4,5153,12938394,0.6,-261.31,-261.27,-261.4,1.56,0.47,0.09,30.13,5.77,65.16,61.63
557,12/30/03,600519,-261.34,-261.26,-261.22,-261.43,4138,10461733,0.48,-261.26,-261.22,-261.43,1.7,0.52,0.06,30.59,3.53,68.23,63.87
558,12/31/03,600519,-261.26,-261.28,-261.26,-261.32,5511,13951355,0.64,-261.28,-261.26,-261.32,1.69,0.51,0.06,30.18,3.55,70.49,65.45
559,1/2/04,600519,-261.38,-261.33,-261.26,-261.38,6514,16401867,0.75,-261.33,-261.26,-261.38,1.73,0.5,0.12,28.9,6.94,70.29,65.4
560,1/5/04,600519,-261.36,-261.04,-261.03,-261.36,8540,22096848,0.99,-261.04,-261.03,-261.36,2.03,0.73,0.11,35.96,5.42,71.1,67.29
561,1/6/04,600519,-261.02,-260.91,-260.85,-261.02,9467,25293426,1.09,-260.91,-260.85,-261.02,2.16,0.89,0.11,41.2,5.09,73.2,68.92
562,1/7/04,600519,-260.93,-260.91,-260.85,-261.06,11336,30614269,1.31,-260.91,-260.85,-261.06,2.25,0.89,0.1,39.56,4.44,75.19,70.18
563,1/8/04,600519,-260.9,-260.8,-260.78,-260.93,8607,23401787,0.99,-260.8,-260.78,-260.93,2.22,0.82,0.1,36.94,4.5,75.02,71.63
564,1/9/04,600519,-260.78,-261.09,-260.78,-261.13,8822,23829502,1.02,-261.09,-260.78,-261.13,2.46,0.82,0.3,33.33,12.2,69.6,70.05
565,1/12/04,600519,-261.14,-261.01,-260.99,-261.18,6491,16933810,0.75,-261.01,-260.99,-261.18,2.54,0.82,0.35,32.28,13.78,66.08,68.19
566,1/13/04,600519,-260.95,-260.75,-260.73,-260.95,13421,36807002,1.55,-260.75,-260.73,-260.95,2.63,1.02,0.35,38.78,13.31,61.93,66.51
567,1/14/04,600519,-260.75,-260.45,-260.38,-260.81,25096,71681040,2.9,-260.45,-260.38,-260.81,2.91,1.28,0.35,43.99,12.03,58.44,65.82
568,1/15/04,600519,-260.54,-260.59,-260.44,-260.65,10171,29112473,1.18,-260.59,-260.44,-260.65,2.93,1.18,0.35,40.27,11.95,54.18,64.69
569,1/16/04,600519,-260.63,-260.54,-260.45,-260.66,7408,21179706,0.86,-260.54,-260.45,-260.66,3.07,1.18,0.36,38.44,11.73,50.01,62.51
570,1/29/04,600519,-260.66,-260.43,-260.41,-260.66,5354,15425466,0.62,-260.43,-260.41,-260.66,3.19,1.18,0.36,36.99,11.29,51.15,60.37
571,1/30/04,600519,-260.43,-260.63,-260.4,-260.63,7785,22429306,0.9,-260.63,-260.4,-260.63,3.21,1.14,0.36,35.51,11.21,53.12,59.6
572,2/2/04,600519,-260.54,-260.44,-260.33,-260.59,31305,90694934,3.62,-260.44,-260.33,-260.59,3.45,1.21,0.36,35.07,10.43,53.99,57.96
573,2/3/04,600519,-260.42,-260.42,-260.38,-260.48,8128,23508437,0.94,-260.42,-260.38,-260.48,3.43,1.21,0.3,35.28,8.75,54.52,56.48
574,2/4/04,600519,-260.42,-260.42,-260.38,-260.46,8646,25042786,1.0,-260.42,-260.38,-260.46,3.18,0.98,0.3,30.82,9.43,54.34,54.26
575,2/5/04,600519,-260.45,-260.61,-260.42,-260.63,9257,26274156,1.07,-260.61,-260.42,-260.63,3.2,0.8,0.47,25.0,14.69,49.79,49.9
576,2/6/04,600519,-260.66,-260.7,-260.51,-260.74,12926,36392591,1.49,-260.7,-260.51,-260.74,3.22,0.8,0.54,24.84,16.77,44.15,47.65
577,2/9/04,600519,-260.69,-260.62,-260.56,-260.73,5778,16136748,0.67,-260.62,-260.56,-260.73,3.24,0.73,0.54,22.53,16.67,37.98,45.55
578,2/10/04,600519,-260.61,-260.71,-260.59,-260.72,2891,8054689,0.33,-260.71,-260.59,-260.72,3.02,0.73,0.34,24.17,11.26,35.03,44.51
579,2/11/04,600519,-260.66,-260.75,-260.66,-260.8,4488,12391205,0.52,-260.75,-260.66,-260.8,2.97,0.73,0.37,24.58,12.46,30.44,42.48
580,2/12/04,600519,-260.73,-260.74,-260.61,-260.78,2231,6196653,0.26,-260.74,-260.61,-260.78,2.86,0.52,0.37,18.18,12.94,24.4,39.37
581,2/13/04,600519,-260.73,-260.68,-260.63,-260.76,2531,7068284,0.29,-260.68,-260.63,-260.76,2.56,0.17,0.37,6.64,14.45,26.24,38.02
582,2/16/04,600519,-260.68,-260.5,-260.49,-260.68,4082,11599148,0.47,-260.5,-260.49,-260.68,2.54,0.31,0.37,12.2,14.57,24.48,34.31
583,2/17/04,600519,-260.48,-260.53,-260.48,-260.53,7236,20708523,0.84,-260.53,-260.48,-260.53,2.38,0.32,0.36,13.45,15.13,22.96,30.47
584,2/18/04,600519,-260.53,-260.39,-260.31,-260.6,9704,28085541,1.12,-260.39,-260.31,-260.6,2.42,0.45,0.36,18.6,14.88,18.74,26.89
585,2/19/04,600519,-260.39,-260.46,-260.38,-260.49,6155,17792327,0.71,-260.46,-260.38,-260.49,2.3,0.44,0.36,19.13,15.65,14.95,22.7
586,2/20/04,600519,-260.51,-260.48,-260.45,-260.56,3256,9294561,0.38,-260.48,-260.45,-260.56,2.11,0.37,0.43,17.54,20.38,13.39,18.89
587,2/23/04,600519,-260.43,-260.66,-260.42,-260.68,4234,11943403,0.49,-260.66,-260.42,-260.68,2.27,0.37,0.55,16.3,24.23,10.48,18.36
588,2/24/04,600519,-260.69,-260.6,-260.56,-260.76,8245,22993324,0.95,-260.6,-260.56,-260.76,2.39,0.37,0.63,15.48,26.36,13.34,18.91
589,2/25/04,600519,-260.6,-260.82,-260.48,-260.83,5596,15651947,0.65,-260.82,-260.48,-260.83,2.53,0.45,0.46,17.79,18.18,12.55,17.75
590,2/26/04,600519,-260.8,-260.6,-260.59,-260.85,10313,28613246,1.19,-260.6,-260.59,-260.85,2.56,0.45,0.37,17.58,14.45,12.32,15.53
591,2/27/04,600519,-260.59,-260.56,-260.56,-260.72,4431,12479813,0.51,-260.56,-260.56,-260.72,2.55,0.48,0.37,18.82,14.51,12.81,13.88
592,3/1/04,600519,-260.57,-260.53,-260.52,-260.65,2938,8324629,0.34,-260.53,-260.52,-260.65,2.55,0.52,0.37,20.39,14.51,14.37,13.88
593,3/2/04,600519,-260.61,-259.9,-259.84,-260.61,25188,75299463,2.91,-259.9,-259.84,-260.61,3.18,1.2,0.29,37.74,9.12,21.29,15.88
594,3/3/04,600519,-259.89,-260.01,-259.79,-260.08,24661,76280342,2.85,-260.01,-259.79,-260.08,3.3,1.2,0.29,36.36,8.79,27.13,20.24
595,3/4/04,600519,-260.04,-260.05,-259.98,-260.11,5718,17429571,0.66,-260.05,-259.98,-260.11,3.3,1.2,0.32,36.36,9.7,36.6,24.57
596,3/5/04,600519,-260.03,-260.03,-259.89,-260.1,4117,12628392,0.48,-260.03,-259.89,-260.1,3.32,1.15,0.32,34.64,9.64,44.38,28.35
597,3/8/04,600519,-260.03,-260.15,-259.93,-260.25,6328,19124563,0.73,-260.15,-259.93,-260.25,3.59,1.14,0.47,31.75,13.09,49.16,30.99
598,3/9/04,600519,-260.15,-260.2,-260.1,-260.24,4492,13474582,0.52,-260.2,-260.1,-260.24,3.44,0.97,0.47,28.2,13.66,52.14,33.25
599,3/10/04,600519,-260.24,-260.09,-260.08,-260.24,3117,9368573,0.36,-260.09,-260.08,-260.24,3.49,0.99,0.47,28.37,13.47,47.9,34.59
600,3/11/04,600519,-260.18,-259.96,-259.96,-260.18,6967,21204913,0.81,-259.96,-259.96,-260.18,3.6,1.11,0.4,30.83,11.11,45.56,36.34
601,3/12/04,600519,-259.7,-259.53,-259.38,-259.8,37852,123629708,4.38,-259.53,-259.38,-259.8,3.92,1.69,0.28,43.11,7.14,47.83,42.22
602,3/15/04,600519,-259.54,-259.35,-259.33,-259.6,18986,62741210,2.19,-259.35,-259.33,-259.6,3.99,1.74,0.2,43.61,5.01,51.65,48.02
603,3/16/04,600519,-259.35,-258.99,-258.87,-259.43,30958,106413222,3.58,-258.99,-258.87,-259.43,4.2,2.12,0.2,50.48,4.76,58.51,53.84
604,3/17/04,600519,-259.02,-258.99,-258.91,-259.14,13411,46683001,1.55,-258.99,-258.91,-259.14,4.17,2.12,0.18,50.84,4.32,66.78,59.46
605,3/18/04,600519,-258.99,-258.98,-258.9,-259.04,15704,55053859,1.82,-258.98,-258.9,-259.04,4.15,2.1,0.18,50.6,4.34,74.88,61.39
606,3/19/04,600519,-258.99,-259.0,-258.89,-259.07,14744,51625581,1.7,-259.0,-258.89,-259.07,4.2,2.06,0.21,49.05,5.0,80.63,63.09
607,3/22/04,600519,-258.97,-259.09,-258.93,-259.09,10206,35526463,1.18,-259.09,-258.93,-259.09,3.59,1.38,0.23,38.44,6.41,80.6,64.22
608,3/23/04,600519,-259.13,-259.26,-259.09,-259.32,13910,47091718,1.61,-259.26,-259.09,-259.32,3.53,1.33,0.46,37.68,13.03,75.47,63.56
609,3/24/04,600519,-259.28,-258.96,-258.92,-259.31,13296,46222270,1.54,-258.96,-258.92,-259.31,3.79,1.5,0.43,39.58,11.35,70.92,64.72
610,3/25/04,600519,-259.01,-259.2,-258.92,-259.24,14931,51190803,1.73,-259.2,-258.92,-259.24,3.9,1.41,0.43,36.15,11.03,65.74,66.26
611,3/26/04,600519,-259.09,-259.04,-259.0,-259.42,17415,59748602,2.01,-259.04,-259.0,-259.42,4.0,1.41,0.46,35.25,11.5,60.17,67.53
612,3/29/04,600519,-259.04,-259.15,-258.84,-259.16,11282,39480878,1.3,-259.15,-258.84,-259.16,4.18,1.57,0.46,37.56,11.0,55.7,68.17
613,3/30/04,600519,-259.16,-259.04,-259.02,-259.2,5877,20288601,0.68,-259.04,-259.02,-259.2,4.2,1.55,0.5,36.9,11.9,52.33,66.47
614,3/31/04,600519,-259.04,-258.96,-258.92,-259.07,7310,25543352,0.84,-258.96,-258.92,-259.07,4.13,1.53,0.5,37.05,12.11,52.69,64.08
615,4/1/04,600519,-259.02,-258.88,-258.85,-259.02,8504,29966660,0.98,-258.88,-258.85,-259.02,3.72,1.02,0.5,27.42,13.44,49.15,60.04
616,4/2/04,600519,-258.89,-258.66,-258.61,-258.89,18818,67825517,2.18,-258.66,-258.61,-258.89,3.73,1.21,0.5,32.44,13.4,47.2,56.47
617,4/5/04,600519,-258.66,-258.43,-258.39,-258.66,18631,68785082,2.15,-258.43,-258.39,-258.66,3.44,0.97,0.5,28.2,14.53,44.06,52.11
618,4/6/04,600519,-258.39,-258.43,-258.39,-258.51,7136,26461490,0.82,-258.43,-258.39,-258.51,3.33,0.97,0.5,29.13,15.02,40.27,47.99
619,4/7/04,600519,-258.43,-258.04,-258.0,-258.43,18692,72038041,2.16,-258.04,-258.0,-258.43,3.62,1.35,0.5,37.29,13.81,39.39,45.86
620,4/8/04,600519,-258.03,-257.65,-257.64,-258.08,15913,63361314,1.84,-257.65,-257.64,-258.08,3.88,1.71,0.47,44.07,12.11,40.42,46.55
621,4/9/04,600519,-257.66,-257.96,-257.66,-257.97,34323,135738045,3.97,-257.96,-257.66,-257.97,4.04,1.71,0.45,42.33,11.14,44.44,46.79
622,4/12/04,600519,-258.03,-258.07,-257.89,-258.18,10272,39974344,1.19,-258.07,-257.89,-258.18,4.1,1.71,0.43,41.71,10.49,47.49,47.34
623,4/13/04,600519,-258.03,-257.97,-257.91,-258.1,15524,60506087,1.79,-257.97,-257.91,-258.1,3.9,1.54,0.43,39.49,11.03,51.55,47.8
624,4/14/04,600519,-258.04,-258.21,-258.01,-258.35,15544,59198319,1.8,-258.21,-258.01,-258.35,3.96,1.54,0.68,38.89,17.17,52.68,46.47
625,4/15/04,600519,-258.25,-258.26,-258.1,-258.3,5959,22690028,0.69,-258.26,-258.1,-258.3,3.74,1.54,0.5,41.18,13.37,53.52,46.45
626,4/16/04,600519,-258.29,-258.25,-258.13,-258.39,4498,17042489,0.52,-258.25,-258.13,-258.39,3.68,1.38,0.59,37.5,16.03,50.72,45.57
627,4/19/04,600519,-258.25,-258.53,-258.25,-258.54,5897,22127813,0.68,-258.53,-258.25,-258.54,3.79,1.38,0.7,36.41,18.47,46.45,45.44
628,4/20/04,600519,-258.54,-258.44,-258.37,-258.66,7706,28305520,0.89,-258.44,-258.37,-258.66,3.93,1.28,0.82,32.57,20.87,40.13,43.81
629,4/21/04,600519,-258.4,-258.58,-258.37,-258.68,3994,14703155,0.46,-258.58,-258.37,-258.68,4.07,1.21,0.84,29.73,20.64,33.74,42.65
630,4/22/04,600519,-258.61,-258.59,-258.54,-258.68,8252,30019962,0.95,-258.59,-258.54,-258.68,3.93,0.97,0.84,24.68,21.37,28.49,40.58
631,4/23/04,600519,-258.63,-258.55,-258.54,-258.68,8065,29417711,0.93,-258.55,-258.54,-258.68,3.8,0.75,0.84,19.74,22.11,20.93,37.22
632,4/26/04,600519,-258.6,-258.44,-258.4,-258.63,6603,24414409,0.76,-258.44,-258.4,-258.63,3.91,0.89,0.84,22.76,21.48,14.73,32.72
633,4/27/04,600519,-258.43,-258.27,-258.01,-258.43,20597,78913119,2.38,-258.27,-258.01,-258.43,3.91,0.89,0.84,22.76,21.48,9.76,28.1
634,4/28/04,600519,-258.27,-258.36,-258.27,-258.47,5597,21005617,0.65,-258.36,-258.27,-258.47,3.67,0.53,0.88,14.44,23.98,10.25,25.19
635,4/29/04,600519,-258.13,-258.57,-258.06,-258.85,17383,62795124,2.01,-258.57,-258.06,-258.85,4.14,0.53,1.26,12.8,30.43,14.04,23.89
636,4/30/04,600519,-258.66,-258.39,-258.37,-258.73,12962,47858161,1.5,-258.39,-258.37,-258.73,4.21,0.53,1.05,12.59,24.94,18.33,23.41
637,5/10/04,600519,-258.42,-258.68,-258.39,-258.83,8004,28883861,0.93,-258.68,-258.39,-258.83,4.46,0.53,1.15,11.88,25.78,23.53,22.23
638,5/11/04,600519,-258.79,-258.72,-258.54,-258.79,6734,24441916,0.78,-258.72,-258.54,-258.79,4.33,0.53,0.9,12.24,20.79,27.36,21.05
639,5/12/04,600519,-258.73,-258.54,-258.53,-258.73,8684,31635698,1.0,-258.54,-258.53,-258.73,4.33,0.54,0.9,12.47,20.79,31.05,20.41
640,5/13/04,600519,-258.61,-258.3,-258.3,-258.61,14720,55043074,1.7,-258.3,-258.3,-258.61,4.38,0.77,0.81,17.58,18.49,27.33,18.79
641,5/14/04,600519,-258.28,-258.38,-258.25,-258.54,6029,22432732,0.7,-258.38,-258.25,-258.54,4.38,0.82,0.66,18.72,15.07,22.34,18.19
642,5/17/04,600519,-258.43,-258.56,-258.43,-258.65,3389,12486993,0.39,-258.56,-258.43,-258.65,4.36,0.82,0.65,18.81,14.91,18.78,18.55
643,5/18/04,600519,-258.55,-258.68,-258.44,-258.97,19383,70073744,2.24,-258.68,-258.44,-258.97,4.58,0.82,0.95,17.9,20.74,13.85,18.69
644,5/19/04,600519,-258.61,-258.59,-258.47,-258.72,4800,17709875,0.55,-258.59,-258.47,-258.72,4.69,0.82,0.95,17.48,20.26,10.77,19.07
645,5/20/04,600519,-258.63,-258.62,-258.57,-258.69,2495,9068633,0.29,-258.62,-258.57,-258.69,4.67,0.82,0.95,17.56,20.34,7.82,19.44
646,5/21/04,600519,-258.62,-258.63,-258.56,-258.78,1291,4704499,0.15,-258.63,-258.56,-258.78,4.66,0.68,1.04,14.59,22.32,10.89,19.11
647,5/24/04,600519,-258.64,-258.73,-258.61,-258.74,1563,5641346,0.18,-258.73,-258.61,-258.74,4.36,0.29,1.04,6.65,23.85,18.49,20.41
648,5/25/04,600519,-258.75,-258.77,-258.61,-258.78,5147,18589609,0.59,-258.77,-258.61,-258.78,4.33,0.29,1.04,6.7,24.02,25.96,22.37
649,5/26/04,600519,-258.76,-258.72,-258.7,-258.82,2776,10011880,0.32,-258.72,-258.7,-258.82,3.66,0.29,0.7,7.92,19.13,31.64,22.75
650,5/27/04,600519,-258.59,-258.61,-258.49,-258.73,3759,13778597,0.43,-258.61,-258.49,-258.73,3.54,0.5,0.7,14.12,19.77,33.19,21.98
651,5/28/04,600519,-258.63,-258.52,-258.5,-258.66,1952,7168549,0.23,-258.52,-258.5,-258.66,3.26,0.5,0.6,15.34,18.4,33.48,20.65
652,6/1/04,600519,-258.52,-258.39,-258.38,-258.52,3638,13507855,0.42,-258.39,-258.38,-258.52,3.15,0.62,0.6,19.68,19.05,30.27,20.58
653,6/2/04,600519,-258.39,-258.53,-258.39,-258.54,2381,8832775,0.28,-258.53,-258.39,-258.54,3.1,0.61,0.62,19.68,20.0,21.0,19.74
654,6/3/04,600519,-258.51,-258.54,-258.43,-258.61,782,2869881,0.09,-258.54,-258.43,-258.61,2.97,0.38,0.69,12.79,23.23,16.43,21.2
655,6/4/04,600519,-258.68,-258.66,-258.52,-258.71,2070,7529168,0.24,-258.66,-258.52,-258.71,2.87,0.33,0.79,11.5,27.53,16.38,24.01
656,6/7/04,600519,-258.72,-258.64,-258.62,-258.74,2454,8856253,0.28,-258.64,-258.62,-258.74,2.72,0.33,0.71,12.13,26.1,19.69,26.44
657,6/8/04,600519,-258.73,-258.66,-258.62,-258.75,3357,12115216,0.39,-258.66,-258.62,-258.75,2.32,0.33,0.4,14.22,17.24,19.77,26.63
658,6/9/04,600519,-258.73,-258.73,-258.64,-258.78,4725,17036585,0.55,-258.73,-258.64,-258.78,2.21,0.33,0.43,14.93,19.46,21.69,25.98
659,6/10/04,600519,-258.73,-259.14,-258.66,-259.2,24414,84607735,2.82,-259.14,-258.66,-259.2,2.63,0.33,0.85,12.55,32.32,28.9,24.95
660,6/11/04,600519,-259.2,-259.09,-258.95,-259.2,9237,31913342,1.07,-259.09,-258.95,-259.2,2.66,0.33,0.76,12.41,28.57,30.65,23.54
661,6/14/04,600519,-259.14,-259.36,-259.13,-259.41,11932,40393296,1.38,-259.36,-259.13,-259.41,2.85,0.33,0.97,11.58,34.04,32.01,24.19
662,6/15/04,600519,-259.37,-259.32,-259.29,-259.6,21484,70392158,2.48,-259.32,-259.29,-259.6,2.99,0.33,1.12,11.04,37.46,35.0,27.34
663,6/16/04,600519,-259.33,-259.11,-259.06,-259.38,6623,22482333,0.77,-259.11,-259.06,-259.38,3.19,0.56,1.08,17.55,33.86,38.68,29.23
664,6/17/04,600519,-259.11,-259.42,-259.11,-259.5,14816,49602583,1.71,-259.42,-259.11,-259.5,3.34,0.35,1.2,10.48,35.93,45.63,33.66
665,6/18/04,600519,-259.45,-259.38,-259.36,-259.65,11671,38053133,1.35,-259.38,-259.36,-259.65,3.47,0.35,1.35,10.09,38.9,48.09,38.49
666,6/21/04,600519,-259.5,-259.33,-259.31,-259.52,1034,3441885,0.12,-259.33,-259.31,-259.52,3.54,0.28,1.35,7.91,38.14,52.45,41.55
667,6/22/04,600519,-259.31,-259.21,-259.21,-259.33,1254,4238393,0.15,-259.21,-259.21,-259.33,3.51,0.38,1.33,10.83,37.89,53.51,42.76
668,6/23/04,600519,-259.22,-259.4,-259.22,-259.45,596,1987467,0.07,-259.4,-259.22,-259.45,3.57,0.38,1.38,10.64,38.66,53.9,44.45
669,6/24/04,600519,-259.4,-259.4,-259.26,-259.41,1242,4133360,0.14,-259.4,-259.26,-259.41,3.53,0.38,1.28,10.76,36.26,57.65,48.17
670,6/25/04,600519,-259.35,-259.26,-259.04,-259.43,3697,12619117,0.43,-259.26,-259.04,-259.43,3.8,0.6,1.25,15.79,32.89,54.37,50.0
671,6/28/04,600519,-259.33,-259.18,-259.12,-259.33,3080,10476223,0.36,-259.18,-259.12,-259.33,3.88,0.6,1.24,15.46,31.96,50.36,49.22
672,6/29/04,600519,-259.18,-259.19,-259.15,-259.26,6891,23479163,0.8,-259.19,-259.15,-259.26,3.85,0.6,1.21,15.58,31.43,45.04,48.74
673,6/30/04,600519,-259.19,-259.25,-259.17,-259.45,4103,13952503,0.47,-259.25,-259.17,-259.45,3.59,0.6,0.98,16.71,27.3,39.78,46.65
674,7/1/04,600519,-259.5,-258.96,-258.94,-259.5,2782,7361258,0.25,-258.96,-258.94,-259.5,3.9,0.83,0.98,21.28,25.13,31.7,42.8
675,7/2/04,600519,-258.94,-258.79,-258.78,-259.07,2873,7731847,0.26,-258.79,-258.78,-259.07,3.87,0.99,0.77,25.58,19.9,24.74,41.2
676,7/5/04,600519,-258.88,-258.46,-258.44,-258.88,5202,14545862,0.46,-258.46,-258.44,-258.88,4.0,1.33,0.58,33.25,14.5,25.43,39.9
677,7/6/04,600519,-258.41,-258.49,-258.13,-258.5,16359,47067614,1.45,-258.49,-258.13,-258.5,4.05,1.41,0.58,34.81,14.32,26.59,38.47
678,7/7/04,600519,-258.51,-258.3,-258.24,-258.66,13245,38002932,1.18,-258.3,-258.24,-258.66,4.08,1.41,0.62,34.56,15.2,27.45,36.24
679,7/8/04,600519,-258.26,-258.38,-258.25,-258.4,2358,6779704,0.21,-258.38,-258.25,-258.4,3.94,1.41,0.47,35.79,11.93,31.78,35.78
680,7/9/04,600519,-258.43,-258.41,-258.29,-258.43,1636,4678105,0.15,-258.41,-258.29,-258.43,3.87,1.36,0.5,35.14,12.92,38.1,34.9
681,7/12/04,600519,-258.41,-258.36,-258.29,-258.53,4328,12351574,0.38,-258.36,-258.29,-258.53,3.99,1.26,0.6,31.58,15.04,41.94,33.34
682,7/13/04,600519,-258.41,-258.11,-258.09,-258.41,6419,18772253,0.57,-258.11,-258.09,-258.41,4.07,1.46,0.48,35.87,11.79,43.81,34.62
683,7/14/04,600519,-258.13,-258.07,-258.07,-258.25,4479,13176396,0.4,-258.07,-258.07,-258.25,4.1,1.48,0.48,36.1,11.71,45.36,35.97
684,7/15/04,600519,-258.07,-257.75,-257.73,-258.07,28186,85455066,2.51,-257.75,-257.73,-258.07,4.05,1.6,0.48,39.51,11.85,47.85,37.65
685,7/16/04,600519,-257.74,-257.75,-257.67,-257.94,5877,17947709,0.52,-257.75,-257.67,-257.94,4.11,1.66,0.48,40.39,11.68,48.71,40.24
686,7/19/04,600519,-257.75,-257.76,-257.69,-257.96,8508,25718864,0.76,-257.76,-257.69,-257.96,4.27,1.66,0.5,38.88,11.71,49.95,44.03
687,7/20/04,600519,-257.8,-257.78,-257.76,-257.93,7869,23908753,0.7,-257.78,-257.76,-257.93,4.16,1.66,0.31,39.9,7.45,55.46,48.7
688,7/21/04,600519,-257.78,-257.67,-257.65,-257.88,7534,23041353,0.67,-257.67,-257.65,-257.88,3.83,1.54,0.31,40.21,8.09,58.12,50.97
689,7/22/04,600519,-257.69,-257.7,-257.35,-257.75,27936,87061727,2.48,-257.7,-257.35,-257.75,3.94,1.68,0.31,42.64,7.87,61.09,53.23
690,7/23/04,600519,-257.78,-257.48,-257.47,-257.81,10552,32608304,0.94,-257.48,-257.47,-257.81,3.84,1.34,0.37,34.9,9.64,61.57,54.71
691,7/26/04,600519,-257.44,-257.68,-257.44,-257.85,6617,20362836,0.59,-257.68,-257.44,-257.85,3.88,1.03,0.41,26.55,10.57,59.56,54.13
692,7/27/04,600519,-257.65,-257.99,-257.65,-258.01,11113,33370357,0.99,-257.99,-257.65,-258.01,3.82,1.03,0.41,26.96,10.73,57.78,53.87
693,7/28/04,600519,-257.73,-258.1,-257.73,-258.31,8847,25861812,0.79,-258.1,-257.73,-258.31,4.25,1.03,0.71,24.24,16.71,49.43,52.44
694,7/29/04,600519,-258.16,-258.05,-258.04,-258.24,3414,10010293,0.3,-258.05,-258.04,-258.24,4.31,1.03,0.68,23.9,15.78,41.76,49.94
695,7/30/04,600519,-258.09,-257.91,-257.82,-258.09,2491,7475971,0.22,-257.91,-257.82,-258.09,4.34,1.25,0.58,28.8,13.36,36.38,48.74
696,8/2/04,600519,-257.92,-258.01,-257.84,-258.09,7328,21734520,0.65,-258.01,-257.84,-258.09,4.27,1.05,0.58,24.59,13.58,31.74,46.65
697,8/3/04,600519,-258.09,-258.13,-257.95,-258.15,7760,22860312,0.69,-258.13,-257.95,-258.15,4.29,1.03,0.64,24.01,14.92,28.45,44.0
698,8/4/04,600519,-258.19,-257.97,-257.94,-258.21,4741,13978388,0.42,-257.97,-257.94,-258.21,4.22,0.69,0.7,16.35,16.59,21.4,39.59
699,8/5/04,600519,-258.0,-258.08,-258.0,-258.16,2169,6399271,0.19,-258.08,-258.0,-258.16,4.14,0.63,0.7,15.22,16.91,19.21,34.32
700,8/6/04,600519,-258.12,-258.0,-257.97,-258.21,2657,7857159,0.24,-258.0,-257.97,-258.21,4.11,0.63,0.73,15.33,17.76,17.02,29.39
701,8/9/04,600519,-258.09,-257.95,-257.95,-258.09,2457,7317440,0.22,-257.95,-257.95,-258.09,4.08,0.65,0.73,15.93,17.89,11.89,24.14
702,8/10/04,600519,-258.03,-257.89,-257.87,-258.05,2610,7820329,0.23,-257.89,-257.87,-258.05,4.03,0.62,0.73,15.38,18.11,8.44,20.09
703,8/11/04,600519,-257.94,-257.95,-257.9,-258.0,1043,3119880,0.09,-257.95,-257.9,-258.0,3.74,0.32,0.73,8.56,19.52,11.05,19.75
704,8/12/04,600519,-258.09,-257.91,-257.9,-258.09,2818,8383159,0.25,-257.91,-257.9,-258.09,3.59,0.32,0.76,8.91,21.17,17.72,19.56
705,8/13/04,600519,-257.97,-257.9,-257.88,-258.03,3719,11134747,0.33,-257.9,-257.88,-258.03,3.33,0.34,0.72,10.21,21.62,22.82,21.02
706,8/16/04,600519,-257.97,-257.98,-257.9,-257.98,1783,5336450,0.16,-257.98,-257.9,-257.98,3.05,0.34,0.56,11.15,18.36,25.67,21.35
707,8/17/04,600519,-258.0,-257.94,-257.9,-258.07,1971,5905094,0.18,-257.94,-257.9,-258.07,2.64,0.34,0.35,12.88,13.26,24.95,18.42
708,8/18/04,600519,-257.87,-257.9,-257.84,-257.97,5511,16624721,0.49,-257.9,-257.84,-257.97,2.57,0.4,0.35,15.56,13.62,24.7,16.57
709,8/19/04,600519,-257.94,-257.96,-257.87,-258.0,5890,17653366,0.52,-257.96,-257.87,-258.0,2.43,0.18,0.38,7.41,15.64,24.14,17.6
710,8/20/04,600519,-257.96,-257.95,-257.87,-258.0,5631,16868762,0.5,-257.95,-257.87,-258.0,2.31,0.18,0.38,7.79,16.45,23.31,20.52
711,8/23/04,600519,-258.0,-258.18,-258.0,-258.2,5733,16839797,0.51,-258.18,-258.0,-258.2,2.36,0.18,0.52,7.63,22.03,25.43,24.12
712,8/24/04,600519,-258.25,-258.14,-258.12,-258.25,2860,8339871,0.25,-258.14,-258.12,-258.25,2.22,0.18,0.51,8.11,22.97,29.32,27.5
713,8/25/04,600519,-258.09,-258.11,-258.09,-258.22,1631,4768554,0.15,-258.11,-258.09,-258.22,2.16,0.21,0.51,9.72,23.61,36.03,30.49
714,8/26/04,600519,-258.19,-258.08,-258.06,-258.19,2161,6353347,0.19,-258.08,-258.06,-258.19,2.05,0.24,0.46,11.71,22.44,40.15,32.43
715,8/27/04,600519,-258.1,-258.11,-258.05,-258.16,1325,3898855,0.12,-258.11,-258.05,-258.16,2.02,0.23,0.46,11.39,22.77,39.76,31.95
716,8/30/04,600519,-258.19,-258.26,-258.13,-258.31,3492,10126801,0.31,-258.26,-258.13,-258.31,2.04,0.15,0.61,7.35,29.9,43.89,33.6
717,8/31/04,600519,-258.16,-258.2,-257.97,-258.28,2414,7032456,0.21,-258.2,-257.97,-258.28,2.24,0.31,0.61,13.84,27.23,41.23,33.33
718,9/1/04,600519,-258.23,-258.37,-258.23,-258.37,3798,10907461,0.34,-258.37,-258.23,-258.37,2.22,0.31,0.61,13.96,27.48,38.7,34.01
719,9/2/04,600519,-258.42,-258.35,-258.34,-258.59,4400,12428743,0.39,-258.35,-258.34,-258.59,2.32,0.29,0.83,12.5,35.78,39.79,37.91
720,9/3/04,600519,-258.41,-258.35,-258.34,-258.53,2730,7734124,0.24,-258.35,-258.34,-258.53,2.43,0.29,0.83,11.93,34.16,42.58,41.37
721,9/6/04,600519,-258.46,-258.34,-258.31,-258.46,2327,6677838,0.21,-258.34,-258.31,-258.46,2.41,0.32,0.74,13.28,30.71,43.63,41.69
722,9/7/04,600519,-258.26,-258.25,-258.21,-258.31,2635,7621058,0.23,-258.25,-258.21,-258.31,2.41,0.36,0.74,14.94,30.71,39.3,41.6
723,9/8/04,600519,-258.23,-258.08,-258.06,-258.24,4696,13766558,0.42,-258.08,-258.06,-258.24,2.47,0.51,0.71,20.65,28.74,36.6,38.92
724,9/9/04,600519,-258.08,-258.04,-257.94,-258.14,10209,30324405,0.91,-258.04,-257.94,-258.14,2.54,0.63,0.71,24.8,27.95,32.16,35.43
725,9/10/04,600519,-258.06,-258.04,-258.0,-258.16,2206,6519369,0.2,-258.04,-258.0,-258.16,2.45,0.63,0.53,25.71,21.63,25.56,32.67
726,9/13/04,600519,-258.04,-258.12,-258.04,-258.25,3243,9459180,0.29,-258.12,-258.04,-258.25,2.53,0.63,0.57,24.9,22.53,18.36,30.47
727,9/14/04,600519,-258.12,-257.99,-257.94,-258.25,6126,18071359,0.54,-257.99,-257.94,-258.25,2.71,0.7,0.57,25.83,21.03,13.46,28.55
728,9/15/04,600519,-258.01,-257.58,-257.56,-258.06,11410,35117697,1.01,-257.58,-257.56,-258.06,3.08,1.05,0.57,34.09,18.51,12.64,25.97
729,9/16/04,600519,-257.59,-257.43,-257.31,-257.62,11472,36213781,1.02,-257.43,-257.31,-257.62,3.28,1.29,0.57,39.33,17.38,16.36,26.48
730,9/17/04,600519,-257.38,-257.22,-257.18,-257.59,13197,42076514,1.17,-257.22,-257.18,-257.59,3.49,1.42,0.42,40.69,12.03,24.42,28.29
731,9/20/04,600519,-257.14,-257.09,-257.0,-257.24,12022,39168091,1.07,-257.09,-257.0,-257.24,3.42,1.44,0.42,42.11,12.28,32.13,28.84
732,9/21/04,600519,-257.28,-257.22,-257.0,-257.28,8374,27222818,0.74,-257.22,-257.0,-257.28,3.53,1.44,0.37,40.79,10.48,41.15,29.75
733,9/22/04,600519,-257.3,-257.26,-257.16,-257.3,4348,13965168,0.39,-257.26,-257.16,-257.3,3.42,1.44,0.17,42.11,4.97,52.59,33.02
734,9/23/04,600519,-257.28,-256.87,-256.83,-257.28,17667,58219692,1.57,-256.87,-256.83,-257.28,3.68,1.77,0.17,48.1,4.62,61.39,37.02
735,9/24/04,600519,-256.81,-256.53,-256.09,-256.81,30981,108295826,2.75,-256.53,-256.09,-256.81,4.31,2.48,0.17,57.54,3.94,69.47,42.92
736,9/27/04,600519,-256.39,-256.39,-256.06,-256.53,6067,21339456,0.54,-256.39,-256.06,-256.53,4.65,2.41,0.17,51.83,3.66,74.88,49.65
737,9/28/04,600519,-256.41,-256.12,-256.07,-256.43,6741,23948625,0.6,-256.12,-256.07,-256.43,4.82,2.26,0.17,46.89,3.53,80.08,56.1
738,9/29/04,600519,-256.12,-256.2,-256.0,-256.25,13628,48864987,1.21,-256.2,-256.0,-256.25,4.87,2.21,0.17,45.38,3.49,84.51,62.83
739,9/30/04,600519,-256.21,-256.07,-256.03,-256.51,7366,26230672,0.65,-256.07,-256.03,-256.51,5.19,2.21,0.41,42.58,7.9,82.82,67.7
740,10/8/04,600519,-256.22,-255.9,-255.89,-256.37,9668,34809243,0.86,-255.9,-255.89,-256.37,5.46,2.35,0.32,43.04,5.86,81.74,71.57
741,10/11/04,600519,-255.89,-255.69,-255.39,-255.89,10198,38270567,0.91,-255.69,-255.39,-255.89,5.66,2.75,0.32,48.59,5.65,80.4,74.94
742,10/12/04,600519,-255.78,-256.05,-255.78,-256.18,7452,26810800,0.66,-256.05,-255.78,-256.18,5.65,2.37,0.61,41.95,10.8,75.78,75.33
743,10/13/04,600519,-256.14,-256.15,-256.07,-256.34,6645,23571291,0.59,-256.15,-256.07,-256.34,5.63,2.12,0.77,37.66,13.68,69.23,74.65
744,10/14/04,600519,-256.15,-256.26,-255.78,-256.31,6479,23199283,0.58,-256.26,-255.78,-256.31,5.75,2.28,0.77,39.65,13.39,63.19,73.85
745,10/15/04,600519,-256.37,-256.26,-256.06,-256.48,5122,18189199,0.46,-256.26,-256.06,-256.48,5.93,2.1,0.94,35.41,15.85,58.1,70.46
746,10/18/04,600519,-256.28,-256.41,-256.27,-256.48,2337,8190572,0.21,-256.41,-256.27,-256.48,5.87,2.1,0.9,35.78,15.33,52.1,66.92
747,10/19/04,600519,-256.43,-256.06,-256.0,-256.46,10584,37755969,0.94,-256.06,-256.0,-256.46,6.19,2.37,0.88,38.29,14.22,46.55,63.48
748,10/20/04,600519,-256.06,-255.85,-255.59,-256.12,15934,58326643,1.42,-255.85,-255.59,-256.12,6.27,2.45,0.88,39.07,14.04,44.56,60.17
749,10/21/04,600519,-255.89,-255.72,-255.59,-256.12,5996,22003540,0.53,-255.72,-255.59,-256.12,6.02,1.71,0.88,28.41,14.62,42.12,55.67
750,10/22/04,600519,-255.74,-255.07,-254.99,-255.74,18161,70151234,1.61,-255.07,-254.99,-255.74,6.3,2.28,0.88,36.19,13.97,41.25,52.22
751,10/25/04,600519,-254.96,-254.97,-254.71,-255.08,15602,61900269,1.39,-254.97,-254.71,-255.08,6.31,2.56,0.88,40.57,13.95,43.03,50.57
752,10/26/04,600519,-255.06,-254.87,-254.84,-255.21,4973,19618432,0.44,-254.87,-254.84,-255.21,6.43,2.49,1.01,38.72,15.71,43.41,47.75
753,10/27/04,600519,-254.86,-254.99,-254.62,-255.02,11878,47630068,1.06,-254.99,-254.62,-255.02,6.35,2.71,0.75,42.68,11.81,45.21,45.88
754,10/28/04,600519,-255.09,-255.12,-254.91,-255.24,9338,36495905,0.83,-255.12,-254.91,-255.24,6.2,2.57,0.97,41.45,15.65,44.89,44.72
755,10/29/04,600519,-255.43,-255.13,-255.02,-255.43,14363,55678746,1.28,-255.13,-255.02,-255.43,6.1,2.07,1.16,33.93,19.02,44.24,43.18
756,11/1/04,600519,-255.25,-255.0,-254.94,-255.27,3673,14302880,0.33,-255.0,-254.94,-255.27,5.94,2.15,0.87,36.2,14.65,43.92,42.59
757,11/2/04,600519,-255.12,-255.09,-255.09,-255.4,3356,12926156,0.3,-255.09,-255.09,-255.4,6.05,2.15,0.84,35.54,13.88,43.08,43.06
758,11/3/04,600519,-255.12,-255.14,-255.06,-255.31,7616,29484721,0.68,-255.14,-255.06,-255.31,5.77,1.89,0.84,32.76,14.56,42.45,42.93
759,11/4/04,600519,-255.24,-255.33,-255.12,-255.38,6786,26198028,0.6,-255.33,-255.12,-255.38,5.61,1.89,0.74,33.69,13.19,40.29,42.75
760,11/5/04,600519,-255.42,-255.9,-255.42,-256.06,25994,95080945,2.31,-255.9,-255.42,-256.06,6.12,1.89,1.42,30.88,23.2,35.13,40.01
761,11/8/04,600519,-255.9,-255.75,-255.74,-256.05,3586,13062547,0.32,-255.75,-255.74,-256.05,5.97,1.62,1.42,27.14,23.79,31.53,37.88
762,11/9/04,600519,-255.65,-255.34,-255.34,-255.76,7315,27801916,0.65,-255.34,-255.34,-255.76,5.86,1.61,1.42,27.47,24.23,25.51,34.71
763,11/10/04,600519,-255.43,-254.98,-254.86,-255.43,11289,44436007,1.0,-254.98,-254.86,-255.43,5.9,2.09,1.42,35.42,24.07,21.39,32.24
764,11/11/04,600519,-254.99,-255.18,-254.87,-255.18,8330,32780357,0.74,-255.18,-254.87,-255.18,5.46,1.49,1.42,27.29,26.01,15.38,28.91
765,11/12/04,600519,-255.22,-255.28,-255.09,-255.35,5668,21837428,0.5,-255.28,-255.09,-255.35,5.35,1.21,1.59,22.62,29.72,10.35,25.32
766,11/15/04,600519,-255.27,-255.19,-255.18,-255.56,8948,34292416,0.8,-255.19,-255.18,-255.56,5.36,1.21,1.67,22.57,31.16,10.65,22.89
767,11/16/04,600519,-255.28,-255.43,-255.19,-255.43,3298,12563653,0.29,-255.43,-255.19,-255.43,5.2,0.99,1.67,19.04,32.12,13.81,22.67
768,11/17/04,600519,-255.43,-255.43,-255.37,-255.53,8033,30415917,0.71,-255.43,-255.37,-255.53,5.03,0.99,1.55,19.68,30.82,16.44,20.97
769,11/18/04,600519,-255.44,-255.44,-255.35,-255.57,2624,9967008,0.23,-255.44,-255.35,-255.57,4.84,0.99,1.4,20.45,28.93,16.12,18.75
770,11/19/04,600519,-255.43,-255.46,-255.43,-255.53,3196,12098840,0.28,-255.46,-255.43,-255.53,4.61,0.91,1.4,19.74,30.37,19.25,17.32
771,11/22/04,600519,-255.49,-255.62,-255.46,-255.71,6429,24094050,0.57,-255.62,-255.46,-255.71,4.46,0.91,1.45,20.4,32.51,20.81,15.58
772,11/23/04,600519,-255.67,-255.79,-255.56,-255.81,6156,22797433,0.55,-255.79,-255.56,-255.81,4.46,0.88,1.55,19.73,34.75,22.74,16.69
773,11/24/04,600519,-255.81,-255.89,-255.68,-255.9,4292,15819097,0.38,-255.89,-255.68,-255.9,4.42,0.88,1.57,19.91,35.52,23.17,18.49
774,11/25/04,600519,-255.93,-255.55,-255.41,-255.93,5924,22286271,0.53,-255.55,-255.41,-255.93,4.21,1.15,0.89,27.32,21.14,21.62,19.03
775,11/26/04,600519,-255.55,-255.55,-255.44,-255.65,1974,7411584,0.18,-255.55,-255.44,-255.65,4.11,1.15,0.89,27.98,21.65,20.89,18.5
776,11/29/04,600519,-255.54,-255.4,-255.26,-255.56,5443,20728652,0.48,-255.4,-255.26,-255.56,3.99,0.93,0.89,23.31,22.31,17.72,18.49
777,11/30/04,600519,-255.64,-255.73,-255.43,-255.74,1618,6026605,0.14,-255.73,-255.43,-255.74,3.76,0.45,1.07,11.97,28.46,20.7,20.75
778,12/1/04,600519,-255.59,-255.75,-255.59,-255.81,785,2900938,0.07,-255.75,-255.59,-255.81,3.67,0.45,1.14,12.26,31.06,23.34,23.04
779,12/2/04,600519,-255.68,-255.74,-255.68,-255.9,3985,14671547,0.35,-255.74,-255.68,-255.9,3.63,0.45,1.06,12.4,29.2,25.38,24.28
780,12/3/04,600519,-255.81,-255.83,-255.72,-255.87,626,2303971,0.06,-255.83,-255.72,-255.87,3.4,0.45,0.85,13.24,25.0,28.38,25.0
781,12/6/04,600519,-255.74,-255.84,-255.74,-255.9,1111,4068796,0.1,-255.84,-255.74,-255.9,3.32,0.45,0.88,13.55,26.51,31.65,26.27
782,12/7/04,600519,-255.9,-255.81,-255.71,-255.9,1899,6998528,0.17,-255.81,-255.71,-255.9,3.35,0.48,0.78,14.33,23.28,35.25,26.48
783,12/8/04,600519,-255.74,-255.8,-255.69,-255.9,10291,37575758,0.91,-255.8,-255.69,-255.9,3.34,0.5,0.74,14.97,22.16,31.68,26.19
784,12/9/04,600519,-255.8,-255.87,-255.59,-255.88,11349,41890865,1.01,-255.87,-255.59,-255.88,3.53,0.6,0.74,17.0,20.96,26.18,24.76
785,12/10/04,600519,-255.85,-255.74,-255.74,-255.86,897,3311205,0.08,-255.74,-255.74,-255.86,3.41,0.6,0.56,17.6,16.42,20.03,22.7
786,12/13/04,600519,-255.87,-255.71,-255.68,-255.87,2208,8189873,0.2,-255.71,-255.68,-255.87,3.35,0.66,0.46,19.7,13.73,17.87,23.13
787,12/14/04,600519,-255.74,-255.81,-255.71,-255.81,1245,4601617,0.11,-255.81,-255.71,-255.81,3.23,0.66,0.37,20.43,11.46,17.18,24.41
788,12/15/04,600519,-255.88,-255.9,-255.72,-255.9,10970,40055481,0.98,-255.9,-255.72,-255.9,2.89,0.39,0.46,13.49,15.92,14.58,24.92
789,12/16/04,600519,-255.9,-255.82,-255.78,-255.96,11500,42361519,1.02,-255.82,-255.78,-255.96,2.86,0.39,0.52,13.64,18.18,13.74,22.71
790,12/17/04,600519,-255.9,-256.0,-255.89,-256.04,1049,3805636,0.09,-256.0,-255.89,-256.04,2.78,0.21,0.6,7.55,21.58,20.02,23.1
791,12/20/04,600519,-256.06,-256.4,-255.9,-256.43,2459,8749161,0.22,-256.4,-255.9,-256.43,2.97,0.21,0.81,7.07,27.27,29.25,24.64
792,12/21/04,600519,-256.37,-256.46,-256.25,-256.48,2199,7700170,0.2,-256.46,-256.25,-256.48,2.98,0.21,0.79,7.05,26.51,35.94,26.91
793,12/22/04,600519,-256.47,-256.28,-256.26,-256.63,3169,11055083,0.28,-256.28,-256.26,-256.63,3.13,0.21,0.85,6.71,27.16,41.31,29.25
794,12/23/04,600519,-256.28,-256.31,-256.13,-256.31,6883,24351861,0.61,-256.31,-256.13,-256.31,3.16,0.34,0.85,10.76,26.9,47.08,30.83
795,12/24/04,600519,-256.37,-256.21,-256.1,-256.37,4470,15920008,0.4,-256.21,-256.1,-256.37,3.27,0.34,0.88,10.4,26.91,52.08,32.91
796,12/27/04,600519,-256.21,-256.06,-256.04,-256.21,1571,5614076,0.14,-256.06,-256.04,-256.21,3.25,0.37,0.88,11.38,27.08,50.85,35.44
797,12/28/04,600519,-256.21,-255.85,-255.77,-256.21,2924,10655265,0.26,-255.85,-255.77,-256.21,3.48,0.62,0.88,17.82,25.29,43.94,36.59
798,12/29/04,600519,-255.75,-255.66,-255.59,-255.85,5655,21025179,0.5,-255.66,-255.59,-255.85,3.45,0.7,0.88,20.29,25.51,36.17,36.06
799,12/30/04,600519,-255.78,-255.8,-255.67,-255.95,3345,12358921,0.3,-255.8,-255.67,-255.95,3.61,0.7,0.98,19.39,27.15,28.89,35.1
800,12/31/04,600519,-255.84,-255.86,-255.53,-256.03,5870,21514898,0.52,-255.86,-255.53,-256.03,3.92,0.78,0.98,19.9,25.0,23.64,35.36
801,1/4/05,600519,-255.93,-255.92,-255.81,-256.06,2349,8566179,0.21,-255.92,-255.81,-256.06,4.07,0.78,1.01,19.16,24.82,18.4,35.24
802,1/5/05,600519,-255.93,-255.67,-255.66,-255.99,6139,22582400,0.55,-255.67,-255.66,-255.99,4.22,0.93,0.92,22.04,21.8,11.69,31.27
803,1/6/05,600519,-255.74,-255.87,-255.71,-255.9,5524,20282548,0.49,-255.87,-255.71,-255.9,4.27,0.93,0.86,21.78,20.14,9.45,26.7
804,1/7/05,600519,-255.9,-255.78,-255.68,-255.9,3003,11115440,0.27,-255.78,-255.68,-255.9,4.27,0.96,0.78,22.48,18.27,9.28,22.72
805,1/10/05,600519,-255.78,-255.35,-255.34,-255.78,10718,40597723,0.95,-255.35,-255.34,-255.78,4.18,1.3,0.39,31.1,9.33,15.48,22.18
806,1/11/05,600519,-255.35,-255.34,-255.24,-255.37,5004,19240403,0.44,-255.34,-255.24,-255.37,4.08,1.4,0.34,34.31,8.33,23.74,23.69
807,1/12/05,600519,-255.34,-255.31,-255.29,-255.47,3389,12949338,0.3,-255.31,-255.29,-255.47,3.89,1.4,0.29,35.99,7.46,32.54,25.47
808,1/13/05,600519,-255.4,-255.24,-255.17,-255.4,2884,11159242,0.26,-255.24,-255.17,-255.4,3.94,1.39,0.29,35.28,7.36,43.36,27.53
809,1/14/05,600519,-255.29,-255.46,-255.21,-255.53,3338,12691131,0.3,-255.46,-255.21,-255.53,3.99,1.39,0.36,34.84,9.02,52.52,30.99
810,1/17/05,600519,-255.6,-255.46,-255.38,-255.71,1812,6845213,0.16,-255.46,-255.38,-255.71,4.15,1.33,0.54,32.05,13.01,57.84,33.56
811,1/18/05,600519,-255.46,-255.28,-255.28,-255.53,2638,10016326,0.23,-255.28,-255.28,-255.53,3.96,1.16,0.54,29.29,13.64,54.94,35.21
812,1/19/05,600519,-255.43,-255.46,-255.16,-255.46,2652,10180585,0.24,-255.46,-255.16,-255.46,4.0,1.1,0.54,27.5,13.5,50.48,37.11
813,1/20/05,600519,-255.48,-255.46,-255.43,-255.59,974,3670093,0.09,-255.46,-255.43,-255.59,3.87,1.1,0.57,28.42,14.73,44.82,38.68
814,1/21/05,600519,-255.56,-255.46,-255.43,-255.9,3177,11879307,0.28,-255.46,-255.43,-255.9,3.84,0.96,0.88,25.0,22.92,34.63,39.0
815,1/24/05,600519,-255.45,-255.35,-255.25,-255.53,4173,15943177,0.37,-255.35,-255.25,-255.53,3.87,1.14,0.85,29.46,21.96,27.25,39.89
816,1/25/05,600519,-255.28,-255.0,-254.96,-255.38,5817,22704867,0.52,-255.0,-254.96,-255.38,3.96,1.28,0.85,32.32,21.46,23.58,40.71
817,1/26/05,600519,-254.98,-255.0,-254.87,-255.13,3735,14767520,0.33,-255.0,-254.87,-255.13,3.99,1.37,0.85,34.34,21.3,21.4,38.17
818,1/27/05,600519,-255.09,-255.05,-254.98,-255.09,1022,4007784,0.09,-255.05,-254.98,-255.09,3.88,1.34,0.85,34.54,21.91,19.44,34.96
819,1/28/05,600519,-255.05,-255.09,-255.05,-255.24,1341,5226481,0.12,-255.09,-255.05,-255.24,3.63,1.0,1.0,27.55,27.55,14.15,29.49
820,1/31/05,600519,-255.24,-255.01,-254.99,-255.24,1165,4552532,0.1,-255.01,-254.99,-255.24,3.75,0.96,1.0,25.6,26.67,13.77,24.2
821,2/1/05,600519,-255.12,-255.12,-255.02,-255.22,4003,15598247,0.36,-255.12,-255.02,-255.22,3.78,0.96,0.9,25.4,23.81,11.88,19.56
822,2/2/05,600519,-255.15,-254.85,-254.81,-255.15,5378,21280023,0.48,-254.85,-254.81,-255.15,3.89,1.05,0.9,26.99,23.14,9.79,16.68
823,2/3/05,600519,-254.85,-255.01,-254.85,-255.12,4443,17455936,0.4,-255.01,-254.85,-255.12,3.84,1.05,0.77,27.34,20.05,8.45,14.93
824,2/4/05,600519,-255.0,-254.91,-254.85,-255.12,4008,15785371,0.36,-254.91,-254.85,-255.12,3.78,1.05,0.59,27.78,15.61,9.4,14.42
825,2/16/05,600519,-254.81,-254.86,-254.81,-254.93,4441,17660778,0.39,-254.86,-254.81,-254.93,3.65,0.99,0.59,27.12,16.16,13.62,13.88
826,2/17/05,600519,-254.82,-255.11,-254.82,-255.18,11592,45296879,1.03,-255.11,-254.82,-255.18,3.71,0.87,0.84,23.45,22.64,13.57,13.67
827,2/18/05,600519,-255.16,-255.04,-255.02,-255.16,9595,37550338,0.85,-255.04,-255.02,-255.16,3.69,0.87,0.71,23.58,19.24,14.72,13.3
828,2/21/05,600519,-255.03,-254.71,-254.65,-255.03,10630,42401501,0.95,-254.71,-254.65,-255.03,3.61,1.24,0.4,34.35,11.08,21.98,15.88
829,2/22/05,600519,-254.71,-254.68,-254.65,-254.81,5629,22687067,0.5,-254.68,-254.65,-254.81,3.49,1.06,0.4,30.37,11.46,26.95,17.7
830,2/23/05,600519,-254.66,-254.36,-254.34,-254.76,5647,23056177,0.5,-254.36,-254.34,-254.76,3.49,1.08,0.4,30.95,11.46,29.93,19.66
831,2/24/05,600519,-254.4,-253.87,-253.82,-254.49,9447,40046102,0.84,-253.87,-253.82,-254.49,3.9,1.51,0.4,38.72,10.26,35.39,24.51
832,2/25/05,600519,-253.79,-253.87,-253.79,-254.01,5991,25777149,0.53,-253.87,-253.79,-254.01,4.01,1.54,0.4,38.4,9.98,44.9,29.23
833,2/28/05,600519,-253.87,-253.71,-253.47,-253.97,4483,19453353,0.4,-253.71,-253.47,-253.97,4.32,1.86,0.25,43.06,5.79,55.93,35.32
834,3/1/05,600519,-253.58,-253.72,-253.58,-253.93,5506,23670511,0.49,-253.72,-253.58,-253.93,4.42,1.8,0.25,40.72,5.66,59.99,40.98
835,3/2/05,600519,-253.9,-254.02,-253.74,-254.02,11397,48820913,1.01,-254.02,-253.74,-254.02,4.51,1.8,0.34,39.91,7.54,63.83,45.39
836,3/3/05,600519,-254.09,-253.94,-253.87,-254.12,3430,14586728,0.3,-253.94,-253.87,-254.12,4.42,1.59,0.44,35.97,9.95,65.61,47.77
837,3/4/05,600519,-254.05,-253.8,-253.74,-254.05,4365,18804824,0.39,-253.8,-253.74,-254.05,4.46,1.72,0.44,38.57,9.87,65.8,50.6
838,3/7/05,600519,-253.79,-253.35,-253.24,-253.79,10223,45290496,0.91,-253.35,-253.24,-253.79,4.75,2.22,0.44,46.74,9.26,67.16,56.03
839,3/8/05,600519,-253.24,-253.16,-253.12,-253.46,6586,29575338,0.59,-253.16,-253.12,-253.46,4.97,2.3,0.44,46.28,8.85,65.76,60.84
840,3/9/05,600519,-253.05,-252.9,-252.68,-253.15,4713,21694338,0.42,-252.9,-252.68,-253.15,5.09,2.74,0.19,53.83,3.73,67.66,63.83
841,3/10/05,600519,-252.61,-253.05,-252.61,-253.46,4726,21498741,0.42,-253.05,-252.61,-253.46,5.8,2.74,0.5,47.24,8.62,67.81,65.82
842,3/11/05,600519,-253.05,-252.81,-252.68,-253.33,9362,42521284,0.83,-252.81,-252.68,-253.33,6.06,2.37,0.5,39.11,8.25,69.23,67.42
843,3/14/05,600519,-252.99,-252.51,-252.02,-253.05,10379,48987452,0.92,-252.51,-252.02,-253.05,6.93,3.03,0.5,43.72,7.22,71.3,68.55
844,3/15/05,600519,-252.52,-252.65,-252.44,-252.74,5783,27220784,0.51,-252.65,-252.44,-252.74,6.81,2.72,0.5,39.94,7.34,71.64,69.4
845,3/16/05,600519,-252.77,-252.65,-252.61,-252.94,6830,31720439,0.61,-252.65,-252.61,-252.94,6.47,2.2,0.7,34.0,10.82,68.94,67.35
846,3/17/05,600519,-252.71,-252.46,-252.21,-252.86,5016,23726912,0.45,-252.46,-252.21,-252.86,6.9,2.57,0.7,37.25,10.14,63.97,65.82
847,3/18/05,600519,-252.46,-252.57,-252.43,-252.77,2405,11319532,0.21,-252.57,-252.43,-252.77,6.74,2.25,0.7,33.38,10.39,61.2,64.51
848,3/21/05,600519,-252.61,-252.61,-252.47,-252.93,2701,12692125,0.24,-252.61,-252.47,-252.93,6.85,2.25,0.86,32.85,12.55,57.79,63.51
849,3/22/05,600519,-252.61,-252.06,-251.87,-252.68,12259,59468831,1.09,-252.06,-251.87,-252.68,7.36,2.85,0.77,38.72,10.46,55.43,63.36
850,3/23/05,600519,-252.02,-251.98,-251.61,-252.07,12551,62550272,1.12,-251.98,-251.61,-252.07,7.57,3.11,0.67,41.08,8.85,54.69,63.16
851,3/24/05,600519,-251.99,-252.61,-251.94,-252.77,9163,43515225,0.81,-252.61,-251.94,-252.77,8.09,2.98,1.37,36.84,16.93,52.24,60.59
852,3/25/05,600519,-252.61,-252.53,-252.33,-252.86,2329,10960985,0.21,-252.53,-252.33,-252.86,8.06,2.48,1.46,30.77,18.11,47.02,55.5
853,3/28/05,600519,-252.52,-251.96,-251.87,-252.61,2429,11802982,0.22,-251.96,-251.87,-252.61,8.46,2.82,1.46,33.33,17.26,43.56,52.38
854,3/29/05,600519,-251.96,-252.27,-251.71,-252.3,2449,11989719,0.22,-252.27,-251.71,-252.3,8.57,2.54,1.46,29.64,17.04,40.61,49.2
855,3/30/05,600519,-252.3,-252.5,-252.3,-252.58,2480,11744620,0.22,-252.5,-252.3,-252.58,8.03,2.54,1.43,31.63,17.81,35.7,45.56
856,3/31/05,600519,-252.61,-252.27,-252.24,-252.68,1507,7129716,0.13,-252.27,-252.24,-252.68,7.82,2.54,1.53,32.48,19.57,29.08,41.88
857,4/1/05,600519,-252.28,-252.0,-251.64,-252.3,3411,16774374,0.3,-252.0,-251.64,-252.3,7.45,2.48,1.53,33.29,20.54,26.86,39.55
858,4/4/05,600519,-252.0,-251.69,-251.65,-252.16,5428,26985512,0.48,-251.69,-251.65,-252.16,7.66,2.48,1.53,32.38,19.97,26.49,36.76
859,4/5/05,600519,-251.61,-251.69,-251.37,-251.77,4902,24660016,0.44,-251.69,-251.37,-251.77,7.73,2.76,1.33,35.71,17.21,27.02,35.29
860,4/6/05,600519,-251.62,-251.31,-251.27,-251.8,5675,28795816,0.5,-251.31,-251.27,-251.8,7.61,2.46,1.33,32.33,17.48,27.49,34.05
861,4/7/05,600519,-251.3,-251.65,-250.9,-251.68,12438,64340829,1.11,-251.65,-250.9,-251.68,8.05,2.83,1.33,35.16,16.52,28.84,32.27
862,4/8/05,600519,-251.65,-251.71,-251.65,-252.2,4505,22165004,0.4,-251.71,-251.65,-252.2,8.14,2.83,1.69,34.77,20.76,28.91,28.99
863,4/11/05,600519,-251.74,-252.24,-251.74,-252.4,9126,44306742,0.81,-252.24,-251.74,-252.4,8.02,2.23,1.89,27.81,23.57,26.33,26.59
864,4/12/05,600519,-252.23,-252.44,-252.21,-252.5,1995,9516181,0.18,-252.44,-252.21,-252.5,7.85,1.97,1.99,25.1,25.35,22.47,24.48
865,4/13/05,600519,-252.21,-252.02,-251.87,-252.3,8689,42332154,0.77,-252.02,-251.87,-252.3,7.59,2.31,1.29,30.43,17.0,21.36,24.19
866,4/14/05,600519,-252.02,-251.99,-251.93,-252.27,1915,9295179,0.17,-251.99,-251.93,-252.27,7.4,2.31,1.2,31.22,16.22,21.67,24.58
867,4/15/05,600519,-251.83,-252.05,-251.83,-252.14,1636,7963442,0.15,-252.05,-251.83,-252.14,6.97,1.95,1.2,27.98,17.22,19.62,24.23
868,4/18/05,600519,-252.09,-252.44,-252.08,-252.45,2957,14168640,0.26,-252.44,-252.08,-252.45,6.78,1.79,1.51,26.4,22.27,16.83,22.87
869,4/19/05,600519,-252.46,-252.77,-252.37,-252.8,7808,36608850,0.69,-252.77,-252.37,-252.8,6.9,1.79,1.58,25.94,22.9,16.5,21.42
870,4/20/05,600519,-252.78,-252.66,-252.62,-252.83,5358,24960623,0.48,-252.66,-252.62,-252.83,6.67,1.79,1.51,26.84,22.64,17.83,20.15
871,4/21/05,600519,-252.74,-252.22,-252.14,-252.77,2809,13403617,0.25,-252.22,-252.14,-252.77,6.64,1.67,1.51,25.15,22.74,13.94,17.65
872,4/22/05,600519,-252.2,-252.26,-252.07,-252.33,3520,16950065,0.31,-252.26,-252.07,-252.33,6.39,1.74,1.51,27.23,23.63,9.85,15.76
873,4/25/05,600519,-251.96,-251.05,-250.89,-252.11,12704,65092003,1.13,-251.05,-250.89,-252.11,7.36,2.64,1.51,35.87,20.52,10.42,15.02
874,4/26/05,600519,-251.05,-250.96,-250.57,-251.11,13609,71600714,1.21,-250.96,-250.57,-251.11,7.37,2.86,1.51,38.81,20.49,14.16,15.5
875,4/27/05,600519,-251.09,-250.79,-250.7,-251.11,7473,39437614,0.66,-250.79,-250.7,-251.11,7.0,2.49,1.51,35.57,21.57,17.2,16.85
876,4/28/05,600519,-250.79,-250.74,-250.58,-250.98,8521,45118705,0.76,-250.74,-250.58,-250.98,6.85,2.61,0.99,38.1,14.45,23.29,20.56
877,4/29/05,600519,-250.96,-250.74,-250.69,-251.05,6825,35950860,0.61,-250.74,-250.69,-251.05,6.52,2.61,0.86,40.03,13.19,30.86,22.4
878,5/9/05,600519,-250.89,-251.2,-250.75,-251.27,7656,39655697,0.68,-251.2,-250.75,-251.27,6.76,2.61,0.98,38.61,14.5,37.24,23.55
879,5/10/05,600519,-251.36,-251.47,-251.27,-251.74,6447,32384041,0.57,-251.47,-251.27,-251.74,6.73,2.27,1.45,33.73,21.55,36.38,23.4
880,5/11/05,600519,-251.46,-251.88,-251.46,-251.93,6785,33782884,0.6,-251.88,-251.46,-251.93,6.86,2.27,1.64,33.09,23.91,33.92,24.04
881,5/12/05,600519,-252.14,-252.02,-251.53,-252.29,14251,69749251,1.27,-252.02,-251.53,-252.29,7.31,2.17,2.0,29.69,27.36,30.51,23.86
882,5/13/05,600519,-252.14,-252.08,-251.71,-252.3,15077,73784829,1.34,-252.08,-251.71,-252.3,7.5,2.17,1.7,28.93,22.67,25.04,24.16
883,5/16/05,600519,-252.15,-252.02,-251.89,-252.24,2596,12703148,0.23,-252.02,-251.89,-252.24,7.42,2.17,1.35,29.25,18.19,20.51,25.68
884,5/17/05,600519,-251.99,-251.78,-251.64,-252.02,7725,38326325,0.69,-251.78,-251.64,-252.02,7.59,2.42,1.32,31.88,17.39,17.85,27.55
885,5/18/05,600519,-251.71,-252.3,-251.71,-252.76,9678,46208050,0.86,-252.3,-251.71,-252.76,8.01,1.94,2.06,24.22,25.72,14.67,25.53
886,5/19/05,600519,-252.3,-251.94,-251.78,-252.6,5123,25028891,0.46,-251.94,-251.78,-252.6,8.57,1.87,2.06,21.82,24.04,12.79,23.35
887,5/20/05,600519,-251.99,-251.94,-251.63,-251.99,5845,29146429,0.52,-251.94,-251.63,-251.99,7.56,0.84,2.06,11.11,27.25,19.13,24.82
888,5/23/05,600519,-251.99,-252.18,-251.71,-252.3,2615,12730239,0.23,-252.18,-251.71,-252.3,7.61,0.52,2.37,6.83,31.14,27.77,26.4
889,5/24/05,600519,-252.18,-252.25,-252.1,-252.28,1379,6674005,0.12,-252.25,-252.1,-252.28,7.38,0.52,2.37,7.05,32.11,34.56,27.53
890,5/25/05,600519,-252.28,-252.36,-252.27,-252.43,3208,15348058,0.29,-252.36,-252.27,-252.43,7.16,0.4,2.52,5.59,35.2,41.76,29.8
891,5/26/05,600519,-252.33,-252.91,-252.3,-252.99,10634,49432691,0.95,-252.91,-252.3,-252.99,7.49,0.4,3.01,5.34,40.19,54.01,34.34
892,5/27/05,600519,-253.08,-253.3,-252.96,-253.51,15950,71377627,1.42,-253.3,-252.96,-253.51,7.56,0.4,3.31,5.29,43.78,66.28,39.54
893,5/30/05,600519,-253.55,-253.33,-253.18,-253.77,9035,40352669,0.8,-253.33,-253.18,-253.77,7.61,0.4,3.1,5.26,40.74,72.12,45.63
894,5/31/05,600519,-253.35,-253.38,-253.18,-253.47,11880,53080356,1.06,-253.38,-253.18,-253.47,7.43,0.4,2.91,5.38,39.17,74.09,50.93
895,6/1/05,600519,-253.37,-253.33,-253.24,-253.69,8658,38201051,0.77,-253.33,-253.24,-253.69,7.12,0.4,2.77,5.62,38.9,75.89,55.22
896,6/2/05,600519,-253.4,-254.46,-253.4,-254.65,25298,105700729,2.25,-254.46,-253.4,-254.65,7.85,0.4,3.72,5.1,47.39,77.22,59.49
897,6/3/05,600519,-254.65,-254.12,-254.02,-254.92,7147,29143703,0.64,-254.12,-254.02,-254.92,8.4,0.4,3.99,4.76,47.5,78.09,66.05
898,6/6/05,600519,-254.23,-253.35,-253.3,-254.39,4214,18349446,0.37,-253.35,-253.3,-254.39,9.11,0.87,3.99,9.55,43.8,75.72,71.0
899,6/7/05,600519,-253.26,-253.17,-252.86,-253.35,5989,27080944,0.53,-253.17,-252.86,-253.35,8.55,1.31,3.25,15.32,38.01,69.95,71.04
900,6/8/05,600519,-253.3,-251.86,-251.76,-253.3,11039,52789496,0.98,-251.86,-251.76,-253.3,9.27,2.41,3.25,26.0,35.06,59.78,66.94
901,6/9/05,600519,-251.89,-252.2,-251.62,-252.3,7770,38204045,0.69,-252.2,-251.62,-252.3,9.59,2.4,3.25,25.03,33.89,49.83,62.86
902,6/10/05,600519,-252.26,-252.61,-252.03,-252.74,4165,19681140,0.37,-252.61,-252.03,-252.74,9.71,2.4,3.38,24.72,34.81,39.23,58.22
903,6/13/05,600519,-252.57,-252.54,-252.3,-252.76,7070,33389071,0.63,-252.54,-252.3,-252.76,9.99,2.4,3.4,24.02,34.03,28.47,53.28
904,6/14/05,600519,-252.61,-252.4,-252.15,-252.61,7271,34530651,0.65,-252.4,-252.15,-252.61,10.27,2.55,3.25,24.83,31.65,19.78,47.75
905,6/15/05,600519,-252.58,-252.42,-252.3,-252.58,1597,7599370,0.14,-252.42,-252.3,-252.58,9.86,2.55,2.69,25.86,27.28,13.14,41.54
906,6/16/05,600519,-252.4,-252.15,-252.14,-252.46,5932,28452404,0.53,-252.15,-252.14,-252.46,9.58,2.71,2.17,28.29,22.65,12.51,36.15
907,6/17/05,600519,-252.14,-252.14,-251.99,-252.42,3263,15703945,0.29,-252.14,-251.99,-252.42,9.42,2.86,1.91,30.36,20.28,13.32,31.58
908,6/20/05,600519,-251.99,-251.11,-250.7,-252.14,12369,62906075,1.1,-251.11,-250.7,-252.14,10.57,4.15,1.91,39.26,18.07,16.65,27.94
909,6/21/05,600519,-251.21,-251.42,-251.05,-251.5,2598,13347957,0.23,-251.42,-251.05,-251.5,10.57,4.15,1.69,39.26,15.99,20.8,24.64
910,6/22/05,600519,-251.42,-250.95,-250.89,-251.43,6122,31728393,0.54,-250.95,-250.89,-251.43,9.79,4.31,0.73,44.02,7.46,30.63,25.21
911,6/23/05,600519,-250.96,-251.02,-250.87,-251.15,5276,27503937,0.47,-251.02,-250.87,-251.15,9.17,4.33,0.46,47.22,5.02,43.65,28.39
912,6/24/05,600519,-251.16,-250.89,-250.86,-251.96,6150,31786457,0.55,-250.89,-250.86,-251.96,9.18,3.61,1.27,39.32,13.83,49.8,31.15
913,6/27/05,600519,-250.8,-250.16,-250.13,-250.92,10824,58344425,0.96,-250.16,-250.13,-250.92,9.48,3.9,1.27,41.14,13.4,54.96,34.14
914,6/28/05,600519,-250.42,-250.61,-250.27,-250.73,3766,20129464,0.33,-250.61,-250.27,-250.73,8.51,2.8,1.27,32.9,14.92,55.06,35.86
915,6/30/05,600519,-250.74,-250.53,-250.31,-250.74,12778,68740725,1.14,-250.53,-250.31,-250.74,8.26,2.66,1.28,32.2,15.5,53.88,37.34
916,7/1/05,600519,-250.11,-250.94,-250.11,-251.3,6104,32182036,0.54,-250.94,-250.11,-251.3,8.74,2.66,1.4,30.43,16.02,47.21,38.92
917,7/4/05,600519,-251.05,-250.96,-250.8,-251.2,3019,15730157,0.27,-250.96,-250.8,-251.2,8.68,2.66,1.38,30.65,15.9,39.03,41.34
918,7/5/05,600519,-251.05,-251.06,-251.05,-251.19,2248,11662288,0.2,-251.06,-251.05,-251.19,8.45,2.51,1.38,29.7,16.33,35.88,42.84
919,7/6/05,600519,-251.13,-251.58,-251.05,-251.68,6317,32226601,0.56,-251.58,-251.05,-251.68,8.8,2.51,1.87,28.52,21.25,29.83,42.39
920,7/7/05,600519,-251.68,-251.52,-251.37,-251.78,5785,29052550,0.51,-251.52,-251.37,-251.78,8.89,2.35,1.97,26.43,22.16,25.03,40.05
921,7/8/05,600519,-251.63,-251.08,-250.99,-251.63,6931,35940472,0.62,-251.08,-250.99,-251.63,9.1,2.58,1.97,28.35,21.65,21.43,37.65
922,7/11/05,600519,-251.05,-251.06,-250.7,-251.12,6563,34538170,0.58,-251.06,-250.7,-251.12,8.08,1.58,1.97,19.55,24.38,18.09,32.65
923,7/12/05,600519,-251.09,-250.58,-250.52,-251.29,5712,30210107,0.51,-250.58,-250.52,-251.29,8.4,1.76,1.97,20.95,23.45,13.75,26.39
924,7/13/05,600519,-250.61,-250.89,-250.59,-251.52,3858,19981575,0.34,-250.89,-250.59,-251.52,8.8,1.6,2.2,18.18,25.0,11.54,23.71
925,7/14/05,600519,-251.05,-250.77,-250.74,-251.06,2013,10624551,0.18,-250.77,-250.74,-251.06,8.84,1.58,2.2,17.87,24.89,11.84,20.83
926,7/15/05,600519,-250.89,-250.74,-250.65,-250.89,1003,5300561,0.09,-250.74,-250.65,-250.89,7.98,1.67,1.39,20.93,17.42,11.89,18.46
927,7/18/05,600519,-250.75,-250.83,-250.67,-250.87,1564,8258010,0.14,-250.83,-250.67,-250.87,7.39,0.94,1.39,12.72,18.81,12.88,17.15
928,7/19/05,600519,-250.84,-250.75,-250.62,-250.86,1325,7015760,0.12,-250.75,-250.62,-250.86,7.06,0.99,1.39,14.02,19.69,13.85,15.97
929,7/20/05,600519,-250.75,-251.01,-250.75,-251.07,3012,15767931,0.27,-251.01,-250.75,-251.07,6.95,0.99,1.59,14.24,22.88,16.79,15.27
930,7/21/05,600519,-251.01,-251.06,-250.87,-251.27,2537,13127981,0.23,-251.06,-250.87,-251.27,6.16,0.99,1.23,16.07,19.97,15.96,13.75
931,7/22/05,600519,-251.05,-251.03,-250.78,-251.18,6096,31708848,0.54,-251.03,-250.78,-251.18,6.16,1.08,1.23,17.53,19.97,14.31,13.07
932,7/25/05,600519,-251.05,-251.25,-250.96,-251.34,6962,35971529,0.62,-251.25,-250.96,-251.34,6.31,1.08,1.39,17.12,22.03,14.87,13.38
933,7/26/05,600519,-251.36,-251.11,-251.02,-251.36,8008,41433496,0.71,-251.11,-251.02,-251.36,6.02,1.08,0.92,17.94,15.28,12.99,12.93
934,7/27/05,600519,-250.96,-250.78,-250.67,-251.05,5370,28350004,0.48,-250.78,-250.67,-251.05,6.05,1.43,0.82,23.64,13.55,14.7,14.28
935,7/28/05,600519,-250.77,-250.64,-250.59,-250.88,8593,45732284,0.76,-250.64,-250.59,-250.88,5.7,1.13,0.82,19.82,14.39,13.48,15.13
936,7/29/05,600519,-250.73,-250.69,-250.58,-250.74,2425,12951117,0.22,-250.69,-250.58,-250.74,5.44,0.85,0.82,15.62,15.07,11.97,13.97
937,8/1/05,600519,-250.66,-250.55,-250.49,-250.74,3840,20465514,0.34,-250.55,-250.49,-250.74,4.92,0.76,0.82,15.45,16.67,11.53,12.92
938,8/2/05,600519,-250.57,-250.62,-250.52,-250.81,4263,22676468,0.38,-250.62,-250.52,-250.81,4.27,0.76,0.66,17.8,15.46,10.61,12.74
939,8/3/05,600519,-250.67,-250.55,-250.52,-250.74,8184,43619808,0.73,-250.55,-250.52,-250.74,4.17,0.76,0.66,18.23,15.83,10.45,11.72
940,8/4/05,600519,-250.52,-249.95,-249.86,-250.52,10560,58044426,0.94,-249.95,-249.86,-250.52,4.62,1.33,0.66,28.79,14.29,11.54,13.12
941,8/5/05,600519,-249.64,-249.65,-249.34,-249.89,6365,29678263,0.47,-249.65,-249.34,-249.89,5.03,1.85,0.66,36.78,13.12,16.79,15.14
942,8/8/05,600519,-249.63,-249.85,-249.52,-250.34,8546,39434837,0.63,-249.85,-249.52,-250.34,5.61,1.8,1.11,32.09,19.79,20.45,16.21
943,8/9/05,600519,-249.89,-250.1,-249.89,-250.23,5842,26540331,0.43,-250.1,-249.89,-250.23,5.67,1.8,0.9,31.75,15.87,25.37,18.45
944,8/10/05,600519,-250.22,-249.83,-249.7,-250.22,5800,26665195,0.43,-249.83,-249.7,-250.22,5.79,1.99,0.7,34.37,12.09,32.19,21.4
945,8/11/05,600519,-249.89,-249.38,-249.36,-249.89,13594,63589532,1.01,-249.38,-249.36,-249.89,5.92,2.24,0.7,37.84,11.82,39.74,25.1
946,8/12/05,600519,-249.38,-249.51,-249.36,-249.75,4715,22081209,0.35,-249.51,-249.36,-249.75,5.93,2.24,0.54,37.77,9.11,44.32,27.93
947,8/15/05,600519,-249.56,-249.14,-248.92,-249.89,7020,32711316,0.52,-249.14,-248.92,-249.89,6.56,2.68,0.52,40.85,7.93,47.67,32.23
948,8/16/05,600519,-249.14,-249.33,-249.14,-249.54,5752,27203993,0.43,-249.33,-249.14,-249.54,6.52,2.33,0.52,35.74,7.98,54.3,37.38
949,8/17/05,600519,-248.5,-248.83,-247.55,-249.7,12507,60400828,0.93,-248.83,-247.55,-249.7,8.38,3.84,0.52,45.82,6.21,61.44,43.4
950,8/18/05,600519,-248.58,-249.48,-248.46,-249.52,10989,52638476,0.81,-249.48,-248.46,-249.52,9.28,3.83,0.52,41.27,5.6,66.13,49.16
951,8/19/05,600519,-249.56,-249.48,-249.35,-249.64,4973,23314587,0.37,-249.48,-249.35,-249.64,9.32,3.74,0.64,40.13,6.87,69.2,54.47
952,8/22/05,600519,-249.52,-249.33,-249.21,-249.7,6930,32877617,0.51,-249.33,-249.21,-249.7,9.52,3.88,0.57,40.76,5.99,71.4,57.86
953,8/23/05,600519,-249.44,-249.14,-249.12,-249.44,4786,22825313,0.35,-249.14,-249.12,-249.44,9.62,3.97,0.57,41.27,5.93,72.63,60.15
954,8/24/05,600519,-249.14,-249.16,-249.06,-249.3,3214,15394347,0.24,-249.16,-249.06,-249.3,9.17,3.37,0.57,36.75,6.22,73.89,64.1
955,8/25/05,600519,-249.15,-249.16,-249.11,-249.29,3540,16937359,0.26,-249.16,-249.11,-249.29,8.74,2.85,0.57,32.61,6.52,72.31,66.88
956,8/26/05,600519,-249.25,-248.98,-248.86,-249.25,4582,22162003,0.34,-248.98,-248.86,-249.25,8.31,3.1,0.12,37.3,1.44,75.05,70.59
957,8/29/05,600519,-248.95,-248.88,-248.81,-248.99,5128,24984384,0.38,-248.88,-248.81,-248.99,8.11,3.15,0.12,38.84,1.48,78.7,73.95
958,8/30/05,600519,-248.91,-249.0,-248.82,-249.1,2453,11883761,0.18,-249.0,-248.82,-249.1,7.87,2.96,0.23,37.61,2.92,80.57,75.98
959,8/31/05,600519,-249.1,-248.82,-248.77,-249.14,2394,11660189,0.18,-248.82,-248.77,-249.14,7.71,2.67,0.23,34.63,2.98,82.11,77.37
960,9/1/05,600519,-248.85,-248.39,-248.27,-248.85,5487,27342423,0.41,-248.39,-248.27,-248.85,7.9,3.17,0.23,40.13,2.91,84.68,79.28
961,9/2/05,600519,-248.46,-248.18,-247.96,-248.46,4998,25226079,0.37,-248.18,-247.96,-248.46,7.43,3.04,0.23,40.92,3.1,87.89,80.1
962,9/5/05,600519,-248.2,-248.03,-247.79,-248.2,3911,19986278,0.29,-248.03,-247.79,-248.2,7.44,3.21,0.23,43.15,3.09,86.9,80.98
963,9/6/05,600519,-248.03,-248.35,-247.9,-248.39,3195,16132458,0.24,-248.35,-247.9,-248.39,5.78,1.62,0.42,28.03,7.27,81.26,79.98
964,9/7/05,600519,-248.35,-248.19,-248.14,-248.38,5186,26062481,0.38,-248.19,-248.14,-248.38,4.96,1.62,0.42,32.66,8.47,76.8,78.69
965,9/8/05,600519,-248.19,-248.38,-248.19,-248.5,6308,31589421,0.47,-248.38,-248.19,-248.5,4.98,1.62,0.42,32.53,8.43,72.58,77.35
966,9/9/05,600519,-248.38,-248.46,-248.37,-248.76,4254,21034934,0.32,-248.46,-248.37,-248.76,4.88,1.48,0.68,30.33,13.93,64.34,74.51
967,9/12/05,600519,-248.46,-248.53,-248.46,-248.83,1595,7856513,0.12,-248.53,-248.46,-248.83,4.93,1.39,0.75,28.19,15.21,55.01,71.45
968,9/13/05,600519,-248.65,-248.09,-248.09,-248.65,4901,24688592,0.36,-248.09,-248.09,-248.65,5.25,1.7,0.75,32.38,14.29,47.03,66.97
969,9/14/05,600519,-248.13,-248.07,-247.94,-248.35,3299,16772020,0.24,-248.07,-247.94,-248.35,5.48,1.85,0.75,33.76,13.69,44.28,62.77
970,9/15/05,600519,-248.1,-248.11,-247.88,-248.25,1741,8846890,0.13,-248.11,-247.88,-248.25,5.46,1.66,0.75,30.4,13.74,40.77,58.79
971,9/16/05,600519,-248.15,-248.02,-247.94,-248.15,3217,16398350,0.24,-248.02,-247.94,-248.15,5.49,1.61,0.75,29.33,13.66,37.04,54.81
972,9/19/05,600519,-248.16,-248.21,-247.87,-248.25,2040,10355074,0.15,-248.21,-247.87,-248.25,5.59,1.61,0.74,28.8,13.24,37.04,50.69
973,9/20/05,600519,-248.18,-248.22,-248.18,-248.31,1795,9041752,0.13,-248.22,-248.18,-248.31,5.35,1.56,0.8,29.16,14.95,37.42,46.21
974,9/21/05,600519,-248.36,-248.5,-248.16,-248.58,2949,14686809,0.22,-248.5,-248.16,-248.58,5.19,1.06,1.07,20.42,20.62,31.03,39.03
975,9/22/05,600519,-248.62,-248.75,-248.4,-249.07,3358,16372929,0.25,-248.75,-248.4,-249.07,5.36,0.75,1.56,13.99,29.1,29.83,37.05
976,9/23/05,600519,-248.81,-248.79,-248.58,-249.01,3064,15048364,0.23,-248.79,-248.58,-249.01,5.38,0.58,1.56,10.78,29.0,31.17,35.97
977,9/26/05,600519,-248.78,-248.92,-248.63,-248.95,1767,8657470,0.13,-248.92,-248.63,-248.95,5.21,0.58,1.37,11.13,26.3,31.84,34.44
978,9/27/05,600519,-248.93,-249.05,-248.86,-249.08,1709,8278850,0.13,-249.05,-248.86,-249.08,5.19,0.58,1.5,11.18,28.9,33.05,35.04
979,9/28/05,600519,-249.13,-248.85,-248.77,-249.13,2337,11331850,0.17,-248.85,-248.77,-249.13,5.24,0.67,1.38,12.79,26.34,33.45,35.43
980,9/29/05,600519,-248.78,-248.5,-248.46,-248.84,2085,10308512,0.15,-248.5,-248.46,-248.84,5.24,0.98,1.12,18.7,21.37,34.48,32.76
981,9/30/05,600519,-248.5,-248.59,-248.5,-248.95,3324,16352331,0.25,-248.59,-248.5,-248.95,5.32,0.98,1.16,18.42,21.8,30.04,29.93
982,10/10/05,600519,-248.73,-248.9,-248.5,-248.91,2648,12946800,0.2,-248.9,-248.5,-248.91,5.17,0.61,1.16,11.8,22.44,27.59,29.38
983,10/11/05,600519,-248.95,-248.82,-248.78,-249.06,1359,6622928,0.1,-248.82,-248.78,-249.06,5.04,0.46,1.31,9.13,25.99,28.84,30.34
984,10/12/05,600519,-248.76,-249.32,-248.76,-249.36,8328,39835259,0.62,-249.32,-248.76,-249.36,5.27,0.4,1.61,7.59,30.55,31.5,32.27
985,10/13/05,600519,-249.31,-249.48,-249.17,-249.62,10908,51553349,0.81,-249.48,-249.17,-249.62,5.51,0.4,1.87,7.26,33.94,36.52,34.99
986,10/14/05,600519,-249.52,-250.06,-249.35,-250.15,4943,22786107,0.37,-250.06,-249.35,-250.15,5.93,0.4,2.3,6.75,38.79,47.14,40.81
987,10/17/05,600519,-250.21,-250.0,-249.7,-250.31,9468,43391916,0.7,-250.0,-249.7,-250.31,6.41,0.4,2.4,6.24,37.44,57.64,43.84
988,10/18/05,600519,-250.0,-249.55,-249.55,-250.0,9642,44960711,0.71,-249.55,-249.55,-250.0,6.44,0.55,2.13,8.54,33.07,62.29,44.94
989,10/19/05,600519,-249.48,-249.55,-249.35,-249.71,7925,37063755,0.59,-249.55,-249.35,-249.71,6.13,0.75,1.64,12.23,26.75,60.49,44.67
990,10/20/05,600519,-249.62,-249.8,-249.48,-249.87,5722,26662088,0.42,-249.8,-249.48,-249.87,6.09,0.75,1.8,12.32,29.56,57.32,44.41
991,10/21/05,600519,-249.85,-249.78,-249.72,-249.89,3395,15694623,0.25,-249.78,-249.72,-249.89,5.94,0.75,1.82,12.63,30.64,53.47,44.99
992,10/24/05,600519,-249.82,-249.5,-249.46,-249.82,4445,20771238,0.33,-249.5,-249.46,-249.82,6.08,1.01,1.69,16.61,27.8,45.94,46.54
993,10/25/05,600519,-249.39,-249.27,-249.21,-249.4,11595,55177336,0.86,-249.27,-249.21,-249.4,6.01,1.17,1.69,19.47,28.12,37.06,47.35
994,10/26/05,600519,-249.28,-249.3,-249.24,-249.4,9636,45847901,0.71,-249.3,-249.24,-249.4,5.78,0.86,1.69,14.88,29.24,32.66,47.47
995,10/27/05,600519,-249.31,-249.53,-249.31,-249.68,9748,45785210,0.72,-249.53,-249.31,-249.68,5.71,0.86,1.86,15.06,32.57,32.58,46.54
996,10/28/05,600519,-249.52,-249.3,-249.1,-249.52,6982,33237651,0.52,-249.3,-249.1,-249.52,5.73,1.07,1.86,18.67,32.46,30.21,43.77
997,10/31/05,600519,-249.33,-249.07,-248.84,-249.47,6686,32099219,0.5,-249.07,-248.84,-249.47,6.08,1.33,1.71,21.87,28.12,25.36,39.41
998,11/1/05,600519,-248.99,-249.03,-248.93,-249.21,8543,41028115,0.63,-249.03,-248.93,-249.21,5.76,1.33,1.41,23.09,24.48,21.65,33.79
999,11/2/05,600519,-249.14,-249.08,-248.93,-249.3,2766,13366082,0.2,-249.08,-248.93,-249.3,5.68,1.33,1.24,23.42,21.83,19.2,28.13
1000,11/3/05,600519,-248.99,-249.44,-248.97,-249.44,2540,12120721,0.19,-249.44,-248.97,-249.44,5.35,1.33,0.85,24.86,15.89,17.44,25.05
1001,11/4/05,600519,-249.43,-249.42,-249.29,-249.74,4896,22899009,0.36,-249.42,-249.29,-249.74,5.19,1.33,0.99,25.63,19.08,13.76,23.17
1002,11/7/05,600519,-249.7,-249.54,-249.52,-249.74,2475,11545343,0.18,-249.54,-249.52,-249.74,5.06,1.18,0.99,23.32,19.57,10.73,20.47
1003,11/8/05,600519,-249.55,-249.54,-249.5,-249.57,6077,28543068,0.45,-249.54,-249.5,-249.57,4.77,1.0,0.99,20.96,20.75,8.73,17.04
1004,11/9/05,600519,-249.45,-249.62,-249.33,-249.7,6021,28203162,0.45,-249.62,-249.33,-249.7,4.75,1.17,0.83,24.63,17.47,11.07,16.36
1005,11/10/05,600519,-249.55,-249.65,-249.55,-249.83,3950,18352311,0.29,-249.65,-249.55,-249.83,4.86,1.17,0.94,24.07,19.34,12.31,15.75
1006,11/11/05,600519,-249.81,-249.75,-249.65,-249.89,2927,13501333,0.22,-249.75,-249.65,-249.89,4.74,0.91,1.0,19.2,21.1,9.42,13.43
1007,11/14/05,600519,-249.87,-250.04,-249.78,-250.06,2163,9877960,0.16,-250.04,-249.78,-250.06,4.76,0.66,1.17,13.87,24.58,11.62,12.69
1008,11/15/05,600519,-249.98,-250.12,-249.94,-250.12,7768,35512394,0.58,-250.12,-249.94,-250.12,4.78,0.66,1.23,13.81,25.73,15.19,12.96
1009,11/16/05,600519,-250.12,-249.93,-249.91,-250.27,7249,33007959,0.54,-249.93,-249.91,-250.27,4.76,0.66,1.1,13.87,23.11,19.27,14.0
1010,11/17/05,600519,-249.97,-250.28,-249.94,-250.95,11008,49497150,0.82,-250.28,-249.94,-250.95,5.35,0.45,1.78,8.41,33.27,26.38,18.73
1011,11/18/05,600519,-250.27,-250.15,-249.97,-250.64,6941,31397165,0.51,-250.15,-249.97,-250.64,5.39,0.19,1.78,3.53,33.02,38.02,25.16
1012,11/21/05,600519,-250.27,-250.02,-249.98,-250.34,4575,20639360,0.34,-250.02,-249.98,-250.34,5.47,0.19,1.78,3.47,32.54,50.68,30.05
1013,11/22/05,600519,-250.1,-249.84,-249.67,-250.45,3539,16131067,0.26,-249.84,-249.67,-250.45,5.88,0.5,1.69,8.5,28.74,55.09,33.36
1014,11/23/05,600519,-250.0,-249.79,-249.74,-250.04,1371,6306488,0.1,-249.79,-249.74,-250.04,5.71,0.5,1.55,8.76,27.15,58.6,36.9
1015,11/24/05,600519,-249.89,-250.23,-249.89,-250.27,10883,49193081,0.81,-250.23,-249.89,-250.27,5.74,0.5,1.48,8.71,25.78,62.69,40.98
1016,11/25/05,600519,-250.23,-250.07,-250.04,-250.31,3914,17618489,0.29,-250.07,-250.04,-250.31,5.69,0.5,1.52,8.79,26.71,61.16,43.77
1017,11/28/05,600519,-250.09,-250.09,-250.01,-250.45,1524,6903246,0.11,-250.09,-250.01,-250.45,6.06,0.48,1.66,7.92,27.39,56.9,47.46
1018,11/29/05,600519,-250.1,-250.5,-250.01,-251.02,2489,11117104,0.18,-250.5,-250.01,-251.02,6.7,0.31,2.23,4.63,33.28,56.05,53.36
1019,11/30/05,600519,-250.64,-250.74,-250.58,-251.06,6508,28172021,0.48,-250.74,-250.58,-251.06,6.98,0.31,2.14,4.44,30.66,59.44,57.27
1020,12/1/05,600519,-250.83,-250.91,-250.7,-250.94,5354,23266367,0.4,-250.91,-250.7,-250.94,6.98,0.31,2.08,4.44,29.8,63.25,60.92
1021,12/2/05,600519,-250.91,-250.45,-250.34,-250.91,9634,42441653,0.71,-250.45,-250.34,-250.91,7.24,0.67,1.91,9.25,26.38,63.01,62.85
1022,12/5/05,600519,-250.45,-250.58,-250.4,-250.78,2757,12151492,0.2,-250.58,-250.4,-250.78,7.44,0.67,1.85,9.01,24.87,62.4,61.78
1023,12/6/05,600519,-250.75,-250.73,-250.59,-250.83,14917,65529318,1.11,-250.73,-250.59,-250.83,7.33,0.67,1.75,9.14,23.87,60.64,58.77
1024,12/7/05,600519,-250.83,-250.74,-250.59,-250.83,4310,18878496,0.32,-250.74,-250.59,-250.83,6.55,0.67,1.07,10.23,16.34,51.88,53.96
1025,12/8/05,600519,-250.81,-250.79,-250.64,-250.82,3658,16002582,0.27,-250.79,-250.64,-250.82,6.06,0.67,1.07,11.06,17.66,43.26,51.35
1026,12/9/05,600519,-250.75,-251.06,-250.75,-251.09,15462,66478204,1.15,-251.06,-250.75,-251.09,6.04,0.67,1.34,11.09,22.19,36.47,49.86
1027,12/12/05,600519,-251.09,-251.52,-251.09,-251.52,15102,63383458,1.12,-251.52,-251.09,-251.52,5.72,0.36,1.77,6.29,30.94,39.49,51.25
1028,12/13/05,600519,-251.51,-251.63,-251.41,-251.96,20414,83729902,1.51,-251.63,-251.41,-251.96,5.97,0.36,2.21,6.03,37.02,43.69,53.04
1029,12/14/05,600519,-251.75,-251.21,-251.09,-251.76,17976,75326820,1.33,-251.21,-251.09,-251.76,6.16,0.68,1.98,11.04,32.14,44.39,52.52
1030,12/15/05,600519,-251.19,-251.07,-251.06,-251.39,5935,25306079,0.44,-251.07,-251.06,-251.39,6.22,0.71,1.94,11.41,31.19,48.3,50.09
1031,12/16/05,600519,-251.09,-250.84,-250.77,-251.21,6671,28659038,0.49,-250.84,-250.77,-251.21,6.22,1.0,1.8,16.08,28.94,49.23,46.24
1032,12/19/05,600519,-250.83,-250.7,-250.61,-250.92,4703,20587488,0.35,-250.7,-250.61,-250.92,5.52,1.16,1.23,21.01,22.28,44.16,40.32
1033,12/20/05,600519,-250.63,-250.88,-250.62,-251.02,4540,19679338,0.34,-250.88,-250.62,-251.02,5.36,1.16,1.29,21.64,24.07,34.01,36.75
1034,12/21/05,600519,-250.98,-251.03,-250.79,-251.12,4959,21349222,0.37,-251.03,-250.79,-251.12,5.45,1.16,1.39,21.28,25.5,23.52,33.6
1035,12/22/05,600519,-251.15,-250.93,-250.79,-251.2,3341,14361625,0.25,-250.93,-250.79,-251.2,5.29,0.8,1.47,15.12,27.79,20.29,32.34
1036,12/23/05,600519,-251.05,-250.61,-250.57,-251.06,6292,27434932,0.47,-250.61,-250.57,-251.06,5.4,1.02,1.47,18.89,27.22,15.57,31.93
1037,12/26/05,600519,-250.57,-250.56,-250.45,-250.72,6992,30863111,0.52,-250.56,-250.45,-250.72,5.42,1.14,1.42,21.03,26.2,12.63,30.93
1038,12/27/05,600519,-250.53,-250.3,-250.27,-250.59,7290,32574560,0.54,-250.3,-250.27,-250.59,5.5,1.32,1.42,24.0,25.82,12.75,28.46
1039,12/28/05,600519,-250.27,-250.09,-250.08,-250.36,6250,28274416,0.46,-250.09,-250.08,-250.36,5.6,1.51,1.42,26.96,25.36,12.38,23.2
1040,12/29/05,600519,-250.08,-249.6,-249.59,-250.08,15674,72783428,1.16,-249.6,-249.59,-250.08,5.76,2.0,1.15,34.72,19.97,15.37,19.45
1041,12/30/05,600519,-249.7,-250.03,-249.7,-250.3,36648,167469295,2.72,-250.03,-249.7,-250.3,6.0,2.0,0.94,33.33,15.67,16.46,18.38
1042,1/4/06,600519,-250.12,-250.54,-250.12,-250.6,35507,157456208,2.63,-250.54,-250.12,-250.6,6.02,2.0,0.8,33.22,13.29,20.59,18.08
1043,1/5/06,600519,-250.57,-250.36,-250.15,-250.6,16992,75918198,1.26,-250.36,-250.15,-250.6,5.8,1.68,0.8,28.97,13.79,24.68,18.66
1044,1/6/06,600519,-250.34,-250.18,-250.1,-250.51,17162,77233333,1.27,-250.18,-250.1,-250.51,5.88,1.7,0.8,28.91,13.61,30.08,21.41
1045,1/9/06,600519,-250.14,-249.59,-249.4,-250.15,20771,96726018,1.54,-249.59,-249.4,-250.15,6.22,2.11,0.8,33.92,12.86,37.07,24.72
1046,1/10/06,600519,-249.52,-249.53,-249.3,-249.69,17457,82153545,1.29,-249.53,-249.3,-249.69,6.3,2.05,0.8,32.54,12.7,39.88,27.63
1047,1/11/06,600519,-249.53,-249.68,-249.29,-249.7,8315,39227536,0.62,-249.68,-249.29,-249.7,6.31,2.06,0.7,32.65,11.09,42.08,29.27
1048,1/12/06,600519,-249.74,-249.52,-249.49,-249.85,9990,46568064,0.74,-249.52,-249.49,-249.85,6.34,2.06,0.75,32.49,11.83,42.71,31.65
1049,1/13/06,600519,-249.52,-249.33,-249.03,-249.7,9937,47330433,0.74,-249.33,-249.03,-249.7,6.6,2.52,0.67,38.18,10.15,46.46,35.57
1050,1/16/06,600519,-249.22,-249.68,-249.18,-249.7,7731,36255138,0.57,-249.68,-249.18,-249.7,6.63,2.3,0.67,34.69,10.11,49.61,39.84
1051,1/17/06,600519,-249.89,-249.87,-249.66,-249.97,13825,63618353,1.02,-249.87,-249.66,-249.97,6.67,2.18,0.94,32.68,14.09,48.73,42.9
1052,1/18/06,600519,-249.89,-249.83,-249.53,-249.89,9707,45114697,0.72,-249.83,-249.53,-249.89,6.71,2.13,0.94,31.74,14.01,47.88,43.88
1053,1/19/06,600519,-249.6,-249.86,-249.59,-249.98,7283,33651491,0.54,-249.86,-249.59,-249.98,6.82,1.94,1.03,28.45,15.1,44.77,43.43
1054,1/20/06,600519,-249.85,-249.9,-249.76,-250.13,14216,65092507,1.05,-249.9,-249.76,-250.13,6.69,1.45,1.18,21.67,17.64,38.71,40.71
1055,1/23/06,600519,-249.89,-250.27,-249.89,-250.3,13286,59899023,0.98,-250.27,-249.89,-250.3,6.4,1.45,1.13,22.66,17.66,31.12,38.79
1056,1/24/06,600519,-250.26,-250.07,-249.79,-250.27,11453,52535743,0.85,-250.07,-249.79,-250.27,6.31,1.55,0.83,24.56,13.15,27.01,38.31
1057,1/25/06,600519,-250.03,-249.43,-249.33,-250.15,15731,73251753,1.17,-249.43,-249.33,-250.15,6.68,2.01,0.83,30.09,12.43,27.31,38.02
1058,2/6/06,600519,-249.31,-249.36,-249.25,-249.7,15691,74143388,1.16,-249.36,-249.25,-249.7,6.72,2.04,0.83,30.36,12.35,27.88,37.88
1059,2/7/06,600519,-249.36,-248.39,-248.38,-249.46,28666,140985315,2.12,-248.39,-248.38,-249.46,7.02,2.21,0.83,31.48,11.82,30.34,37.56
1060,2/8/06,600519,-248.51,-248.45,-248.35,-248.81,22264,110727360,1.65,-248.45,-248.35,-248.81,7.09,2.14,0.83,30.18,11.71,35.98,37.35
1061,2/9/06,600519,-248.48,-248.96,-248.39,-249.03,7770,38004186,0.58,-248.96,-248.39,-249.03,7.32,2.13,1.05,29.1,14.34,39.57,35.34
1062,2/10/06,600519,-248.99,-247.44,-247.26,-249.11,31874,160573342,2.36,-247.44,-247.26,-249.11,8.81,3.26,0.9,37.0,10.22,43.98,35.5
1063,2/13/06,600519,-245.47,-245.47,-245.47,-245.47,16966,98029548,1.26,-245.47,-245.47,-245.47,10.11,4.59,0.9,45.4,8.9,48.26,37.79
1064,2/15/06,600519,-244.82,-245.35,-244.82,-245.83,28997,168845650,2.15,-245.35,-244.82,-245.83,10.6,5.24,0.9,49.43,8.49,53.02,40.45
1065,2/16/06,600519,-245.51,-245.13,-244.64,-245.65,18978,110783125,1.41,-245.13,-244.64,-245.65,11.3,5.42,0.63,47.96,5.58,58.65,44.49
1066,2/17/06,600519,-245.14,-245.29,-245.05,-245.34,8908,51929488,0.66,-245.29,-245.05,-245.34,11.23,5.29,0.63,47.11,5.61,64.41,50.2
1067,2/20/06,600519,-245.47,-245.61,-245.35,-246.07,10844,62004351,0.8,-245.61,-245.35,-246.07,11.62,5.29,1.27,45.52,10.93,68.97,54.27
1068,2/21/06,600519,-245.8,-245.18,-245.18,-245.8,10239,59431946,0.76,-245.18,-245.18,-245.8,11.87,5.46,1.12,46.0,9.44,70.5,57.24
1069,2/22/06,600519,-245.25,-245.12,-245.01,-245.38,10335,60384853,0.77,-245.12,-245.01,-245.38,11.83,5.63,0.95,47.59,8.03,71.16,59.71
1070,2/23/06,600519,-245.12,-243.81,-243.71,-245.27,11548,68465670,0.86,-243.81,-243.71,-245.27,12.91,6.83,0.95,52.9,7.36,71.97,62.49
1071,4/17/06,600519,-241.44,-241.44,-241.44,-241.44,238,1630985,0.02,-241.44,-241.44,-241.44,14.46,8.64,0.95,59.75,6.57,72.14,65.39
1072,4/18/06,600519,-238.87,-238.87,-238.87,-238.87,324,2444655,0.02,-238.87,-238.87,-238.87,16.58,11.13,0.95,67.13,5.73,73.07,68.74
1073,4/19/06,600519,-236.03,-236.03,-236.03,-236.34,43968,364421942,3.26,-236.03,-236.03,-236.34,18.34,13.1,0.95,71.43,5.18,77.27,73.12
1074,4/20/06,600519,-233.37,-235.6,-233.37,-237.1,55615,475176332,4.12,-235.6,-233.37,-237.1,21.61,15.73,0.95,72.79,4.4,81.04,75.77
1075,4/21/06,600519,-235.7,-233.76,-233.17,-235.99,31886,278281209,2.36,-233.76,-233.17,-235.99,23.79,15.93,0.73,66.96,3.07,84.39,77.77
1076,4/24/06,600519,-233.55,-233.69,-232.69,-234.38,36249,322955394,2.69,-233.69,-232.69,-234.38,23.63,15.28,0.73,64.66,3.09,86.94,79.46
1077,4/25/06,600519,-233.74,-232.83,-232.16,-234.26,39705,357994221,2.94,-232.83,-232.16,-234.26,23.76,14.02,0.73,59.01,3.07,88.6,80.37
1078,5/25/06,600519,-232.81,-236.87,-231.3,-237.99,198117,811908674,7.34,-236.87,-231.3,-237.99,29.44,13.37,4.46,45.41,15.15,82.88,77.97
1079,5/26/06,600519,-236.94,-236.57,-236.55,-238.3,91802,360661885,3.4,-236.57,-236.55,-238.3,30.18,13.19,4.77,43.7,15.81,76.28,76.77
1080,5/29/06,600519,-236.56,-233.56,-233.56,-236.56,80684,345986865,2.99,-233.56,-233.56,-236.56,32.9,16.18,4.77,49.18,14.5,70.59,75.82
1081,5/30/06,600519,-231.23,-230.26,-230.26,-232.35,138759,664776550,5.14,-230.26,-230.26,-232.35,35.42,19.48,4.04,55.0,11.41,66.32,75.36
1082,5/31/06,600519,-230.21,-230.54,-227.62,-231.39,151731,747411522,5.62,-230.54,-227.62,-231.39,38.57,21.95,4.04,56.91,10.47,62.66,74.8
1083,6/1/06,600519,-230.54,-229.42,-228.97,-231.32,90332,438913211,3.35,-229.42,-228.97,-231.32,40.55,21.78,4.04,53.71,9.96,59.1,73.85
1084,6/2/06,600519,-229.42,-231.22,-229.42,-231.6,73105,348052311,2.71,-231.22,-229.42,-231.6,41.17,20.48,4.32,49.74,10.49,61.63,72.25
1085,6/5/06,600519,-231.6,-232.9,-231.6,-233.71,68748,308294272,2.55,-232.9,-231.6,-233.71,41.29,18.21,6.43,44.1,15.57,61.78,69.03
1086,6/6/06,600519,-233.38,-234.27,-233.38,-234.31,56642,246688992,2.1,-234.27,-233.38,-234.31,40.13,15.64,7.03,38.97,17.52,59.04,64.81
1087,6/7/06,600519,-234.63,-235.04,-233.56,-235.28,71001,302769993,2.63,-235.04,-233.56,-235.28,39.01,12.8,8.0,32.81,20.51,51.94,59.13
1088,6/8/06,600519,-235.19,-234.52,-234.24,-235.8,58454,247094039,2.17,-234.52,-234.24,-235.8,36.84,10.14,8.52,27.52,23.13,41.9,52.28
1089,6/9/06,600519,-234.52,-234.61,-234.16,-235.43,58411,247306955,2.16,-234.61,-234.16,-235.43,35.29,10.02,8.52,28.39,24.14,31.8,45.45
1090,6/12/06,600519,-235.06,-232.75,-232.66,-235.43,71344,311536764,2.64,-232.75,-232.66,-235.43,36.37,11.04,8.52,30.35,23.43,23.09,42.36
1091,6/13/06,600519,-232.75,-232.1,-231.17,-232.75,74829,347247357,2.77,-232.1,-231.17,-232.75,35.85,12.0,8.52,33.47,23.77,17.95,39.86
1092,6/14/06,600519,-232.43,-231.45,-231.15,-233.93,62234,287725376,2.31,-231.45,-231.15,-233.93,31.94,12.0,5.97,37.57,18.69,17.21,38.12
1093,6/15/06,600519,-231.46,-231.75,-230.4,-232.13,51311,242480009,1.9,-231.75,-230.4,-232.13,31.92,12.75,5.66,39.94,17.73,19.78,35.86
1094,6/16/06,600519,-231.76,-231.5,-231.08,-231.9,40080,188160360,1.48,-231.5,-231.08,-231.9,29.73,9.76,5.66,32.83,19.04,22.76,32.33
1095,6/19/06,600519,-231.68,-230.15,-229.36,-232.28,76306,368697291,2.83,-230.15,-229.36,-232.28,29.35,8.18,5.66,27.87,19.28,24.45,28.13
1096,6/20/06,600519,-230.44,-230.29,-229.91,-230.77,37609,181973717,1.39,-230.29,-229.91,-230.77,26.44,5.54,5.66,20.95,21.41,22.48,22.78
1097,6/21/06,600519,-230.29,-231.05,-230.18,-231.49,36324,172805456,1.35,-231.05,-230.18,-231.49,25.4,5.54,6.38,21.81,25.12,20.83,19.39
1098,6/22/06,600519,-231.3,-231.48,-230.94,-231.53,23654,111205968,0.88,-231.48,-230.94,-231.53,23.81,5.54,6.14,23.27,25.79,16.09,16.65
1099,6/23/06,600519,-231.68,-231.54,-231.08,-231.83,27924,130091791,1.03,-231.54,-231.08,-231.83,22.07,5.54,4.33,25.1,19.62,11.72,15.75
1100,6/26/06,600519,-231.53,-230.76,-230.29,-231.53,47870,227823194,1.77,-230.76,-230.29,-231.53,21.91,6.33,3.73,28.89,17.02,11.59,17.18
1101,6/27/06,600519,-230.65,-229.83,-229.35,-230.69,51466,252140738,1.91,-229.83,-229.35,-230.69,21.6,7.27,2.76,33.66,12.78,16.05,20.25
1102,6/28/06,600519,-229.91,-230.66,-229.91,-230.85,26801,128599786,0.99,-230.66,-229.91,-230.85,21.06,7.27,2.4,34.52,11.4,24.27,23.38
1103,6/29/06,600519,-230.63,-230.48,-230.18,-230.85,37191,178456804,1.38,-230.48,-230.18,-230.85,20.46,7.19,2.4,35.14,11.73,31.42,26.12
1104,6/30/06,600519,-230.36,-230.97,-229.99,-231.45,39033,185164398,1.45,-230.97,-229.99,-231.45,19.15,5.69,3.0,29.71,15.67,35.72,25.91
1105,7/3/06,600519,-230.99,-231.45,-230.99,-231.77,48288,225238880,1.79,-231.45,-230.99,-231.77,18.37,4.2,3.32,22.86,18.07,35.63,23.67
1106,7/4/06,600519,-231.68,-231.3,-231.27,-232.32,52507,242839931,1.95,-231.3,-231.27,-232.32,16.64,4.2,2.69,25.24,16.17,34.97,23.28
1107,7/5/06,600519,-231.15,-231.64,-231.15,-231.9,15573,72575812,0.58,-231.64,-231.15,-231.9,15.66,3.57,2.69,22.8,17.18,29.82,22.94
1108,7/6/06,600519,-231.68,-231.54,-231.23,-231.98,22056,103048532,0.82,-231.54,-231.23,-231.98,15.59,3.57,2.77,22.9,17.77,23.53,23.9
1109,7/7/06,600519,-231.51,-232.06,-231.31,-232.12,28024,129587181,1.04,-232.06,-231.31,-232.12,13.48,1.85,2.91,13.72,21.59,18.92,25.17
1110,7/10/06,600519,-232.14,-232.78,-232.14,-232.92,27698,125019271,1.03,-232.78,-232.14,-232.92,13.48,1.85,3.71,13.72,27.52,19.34,27.53
1111,7/11/06,600519,-232.81,-232.99,-232.46,-233.11,27214,122211032,1.01,-232.99,-232.46,-233.11,12.82,1.85,3.18,14.43,24.8,21.79,28.71
1112,7/12/06,600519,-233.03,-233.56,-232.99,-233.89,33125,145831734,1.23,-233.56,-232.99,-233.89,13.13,1.85,3.92,14.09,29.86,24.12,29.55
1113,7/13/06,600519,-233.74,-233.05,-232.5,-234.1,39424,175231413,1.46,-233.05,-232.5,-234.1,13.98,2.34,3.62,16.74,25.89,25.36,27.59
1114,7/14/06,600519,-233.41,-233.13,-232.99,-233.84,18344,80947648,0.68,-233.13,-232.99,-233.84,13.58,1.55,3.62,11.41,26.66,29.93,26.73
1115,7/17/06,600519,-233.33,-232.91,-232.39,-233.67,25684,115482082,0.95,-232.91,-232.39,-233.67,13.45,1.21,3.62,9.0,26.91,34.53,26.72
1116,7/18/06,600519,-232.94,-233.32,-232.91,-233.53,15392,68227611,0.57,-233.32,-232.91,-233.53,13.05,1.21,3.46,9.27,26.51,36.98,28.16
1117,7/19/06,600519,-233.41,-233.95,-233.26,-234.38,31327,136738969,1.16,-233.95,-233.26,-234.38,13.5,1.21,4.31,8.96,31.93,41.94,31.87
1118,7/20/06,600519,-233.98,-233.34,-233.26,-234.4,19372,85005958,0.72,-233.34,-233.26,-234.4,13.18,1.21,3.73,9.18,28.3,44.46,34.29
1119,7/21/06,600519,-233.37,-233.23,-233.18,-233.55,10760,47693738,0.4,-233.23,-233.18,-233.55,12.75,1.29,3.41,10.12,26.75,48.4,36.88
1120,7/24/06,600519,-233.48,-231.9,-231.4,-233.71,40525,185467434,1.5,-231.9,-231.4,-233.71,14.01,3.07,2.86,21.91,20.41,42.32,36.12
1121,7/25/06,600519,-231.9,-231.44,-231.3,-232.28,32542,151329073,1.21,-231.44,-231.3,-232.28,14.24,3.05,2.86,21.42,20.08,34.54,34.53
1122,7/26/06,600519,-231.44,-231.68,-231.3,-232.17,17404,80947127,0.64,-231.68,-231.3,-232.17,14.36,3.05,2.78,21.24,19.36,27.28,32.13
1123,7/27/06,600519,-231.75,-231.92,-231.46,-232.2,24515,113653352,0.91,-231.92,-231.46,-232.2,14.29,3.05,2.67,21.34,18.68,19.02,30.48
1124,7/28/06,600519,-232.05,-232.43,-231.99,-232.62,22886,104187953,0.85,-232.43,-231.99,-232.62,14.13,3.05,2.29,21.59,16.21,12.89,28.68
1125,7/31/06,600519,-232.52,-233.56,-232.5,-233.56,15948,70945071,0.59,-233.56,-232.5,-233.56,14.61,3.05,3.04,20.88,20.81,5.4,26.9
1126,8/1/06,600519,-233.56,-233.0,-232.81,-233.63,13168,58663703,0.49,-233.0,-232.81,-233.63,14.53,3.05,2.33,20.99,16.04,7.04,24.68
1127,8/2/06,600519,-233.03,-233.5,-232.81,-233.65,8860,39215950,0.33,-233.5,-232.81,-233.65,13.77,2.56,2.35,18.59,17.07,7.22,20.88
1128,8/3/06,600519,-233.48,-234.32,-233.14,-234.53,16655,71947181,0.62,-234.32,-233.14,-234.53,14.31,2.56,3.23,17.89,22.57,8.38,17.83
1129,8/4/06,600519,-234.31,-234.54,-234.02,-235.06,14793,63433581,0.55,-234.54,-234.02,-235.06,14.07,1.96,3.76,13.93,26.72,12.52,15.77
1130,8/7/06,600519,-234.87,-234.79,-234.01,-235.75,14142,59874589,0.52,-234.79,-234.01,-235.75,15.19,1.96,4.45,12.9,29.3,16.62,14.76
1131,8/8/06,600519,-235.06,-234.15,-234.13,-235.06,7772,33435494,0.29,-234.15,-234.13,-235.06,15.0,1.96,3.6,13.07,24.0,21.51,13.46
1132,8/9/06,600519,-234.12,-233.67,-233.33,-234.31,10288,44982771,0.38,-233.67,-233.33,-234.31,14.84,2.76,3.58,18.6,24.12,21.43,14.24
1133,8/10/06,600519,-233.67,-233.55,-233.27,-233.67,13106,57720598,0.49,-233.55,-233.27,-233.67,14.87,2.74,3.58,18.43,24.08,22.93,15.08
1134,8/11/06,600519,-233.5,-233.5,-233.18,-233.52,7247,32036673,0.27,-233.5,-233.18,-233.52,12.93,1.05,3.58,8.12,27.69,30.11,19.25
1135,8/14/06,600519,-233.5,-233.7,-233.35,-234.16,11174,49033692,0.41,-233.7,-233.35,-234.16,12.76,0.95,4.22,7.45,33.07,35.41,23.96
1136,8/15/06,600519,-233.89,-233.47,-233.42,-233.93,6398,28008387,0.24,-233.47,-233.42,-233.93,12.4,0.95,4.22,7.66,34.03,39.48,28.05
1137,8/16/06,600519,-233.48,-232.81,-232.74,-233.56,8999,40252021,0.33,-232.81,-232.74,-233.56,12.48,1.63,4.19,13.06,33.57,41.89,31.7
1138,8/17/06,600519,-232.74,-233.37,-232.74,-234.01,10930,48410678,0.4,-233.37,-232.74,-234.01,13.05,1.63,4.22,12.49,32.34,47.12,34.27
1139,8/18/06,600519,-233.63,-233.46,-233.21,-233.89,3381,14888941,0.13,-233.46,-233.21,-233.89,12.6,1.63,3.28,12.94,26.03,50.5,36.72
1140,8/21/06,600519,-234.32,-233.43,-233.41,-234.42,7293,32062134,0.27,-233.43,-233.41,-234.42,12.79,1.63,3.74,12.74,29.24,47.94,39.03
1141,8/22/06,600519,-233.56,-232.66,-232.54,-233.56,11109,49977253,0.41,-232.66,-232.54,-233.56,12.97,2.5,3.72,19.28,28.68,40.67,38.04
1142,8/23/06,600519,-233.71,-233.24,-233.04,-233.71,21056,93035269,0.78,-233.24,-233.04,-233.71,12.63,2.5,2.99,19.79,23.67,31.62,35.55
1143,8/24/06,600519,-233.56,-233.47,-233.26,-233.65,12574,55366636,0.47,-233.47,-233.26,-233.65,12.0,2.5,2.46,20.83,20.5,24.42,33.16
1144,8/25/06,600519,-233.47,-233.53,-233.11,-233.71,7475,32852244,0.28,-233.53,-233.11,-233.71,10.86,2.65,1.77,24.4,16.3,20.36,33.74
1145,8/28/06,600519,-233.62,-233.67,-233.41,-234.01,25573,112066807,0.95,-233.67,-233.41,-234.01,10.53,2.65,2.07,25.17,19.66,16.81,33.65
1146,8/29/06,600519,-233.58,-232.31,-231.9,-233.59,37854,171776439,1.4,-232.31,-231.9,-233.59,11.32,3.36,2.07,29.68,18.29,14.22,31.08
1147,8/30/06,600519,-232.62,-232.82,-232.2,-232.96,9693,43806887,0.36,-232.82,-232.2,-232.96,11.68,3.3,2.07,28.25,17.72,14.77,27.72
1148,8/31/06,600519,-232.81,-232.63,-232.45,-232.96,12358,55827539,0.46,-232.63,-232.45,-232.96,11.82,3.21,2.07,27.16,17.51,16.88,24.25
1149,9/1/06,600519,-232.54,-232.75,-232.53,-232.9,10874,48927412,0.4,-232.75,-232.53,-232.9,11.38,3.21,1.43,28.21,12.57,23.14,23.78
1150,9/4/06,600519,-232.97,-232.71,-232.6,-232.97,5904,26589669,0.22,-232.71,-232.6,-232.97,11.24,3.21,1.5,28.56,13.35,25.87,23.11
1151,9/5/06,600519,-232.8,-232.85,-232.63,-232.94,12355,55522598,0.46,-232.85,-232.63,-232.94,10.73,2.53,1.5,23.58,13.98,28.08,22.44
1152,9/6/06,600519,-232.88,-232.72,-232.47,-232.96,11381,51403210,0.42,-232.72,-232.47,-232.96,9.95,2.69,1.05,27.04,10.55,31.43,22.82
1153,9/7/06,600519,-232.82,-232.81,-232.69,-233.26,10519,46987030,0.39,-232.81,-232.69,-233.26,9.84,2.69,1.35,27.34,13.72,33.14,23.95
1154,9/8/06,600519,-233.18,-233.21,-232.88,-233.44,5891,26157744,0.22,-233.21,-232.88,-233.44,9.46,2.69,1.0,28.44,10.57,37.17,27.03
1155,9/11/06,600519,-233.41,-233.46,-233.25,-233.64,8303,36625467,0.31,-233.46,-233.25,-233.64,8.87,1.82,1.2,20.52,13.53,34.2,28.67
1156,9/12/06,600519,-233.46,-233.71,-233.46,-233.78,19393,85026963,0.72,-233.71,-233.46,-233.78,8.14,1.82,1.19,22.36,14.62,31.64,28.75
1157,9/13/06,600519,-233.69,-233.65,-233.36,-233.69,18421,81014932,0.68,-233.65,-233.36,-233.69,8.08,1.92,1.19,23.76,14.73,31.29,29.69
1158,9/14/06,600519,-233.56,-231.98,-231.95,-234.16,63367,284212834,2.35,-231.98,-231.95,-234.16,9.69,3.18,1.19,32.82,12.28,31.57,31.5
1159,9/15/06,600519,-231.98,-232.17,-231.47,-232.73,29244,134841289,1.08,-232.17,-231.47,-232.73,10.35,3.66,0.89,35.36,8.6,36.19,34.67
1160,9/18/06,600519,-232.14,-232.18,-231.98,-232.59,34085,155113047,1.26,-232.18,-231.98,-232.59,9.19,2.15,0.89,23.39,9.68,35.47,36.32
1161,9/19/06,600519,-232.31,-231.75,-231.5,-232.47,29993,138992138,1.11,-231.75,-231.5,-232.47,9.4,2.63,0.89,27.98,9.47,40.28,37.24
1162,9/20/06,600519,-231.84,-231.31,-231.06,-231.99,22442,105158852,0.83,-231.31,-231.06,-231.99,9.82,3.07,0.89,31.26,9.06,45.97,38.8
1163,9/21/06,600519,-231.3,-231.45,-231.19,-231.45,16313,76643185,0.6,-231.45,-231.19,-231.45,9.71,3.07,0.89,31.62,9.17,51.23,41.26
1164,9/22/06,600519,-231.48,-231.45,-231.3,-231.98,12426,57912198,0.46,-231.45,-231.3,-231.98,10.02,3.07,1.35,30.64,13.47,50.13,40.85
1165,9/25/06,600519,-231.79,-231.51,-231.19,-231.79,10475,49168157,0.39,-231.51,-231.19,-231.79,10.31,3.18,1.35,30.84,13.09,46.72,41.45
1166,9/26/06,600519,-231.55,-232.07,-231.54,-232.08,11790,54462375,0.44,-232.07,-231.54,-232.08,10.39,3.02,1.64,29.07,15.78,44.74,40.1
1167,9/27/06,600519,-232.14,-231.96,-231.79,-232.31,8052,36977026,0.3,-231.96,-231.79,-232.31,10.34,3.02,1.57,29.21,15.18,41.77,41.03
1168,9/28/06,600519,-232.05,-231.45,-231.34,-232.26,16779,77577351,0.62,-231.45,-231.34,-232.26,10.63,3.47,1.39,32.64,13.08,39.73,42.85
1169,9/29/06,600519,-231.45,-230.98,-230.64,-231.68,22756,107764446,0.84,-230.98,-230.64,-231.68,11.24,4.17,1.19,37.1,10.59,39.82,45.53
1170,10/9/06,600519,-230.54,-228.39,-228.07,-230.54,37970,191569287,1.41,-228.39,-228.07,-230.54,13.83,6.74,1.05,48.73,7.59,45.51,47.82
1171,10/10/06,600519,-227.92,-228.5,-227.17,-228.67,24124,124074029,0.89,-228.5,-227.17,-228.67,14.98,7.54,1.05,50.33,7.01,51.37,49.04
1172,10/11/06,600519,-228.55,-229.24,-228.3,-229.42,12118,60357112,0.45,-229.24,-228.3,-229.42,13.89,6.13,1.8,44.13,12.96,55.53,50.14
1173,10/12/06,600519,-229.24,-229.33,-228.85,-229.74,14287,70986726,0.53,-229.33,-228.85,-229.74,13.52,5.65,2.12,41.79,15.68,57.84,49.8
1174,10/13/06,600519,-229.33,-229.79,-229.2,-230.02,14898,73257749,0.55,-229.79,-229.2,-230.02,13.73,5.65,2.4,41.15,17.48,57.43,48.58
1175,10/16/06,600519,-229.8,-231.0,-229.8,-231.45,38077,180476685,1.41,-231.0,-229.8,-231.45,14.42,5.17,3.83,35.85,26.56,50.65,45.23
1176,10/17/06,600519,-231.0,-230.45,-230.25,-231.42,15370,73212480,0.57,-230.45,-230.25,-231.42,14.66,4.73,3.83,32.26,26.13,40.23,42.87
1177,10/18/06,600519,-230.55,-229.19,-228.89,-230.93,23879,118175550,0.88,-229.19,-228.89,-230.93,16.44,6.09,3.83,37.04,23.3,31.43,41.4
1178,10/19/06,600519,-229.31,-229.05,-228.67,-229.78,16611,83199478,0.62,-229.05,-228.67,-229.78,16.87,6.31,3.3,37.4,19.56,27.55,41.54
1179,10/20/06,600519,-229.08,-229.35,-228.94,-229.37,12095,60370256,0.45,-229.35,-228.94,-229.37,16.7,6.2,3.3,37.13,19.76,25.07,41.45
1180,10/23/06,600519,-229.65,-228.3,-228.03,-229.65,38999,198293833,1.44,-228.3,-228.03,-229.65,17.75,7.11,3.01,40.06,16.96,25.09,41.26
1181,10/24/06,600519,-228.26,-227.43,-227.11,-228.45,26709,138579123,0.99,-227.43,-227.11,-228.45,18.57,8.03,2.78,43.24,14.97,30.7,40.68
1182,10/25/06,600519,-227.02,-225.16,-224.63,-227.4,47476,261744683,1.76,-225.16,-224.63,-227.4,20.45,10.06,2.78,49.19,13.59,38.4,39.31
1183,10/26/06,600519,-225.29,-225.29,-225.02,-226.04,20428,112070050,0.76,-225.29,-225.02,-226.04,20.43,9.36,2.78,45.81,13.61,43.64,37.53
1184,10/27/06,600519,-225.3,-226.03,-225.3,-226.12,14791,80380210,0.55,-226.03,-225.3,-226.12,18.35,6.79,2.86,37.0,15.59,45.21,36.38
1185,10/30/06,600519,-226.04,-226.01,-225.78,-226.57,12369,66243416,0.46,-226.01,-225.78,-226.57,17.64,5.89,3.31,33.39,18.76,44.79,34.93
1186,10/31/06,600519,-226.01,-226.05,-225.07,-226.49,11267,61093054,0.42,-226.05,-225.07,-226.49,17.94,6.6,2.56,36.79,14.27,45.39,35.24
1187,11/1/06,600519,-226.34,-226.64,-226.04,-226.81,12762,67866974,0.47,-226.64,-226.04,-226.81,17.82,6.6,2.56,37.04,14.37,44.65,37.68
1188,11/2/06,600519,-226.71,-225.46,-225.45,-227.28,23319,123978621,0.86,-225.46,-225.45,-227.28,18.83,7.19,2.28,38.18,12.11,43.84,41.12
1189,11/3/06,600519,-225.3,-225.46,-224.92,-226.27,13876,75858369,0.51,-225.46,-224.92,-226.27,18.52,7.72,0.85,41.68,4.59,48.16,45.9
1190,11/6/06,600519,-226.01,-224.47,-223.64,-226.04,26740,147856261,0.99,-224.47,-223.64,-226.04,19.75,9.0,0.85,45.57,4.3,55.17,50.19
1191,11/7/06,600519,-224.47,-224.69,-223.86,-224.92,21326,119649818,0.79,-224.69,-223.86,-224.92,18.77,7.64,0.85,40.7,4.53,63.82,54.31
1192,11/8/06,600519,-224.92,-223.93,-223.41,-225.29,25348,143238979,0.94,-223.93,-223.41,-225.29,19.54,7.87,0.85,40.28,4.35,69.89,57.64
1193,11/9/06,600519,-224.13,-223.66,-223.64,-224.45,15962,90494365,0.59,-223.66,-223.64,-224.45,19.92,7.87,0.85,39.51,4.27,75.96,60.3
1194,11/10/06,600519,-223.83,-223.34,-222.36,-224.09,33153,191717604,1.23,-223.34,-222.36,-224.09,20.03,8.24,0.85,41.14,4.24,80.86,62.35
1195,11/13/06,600519,-223.41,-223.86,-223.41,-224.62,28315,161068513,1.05,-223.86,-223.41,-224.62,19.97,7.32,1.38,36.65,6.91,78.88,63.52
1196,11/14/06,600519,-224.05,-221.61,-221.42,-224.05,31307,183957465,1.16,-221.61,-221.42,-224.05,19.8,6.83,1.38,34.49,6.97,76.16,65.66
1197,11/15/06,600519,-221.17,-220.15,-219.28,-221.84,34034,211445126,1.26,-220.15,-219.28,-221.84,21.34,8.97,1.38,42.03,6.47,75.05,69.44
1198,11/16/06,600519,-220.13,-218.02,-216.29,-220.15,48629,313184874,1.8,-218.02,-216.29,-220.15,24.37,11.96,1.3,49.08,5.33,75.03,72.46
1199,11/17/06,600519,-217.79,-218.11,-217.4,-219.28,38341,244957666,1.42,-218.11,-217.4,-219.28,25.46,11.96,0.85,46.98,3.34,76.07,76.01
1200,11/20/06,600519,-218.88,-218.08,-217.18,-218.88,27060,174396384,1.0,-218.08,-217.18,-218.88,25.74,11.47,0.85,44.56,3.3,76.89,78.88
1201,11/21/06,600519,-218.03,-219.18,-217.99,-220.03,30241,190983784,1.12,-219.18,-217.99,-220.03,27.01,11.47,1.68,42.47,6.22,77.91,78.4
1202,11/22/06,600519,-219.21,-218.95,-218.39,-220.14,28900,182237646,1.07,-218.95,-218.39,-220.14,26.93,10.88,1.79,40.4,6.65,78.81,77.48
1203,11/23/06,600519,-219.27,-218.94,-218.15,-219.27,12548,79824997,0.46,-218.94,-218.15,-219.27,26.7,10.59,1.79,39.66,6.7,78.43,76.74
1204,11/24/06,600519,-218.97,-218.61,-218.31,-219.73,23496,148702618,0.87,-218.61,-218.31,-219.73,25.72,9.31,2.25,36.2,8.75,75.21,75.12
1205,11/27/06,600519,-218.61,-218.3,-217.28,-218.69,16498,106393463,0.61,-218.3,-217.28,-218.69,26.07,10.34,2.25,39.66,8.63,71.47,73.77
1206,11/28/06,600519,-218.39,-219.42,-217.79,-219.43,28322,180775984,1.05,-219.42,-217.79,-219.43,25.83,9.89,2.99,38.29,11.58,66.03,71.46
1207,11/29/06,600519,-220.03,-218.22,-216.91,-220.84,26754,172337879,0.99,-218.22,-216.91,-220.84,28.95,9.89,4.4,34.16,15.2,60.02,68.97
1208,11/30/06,600519,-217.98,-215.71,-214.64,-217.98,21012,141522146,0.78,-215.71,-214.64,-217.98,30.8,10.88,4.4,35.32,14.29,55.14,66.97
1209,12/1/06,600519,-215.71,-214.77,-212.75,-215.71,40415,282813533,1.5,-214.77,-212.75,-215.71,32.48,12.77,3.87,39.32,11.92,52.2,65.32
1210,12/4/06,600519,-214.58,-214.7,-213.32,-215.68,26887,185669864,1.0,-214.7,-213.32,-215.68,32.21,10.78,3.87,33.47,12.01,49.88,62.55
1211,12/5/06,600519,-214.85,-213.96,-213.06,-214.92,38118,266976425,1.41,-213.96,-213.06,-214.92,31.51,8.9,3.87,28.25,12.28,45.74,58.6
1212,12/6/06,600519,-214.02,-214.75,-214.02,-216.35,37493,256408498,1.39,-214.75,-214.02,-216.35,30.04,5.91,5.3,19.67,17.64,37.72,51.87
1213,12/7/06,600519,-215.14,-214.37,-213.95,-215.14,21855,151160168,0.81,-214.37,-213.95,-215.14,29.35,5.98,5.3,20.37,18.06,32.32,46.17
1214,12/8/06,600519,-214.77,-214.74,-214.1,-215.52,22069,152466866,0.82,-214.74,-214.1,-215.52,29.07,5.76,5.68,19.81,19.54,25.37,40.25
1215,12/11/06,600519,-215.45,-212.29,-212.14,-215.45,26754,188889525,0.99,-212.29,-212.14,-215.45,30.34,7.72,4.53,25.44,14.93,20.79,36.5
1216,12/12/06,600519,-211.86,-212.65,-211.41,-212.97,11767,84919970,0.44,-212.65,-211.41,-212.97,30.15,8.45,4.42,28.03,14.66,18.15,34.02
1217,12/13/06,600519,-212.31,-213.05,-212.19,-213.53,33417,239515640,1.24,-213.05,-212.19,-213.53,30.37,8.21,4.98,27.03,16.4,15.67,30.7
1218,12/14/06,600519,-212.67,-208.73,-208.48,-213.05,37628,279885276,1.39,-208.73,-208.48,-213.05,33.52,11.92,4.52,35.56,13.48,22.26,29.99
1219,12/15/06,600519,-208.76,-207.16,-206.54,-209.49,23697,185540482,0.88,-207.16,-206.54,-209.49,35.06,12.83,4.52,36.59,12.89,29.24,30.78
1220,12/18/06,600519,-207.28,-201.7,-201.51,-207.28,35238,295726593,1.31,-201.7,-201.51,-207.28,39.19,17.86,3.78,45.57,9.65,39.97,32.67
1221,12/19/06,600519,-201.7,-203.14,-199.9,-203.59,38038,326181880,1.41,-203.14,-199.9,-203.59,38.95,19.47,2.37,49.99,6.08,48.68,34.74
1222,12/20/06,600519,-203.52,-203.28,-202.08,-203.87,25196,212351401,0.93,-203.28,-202.08,-203.87,37.16,17.2,2.65,46.29,7.13,55.68,36.91
1223,12/21/06,600519,-203.28,-204.27,-202.38,-204.63,30301,256088471,1.12,-204.27,-202.38,-204.63,36.45,15.31,3.41,42.0,9.36,62.19,38.93
1224,12/22/06,600519,-204.63,-205.89,-203.73,-206.52,30439,249249212,1.13,-205.89,-203.73,-206.52,36.88,15.31,5.3,41.51,14.37,62.78,42.52
1225,12/25/06,600519,-205.71,-204.1,-203.37,-205.71,24954,207941105,0.92,-204.1,-203.37,-205.71,37.54,15.41,5.3,41.05,14.12,62.94,46.09
1226,12/27/06,600519,-203.35,-202.39,-201.7,-203.35,19853,169858959,0.74,-202.39,-201.7,-203.35,37.55,17.08,3.87,45.49,10.31,62.6,51.29
1227,12/28/06,600519,-202.15,-202.39,-202.0,-203.88,29281,248296941,1.08,-202.39,-202.0,-203.88,38.24,17.01,4.4,44.48,11.51,59.37,54.02
1228,12/29/06,600519,-202.38,-200.63,-197.42,-203.08,82975,728497750,3.07,-200.63,-197.42,-203.08,42.48,21.59,4.02,50.82,9.46,58.59,57.13
1229,1/4/07,600519,-198.99,-202.12,-198.86,-202.38,44665,394957199,1.65,-202.12,-198.86,-202.38,42.69,19.63,4.02,45.98,9.42,58.99,60.59
1230,1/5/07,600519,-202.91,-201.8,-201.48,-204.03,27805,236787475,1.03,-201.8,-201.48,-204.03,43.68,18.9,5.67,43.27,12.98,59.87,61.33
1231,1/8/07,600519,-201.78,-202.86,-201.55,-203.59,48924,417405505,1.81,-202.86,-201.55,-203.59,44.38,18.9,5.11,42.59,11.51,61.31,62.12
1232,1/9/07,600519,-202.84,-199.91,-199.0,-203.05,28300,248096035,1.05,-199.91,-199.0,-203.05,43.86,17.74,5.11,40.45,11.65,60.01,61.31
1233,1/10/07,600519,-199.75,-199.77,-198.63,-200.8,28239,249921322,1.05,-199.77,-198.63,-200.8,43.08,16.17,5.11,37.53,11.86,58.86,59.11
1234,1/11/07,600519,-199.75,-197.5,-196.61,-200.12,37483,341540304,1.39,-197.5,-196.61,-200.12,40.82,13.16,5.11,32.24,12.52,54.77,56.68
1235,1/12/07,600519,-197.57,-193.77,-193.59,-199.0,36402,347136997,1.35,-193.77,-193.59,-199.0,42.54,14.57,5.11,34.25,12.01,51.78,55.38
1236,1/15/07,600519,-193.7,-191.78,-189.98,-193.7,30671,305993934,1.14,-191.78,-189.98,-193.7,44.54,18.18,4.83,40.82,10.84,52.47,56.17
1237,1/16/07,600519,-191.96,-193.19,-190.9,-194.28,35040,344077710,1.3,-193.19,-190.9,-194.28,45.67,18.18,4.65,39.81,10.18,52.78,57.04
1238,1/17/07,600519,-193.29,-192.9,-189.23,-194.47,25916,257353976,0.96,-192.9,-189.23,-194.47,48.12,19.85,2.76,41.25,5.74,56.16,58.09
1239,1/18/07,600519,-192.99,-187.56,-187.36,-193.74,30645,315103130,1.14,-187.56,-187.36,-193.74,51.98,21.36,2.76,41.09,5.31,60.35,59.6
1240,1/19/07,600519,-187.56,-184.46,-182.55,-187.56,22256,243504208,0.82,-184.46,-182.55,-187.56,54.59,24.5,2.76,44.88,5.06,66.3,60.53
1241,1/22/07,600519,-183.89,-181.57,-179.46,-183.97,25521,290839225,0.95,-181.57,-179.46,-183.97,57.71,27.59,2.23,47.81,3.86,72.46,62.12
1242,1/23/07,600519,-181.11,-187.52,-180.36,-188.4,41783,450098219,1.55,-187.52,-180.36,-188.4,60.09,23.01,6.66,38.29,11.08,71.98,62.22
1243,1/24/07,600519,-187.35,-184.14,-181.72,-187.35,19404,212553649,0.72,-184.14,-181.72,-187.35,62.37,23.01,6.66,36.89,10.68,71.28,62.03
1244,1/25/07,600519,-185.85,-185.19,-183.26,-186.75,44848,490557153,1.66,-185.19,-183.26,-186.75,63.31,23.01,5.01,36.34,7.91,69.39,62.78
1245,1/26/07,600519,-186.22,-184.8,-184.01,-192.99,35846,380378208,1.33,-184.8,-184.01,-192.99,70.25,23.01,11.25,32.75,16.01,62.26,61.31
1246,1/29/07,600519,-185.62,-185.86,-181.72,-186.9,18560,201345338,0.69,-185.86,-181.72,-186.9,71.38,22.75,11.25,31.87,15.76,54.61,60.45
1247,1/30/07,600519,-186.43,-184.16,-183.14,-186.61,26561,287395106,0.98,-184.16,-183.14,-186.61,72.68,22.38,11.25,30.79,15.48,45.95,59.21
1248,1/31/07,600519,-185.62,-189.06,-183.97,-189.98,33268,352147545,1.23,-189.06,-183.97,-189.98,75.18,20.36,14.62,27.08,19.45,39.5,55.74
1249,2/1/07,600519,-191.49,-187.73,-187.0,-191.86,25910,265744453,0.96,-187.73,-187.0,-191.86,74.63,17.34,16.5,23.23,22.11,30.73,51.01
1250,2/2/07,600519,-188.5,-190.73,-187.88,-191.48,14989,151508799,0.56,-190.73,-187.88,-191.48,74.59,13.73,16.5,18.41,22.12,21.55,45.47
1251,2/5/07,600519,-190.74,-193.74,-190.73,-193.95,19838,194534210,0.73,-193.74,-190.73,-193.95,74.43,13.73,18.39,18.45,24.71,18.25,40.25
1252,2/6/07,600519,-195.23,-194.68,-193.81,-199.37,39523,365914405,1.46,-194.68,-193.81,-199.37,74.82,12.06,23.81,16.12,31.82,18.07,36.34
1253,2/7/07,600519,-195.1,-193.38,-191.5,-195.23,17976,175261713,0.67,-193.38,-191.5,-195.23,72.17,12.5,23.81,17.32,32.99,17.74,31.85
1254,2/8/07,600519,-193.81,-194.52,-192.25,-196.37,18373,176642962,0.68,-194.52,-192.25,-196.37,71.28,7.69,24.95,10.79,35.0,23.82,31.66
1255,2/9/07,600519,-195.1,-195.86,-194.05,-196.74,12262,116298291,0.45,-195.86,-194.05,-196.74,68.97,4.6,25.32,6.67,36.71,34.95,32.84
1256,2/12/07,600519,-196.14,-193.74,-192.42,-196.59,12511,120701377,0.46,-193.74,-192.42,-196.59,65.1,6.23,20.89,9.57,32.09,42.43,31.99
1257,2/13/07,600519,-193.08,-191.63,-191.6,-193.74,18767,184420201,0.7,-191.63,-191.6,-193.74,61.44,7.05,20.89,11.47,34.0,48.27,33.26
1258,2/14/07,600519,-191.05,-191.81,-189.99,-192.99,15614,154853057,0.58,-191.81,-189.99,-192.99,60.95,8.66,20.89,14.21,34.27,49.71,33.89
1259,2/15/07,600519,-190.99,-189.07,-187.74,-191.48,16805,173731362,0.62,-189.07,-187.74,-191.48,56.04,10.91,14.65,19.47,26.14,46.96,32.35
1260,2/16/07,600519,-187.9,-191.36,-187.73,-191.81,25072,256784061,0.93,-191.36,-187.73,-191.81,54.94,8.62,14.98,15.69,27.27,42.64,33.23
1261,2/26/07,600519,-191.63,-193.72,-191.63,-194.48,15321,150045013,0.57,-193.72,-191.63,-194.48,54.59,8.62,17.65,15.79,32.33,36.82,35.89
1262,2/27/07,600519,-194.11,-200.77,-194.11,-201.01,31867,292514587,1.18,-200.77,-194.11,-201.01,55.87,8.62,20.81,15.43,37.25,34.72,38.57
1263,3/1/07,600519,-194.19,-194.19,-194.19,-196.83,44582,429485218,1.65,-194.19,-194.19,-196.83,57.59,8.62,18.93,14.97,32.87,32.7,40.48
1264,3/2/07,600519,-193.74,-193.14,-190.74,-194.52,34771,341362336,1.29,-193.14,-190.74,-194.52,57.62,12.07,18.93,20.95,32.85,29.49,39.6
1265,3/5/07,600519,-193.05,-195.31,-193.05,-195.39,21805,208807884,0.81,-195.31,-193.05,-195.39,56.74,12.07,17.33,21.27,30.54,30.03,38.49
1266,3/6/07,600519,-195.99,-191.41,-190.62,-196.74,24351,241040734,0.9,-191.41,-190.62,-196.74,57.23,14.5,11.91,25.34,20.81,27.17,34.9
1267,3/7/07,600519,-190.51,-190.39,-188.89,-191.48,26425,271589373,0.98,-190.39,-188.89,-191.48,56.09,13.92,11.91,24.82,21.23,22.74,29.78
1268,3/8/07,600519,-190.81,-190.39,-189.98,-192.16,13808,138217148,0.51,-190.39,-189.98,-192.16,54.15,13.92,11.45,25.71,21.14,17.46,26.09
1269,3/9/07,600519,-191.41,-191.48,-189.62,-192.16,16186,162560220,0.6,-191.48,-189.62,-192.16,54.0,14.28,11.08,26.44,20.52,13.33,23.01
1270,3/12/07,600519,-191.63,-191.63,-191.48,-192.51,19444,193188602,0.72,-191.63,-191.48,-192.51,50.86,12.65,11.43,24.87,22.47,10.48,19.99
1271,3/13/07,600519,-192.26,-192.68,-191.63,-194.47,19081,186420809,0.71,-192.68,-191.63,-194.47,51.56,11.83,13.39,22.94,25.97,8.53,19.28
1272,3/14/07,600519,-193.74,-194.47,-192.99,-195.01,21600,207586165,0.8,-194.47,-192.99,-195.01,50.89,10.22,13.93,20.08,27.37,9.46,18.32
1273,3/15/07,600519,-195.24,-193.42,-192.99,-195.24,20973,201776897,0.78,-193.42,-192.99,-195.24,49.07,7.97,14.16,16.24,28.86,12.82,17.78
1274,3/16/07,600519,-193.14,-193.28,-192.99,-195.16,14635,140836291,0.54,-193.28,-192.99,-195.16,47.16,7.97,13.83,16.9,29.33,15.68,16.57
1275,3/19/07,600519,-195.23,-193.45,-192.82,-195.39,25952,253220579,0.96,-193.45,-192.82,-195.39,46.61,7.97,11.39,17.1,24.44,16.52,14.92
1276,3/20/07,600519,-193.48,-195.53,-193.36,-195.65,21188,201378936,0.78,-195.53,-193.36,-195.65,41.61,7.97,5.12,19.15,12.3,19.31,14.89
1277,3/21/07,600519,-195.5,-195.99,-194.26,-197.78,28290,266389529,1.05,-195.99,-194.26,-197.78,38.55,7.97,7.25,20.67,18.81,19.06,13.8
1278,3/22/07,600519,-195.83,-195.62,-195.33,-197.49,31397,291678124,1.16,-195.62,-195.33,-197.49,36.93,4.52,7.25,12.24,19.63,20.37,14.91
1279,3/23/07,600519,-196.36,-195.25,-195.16,-197.34,30279,283551750,1.12,-195.25,-195.16,-197.34,36.77,4.69,6.38,12.75,17.35,18.25,15.54
1280,3/26/07,600519,-195.39,-195.98,-195.31,-196.22,22656,212983960,0.84,-195.98,-195.31,-196.22,31.62,2.26,6.38,7.15,20.18,21.72,18.7
1281,3/27/07,600519,-196.16,-196.9,-195.99,-197.61,37198,345056807,1.38,-196.9,-195.99,-197.61,30.66,0.53,7.77,1.73,25.34,33.31,24.92
1282,3/28/07,600519,-196.84,-196.67,-196.1,-198.24,34926,323233779,1.29,-196.67,-196.1,-198.24,30.62,0.53,7.72,1.73,25.21,44.21,31.76
1283,3/29/07,600519,-196.61,-194.21,-194.12,-197.28,49415,465028032,1.83,-194.21,-194.12,-197.28,31.24,2.15,7.72,6.88,24.71,52.83,35.95
1284,3/30/07,600519,-194.05,-195.62,-194.0,-196.59,30985,293158039,1.15,-195.62,-194.0,-196.59,32.8,2.27,7.37,6.92,22.47,57.78,39.07
1285,4/2/07,600519,-195.24,-196.07,-195.23,-197.57,28257,261934932,1.05,-196.07,-195.23,-197.57,32.3,2.27,6.39,7.03,19.78,63.16,40.71
1286,4/3/07,600519,-196.07,-195.33,-194.79,-197.41,42801,402378753,1.59,-195.33,-194.79,-197.41,32.59,2.71,5.85,8.32,17.95,61.33,41.52
1287,4/4/07,600519,-195.25,-193.48,-192.99,-195.25,40807,395605830,1.51,-193.48,-192.99,-195.25,32.68,4.51,5.62,13.8,17.2,48.62,40.97
1288,4/5/07,600519,-193.83,-194.98,-193.83,-195.45,37460,358362495,1.39,-194.98,-193.83,-195.45,32.48,4.51,5.82,13.89,17.92,36.21,40.21
1289,4/6/07,600519,-195.54,-195.99,-195.23,-196.37,27615,259568009,1.02,-195.99,-195.23,-196.37,31.3,4.51,6.51,14.41,20.8,29.82,41.33
1290,4/9/07,600519,-195.58,-195.24,-194.04,-196.82,62834,591101165,2.33,-195.24,-194.04,-196.82,31.79,5.7,6.25,17.93,19.66,21.77,39.78
1291,4/10/07,600519,-195.07,-195.7,-194.65,-195.92,63047,597770870,2.34,-195.7,-194.65,-195.92,29.54,5.7,4.12,19.3,13.95,16.53,39.85
1292,4/11/07,600519,-195.28,-196.08,-195.28,-196.82,53828,504663488,1.99,-196.08,-195.28,-196.82,28.92,5.7,5.02,19.71,17.36,11.47,36.4
1293,4/12/07,600519,-196.22,-192.35,-191.41,-196.76,76459,739231914,2.83,-192.35,-191.41,-196.76,32.09,9.4,5.02,29.29,15.64,14.71,31.66
1294,4/13/07,600519,-192.23,-189.27,-187.44,-193.74,84783,867089257,3.14,-189.27,-187.44,-193.74,37.42,13.37,5.02,35.73,13.42,20.16,28.18
1295,4/16/07,600519,-190.06,-190.18,-188.52,-191.11,37812,383878218,1.4,-190.18,-188.52,-191.11,38.38,13.37,3.63,34.84,9.46,26.68,28.25
1296,4/17/07,600519,-189.98,-192.47,-188.9,-193.74,44619,442356324,1.65,-192.47,-188.9,-193.74,41.08,13.37,5.63,32.55,13.7,32.71,27.24
1297,4/18/07,600519,-192.47,-194.04,-192.47,-194.86,48781,470273102,1.81,-194.04,-192.47,-194.86,40.31,11.39,6.75,28.26,16.75,34.29,25.41
1298,4/19/07,600519,-194.71,-196.89,-194.49,-197.94,39882,372975317,1.48,-196.89,-194.49,-197.94,41.62,11.27,9.83,27.08,23.62,34.37,22.92
1299,4/20/07,600519,-196.74,-195.56,-194.86,-196.82,41517,392180310,1.54,-195.56,-194.86,-196.82,41.31,11.27,8.85,27.28,21.42,31.31,23.01
1300,4/23/07,600519,-195.56,-194.8,-194.63,-196.74,47487,447869454,1.76,-194.8,-194.63,-196.74,40.8,11.06,8.85,27.11,21.69,25.59,22.88
1301,4/24/07,600519,-194.55,-195.63,-194.5,-196.36,39479,372593709,1.46,-195.63,-194.5,-196.36,40.32,9.39,8.85,23.29,21.95,16.54,21.61
1302,4/25/07,600519,-195.62,-194.5,-193.89,-196.29,37822,362266657,1.4,-194.5,-193.89,-196.29,40.75,10.0,8.65,24.54,21.23,10.96,21.83
1303,4/26/07,600519,-194.43,-193.48,-192.62,-195.24,33698,325641558,1.25,-193.48,-192.62,-195.24,41.98,11.27,7.73,26.85,18.41,9.8,22.04
1304,4/27/07,600519,-193.53,-196.16,-193.5,-196.28,26475,250199461,0.98,-196.16,-193.5,-196.28,42.0,10.08,8.77,24.0,20.88,9.82,22.09
1305,4/30/07,600519,-196.74,-194.92,-193.46,-197.08,43557,414391808,1.61,-194.92,-193.46,-197.08,44.35,10.08,9.57,22.73,21.58,8.25,19.78
1306,5/8/07,600519,-194.04,-194.11,-193.06,-194.84,46027,444700567,1.71,-194.11,-193.06,-194.84,44.67,10.48,8.67,23.46,19.41,7.97,16.78
1307,5/9/07,600519,-194.11,-197.49,-194.1,-199.07,151777,1394029058,5.62,-197.49,-194.1,-199.07,44.29,6.61,12.9,14.92,29.13,12.85,14.69
1308,5/14/07,600519,-196.29,-195.7,-190.9,-197.36,131870,1263779092,4.89,-195.7,-190.9,-197.36,44.58,5.84,12.9,13.1,28.94,17.92,14.44
1309,5/15/07,600519,-195.63,-198.3,-195.63,-198.35,71038,655524409,2.63,-198.3,-195.63,-198.35,44.71,5.84,13.89,13.06,31.07,21.62,15.71
1310,5/16/07,600519,-198.32,-196.31,-195.54,-198.47,50433,468228612,1.87,-196.31,-195.54,-198.47,42.8,5.84,11.38,13.64,26.59,25.82,17.82
1311,5/17/07,600519,-196.48,-192.22,-191.45,-196.49,95182,930266093,3.53,-192.22,-191.45,-196.49,45.45,9.93,10.26,21.85,22.57,25.66,16.95
1312,5/18/07,600519,-192.76,-192.66,-190.66,-193.74,51837,517580169,1.92,-192.66,-190.66,-193.74,44.63,10.72,7.18,24.02,16.09,27.38,17.68
1313,5/21/07,600519,-195.01,-194.01,-192.1,-195.89,41508,402560491,1.54,-194.01,-192.1,-195.89,46.39,10.72,9.33,23.11,20.11,23.16,18.01
1314,5/22/07,600519,-194.41,-195.36,-194.11,-195.85,59902,567699268,2.22,-195.36,-194.11,-195.85,46.12,10.49,9.33,22.75,20.23,17.86,17.89
1315,5/23/07,600519,-195.5,-193.76,-192.23,-195.51,40339,391972671,1.49,-193.76,-192.23,-195.51,47.54,12.24,9.33,25.75,19.63,13.31,17.46
1316,5/24/07,600519,-193.38,-191.96,-191.78,-194.01,55799,548678429,2.07,-191.96,-191.78,-194.01,47.37,12.08,9.33,25.5,19.7,10.09,17.96
1317,5/25/07,600519,-191.46,-186.68,-184.49,-191.46,83105,883158731,2.04,-186.68,-184.49,-191.46,52.22,18.1,9.33,34.66,17.87,15.14,20.4
1318,5/28/07,600519,-186.6,-183.74,-183.03,-186.61,55511,607604935,1.36,-183.74,-183.03,-186.61,53.07,19.56,8.29,36.86,15.62,18.59,22.99
1319,5/29/07,600519,-183.59,-184.56,-179.91,-185.25,42945,480225991,1.05,-184.56,-179.91,-185.25,54.79,22.68,7.49,41.39,13.67,25.83,24.5
1320,5/30/07,600519,-188.48,-190.0,-184.73,-191.63,72907,756701836,1.79,-190.0,-184.73,-191.63,60.0,22.28,13.87,37.13,23.12,28.73,23.3
1321,6/1/07,600519,-184.71,-183.64,-182.34,-185.32,69667,775108764,1.71,-183.64,-182.34,-185.32,62.69,24.67,9.64,39.35,15.38,33.78,23.55
1322,6/4/07,600519,-183.46,-187.25,-180.06,-188.85,56949,627231638,1.4,-187.25,-180.06,-188.85,64.89,21.47,13.17,33.09,20.3,35.64,22.86
1323,6/5/07,600519,-189.23,-186.92,-186.23,-195.19,52949,544757934,1.3,-186.92,-186.23,-195.19,71.13,21.47,18.52,30.18,26.04,31.54,23.34
1324,6/6/07,600519,-187.73,-187.34,-184.72,-189.96,31384,329128886,0.77,-187.34,-184.72,-189.96,73.44,22.98,18.4,31.29,25.05,26.64,22.62
1325,6/7/07,600519,-187.34,-187.23,-185.85,-188.34,53371,562638223,1.31,-187.23,-185.85,-188.34,70.89,18.89,18.4,26.65,25.96,18.47,22.15
1326,6/8/07,600519,-186.38,-186.29,-185.86,-187.73,35819,381067005,0.88,-186.29,-185.86,-187.73,69.68,18.1,18.4,25.98,26.41,14.72,21.73
1327,6/11/07,600519,-185.77,-178.26,-178.26,-186.25,54095,620110688,1.33,-178.26,-178.26,-186.25,73.92,25.7,16.25,34.77,21.98,11.18,22.48
1328,6/12/07,600519,-176.46,-176.13,-174.58,-180.17,44190,529299495,1.08,-176.13,-174.58,-180.17,77.67,29.38,16.25,37.83,20.92,11.98,23.81
1329,6/13/07,600519,-176.84,-176.55,-173.86,-177.96,38684,465951672,0.95,-176.55,-173.86,-177.96,78.49,28.22,16.25,35.95,20.7,15.24,23.39
1330,6/14/07,600519,-177.36,-172.58,-168.94,-177.74,34881,435609721,0.86,-172.58,-168.94,-177.74,85.06,32.69,16.25,38.43,19.1,18.99,22.81
1331,6/15/07,600519,-173.47,-172.04,-171.8,-173.6,14898,185772690,0.37,-172.04,-171.8,-173.6,79.39,25.4,16.25,31.99,20.47,22.43,20.45
1332,6/18/07,600519,-171.59,-171.23,-167.86,-172.62,21722,277680174,0.53,-171.23,-167.86,-172.62,80.5,27.88,16.25,34.63,20.19,26.69,20.71
1333,6/19/07,600519,-172.26,-173.9,-171.2,-174.95,27947,348478544,0.69,-173.9,-171.2,-174.95,78.91,24.76,18.58,31.38,23.55,25.31,18.24
1334,6/20/07,600519,-174.56,-173.88,-171.21,-175.56,19170,236303439,0.47,-173.88,-171.21,-175.56,76.19,24.76,12.81,32.5,16.81,25.82,18.9
1335,6/21/07,600519,-175.25,-173.58,-172.87,-175.71,19401,238688175,0.48,-173.58,-172.87,-175.71,71.37,22.37,12.96,31.34,18.16,25.77,20.5
1336,6/22/07,600519,-173.55,-175.83,-172.4,-177.21,17853,218079514,0.44,-175.83,-172.4,-177.21,67.39,22.37,10.93,33.19,16.22,25.9,22.44
1337,6/25/07,600519,-176.38,-177.14,-173.07,-177.58,32757,398355115,0.8,-177.14,-173.07,-177.58,62.94,22.37,4.96,35.54,7.88,32.85,27.64
1338,6/26/07,600519,-177.29,-176.29,-175.71,-179.78,12272,145796096,0.3,-176.29,-175.71,-179.78,61.77,20.86,7.16,33.77,11.59,36.61,31.65
1339,6/27/07,600519,-175.55,-173.08,-172.99,-177.06,23766,293372111,0.58,-173.08,-172.99,-177.06,63.35,23.58,7.16,37.22,11.3,43.13,34.22
1340,6/28/07,600519,-172.78,-175.04,-172.32,-175.31,26212,326430499,0.64,-175.04,-172.32,-175.31,64.47,24.25,7.16,37.61,11.11,46.9,36.36
1341,6/29/07,600519,-176.83,-176.7,-173.86,-177.85,15499,186255139,0.38,-176.7,-173.86,-177.85,60.43,16.65,9.7,27.55,16.05,46.86,36.31
1342,7/2/07,600519,-177.21,-177.16,-176.46,-180.21,19600,229624506,0.48,-177.16,-176.46,-180.21,58.59,12.97,12.06,22.14,20.58,41.74,33.82
1343,7/3/07,600519,-177.06,-177.79,-176.83,-179.46,11009,129623748,0.27,-177.79,-176.83,-179.46,57.12,12.25,12.06,21.45,21.11,31.25,32.05
1344,7/4/07,600519,-177.79,-178.62,-176.91,-179.3,11557,135460424,0.28,-178.62,-176.91,-179.3,50.71,7.33,12.06,14.45,23.78,27.17,31.89
1345,7/5/07,600519,-179.46,-180.94,-177.96,-181.63,17044,194675509,0.42,-180.94,-177.96,-181.63,52.58,7.33,14.39,13.94,27.37,23.68,33.41
1346,7/6/07,600519,-181.27,-178.05,-177.92,-181.27,15596,180456456,0.38,-178.05,-177.92,-181.27,51.17,3.43,14.39,6.7,28.12,24.87,35.88
1347,7/9/07,600519,-177.81,-176.34,-175.93,-178.33,11643,138656746,0.29,-176.34,-175.93,-178.33,49.82,5.42,12.06,10.88,24.21,26.8,36.83
1348,7/10/07,600519,-176.46,-177.96,-176.46,-178.71,9794,115825748,0.24,-177.96,-176.46,-178.71,47.84,5.42,11.83,11.33,24.73,32.39,37.06
1349,7/11/07,600519,-178.71,-179.58,-178.71,-180.36,12130,140017458,0.3,-179.58,-178.71,-180.36,47.4,5.42,13.33,11.43,28.12,39.29,35.27
1350,7/12/07,600519,-179.46,-180.69,-179.11,-181.05,14739,168661711,0.36,-180.69,-179.11,-181.05,44.53,5.42,12.52,12.17,28.12,41.82,34.49
1351,7/13/07,600519,-180.42,-180.07,-179.33,-180.5,9167,104813064,0.22,-180.07,-179.33,-180.5,41.38,5.42,12.15,13.1,29.36,42.79,33.23
1352,7/16/07,600519,-179.7,-182.48,-179.7,-182.52,10747,121378863,0.26,-182.48,-179.7,-182.52,40.13,5.42,11.97,13.51,29.83,38.81,31.84
1353,7/17/07,600519,-182.54,-179.59,-179.54,-183.97,15066,168233760,0.37,-179.59,-179.54,-183.97,40.49,2.7,13.42,6.67,33.14,43.57,35.18
1354,7/18/07,600519,-180.57,-178.88,-178.18,-181.94,11357,130799471,0.28,-178.88,-178.18,-181.94,41.26,3.39,13.42,8.22,32.53,47.32,39.85
1355,7/19/07,600519,-179.62,-176.87,-176.62,-179.69,14747,173893104,0.36,-176.87,-176.62,-179.69,40.34,4.95,10.88,12.27,26.97,46.53,42.91
1356,7/20/07,600519,-177.51,-175.98,-175.56,-178.18,14294,171502982,0.35,-175.98,-175.56,-178.18,39.21,6.01,8.52,15.33,21.73,42.81,42.32
1357,7/23/07,600519,-175.33,-171.84,-170.93,-176.64,19093,237054485,0.47,-171.84,-170.93,-176.64,42.29,10.64,8.52,25.16,20.15,38.27,40.53
1358,7/24/07,600519,-171.72,-173.33,-171.42,-173.75,13104,162555321,0.32,-173.33,-171.42,-173.75,42.23,10.64,8.52,25.2,20.18,33.84,36.33
1359,7/25/07,600519,-174.05,-174.44,-172.93,-174.8,15242,186522568,0.37,-174.44,-172.93,-174.8,40.43,10.64,7.24,26.32,17.91,25.92,34.75
1360,7/26/07,600519,-173.77,-173.65,-172.17,-174.28,13053,161489704,0.32,-173.65,-172.17,-174.28,39.35,11.36,7.24,28.87,18.4,19.67,33.49
1361,7/27/07,600519,-175.52,-176.31,-174.06,-176.67,16312,196650321,0.4,-176.31,-174.06,-176.67,39.97,9.37,9.63,23.44,24.09,13.66,30.09
1362,7/30/07,600519,-176.31,-172.63,-171.72,-176.52,27877,339526695,0.68,-172.63,-171.72,-176.52,42.4,11.71,9.25,27.62,21.82,12.73,27.77
1363,7/31/07,600519,-173.02,-169.12,-168.42,-173.51,27166,344790131,0.67,-169.12,-168.42,-173.51,45.09,15.01,7.6,33.29,16.86,16.35,27.31
1364,8/1/07,600519,-169.17,-171.4,-168.42,-172.17,19966,253670740,0.49,-171.4,-168.42,-172.17,46.9,15.01,6.91,32.0,14.73,20.67,27.25
1365,8/2/07,600519,-171.05,-168.49,-167.29,-171.05,20521,264786522,0.5,-168.49,-167.29,-171.05,49.65,16.14,6.91,32.51,13.92,24.17,25.05
1366,8/3/07,600519,-168.51,-162.34,-161.59,-168.67,34107,458343376,0.84,-162.34,-161.59,-168.67,53.91,21.84,4.89,40.51,9.07,31.05,25.36
1367,8/6/07,600519,-162.31,-162.35,-160.91,-163.89,17470,239532860,0.43,-162.35,-160.91,-163.89,52.46,22.52,3.44,42.93,6.56,43.07,28.36
1368,8/7/07,600519,-162.37,-162.02,-161.67,-163.56,23874,327024703,0.59,-162.02,-161.67,-163.56,50.59,21.16,3.44,41.83,6.8,53.12,32.93
1369,8/8/07,600519,-162.02,-161.77,-156.41,-164.1,12945,183151083,0.32,-161.77,-156.41,-164.1,55.21,24.86,3.44,45.03,6.23,60.27,38.31
1370,8/9/07,600519,-158.95,-157.46,-156.13,-160.9,15475,224211231,0.38,-157.46,-156.13,-160.9,58.23,24.08,3.44,41.35,5.91,66.61,43.64
1371,8/10/07,600519,-157.78,-160.93,-156.77,-161.66,23842,338962358,0.58,-160.93,-156.77,-161.66,57.41,19.45,4.2,33.88,7.32,70.69,47.43
1372,8/13/07,600519,-160.92,-162.61,-160.92,-165.89,19141,259481908,0.47,-162.61,-160.92,-165.89,60.05,19.45,8.43,32.39,14.04,66.7,48.88
1373,8/14/07,600519,-163.91,-163.21,-162.41,-165.25,16144,218395050,0.4,-163.21,-162.41,-165.25,61.02,19.45,7.38,31.87,12.09,61.95,52.51
1374,8/15/07,600519,-163.23,-163.91,-160.53,-165.04,23520,323360822,0.58,-163.91,-160.53,-165.04,63.26,20.57,7.38,32.52,11.67,57.81,55.47
1375,8/16/07,600519,-165.03,-164.65,-162.41,-167.29,21306,286757937,0.52,-164.65,-162.41,-167.29,65.12,20.57,7.24,31.59,11.12,53.19,56.73
1376,8/17/07,600519,-163.77,-164.54,-160.02,-165.03,24164,330979043,0.59,-164.54,-160.02,-165.03,65.33,20.62,7.24,31.56,11.08,48.69,57.65
1377,8/20/07,600519,-163.08,-158.28,-157.3,-163.08,18751,265241753,0.46,-158.28,-157.3,-163.08,67.48,20.04,7.24,29.7,10.73,45.76,58.22
1378,8/21/07,600519,-158.26,-154.86,-153.39,-158.26,18811,278103261,0.46,-154.86,-153.39,-158.26,68.62,23.95,7.24,34.9,10.55,48.11,57.41
1379,8/22/07,600519,-156.4,-149.46,-148.28,-156.77,26195,401151824,0.64,-149.46,-148.28,-156.77,73.0,27.93,7.24,38.26,9.92,50.41,56.18
1380,8/23/07,600519,-149.47,-145.92,-144.98,-150.39,19264,304024687,0.47,-145.92,-144.98,-150.39,71.33,25.53,7.24,35.79,10.15,51.85,54.83
1381,8/24/07,600519,-145.96,-148.02,-144.38,-148.88,20630,326076166,0.51,-148.02,-144.38,-148.88,72.85,25.45,7.24,34.93,9.94,53.14,53.17
1382,8/27/07,600519,-148.13,-149.59,-145.89,-149.63,20823,327422195,0.51,-149.59,-145.89,-149.63,74.7,25.45,7.99,34.07,10.7,53.84,51.27
1383,8/28/07,600519,-150.38,-150.54,-148.88,-151.06,17206,265824520,0.42,-150.54,-148.88,-151.06,69.19,20.19,9.42,29.18,13.61,52.08,48.92
1384,8/29/07,600519,-151.3,-150.69,-147.79,-151.89,11997,186047475,0.29,-150.69,-147.79,-151.89,67.65,21.0,9.42,31.04,13.92,49.5,48.8
1385,8/30/07,600519,-150.46,-149.64,-149.04,-150.8,9195,142153246,0.23,-149.64,-149.04,-150.8,64.52,21.0,8.66,32.55,13.42,46.63,48.52
1386,8/31/07,600519,-149.63,-145.93,-145.8,-150.39,10007,158100458,0.25,-145.93,-145.8,-150.39,64.14,24.24,4.43,37.79,6.91,48.84,50.35
1387,9/3/07,600519,-145.2,-146.01,-143.32,-146.25,18749,303353295,0.46,-146.01,-143.32,-146.25,64.23,26.72,4.43,41.6,6.9,51.49,52.31
1388,9/4/07,600519,-146.18,-151.29,-146.18,-152.64,47220,723864066,1.16,-151.29,-146.18,-152.64,66.35,24.84,10.82,37.44,16.31,49.34,51.59
1389,9/5/07,600519,-151.2,-152.03,-149.67,-154.46,22880,343653908,0.56,-152.03,-149.67,-154.46,66.26,24.84,10.39,37.49,15.68,50.11,51.1
1390,9/6/07,600519,-151.89,-153.4,-151.89,-154.22,27526,412746126,0.67,-153.4,-151.89,-154.22,63.58,22.45,10.39,35.31,16.34,49.89,49.69
1391,9/7/07,600519,-153.4,-157.55,-153.4,-157.97,33012,480091647,0.81,-157.55,-153.4,-157.97,60.91,19.73,14.14,32.39,23.21,45.7,46.17
1392,9/10/07,600519,-160.72,-159.32,-157.67,-160.72,40802,577753207,1.0,-159.32,-157.67,-160.72,59.19,15.82,16.89,26.73,28.54,34.73,41.79
1393,9/11/07,600519,-159.4,-158.05,-156.04,-159.4,25866,374651914,0.63,-158.05,-156.04,-159.4,54.06,12.34,16.89,22.83,31.24,25.4,38.44
1394,9/12/07,600519,-158.65,-158.11,-156.4,-160.66,12192,173598048,0.3,-158.11,-156.4,-160.66,52.91,9.04,18.15,17.09,34.3,24.43,36.88
1395,9/13/07,600519,-157.9,-158.02,-157.52,-160.15,21166,302740276,0.52,-158.02,-157.52,-160.15,51.04,8.44,18.15,16.54,35.56,23.68,36.9
1396,9/14/07,600519,-157.9,-154.6,-153.39,-159.6,36626,533527808,0.9,-154.6,-153.39,-159.6,53.51,12.57,17.4,23.49,32.52,20.25,35.07
1397,9/17/07,600519,-154.89,-151.91,-151.15,-156.58,38819,581454298,0.95,-151.91,-151.15,-156.58,56.76,14.81,15.97,26.09,28.14,18.12,31.91
1398,9/18/07,600519,-151.74,-156.04,-151.74,-157.24,14837,218334186,0.36,-156.04,-151.74,-157.24,58.16,13.72,16.63,23.59,28.59,19.18,26.95
1399,9/19/07,600519,-157.07,-159.78,-156.77,-161.08,29013,410862934,0.71,-159.78,-156.77,-161.08,61.44,13.72,20.47,22.33,33.32,19.87,22.64
1400,9/20/07,600519,-159.61,-157.13,-156.51,-159.61,12903,185888065,0.32,-157.13,-156.51,-159.61,60.12,10.74,20.47,17.86,34.05,19.48,21.96
1401,9/21/07,600519,-157.1,-157.26,-156.78,-159.55,12788,183153720,0.31,-157.26,-156.78,-159.55,59.96,8.26,20.47,13.78,34.14,20.48,22.08
1402,9/24/07,600519,-157.9,-159.78,-156.55,-160.52,31705,450160399,0.78,-159.78,-156.55,-160.52,57.3,8.26,15.05,14.42,26.27,22.65,21.45
1403,9/25/07,600519,-159.81,-160.22,-158.43,-161.97,30250,424466923,0.74,-160.22,-158.43,-161.97,56.05,8.26,14.68,14.74,26.19,26.69,22.41
1404,9/26/07,600519,-161.65,-156.64,-155.27,-161.65,30960,450482553,0.76,-156.64,-155.27,-161.65,60.1,11.42,14.68,19.0,24.43,27.17,23.17
1405,9/27/07,600519,-156.64,-156.33,-155.27,-158.99,12715,185721030,0.31,-156.33,-155.27,-158.99,59.25,11.42,10.93,19.27,18.45,24.25,22.06
1406,9/28/07,600519,-156.41,-153.04,-151.44,-156.76,26937,406110739,0.66,-153.04,-151.44,-156.76,61.4,15.25,8.18,24.84,13.32,24.08,21.78
1407,10/8/07,600519,-152.24,-155.53,-149.78,-155.65,23393,349755743,0.57,-155.53,-149.78,-155.65,63.91,15.28,8.18,23.91,12.8,22.04,21.26
1408,10/9/07,600519,-156.02,-146.81,-145.13,-156.02,37711,587350510,0.92,-146.81,-145.13,-156.02,70.54,19.93,6.92,28.25,9.81,25.26,23.96
1409,10/10/07,600519,-145.34,-142.52,-139.57,-148.13,22651,370471299,0.56,-142.52,-139.57,-148.13,76.47,25.49,6.92,33.33,9.05,30.15,28.42
1410,10/11/07,600519,-142.24,-135.91,-133.11,-142.5,30558,530601955,0.75,-135.91,-133.11,-142.5,79.67,27.82,6.92,34.92,8.69,38.09,32.63
1411,10/12/07,600519,-134.53,-131.75,-130.54,-139.87,26009,456041256,0.64,-131.75,-130.54,-139.87,83.57,28.15,6.92,33.68,8.28,47.81,36.03
1412,10/15/07,600519,-133.78,-124.41,-120.33,-133.78,20908,388728699,0.51,-124.41,-120.33,-133.78,91.52,38.36,6.26,41.91,6.84,54.78,39.43
1413,10/16/07,600519,-124.1,-127.07,-124.1,-130.01,21094,389861626,0.52,-127.07,-124.1,-130.01,92.39,38.36,2.42,41.52,2.62,64.42,43.23
1414,10/17/07,600519,-127.85,-129.35,-127.85,-130.1,14708,267399495,0.36,-129.35,-127.85,-130.1,92.15,38.1,2.51,41.35,2.72,70.95,48.11
1415,10/18/07,600519,-131.84,-133.26,-129.35,-135.36,19954,355237068,0.49,-133.26,-129.35,-135.36,95.39,38.1,7.77,39.94,8.15,72.42,51.28
1416,10/19/07,600519,-133.48,-130.73,-126.34,-133.48,17729,320347389,0.43,-130.73,-126.34,-133.48,98.56,41.11,6.8,41.71,6.9,74.33,56.21
1417,10/22/07,600519,-132.35,-131.67,-129.35,-134.23,7797,139362375,0.19,-131.67,-129.35,-134.23,99.9,41.11,6.1,41.15,6.11,76.6,62.21
1418,10/23/07,600519,-128.22,-124.84,-121.08,-128.37,22291,420266818,0.55,-124.84,-121.08,-128.37,104.11,46.22,6.1,44.4,5.86,77.39,66.08
1419,10/24/07,600519,-124.8,-121.84,-116.58,-138.97,25469,485816458,0.62,-121.84,-116.58,-138.97,122.78,46.22,16.7,37.64,13.6,70.52,67.47
1420,10/25/07,600519,-124.09,-120.52,-117.33,-126.34,20353,394422086,0.5,-120.52,-117.33,-126.34,126.47,42.39,16.7,33.52,13.2,63.16,67.06
1421,10/26/07,600519,-122.78,-119.55,-118.83,-127.01,20010,379656727,0.49,-119.55,-118.83,-127.01,128.78,40.73,17.37,31.63,13.49,58.84,65.63
1422,10/29/07,600519,-121.08,-122.78,-117.7,-124.18,11074,212842981,0.27,-122.78,-117.7,-124.18,124.37,37.21,17.37,29.92,13.97,52.96,63.65
1423,10/30/07,600519,-121.82,-125.29,-120.35,-128.35,12565,233823943,0.31,-125.29,-120.35,-128.35,123.81,31.65,21.54,25.56,17.4,43.77,60.19
1424,10/31/07,600519,-124.98,-122.58,-121.54,-124.98,10814,206054370,0.27,-122.58,-121.54,-124.98,118.15,25.19,21.54,21.32,18.23,32.29,54.84
1425,11/1/07,600519,-121.46,-127.23,-121.46,-127.92,9620,178327384,0.24,-127.23,-121.46,-127.92,115.28,22.62,24.48,19.62,21.24,25.13,47.83
1426,11/2/07,600519,-128.6,-127.79,-127.25,-132.35,13836,250008018,0.34,-127.79,-127.25,-132.35,106.95,12.41,28.91,11.6,27.03,24.54,43.85
1427,11/5/07,600519,-127.85,-129.34,-126.34,-130.85,5279,96705832,0.13,-129.34,-126.34,-130.85,105.55,13.32,28.91,12.62,27.39,23.99,41.42
1428,11/6/07,600519,-130.79,-129.4,-126.63,-130.79,2459,44828815,0.06,-129.4,-126.63,-130.79,106.68,13.32,28.82,12.49,27.02,24.07,38.52
1429,11/7/07,600519,-128.97,-131.84,-127.1,-132.81,9086,162628670,0.22,-131.84,-127.1,-132.81,106.38,13.32,25.58,12.52,24.05,26.15,34.96
1430,11/8/07,600519,-131.81,-135.34,-130.86,-136.85,5723,99837136,0.14,-135.34,-130.86,-136.85,105.23,10.31,29.62,9.8,28.15,32.91,32.6
1431,11/9/07,600519,-136.85,-137.22,-132.88,-137.99,5127,88657729,0.13,-137.22,-132.88,-137.99,105.46,10.31,30.01,9.78,28.46,40.39,32.76
1432,11/12/07,600519,-137.16,-138.12,-136.41,-140.24,15224,256445671,0.37,-138.12,-136.41,-140.24,98.7,2.04,32.26,2.07,32.68,48.42,36.48
1433,11/13/07,600519,-136.86,-132.52,-128.64,-136.86,23911,425423638,0.59,-132.52,-128.64,-136.86,85.79,9.81,21.66,11.43,25.25,48.55,36.27
1434,11/14/07,600519,-132.52,-125.62,-125.33,-132.52,11164,203847742,0.27,-125.62,-125.33,-132.52,83.97,13.12,21.66,15.62,25.79,46.51,35.29
1435,11/15/07,600519,-125.54,-127.85,-125.54,-128.45,10558,195317064,0.26,-127.85,-125.54,-128.45,78.7,13.12,20.99,16.67,26.67,45.1,35.63
1436,11/16/07,600519,-128.22,-130.86,-128.22,-131.36,3716,67016964,0.09,-130.86,-128.22,-131.36,75.73,11.99,23.9,15.83,31.56,42.57,37.74
1437,11/19/07,600519,-130.85,-128.97,-126.34,-132.65,5397,98848664,0.13,-128.97,-126.34,-132.65,74.04,13.87,19.73,18.73,26.65,37.34,38.86
1438,11/20/07,600519,-128.97,-126.7,-126.34,-129.35,9473,174670137,0.23,-126.7,-126.34,-129.35,73.3,13.87,19.73,18.92,26.92,25.56,36.99
1439,11/21/07,600519,-126.34,-127.42,-125.37,-128.99,12411,229047999,0.3,-127.42,-125.37,-128.99,70.46,14.84,16.79,21.06,23.83,20.31,34.43
1440,11/22/07,600519,-129.35,-132.16,-127.85,-132.53,7727,140489848,0.19,-132.16,-127.85,-132.53,70.45,14.84,15.9,21.06,22.57,16.79,31.65
1441,11/23/07,600519,-132.35,-135.36,-130.1,-136.49,7692,134898312,0.19,-135.36,-130.1,-136.49,72.33,13.93,19.86,19.26,27.46,15.87,30.49
1442,11/26/07,600519,-132.73,-131.36,-130.87,-134.61,8656,154008451,0.21,-131.36,-130.87,-134.61,72.66,13.93,19.86,19.17,27.33,13.27,27.92
1443,11/27/07,600519,-131.68,-129.26,-127.85,-133.48,11036,199433858,0.27,-129.26,-127.85,-133.48,72.58,16.95,17.84,23.35,24.58,10.79,24.06
1444,11/28/07,600519,-130.7,-133.38,-129.2,-136.86,11406,201326440,0.28,-133.38,-129.2,-136.86,74.25,16.95,17.18,22.83,23.14,7.99,16.77
1445,11/29/07,600519,-134.59,-134.24,-131.61,-136.5,18463,323298143,0.45,-134.24,-131.61,-136.5,74.03,16.95,16.04,22.9,21.67,7.42,13.87
1446,11/30/07,600519,-132.5,-135.74,-132.5,-136.11,14273,248057710,0.35,-135.74,-132.5,-136.11,73.81,16.95,13.79,22.96,18.68,8.56,12.68
1447,12/3/07,600519,-136.46,-135.27,-134.61,-136.49,8516,147689836,0.21,-135.27,-134.61,-136.49,66.21,9.18,14.17,13.86,21.4,9.2,12.53
1448,12/4/07,600519,-134.98,-133.48,-131.98,-134.98,9010,158913696,0.22,-133.48,-131.98,-134.98,62.31,8.5,14.17,13.64,22.74,10.44,11.85
1449,12/5/07,600519,-133.41,-128.59,-127.1,-133.41,9930,180611804,0.24,-128.59,-127.1,-133.41,65.78,13.38,14.17,20.34,21.54,10.49,10.64
1450,12/6/07,600519,-127.12,-127.56,-127.12,-129.72,5274,96863844,0.13,-127.56,-127.12,-129.72,64.87,13.38,11.26,20.63,17.36,11.82,9.9
1451,12/7/07,600519,-127.18,-121.05,-120.33,-127.18,11615,222166859,0.28,-121.05,-120.33,-127.18,65.79,18.29,11.26,27.8,17.12,15.32,11.37
1452,12/11/07,600519,-116.58,-114.53,-111.17,-116.95,29702,596580876,0.73,-114.53,-111.17,-116.95,72.66,27.45,11.26,37.78,15.5,20.58,14.57
1453,12/12/07,600519,-114.77,-114.47,-111.17,-115.86,25282,511973884,0.62,-114.47,-111.17,-115.86,73.73,26.48,11.26,35.91,15.27,23.74,16.47
1454,12/13/07,600519,-115.83,-115.46,-113.2,-118.08,17437,349075780,0.43,-115.46,-113.2,-118.08,73.5,26.48,9.94,36.03,13.52,27.14,18.79
1455,12/14/07,600519,-116.58,-103.8,-102.39,-118.06,16003,331667409,0.39,-103.8,-102.39,-118.06,82.78,37.29,5.98,45.05,7.22,38.72,24.61
1456,12/17/07,600519,-104.48,-107.56,-97.04,-110.57,17451,373879346,0.43,-107.56,-97.04,-110.57,91.82,42.64,5.98,46.44,6.51,49.85,30.83
1457,12/18/07,600519,-110.49,-115.08,-110.48,-117.32,18508,372844742,0.45,-115.08,-110.48,-117.32,95.95,39.62,12.73,41.29,13.27,54.45,34.88
1458,12/19/07,600519,-112.97,-113.61,-111.39,-118.09,13934,278674107,0.34,-113.61,-111.39,-118.09,94.99,39.62,10.12,41.71,10.65,57.36,38.97
1459,12/20/07,600519,-111.47,-112.99,-111.14,-115.79,6903,140714576,0.17,-112.99,-111.14,-115.79,94.75,39.87,10.12,42.08,10.68,60.56,42.15
1460,12/21/07,600519,-112.82,-107.54,-106.51,-112.82,9516,198189104,0.23,-107.54,-106.51,-112.82,97.62,44.5,10.12,45.58,10.37,63.48,45.31
1461,12/24/07,600519,-103.89,-108.78,-103.84,-109.08,21204,449776303,0.52,-108.78,-103.84,-109.08,100.98,47.17,9.74,46.71,9.65,62.38,50.55
1462,12/25/07,600519,-108.78,-103.43,-102.02,-108.78,17157,368772023,0.42,-103.43,-102.02,-108.78,104.45,46.36,9.74,44.38,9.33,60.7,55.27
1463,12/26/07,600519,-103.82,-99.29,-98.17,-104.52,14594,322367541,0.36,-99.29,-98.17,-104.52,104.42,45.33,9.74,43.41,9.33,62.91,58.68
1464,12/27/07,600519,-99.3,-97.16,-96.82,-102.9,21907,485898989,0.54,-97.16,-96.82,-102.9,107.9,46.68,9.74,43.26,9.03,63.93,60.65
1465,12/28/07,600519,-99.6,-93.29,-93.21,-102.47,26628,600445954,0.65,-93.29,-93.21,-102.47,109.93,43.5,9.74,39.57,8.86,64.58,62.57
1466,1/2/08,600519,-95.54,-99.28,-94.08,-100.05,19086,428486871,0.47,-99.28,-94.08,-100.05,106.81,34.34,9.74,32.15,9.12,63.39,63.44
1467,1/3/08,600519,-99.07,-105.19,-95.54,-106.98,29799,638361163,0.73,-105.19,-95.54,-106.98,113.56,34.34,16.67,30.24,14.68,58.21,60.29
1468,1/4/08,600519,-106.81,-104.38,-103.74,-109.81,33304,704732968,0.82,-104.38,-103.74,-109.81,114.75,34.34,17.28,29.93,15.06,52.83,56.77
1469,1/7/08,600519,-104.19,-106.56,-101.55,-108.34,30409,646078990,0.75,-106.56,-101.55,-108.34,105.87,25.72,17.28,24.29,16.32,45.33,54.12
1470,1/8/08,600519,-107.56,-104.53,-102.61,-109.36,32218,682166585,0.79,-104.53,-102.61,-109.36,99.09,20.37,18.3,20.56,18.47,35.31,49.62
1471,1/9/08,600519,-106.9,-104.53,-103.08,-106.9,12010,256589157,0.29,-104.53,-103.08,-106.9,93.15,20.37,11.55,21.87,12.4,29.35,46.97
1472,1/10/08,600519,-103.8,-102.99,-101.13,-105.76,20827,450693940,0.51,-102.99,-101.13,-105.76,91.08,22.32,10.78,24.51,11.84,25.86,44.63
1473,1/11/08,600519,-102.3,-103.79,-100.91,-106.81,19811,425014224,0.49,-103.79,-100.91,-106.81,92.33,22.07,11.83,23.9,12.81,25.12,41.66
1474,1/14/08,600519,-97.04,-97.7,-94.34,-101.93,42925,959882221,1.05,-97.7,-94.34,-101.93,95.3,24.01,11.83,25.19,12.41,25.28,39.06
1475,1/15/08,600519,-97.49,-94.52,-92.87,-97.49,21303,486145572,0.52,-94.52,-92.87,-97.49,94.89,22.81,11.83,24.04,12.47,27.29,36.31
1476,1/16/08,600519,-95.69,-98.67,-95.54,-99.3,22419,502236876,0.55,-98.67,-95.54,-99.3,92.91,20.99,13.64,22.59,14.68,29.93,32.62
1477,1/17/08,600519,-98.18,-102.3,-98.17,-103.8,31614,697313171,0.77,-102.3,-98.17,-103.8,92.19,17.14,18.14,18.59,19.68,25.8,27.58
1478,1/18/08,600519,-102.26,-104.58,-101.17,-106.06,20417,441871091,0.5,-104.58,-101.17,-106.06,91.0,15.79,20.4,17.35,22.42,22.11,23.99
1479,1/21/08,600519,-104.22,-107.55,-102.84,-110.57,24987,531115484,0.61,-107.55,-102.84,-110.57,89.47,12.18,24.91,13.61,27.84,22.8,23.96
1480,1/22/08,600519,-110.58,-107.91,-100.84,-115.07,44909,949589574,1.1,-107.91,-100.84,-115.07,96.94,12.18,29.41,12.56,30.34,24.04,24.66
1481,1/23/08,600519,-105.23,-100.71,-100.57,-106.33,23146,502720215,0.57,-100.71,-100.57,-106.33,92.84,12.45,22.48,13.41,24.21,23.54,25.42
1482,1/24/08,600519,-99.3,-99.3,-97.57,-103.05,18486,408534678,0.45,-99.3,-97.57,-103.05,92.25,15.45,19.65,16.75,21.3,22.0,25.97
1483,1/25/08,600519,-99.37,-101.63,-96.67,-103.8,17993,397838438,0.44,-101.63,-96.67,-103.8,92.59,14.16,19.65,15.29,21.22,24.23,25.02
1484,1/28/08,600519,-104.18,-104.71,-100.8,-109.14,14170,303150636,0.35,-104.71,-100.8,-109.14,94.18,14.16,23.97,15.04,25.45,26.4,24.26
1485,1/29/08,600519,-104.67,-104.21,-102.3,-106.06,10107,217278903,0.25,-104.21,-102.3,-106.06,94.12,14.16,23.97,15.04,25.47,24.97,23.88
1486,1/30/08,600519,-103.05,-104.74,-103.05,-111.17,29332,621090086,0.72,-104.74,-103.05,-111.17,97.61,12.21,29.08,12.51,29.79,24.87,24.46
1487,1/31/08,600519,-107.57,-111.3,-106.06,-111.32,13905,289075904,0.34,-111.3,-106.06,-111.32,98.29,12.21,28.18,12.42,28.67,26.68,25.11
1488,2/1/08,600519,-112.08,-113.94,-112.08,-116.65,21467,431423198,0.53,-113.94,-112.08,-116.65,94.19,5.64,33.51,5.99,35.58,36.55,29.27
1489,2/4/08,600519,-112.36,-106.82,-104.82,-112.82,29546,617972158,0.72,-106.82,-104.82,-112.82,98.48,11.43,33.51,11.61,34.03,42.03,33.13
1490,2/5/08,600519,-106.81,-108.78,-106.81,-109.81,8478,177590097,0.21,-108.78,-106.81,-109.81,96.7,11.43,31.7,11.82,32.78,45.57,35.99
1491,2/13/08,600519,-109.81,-113.57,-109.81,-114.32,4972,101444765,0.12,-113.57,-109.81,-114.32,96.61,11.43,31.71,11.83,32.82,49.12,37.04
1492,2/14/08,600519,-112.07,-113.49,-111.39,-114.25,7556,153806138,0.19,-113.49,-111.39,-114.25,94.58,11.43,29.45,12.09,31.14,49.66,37.26
1493,2/15/08,600519,-113.59,-115.01,-113.57,-117.33,12811,256163700,0.31,-115.01,-113.57,-117.33,90.69,11.43,28.02,12.6,30.9,50.08,38.38
1494,2/18/08,600519,-114.47,-110.6,-110.49,-114.47,12577,257765662,0.31,-110.6,-110.49,-114.47,80.98,14.51,23.52,17.92,29.04,42.16,39.35
1495,2/19/08,600519,-110.6,-110.57,-109.81,-113.57,7287,149403801,0.18,-110.57,-109.81,-113.57,77.4,14.92,23.52,19.28,30.39,37.7,39.86
1496,2/20/08,600519,-110.57,-111.24,-108.39,-111.96,9701,200650696,0.24,-111.24,-108.39,-111.96,75.49,13.34,23.52,17.67,31.16,34.47,40.02
1497,2/21/08,600519,-109.44,-111.74,-109.15,-112.22,12204,250662269,0.3,-111.74,-109.15,-112.22,71.43,12.44,23.78,17.42,33.29,31.85,40.49
1498,2/22/08,600519,-112.06,-115.37,-110.96,-118.08,19422,391675409,0.48,-115.37,-110.96,-118.08,70.21,12.44,24.3,17.72,34.61,29.89,39.77
1499,2/25/08,600519,-115.9,-118.18,-115.83,-118.83,11218,222633128,0.27,-118.18,-115.83,-118.83,69.91,12.44,25.05,17.79,35.83,28.48,39.28
1500,2/26/08,600519,-117.33,-124.99,-115.56,-126.42,35143,669275552,0.86,-124.99,-115.56,-126.42,72.65,12.44,27.53,17.12,37.89,30.83,36.49
1501,2/27/08,600519,-125.59,-121.7,-119.58,-128.45,12116,231597749,0.3,-121.7,-119.58,-128.45,74.94,12.44,29.41,16.6,39.24,33.86,35.78
1502,2/28/08,600519,-121.69,-123.34,-120.33,-124.83,7226,137808743,0.18,-123.34,-120.33,-124.83,74.09,12.44,24.08,16.79,32.5,34.57,34.52
1503,2/29/08,600519,-122.96,-119.58,-118.85,-124.77,7114,137296143,0.17,-119.58,-118.85,-124.77,70.89,6.66,24.08,9.39,33.97,38.79,35.32
1504,3/3/08,600519,-112.75,-104.93,-104.93,-112.75,17783,380241620,0.44,-104.93,-104.93,-112.75,82.54,20.58,24.08,24.93,29.17,34.72,32.3
1505,3/4/08,600519,-96.43,-100.1,-94.11,-103.02,37898,847885908,0.93,-100.1,-94.11,-103.02,87.82,31.4,19.57,35.75,22.28,32.98,30.73
1506,3/5/08,600519,-100.12,-100.3,-96.22,-102.68,14039,310232368,0.34,-100.3,-96.22,-102.68,91.42,31.4,19.57,34.35,21.41,30.56,30.69
1507,3/6/08,600519,-100.29,-103.04,-97.79,-103.2,8197,180277491,0.2,-103.04,-97.79,-103.2,92.99,31.4,17.01,33.77,18.29,28.75,31.31
1508,3/7/08,600519,-103.62,-105.93,-103.42,-108.99,14896,315047844,0.37,-105.93,-103.42,-108.99,94.42,28.32,22.8,29.99,24.15,25.24,29.9
1509,3/10/08,600519,-108.31,-108.62,-104.54,-110.42,10673,223726599,0.26,-108.62,-104.54,-110.42,96.54,27.64,24.23,28.63,25.1,16.89,27.84
1510,3/11/08,600519,-110.19,-104.72,-103.43,-111.28,11377,241463106,0.28,-104.72,-103.43,-111.28,100.82,27.33,24.23,27.11,24.03,16.59,25.65
1511,3/12/08,600519,-102.31,-106.62,-101.72,-109.54,6120,130239209,0.15,-106.62,-101.72,-109.54,105.57,29.04,23.97,27.51,22.71,14.31,23.65
1512,3/13/08,600519,-117.25,-106.28,-104.56,-122.56,16690,344992828,0.41,-106.28,-104.56,-122.56,116.45,29.04,31.13,24.94,26.73,11.02,20.79
1513,3/14/08,600519,-108.46,-112.04,-108.46,-112.83,11858,244698923,0.29,-112.04,-108.46,-112.83,119.54,29.04,30.38,24.29,25.41,6.45,17.6
1514,3/17/08,600519,-115.8,-115.29,-112.84,-116.95,17189,344059102,0.42,-115.29,-112.84,-116.95,113.59,29.04,26.91,25.57,23.69,5.28,15.26
1515,3/18/08,600519,-118.2,-123.68,-115.83,-126.34,30225,577180431,0.74,-123.68,-115.83,-126.34,115.77,29.04,34.27,25.08,29.6,5.56,11.23
1516,3/19/08,600519,-124.08,-122.53,-119.58,-124.76,18579,355372038,0.46,-122.53,-119.58,-124.76,116.45,29.04,34.27,24.94,29.43,5.94,11.26
1517,3/20/08,600519,-123.41,-121.13,-118.83,-131.23,14756,275079993,0.36,-121.13,-118.83,-131.23,122.93,27.56,40.74,22.42,33.14,7.56,10.94
1518,3/21/08,600519,-120.11,-120.57,-118.08,-122.44,3999,77823413,0.1,-120.57,-118.08,-122.44,112.64,14.39,40.74,12.78,36.17,14.95,12.99
1519,3/24/08,600519,-120.33,-121.6,-118.56,-123.64,9357,179280128,0.23,-121.6,-118.56,-123.64,106.9,3.57,41.94,3.34,39.23,28.62,17.53
1520,3/25/08,600519,-124.84,-125.62,-121.85,-126.34,11288,211875344,0.28,-125.62,-121.85,-126.34,105.18,3.57,44.64,3.39,42.44,42.19,23.73
1521,3/26/08,600519,-125.22,-126.73,-123.34,-128.6,4475,83590677,0.11,-126.73,-123.34,-128.6,105.03,3.57,46.38,3.4,44.16,55.09,30.33
1522,3/27/08,600519,-130.1,-130.06,-124.86,-130.18,18925,344830534,0.46,-130.06,-124.86,-130.18,104.4,3.57,42.17,3.42,40.39,67.78,36.86
1523,3/28/08,600519,-129.72,-125.91,-125.14,-130.85,6716,123097898,0.16,-125.91,-125.14,-130.85,104.23,3.57,41.41,3.43,39.73,78.59,43.07
1524,3/31/08,600519,-126.49,-125.06,-123.71,-128.6,15021,281358730,0.37,-125.06,-123.71,-128.6,101.27,3.89,41.41,3.84,40.89,84.42,49.69
1525,4/1/08,600519,-123.71,-127.36,-123.71,-129.35,13679,252613478,0.34,-127.36,-123.71,-129.35,99.09,2.18,42.16,2.2,42.55,85.4,57.01
1526,4/2/08,600519,-127.85,-128.91,-124.09,-136.85,16431,298960718,0.4,-128.91,-124.09,-136.85,93.85,2.18,36.64,2.32,39.04,86.0,64.09
1527,4/3/08,600519,-131.6,-132.35,-129.35,-134.61,13420,237997145,0.33,-132.35,-129.35,-134.61,93.0,2.18,36.64,2.34,39.4,86.51,70.8
1528,4/7/08,600519,-133.11,-127.26,-126.72,-134.61,21969,394870541,0.54,-127.26,-126.72,-134.61,95.98,4.81,32.52,5.01,33.88,84.81,76.3
1529,4/8/08,600519,-127.47,-122.19,-121.08,-129.35,13058,247291459,0.32,-122.19,-121.08,-129.35,93.2,10.45,23.13,11.21,24.82,77.09,77.84
1530,4/9/08,600519,-124.32,-128.26,-123.34,-128.71,12507,234604519,0.31,-128.26,-123.34,-128.71,94.54,10.45,23.13,11.05,24.47,69.58,77.0
1531,4/10/08,600519,-129.35,-132.06,-128.6,-133.93,20410,365825520,0.5,-132.06,-128.6,-133.93,87.81,10.45,21.88,11.9,24.92,60.44,72.92
1532,4/11/08,600519,-131.98,-134.12,-131.6,-134.61,23958,424169970,0.59,-134.12,-131.6,-134.61,86.46,9.7,22.56,11.22,26.09,52.29,69.14
1533,4/14/08,600519,-134.62,-139.8,-134.62,-140.11,21684,369038598,0.53,-139.8,-134.62,-140.11,87.37,9.7,26.86,11.1,30.74,45.32,65.91
1534,4/15/08,600519,-140.62,-139.58,-139.49,-144.75,20148,330691480,0.49,-139.58,-139.49,-144.75,87.89,9.7,28.8,11.04,32.77,41.21,63.01
1535,4/16/08,600519,-139.87,-139.03,-136.11,-142.83,15639,265734673,0.38,-139.03,-136.11,-142.83,89.35,13.08,26.54,14.64,29.7,40.58,58.83
1536,4/17/08,600519,-137.99,-139.03,-135.36,-141.3,10401,176634095,0.25,-139.03,-135.36,-141.3,89.97,13.83,24.96,15.37,27.74,39.07,54.32
1537,4/18/08,600519,-140.88,-138.32,-136.49,-142.87,13768,229547374,0.34,-138.32,-136.49,-142.87,90.64,13.83,25.86,15.26,28.53,38.23,49.34
1538,4/21/08,600519,-130.85,-137.21,-128.6,-141.36,14523,250079531,0.36,-137.21,-128.6,-141.36,98.51,20.29,25.86,20.6,26.25,33.6,42.94
1539,4/22/08,600519,-141.37,-141.97,-136.86,-149.63,22129,359871902,0.54,-141.97,-136.86,-149.63,105.64,20.29,33.38,19.21,31.6,29.84,37.58
1540,4/23/08,600519,-144.83,-137.6,-136.11,-148.13,12670,211089327,0.31,-137.6,-136.11,-148.13,104.9,21.04,25.88,20.06,24.67,23.29,32.25
1541,4/24/08,600519,-128.6,-126.37,-124.75,-133.11,39322,718031257,0.96,-126.37,-124.75,-133.11,112.05,32.4,25.88,28.92,23.1,19.49,30.04
1542,4/25/08,600519,-127.85,-132.49,-127.85,-132.5,23845,429087518,0.58,-132.49,-127.85,-132.5,110.29,29.77,25.88,26.99,23.47,15.88,27.47
1543,4/28/08,600519,-133.86,-133.41,-132.75,-138.24,12772,220439148,0.31,-133.41,-132.75,-138.24,107.77,24.13,31.62,22.39,29.34,13.06,25.65
1544,4/29/08,600519,-136.85,-133.43,-132.53,-136.85,6149,107374297,0.15,-133.43,-132.53,-136.85,105.57,24.35,31.62,23.07,29.95,13.22,23.41
1545,4/30/08,600519,-133.36,-128.5,-127.17,-133.36,11883,215284885,0.29,-128.5,-127.17,-133.36,106.16,29.71,26.4,27.99,24.87,10.14,19.99
1546,5/5/08,600519,-128.3,-128.1,-126.66,-129.44,8090,148396736,0.2,-128.1,-126.66,-129.44,105.93,30.22,25.72,28.53,24.28,9.76,16.52
1547,5/6/08,600519,-128.6,-131.02,-128.6,-132.29,8488,152222994,0.21,-131.02,-128.6,-132.29,104.13,30.22,23.07,29.02,22.15,10.13,14.81
1548,5/7/08,600519,-132.35,-134.2,-129.65,-134.25,7354,131020228,0.18,-134.2,-129.65,-134.25,103.47,30.22,20.39,29.21,19.71,12.2,14.04
1549,5/8/08,600519,-134.62,-131.58,-131.0,-137.61,8861,154116406,0.22,-131.58,-131.0,-137.61,103.36,26.84,23.75,25.97,22.98,10.98,12.02
1550,5/9/08,600519,-130.86,-132.55,-130.86,-134.23,5774,102419877,0.14,-132.55,-130.86,-134.23,100.79,26.23,23.75,26.02,23.56,9.64,11.43
1551,5/12/08,600519,-134.99,-130.1,-128.94,-136.26,9206,163594356,0.23,-130.1,-128.94,-136.26,101.73,26.23,24.21,25.78,23.8,9.33,9.73
1552,5/13/08,600519,-133.5,-131.63,-128.67,-134.46,5145,91723212,0.13,-131.63,-128.67,-134.46,94.76,18.61,24.21,19.64,25.55,10.17,9.96
1553,5/14/08,600519,-132.88,-130.28,-129.88,-133.02,6008,108222058,0.15,-130.28,-129.88,-133.02,85.13,18.61,15.94,21.86,18.72,9.22,9.67
1554,5/15/08,600519,-129.35,-128.16,-125.22,-131.6,14690,271639672,0.36,-128.16,-125.22,-131.6,79.49,22.52,15.94,28.33,20.05,8.83,10.52
1555,5/16/08,600519,-128.6,-128.64,-126.34,-129.31,4673,85690776,0.11,-128.64,-126.34,-129.31,69.61,11.16,15.94,16.03,22.9,10.75,10.87
1556,5/19/08,600519,-128.64,-130.84,-128.64,-131.56,3828,68955076,0.09,-130.84,-128.64,-131.56,66.4,11.16,18.19,16.81,27.39,13.92,11.78
1557,5/20/08,600519,-132.28,-136.04,-129.95,-136.11,9927,176605312,0.24,-136.04,-129.95,-136.11,66.81,11.16,17.0,16.7,25.45,16.71,13.02
1558,5/21/08,600519,-137.16,-135.63,-133.11,-138.36,19543,334549900,0.48,-135.63,-133.11,-138.36,67.74,10.94,19.25,16.15,28.42,19.12,14.64
1559,5/22/08,600519,-135.86,-136.23,-134.61,-139.54,7536,129331816,0.18,-136.23,-134.61,-139.54,66.41,5.58,20.43,8.4,30.76,27.34,18.28
1560,5/23/08,600519,-138.36,-136.86,-136.11,-138.36,12891,220240585,0.32,-136.86,-136.11,-138.36,65.88,5.07,20.43,7.7,31.01,34.53,21.68
1561,5/26/08,600519,-138.36,-136.23,-136.11,-138.36,7355,125694889,0.16,-136.23,-136.11,-138.36,63.94,5.07,17.58,7.93,27.49,40.8,25.77
1562,5/27/08,600519,-137.63,-138.51,-135.36,-138.67,15456,265513865,0.34,-138.51,-135.36,-138.67,62.65,5.82,15.62,9.29,24.93,44.42,29.17
1563,5/29/08,600519,-138.46,-138.49,-136.86,-140.43,9431,160096339,0.21,-138.49,-136.86,-140.43,59.61,5.82,14.02,9.76,23.52,47.85,32.28
1564,5/30/08,600519,-138.59,-139.76,-137.99,-140.61,5203,87809655,0.11,-139.76,-137.99,-140.61,58.86,5.68,14.2,9.65,24.13,50.41,34.76
1565,6/2/08,600519,-139.27,-137.48,-136.86,-142.87,8423,141068877,0.19,-137.48,-136.86,-142.87,57.55,5.68,14.43,9.87,25.07,48.15,37.74
1566,6/3/08,600519,-138.36,-137.77,-136.86,-138.73,6577,112098666,0.14,-137.77,-136.86,-138.73,53.63,5.41,14.43,10.09,26.91,45.68,40.11
1567,6/4/08,600519,-139.84,-139.73,-138.36,-140.1,6770,113903649,0.15,-139.73,-138.36,-140.1,52.82,5.41,15.8,10.24,29.91,44.64,42.72
1568,6/5/08,600519,-139.87,-142.13,-137.7,-142.35,3922,65373349,0.09,-142.13,-137.7,-142.35,51.09,0.75,18.05,1.47,35.33,52.36,48.39
1569,6/6/08,600519,-142.13,-143.01,-142.11,-145.12,7815,127119585,0.17,-143.01,-142.11,-145.12,51.13,0.75,20.82,1.47,40.72,60.98,54.42
1570,6/10/08,600519,-146.58,-147.51,-145.13,-148.8,12716,201611524,0.28,-147.51,-145.13,-148.8,54.0,0.75,22.25,1.39,41.2,69.42,59.91
1571,6/11/08,600519,-148.26,-147.76,-147.38,-150.39,9126,142357442,0.2,-147.76,-147.38,-150.39,50.85,0.75,19.29,1.47,37.94,77.59,62.87
1572,6/12/08,600519,-147.77,-152.48,-147.77,-155.34,13790,210043603,0.3,-152.48,-147.77,-155.34,53.18,0.75,21.99,1.41,41.35,85.58,65.63
1573,6/13/08,600519,-154.81,-153.77,-152.34,-154.81,6186,92612196,0.14,-153.77,-152.34,-154.81,50.72,0.75,20.81,1.48,41.03,92.92,68.78
1574,6/16/08,600519,-154.49,-156.9,-154.27,-156.94,10220,148642350,0.22,-156.9,-154.27,-156.94,51.64,0.75,22.94,1.45,44.42,93.19,72.78
1575,6/17/08,600519,-157.64,-158.8,-157.64,-160.19,17474,246424803,0.38,-158.8,-157.64,-160.19,52.68,0.75,26.19,1.42,49.72,93.42,77.2
1576,6/18/08,600519,-160.04,-157.05,-156.52,-160.59,17592,250451606,0.39,-157.05,-156.52,-160.59,53.44,1.12,26.19,2.1,49.01,93.14,81.28
1577,6/19/08,600519,-156.67,-159.92,-156.67,-160.28,6970,98494725,0.15,-159.92,-156.67,-160.28,53.48,1.12,24.43,2.09,45.68,92.93,85.26
1578,6/20/08,600519,-160.28,-157.34,-156.23,-160.88,14178,202610966,0.31,-157.34,-156.23,-160.88,55.51,1.12,24.85,2.02,44.77,92.59,89.08
1579,6/23/08,600519,-158.77,-164.11,-158.77,-164.78,15406,212913434,0.34,-164.11,-158.77,-164.78,56.94,1.12,26.49,1.97,46.52,92.4,92.66
1580,6/24/08,600519,-167.71,-162.81,-162.15,-169.29,22053,297466611,0.48,-162.81,-162.15,-169.29,62.21,1.12,31.0,1.8,49.83,92.29,92.74
1581,6/25/08,600519,-163.88,-156.89,-156.52,-164.78,12783,180759313,0.28,-156.89,-156.52,-164.78,68.14,6.75,29.63,9.91,43.48,87.04,90.23
1582,6/26/08,600519,-155.39,-156.11,-154.27,-158.4,7754,111847423,0.17,-156.11,-154.27,-158.4,67.62,9.0,27.38,13.31,40.49,80.16,86.65
1583,6/27/08,600519,-158.48,-160.08,-157.53,-161.02,16260,228606779,0.36,-160.08,-157.53,-161.02,69.52,9.0,27.23,12.95,39.17,73.34,83.13
1584,6/30/08,600519,-161.78,-161.34,-158.77,-162.45,8498,118554068,0.19,-161.34,-158.77,-162.45,67.41,9.0,24.98,13.35,37.06,65.95,79.27
1585,7/1/08,600519,-161.34,-162.76,-161.34,-163.28,7678,105264085,0.17,-162.76,-161.34,-163.28,66.34,9.0,24.22,13.57,36.51,58.27,75.33
1586,7/2/08,600519,-162.91,-163.2,-161.79,-164.03,6046,82567695,0.13,-163.2,-161.79,-164.03,61.0,9.0,20.02,14.75,32.82,49.09,70.69
1587,7/3/08,600519,-164.24,-159.5,-158.02,-164.47,7895,109603235,0.17,-159.5,-158.02,-164.47,64.98,12.77,20.02,19.65,30.81,42.29,64.66
1588,7/4/08,600519,-159.5,-159.31,-158.59,-161.01,3982,56193917,0.09,-159.31,-158.59,-161.01,64.23,12.77,17.89,19.88,27.85,36.66,58.41
1589,7/7/08,600519,-159.31,-155.76,-155.39,-160.28,12515,180401010,0.27,-155.76,-155.39,-160.28,65.83,15.97,14.64,24.26,22.24,29.0,51.17
1590,7/8/08,600519,-155.87,-157.43,-154.49,-157.83,13648,198628781,0.3,-157.43,-154.49,-157.83,65.1,15.75,14.64,24.19,22.49,21.77,43.86
1591,7/9/08,600519,-156.89,-155.92,-154.27,-156.89,10183,149141345,0.22,-155.92,-154.27,-156.89,64.65,15.97,14.64,24.7,22.65,14.85,36.56
1592,7/10/08,600519,-156.52,-155.73,-154.77,-157.05,7170,104839731,0.16,-155.73,-154.77,-157.05,62.28,15.97,14.2,25.64,22.8,9.5,29.3
1593,7/11/08,600519,-156.51,-156.89,-155.18,-157.27,3017,43833508,0.07,-156.89,-155.18,-157.27,56.93,15.97,10.52,28.05,18.48,9.25,25.77
1594,7/14/08,600519,-156.53,-154.94,-154.64,-157.42,5258,77047467,0.12,-154.94,-154.64,-157.42,52.57,16.51,6.01,31.41,11.43,14.23,25.45
1595,7/15/08,600519,-154.93,-156.27,-154.13,-156.66,5735,83892162,0.13,-156.27,-154.13,-156.66,46.84,11.39,6.01,24.32,12.83,18.66,23.83
1596,7/16/08,600519,-156.67,-154.54,-154.09,-158.02,9010,132617391,0.2,-154.54,-154.09,-158.02,46.64,9.14,7.37,19.6,15.8,19.84,20.8
1597,7/17/08,600519,-154.49,-148.86,-146.9,-154.49,18016,279088472,0.4,-148.86,-146.9,-154.49,49.37,16.33,4.75,33.08,9.62,28.27,21.56
1598,7/18/08,600519,-150.51,-146.78,-146.38,-150.88,9220,142269871,0.2,-146.78,-146.38,-150.88,50.19,16.85,3.32,33.57,6.61,38.48,23.99
1599,7/21/08,600519,-147.67,-144.12,-143.75,-148.26,8192,130639362,0.18,-144.12,-143.75,-148.26,52.76,19.48,2.49,36.92,4.72,47.94,28.59
1600,7/22/08,600519,-144.12,-146.02,-141.5,-146.75,4276,68299820,0.09,-146.02,-141.5,-146.75,55.77,21.73,1.74,38.96,3.12,54.36,34.3
1601,7/23/08,600519,-146.67,-147.71,-145.61,-148.99,4525,71187874,0.1,-147.71,-145.61,-148.99,52.7,17.96,3.98,34.08,7.55,59.83,39.25
1602,7/24/08,600519,-147.28,-144.24,-144.12,-147.28,4447,70637128,0.1,-144.24,-144.12,-147.28,53.87,19.45,3.98,36.11,7.39,69.04,44.44
1603,7/25/08,600519,-145.19,-144.12,-143.0,-146.29,5280,84972166,0.12,-144.12,-143.0,-146.29,52.27,17.37,3.98,33.23,7.61,70.34,49.31
1604,7/28/08,600519,-143.48,-143.75,-142.62,-144.12,2563,41662711,0.06,-143.75,-142.62,-144.12,50.43,16.85,3.98,33.41,7.89,69.46,53.97
1605,7/29/08,600519,-143.75,-143.91,-143.01,-146.37,3594,57706465,0.08,-143.91,-143.01,-146.37,50.63,16.63,6.23,32.85,12.3,64.15,56.04
1606,7/30/08,600519,-143.74,-144.53,-143.52,-146.0,3499,56168227,0.08,-144.53,-143.52,-146.0,50.83,16.63,6.07,32.72,11.94,57.71,56.04
1607,7/31/08,600519,-145.11,-145.33,-144.53,-146.36,4751,75934188,0.1,-145.33,-144.53,-146.36,50.57,16.63,6.21,32.89,12.28,54.69,57.26
1608,8/1/08,600519,-146.14,-145.97,-144.5,-147.74,3236,51369908,0.07,-145.97,-144.5,-147.74,51.03,16.09,7.59,31.53,14.87,49.67,59.36
1609,8/4/08,600519,-147.35,-147.39,-145.29,-147.65,2851,44858745,0.06,-147.39,-145.29,-147.65,50.86,15.58,7.59,30.63,14.92,44.97,57.65
1610,8/5/08,600519,-147.74,-147.96,-146.68,-148.26,2363,37049801,0.05,-147.96,-146.68,-148.26,48.51,15.58,6.84,32.12,14.1,41.17,55.31
1611,8/6/08,600519,-147.22,-147.16,-146.53,-148.59,3303,51922049,0.07,-147.16,-146.53,-148.59,42.93,8.39,7.17,19.54,16.7,34.89,49.52
1612,8/7/08,600519,-147.84,-150.11,-146.76,-150.88,4279,66288542,0.09,-150.11,-146.76,-150.88,42.55,7.87,9.46,18.5,22.23,28.67,43.19
1613,8/8/08,600519,-150.36,-150.87,-149.55,-152.16,6117,93064197,0.13,-150.87,-149.55,-152.16,40.65,5.24,10.74,12.89,26.42,26.8,40.75
1614,8/11/08,600519,-153.51,-155.72,-150.51,-155.77,7999,119572175,0.18,-155.72,-150.51,-155.77,40.66,2.99,14.35,7.35,35.29,31.74,40.7
1615,8/12/08,600519,-156.59,-154.54,-153.51,-157.94,4531,66330532,0.1,-154.54,-153.51,-157.94,41.71,2.99,14.28,7.17,34.24,36.88,40.93
1616,8/13/08,600519,-155.02,-154.3,-153.83,-155.54,6373,93902071,0.14,-154.3,-153.83,-155.54,39.83,1.5,14.28,3.77,35.85,43.88,42.53
1617,8/14/08,600519,-154.27,-153.51,-150.81,-155.27,12971,195801266,0.28,-153.51,-150.81,-155.27,41.0,3.4,14.28,8.29,34.83,52.83,43.86
1618,8/15/08,600519,-153.51,-151.43,-150.51,-154.19,5541,83530667,0.12,-151.43,-150.51,-154.19,43.18,3.32,14.28,7.69,33.07,61.68,45.18
1619,8/18/08,600519,-151.43,-155.45,-150.58,-155.62,3339,50108017,0.07,-155.45,-150.58,-155.62,44.86,3.32,13.46,7.4,30.0,66.02,46.41
1620,8/19/08,600519,-158.71,-157.26,-155.16,-158.71,6270,90342081,0.14,-157.26,-155.16,-158.71,45.93,3.32,16.55,7.23,36.03,66.2,48.97
1621,8/20/08,600519,-157.96,-151.82,-150.51,-157.96,7250,107725247,0.16,-151.82,-150.51,-157.96,51.55,7.97,16.19,15.46,31.41,60.97,48.93
1622,8/21/08,600519,-153.12,-154.36,-150.51,-156.51,5143,76438604,0.11,-154.36,-150.51,-156.51,54.31,7.97,14.81,14.68,27.27,52.48,48.18
1623,8/22/08,600519,-154.29,-156.32,-153.6,-157.15,2911,42273682,0.06,-156.32,-153.6,-157.15,55.5,7.97,15.45,14.36,27.84,47.55,50.19
1624,8/25/08,600519,-156.39,-157.11,-155.84,-158.38,4776,69152201,0.1,-157.11,-155.84,-158.38,56.46,7.97,16.07,14.12,28.46,42.78,52.23
1625,8/26/08,600519,-157.11,-160.27,-157.11,-161.18,4705,66199366,0.1,-160.27,-157.11,-161.18,58.47,7.97,18.54,13.63,31.71,39.36,52.69
1626,8/27/08,600519,-161.68,-163.92,-158.41,-164.06,4539,62380812,0.1,-163.92,-158.41,-164.06,60.0,7.97,19.13,13.28,31.88,35.12,50.66
1627,8/28/08,600519,-160.29,-162.91,-158.77,-163.28,9634,132676988,0.21,-162.91,-158.77,-163.28,62.54,7.97,17.85,12.74,28.54,35.83,48.4
1628,8/29/08,600519,-162.55,-160.28,-159.52,-163.28,9172,127159473,0.2,-160.28,-159.52,-163.28,61.04,7.97,14.24,13.06,23.33,35.53,44.0
1629,9/1/08,600519,-160.5,-163.54,-160.05,-163.65,13856,190733791,0.3,-163.54,-160.05,-163.65,60.21,7.97,12.44,13.24,20.66,33.86,40.7
1630,9/2/08,600519,-163.54,-167.8,-163.54,-169.41,26629,345618729,0.59,-167.8,-163.54,-169.41,64.37,7.97,18.2,12.38,28.27,34.76,38.77
1631,9/3/08,600519,-168.91,-169.93,-168.69,-171.03,35456,449922401,0.78,-169.93,-168.69,-171.03,63.14,4.95,19.82,7.84,31.39,38.12,38.74
1632,9/4/08,600519,-169.92,-168.21,-167.79,-170.34,8056,103033863,0.18,-168.21,-167.79,-170.34,62.01,5.55,19.82,8.95,31.96,40.63,37.88
1633,9/5/08,600519,-169.48,-166.85,-166.44,-170.72,8607,110693148,0.19,-166.85,-166.44,-170.72,61.25,6.9,18.39,11.27,30.02,41.82,38.83
1634,9/8/08,600519,-166.75,-167.37,-165.87,-168.61,8049,105669098,0.18,-167.37,-165.87,-168.61,60.44,7.47,15.3,12.36,25.31,42.85,39.19
1635,9/9/08,600519,-168.51,-165.69,-165.2,-168.51,4145,54748548,0.09,-165.69,-165.2,-168.51,56.3,3.49,15.3,6.2,27.18,49.67,41.77
1636,9/10/08,600519,-166.66,-165.71,-163.28,-166.66,6604,87984657,0.15,-165.71,-163.28,-166.66,53.68,5.41,15.3,10.08,28.5,51.12,42.94
1637,9/11/08,600519,-164.87,-166.01,-164.87,-166.29,4657,61859281,0.1,-166.01,-164.87,-166.29,51.55,5.41,14.66,10.49,28.44,48.79,43.46
1638,9/12/08,600519,-166.05,-165.54,-164.53,-166.05,6202,82660639,0.14,-165.54,-164.53,-166.05,50.53,5.75,13.43,11.38,26.58,46.09,43.36
1639,9/16/08,600519,-165.7,-166.87,-165.68,-168.53,13758,179668932,0.3,-166.87,-165.68,-168.53,49.45,5.75,13.11,11.63,26.51,45.02,43.42
1640,9/17/08,600519,-166.79,-169.16,-165.69,-169.44,8524,110881399,0.19,-169.16,-165.69,-169.44,47.55,5.75,11.14,12.09,23.43,44.61,43.73
1641,9/18/08,600519,-169.67,-174.69,-169.29,-176.67,30582,376114728,0.67,-174.69,-169.29,-176.67,49.91,5.75,18.37,11.52,36.81,42.86,46.27
1642,9/19/08,600519,-165.61,-165.61,-165.61,-167.79,46747,620150766,1.03,-165.61,-165.61,-167.79,55.23,9.43,18.37,17.07,33.26,40.26,45.69
1643,9/22/08,600519,-161.85,-165.66,-157.27,-165.74,56487,768578260,1.24,-165.66,-157.27,-165.74,60.1,17.77,18.0,29.57,29.95,32.68,40.74
1644,9/23/08,600519,-167.73,-175.07,-167.73,-175.27,34956,429875014,0.77,-175.07,-167.73,-175.27,63.84,17.77,21.77,27.84,34.1,27.7,36.89
1645,9/24/08,600519,-176.05,-170.43,-170.21,-178.92,14198,173930711,0.31,-170.43,-170.21,-178.92,69.32,17.77,23.8,25.63,34.33,23.61,34.32
1646,9/25/08,600519,-170.42,-168.4,-166.66,-170.42,15070,194816771,0.33,-168.4,-166.66,-170.42,70.54,20.42,23.8,28.95,33.74,19.56,32.09
1647,9/26/08,600519,-167.86,-166.37,-164.87,-167.86,13690,180847064,0.3,-166.37,-164.87,-167.86,69.79,20.86,23.8,29.89,34.1,11.94,27.4
1648,10/6/08,600519,-167.19,-169.91,-166.36,-171.55,6102,79100703,0.13,-169.91,-166.36,-171.55,72.24,20.29,27.49,28.09,38.05,9.09,24.68
1649,10/7/08,600519,-171.54,-172.26,-170.79,-174.53,9957,122750249,0.22,-172.26,-170.79,-174.53,73.55,19.62,30.47,26.68,41.43,12.6,22.64
1650,10/8/08,600519,-173.88,-175.08,-173.05,-175.2,10344,125437057,0.23,-175.08,-173.05,-175.2,73.11,17.7,31.14,24.21,42.59,15.5,21.6
1651,10/9/08,600519,-173.65,-177.14,-173.57,-177.18,8767,104831467,0.19,-177.14,-173.57,-177.18,75.3,17.7,33.12,23.51,43.98,18.14,20.87
1652,10/10/08,600519,-179.81,-181.76,-179.21,-182.73,13547,152282551,0.3,-181.76,-179.21,-182.73,79.37,17.36,38.67,21.87,48.72,23.2,21.38
1653,10/13/08,600519,-182.06,-181.71,-181.62,-188.68,22093,235133756,0.49,-181.71,-181.62,-188.68,83.44,17.36,42.14,20.81,50.5,29.05,20.49
1654,10/14/08,600519,-178.18,-185.37,-177.22,-185.48,11844,132830726,0.26,-185.37,-177.22,-185.48,87.95,21.76,41.23,24.74,46.88,31.69,20.39
1655,10/15/08,600519,-187.49,-187.16,-185.08,-188.45,8842,92239895,0.19,-187.16,-185.08,-188.45,83.81,21.76,36.97,25.96,44.11,32.39,22.49
1656,10/16/08,600519,-189.95,-189.89,-187.25,-191.08,15061,153358634,0.33,-189.89,-187.25,-191.08,78.65,18.08,39.6,22.99,50.35,34.02,24.76
1657,10/17/08,600519,-190.31,-191.91,-189.59,-194.39,28812,279732705,0.63,-191.91,-189.59,-194.39,74.98,9.74,42.91,12.99,57.23,39.47,28.8
1658,10/20/08,600519,-193.51,-192.78,-191.98,-195.21,30448,290614960,0.67,-192.78,-191.98,-195.21,68.67,9.74,34.2,14.18,49.8,42.41,32.8
1659,10/21/08,600519,-192.82,-194.36,-190.34,-194.46,13082,126303889,0.29,-194.36,-190.34,-194.46,64.08,11.38,30.55,17.76,47.67,43.08,36.06
1660,10/22/08,600519,-195.01,-193.05,-192.58,-195.68,19006,180490227,0.42,-193.05,-192.58,-195.68,63.41,7.83,31.77,12.35,50.1,48.01,39.85
1661,10/23/08,600519,-194.84,-190.98,-190.93,-194.84,14655,143747862,0.32,-190.98,-190.93,-194.84,63.79,7.69,31.77,12.06,49.8,53.86,43.13
1662,10/24/08,600519,-190.33,-191.62,-190.07,-194.09,8976,87060611,0.2,-191.62,-190.07,-194.09,62.62,8.55,28.08,13.65,44.84,56.53,45.28
1663,10/27/08,600519,-194.08,-196.9,-192.21,-197.77,27743,256201117,0.61,-196.9,-192.21,-197.77,64.15,8.55,28.78,13.33,44.86,55.06,47.26
1664,10/28/08,600519,-197.9,-194.63,-194.61,-199.34,13995,128811658,0.31,-194.63,-194.61,-199.34,65.94,8.55,29.68,12.97,45.01,55.0,48.7
1665,10/29/08,600519,-194.84,-193.95,-193.3,-196.3,12227,115424336,0.27,-193.95,-193.3,-196.3,65.33,9.86,27.7,15.09,42.4,55.29,49.19
1666,10/30/08,600519,-193.34,-193.86,-192.96,-195.28,10157,96284438,0.22,-193.86,-192.96,-195.28,62.06,10.2,22.15,16.44,35.69,51.37,49.69
1667,10/31/08,600519,-194.61,-196.19,-194.01,-196.29,8706,81109754,0.19,-196.19,-194.01,-196.29,57.43,10.2,17.21,17.76,29.97,45.47,49.66
1668,11/3/08,600519,-197.08,-196.56,-195.21,-197.08,6306,58047685,0.14,-196.56,-195.21,-197.08,51.04,5.8,18.0,11.36,35.27,45.12,50.83
1669,11/4/08,600519,-196.49,-197.98,-196.25,-198.1,11077,100749260,0.24,-197.98,-196.25,-198.1,49.52,5.8,16.05,11.71,32.41,43.91,49.49
1670,11/5/08,600519,-197.39,-194.83,-194.39,-197.85,11656,107649675,0.26,-194.83,-194.39,-197.85,49.19,7.66,13.42,15.57,27.28,39.25,47.12
1671,11/6/08,600519,-196.35,-197.57,-195.6,-197.77,5997,54677055,0.13,-197.57,-195.6,-197.77,47.33,7.66,10.11,16.18,21.36,33.63,44.46
1672,11/7/08,600519,-198.9,-201.01,-198.22,-202.2,35067,300147112,0.77,-201.01,-198.22,-202.2,48.66,7.66,13.72,15.74,28.2,32.2,41.79
1673,11/10/08,600519,-200.49,-197.37,-196.65,-200.85,40708,356262510,0.89,-197.37,-196.65,-200.85,48.9,7.59,13.72,15.52,28.06,32.73,39.1
1674,11/11/08,600519,-198.29,-199.64,-198.29,-199.81,27104,238775064,0.6,-199.64,-198.29,-199.81,48.24,7.59,12.5,15.73,25.91,28.26,36.69
1675,11/12/08,600519,-200.96,-199.35,-199.21,-201.9,18401,158558387,0.4,-199.35,-199.21,-201.9,47.02,5.94,14.59,12.63,31.03,27.47,35.69
1676,11/13/08,600519,-200.1,-198.12,-197.83,-201.59,35135,308558184,0.77,-198.12,-197.83,-201.59,46.76,6.46,14.59,13.82,31.2,29.35,34.3
1677,11/14/08,600519,-197.8,-191.39,-191.39,-197.8,47308,453503655,1.04,-191.39,-191.39,-197.8,47.34,12.9,10.91,27.25,23.05,28.44,31.04
1678,11/17/08,600519,-190.33,-189.13,-188.44,-191.83,25906,259620384,0.57,-189.13,-188.44,-191.83,46.0,15.85,9.34,34.46,20.3,28.03,30.11
1679,11/18/08,600519,-189.58,-192.87,-189.58,-194.76,30089,293853929,0.66,-192.87,-189.58,-194.76,48.63,14.54,12.27,29.9,25.23,24.64,28.69
1680,11/19/08,600519,-192.87,-188.5,-188.05,-193.56,16987,169157858,0.37,-188.5,-188.05,-193.56,51.82,15.73,12.27,30.36,23.68,22.63,25.45
1681,11/20/08,600519,-190.33,-190.23,-187.92,-191.58,15678,158050735,0.34,-190.23,-187.92,-191.58,53.05,15.86,11.26,29.9,21.23,18.43,22.95
1682,11/21/08,600519,-191.85,-189.93,-187.7,-193.59,23918,240102783,0.53,-189.93,-187.7,-193.59,57.07,15.86,12.48,27.79,21.87,13.99,21.67
1683,11/24/08,600519,-189.67,-190.55,-188.83,-190.7,9402,94604336,0.21,-190.55,-188.83,-190.7,57.09,15.86,11.46,27.78,20.07,15.28,21.86
1684,11/25/08,600519,-190.33,-190.96,-188.83,-192.09,9873,98311604,0.22,-190.96,-188.83,-192.09,56.76,14.0,12.85,24.67,22.64,11.68,19.86
1685,11/26/08,600519,-191.04,-190.98,-190.04,-191.36,7340,72963471,0.16,-190.98,-190.04,-191.36,55.14,14.0,12.85,25.39,23.3,10.99,17.82
1686,11/27/08,600519,-187.27,-187.8,-185.07,-189.16,26772,279561185,0.59,-187.8,-185.07,-189.16,56.42,18.97,8.42,33.62,14.92,15.35,18.99
1687,11/28/08,600519,-188.68,-188.98,-188.1,-190.14,12218,124047780,0.27,-188.98,-188.1,-190.14,54.4,17.4,9.4,31.99,17.28,17.49,17.96
1688,12/1/08,600519,-189.28,-187.92,-187.85,-190.3,7883,80427907,0.17,-187.92,-187.85,-190.3,54.41,17.65,9.4,32.44,17.28,20.59,17.29
1689,12/2/08,600519,-189.54,-186.62,-186.48,-189.54,14885,154215263,0.33,-186.62,-186.48,-189.54,54.78,19.02,7.31,34.72,13.34,25.32,20.3
1690,12/3/08,600519,-186.57,-184.47,-184.15,-186.57,14370,154141971,0.32,-184.47,-184.15,-186.57,53.49,19.97,7.31,37.33,13.67,32.34,22.01
1691,12/4/08,600519,-183.19,-180.58,-178.84,-183.19,26331,297576223,0.58,-180.58,-178.84,-183.19,52.39,18.84,7.31,35.96,13.95,38.97,24.98
1692,12/5/08,600519,-181.68,-178.72,-176.74,-181.72,18385,212898263,0.4,-178.72,-176.74,-181.72,53.98,17.99,7.31,33.33,13.54,39.59,27.47
1693,12/8/08,600519,-176.58,-176.06,-174.7,-178.95,17430,205494828,0.38,-176.06,-174.7,-178.95,52.6,20.03,4.38,38.08,8.33,45.3,31.4
1694,12/9/08,600519,-176.01,-178.29,-175.62,-179.21,13013,152317570,0.29,-178.29,-175.62,-179.21,50.68,18.5,4.64,36.5,9.16,50.2,35.39
1695,12/10/08,600519,-179.06,-178.16,-177.63,-179.19,13495,156049024,0.3,-178.16,-177.63,-179.19,48.58,18.37,4.64,37.81,9.55,52.73,39.02
1696,12/11/08,600519,-177.89,-176.86,-174.85,-178.31,20158,238497429,0.44,-176.86,-174.85,-178.31,46.15,21.15,2.63,45.83,5.7,57.98,45.16
1697,12/12/08,600519,-177.81,-182.06,-176.2,-182.18,16314,186650270,0.36,-182.06,-176.2,-182.18,50.26,21.15,6.5,42.08,12.93,59.46,49.22
1698,12/15/08,600519,-181.31,-179.61,-177.51,-181.32,14008,160434275,0.31,-179.61,-177.51,-181.32,51.55,21.15,5.11,41.03,9.91,62.6,51.1
1699,12/16/08,600519,-180.15,-179.68,-178.08,-182.18,12367,138960606,0.27,-179.68,-178.08,-182.18,54.33,21.15,5.97,38.93,10.99,61.25,53.27
1700,12/17/08,600519,-179.66,-178.6,-177.18,-179.66,10014,116363451,0.22,-178.6,-177.18,-179.66,50.92,17.08,5.97,33.54,11.72,59.3,54.75
1701,12/18/08,600519,-178.6,-176.82,-176.31,-178.6,11771,138647935,0.26,-176.82,-176.31,-178.6,50.87,17.95,4.99,35.29,9.81,58.77,55.75
1702,12/19/08,600519,-176.5,-177.08,-175.68,-178.31,10622,125345376,0.23,-177.08,-175.68,-178.31,51.05,18.33,4.99,35.91,9.77,55.32,56.65
1703,12/22/08,600519,-176.27,-178.04,-176.27,-178.83,9028,105588565,0.2,-178.04,-176.27,-178.83,50.55,16.96,5.51,33.55,10.9,54.99,57.22
1704,12/23/08,600519,-178.47,-181.38,-178.04,-182.13,18272,205256836,0.4,-181.38,-178.04,-182.13,52.17,14.63,8.81,28.04,16.89,48.94,55.77
1705,12/24/08,600519,-182.06,-181.8,-180.56,-182.97,7878,87320039,0.17,-181.8,-180.56,-182.97,48.95,9.32,9.65,19.04,19.71,39.9,50.58
1706,12/25/08,600519,-181.32,-182.79,-181.32,-183.57,9029,99538455,0.2,-182.79,-181.32,-183.57,46.22,7.22,10.25,15.62,22.18,34.76,47.03
1707,12/26/08,600519,-183.42,-182.77,-181.7,-183.42,8945,98854298,0.2,-182.77,-181.7,-183.42,43.69,5.18,10.25,11.86,23.46,30.82,44.8
1708,12/29/08,600519,-183.24,-183.75,-182.44,-186.45,30029,323745151,0.66,-183.75,-182.44,-186.45,44.11,5.18,13.02,11.74,29.52,28.47,41.9
1709,12/30/08,600519,-183.83,-183.84,-183.57,-185.07,21830,236161195,0.48,-183.84,-183.57,-185.07,44.05,5.18,13.02,11.76,29.56,27.15,41.07
1710,12/31/08,600519,-184.17,-183.79,-183.2,-184.69,18313,198482898,0.4,-183.79,-183.2,-184.69,42.08,2.77,13.02,6.58,30.94,33.84,41.39
1711,1/5/09,600519,-183.19,-184.03,-182.0,-185.07,13506,145941833,0.3,-184.03,-182.0,-185.07,39.17,3.97,9.15,10.14,23.36,40.13,40.01
1712,1/6/09,600519,-184.69,-183.78,-183.42,-186.36,38154,406113062,0.84,-183.78,-183.42,-186.36,37.56,3.97,10.44,10.57,27.8,44.72,39.74
1713,1/7/09,600519,-183.63,-185.23,-183.57,-185.3,15238,164245370,0.33,-185.23,-183.57,-185.3,35.19,3.97,9.58,11.28,27.22,46.14,38.48
1714,1/8/09,600519,-186.38,-183.92,-183.89,-187.17,18635,198641989,0.41,-183.92,-183.89,-187.17,35.97,3.07,11.45,8.53,31.83,48.58,38.52
1715,1/9/09,600519,-184.63,-184.85,-183.91,-185.07,11800,127445738,0.26,-184.85,-183.91,-185.07,34.84,2.2,11.45,6.31,32.86,52.7,39.93
1716,1/12/09,600519,-185.08,-185.89,-184.48,-186.08,16668,176815197,0.37,-185.89,-184.48,-186.08,33.81,1.57,12.46,4.64,36.85,54.81,44.32
1717,1/13/09,600519,-186.59,-188.93,-185.83,-189.19,18099,186485267,0.4,-188.93,-185.83,-189.19,34.61,1.57,15.05,4.54,43.48,61.75,50.94
1718,1/14/09,600519,-189.39,-188.83,-187.33,-190.64,32004,323066499,0.7,-188.83,-187.33,-190.64,33.83,1.57,13.2,4.64,39.02,67.39,56.05
1719,1/15/09,600519,-188.98,-190.35,-188.98,-190.48,29821,298447689,0.66,-190.35,-188.98,-190.48,33.07,1.57,12.36,4.75,37.38,73.4,59.77
1720,1/16/09,600519,-190.34,-189.19,-187.03,-190.42,94600,955914881,2.08,-189.19,-187.03,-190.42,34.21,3.52,11.76,10.29,34.38,72.77,60.68
1721,1/19/09,600519,-188.52,-188.56,-187.47,-189.05,48563,498196988,1.07,-188.56,-187.47,-189.05,34.21,3.52,11.76,10.29,34.38,70.46,61.58
1722,1/20/09,600519,-188.6,-189.13,-188.6,-190.36,49104,493242104,1.08,-189.13,-188.6,-190.36,32.0,3.52,10.04,11.0,31.37,65.54,60.18
1723,1/21/09,600519,-190.33,-190.54,-189.6,-191.08,60526,605392794,1.33,-190.54,-189.6,-191.08,32.45,3.52,10.76,10.85,33.16,60.47,61.11
1724,1/22/09,600519,-190.33,-189.73,-189.43,-190.4,21293,214057665,0.47,-189.73,-189.43,-190.4,32.07,3.32,10.76,10.35,33.55,56.16,61.77
1725,1/23/09,600519,-189.95,-187.92,-187.09,-189.95,32743,336252633,0.72,-187.92,-187.09,-189.95,31.86,4.46,10.76,14.0,33.77,50.15,61.77
1726,2/2/09,600519,-186.96,-189.34,-186.96,-190.33,30887,312618479,0.68,-189.34,-186.96,-190.33,32.29,4.46,9.85,13.81,30.5,47.43,60.1
1727,2/3/09,600519,-189.28,-187.25,-186.96,-190.28,48127,497248868,1.06,-187.25,-186.96,-190.28,33.88,4.46,9.85,13.16,29.07,44.72,57.59
1728,2/4/09,600519,-187.17,-185.61,-184.86,-187.17,42879,454067228,0.94,-185.61,-184.86,-187.17,32.99,6.56,7.98,19.88,24.19,38.34,51.94
1729,2/5/09,600519,-185.33,-185.04,-182.36,-185.82,38232,412164202,0.84,-185.04,-182.36,-185.82,35.29,9.06,7.98,25.67,22.61,30.94,45.71
1730,2/6/09,600519,-185.05,-181.91,-181.32,-185.05,39661,433677718,0.87,-181.91,-181.32,-185.05,37.42,10.1,6.97,26.99,18.63,25.19,40.68
1731,2/9/09,600519,-180.94,-177.71,-177.56,-180.94,45436,521391758,1.0,-177.71,-177.56,-180.94,38.41,13.86,3.86,36.08,10.05,27.7,38.92
1732,2/10/09,600519,-177.93,-178.33,-177.93,-179.81,27613,317723285,0.61,-178.33,-177.93,-179.81,37.2,13.86,2.41,37.26,6.48,33.15,40.29
1733,2/11/09,600519,-179.07,-175.23,-171.13,-179.81,40387,478088769,0.89,-175.23,-171.13,-179.81,44.23,20.66,2.41,46.71,5.45,40.06,42.39
1734,2/12/09,600519,-175.3,-174.9,-174.18,-176.42,54470,653107948,1.2,-174.9,-174.18,-176.42,43.08,18.71,2.41,43.43,5.59,51.29,44.82
1735,2/13/09,600519,-175.23,-173.48,-173.05,-175.3,24920,301643451,0.55,-173.48,-173.05,-175.3,43.61,19.84,2.41,45.49,5.53,63.29,47.12
1736,2/16/09,600519,-172.71,-173.27,-171.32,-174.48,27256,334068266,0.6,-173.27,-171.32,-174.48,44.97,21.57,1.1,47.97,2.45,75.29,50.24
1737,2/17/09,600519,-172.45,-170.71,-167.83,-172.45,56525,719184147,1.24,-170.71,-167.83,-172.45,48.46,25.06,0.38,51.71,0.78,82.05,54.88
1738,2/18/09,600519,-172.3,-174.28,-170.79,-174.64,45581,566412062,1.0,-174.28,-170.79,-174.64,51.28,24.89,2.57,48.54,5.01,83.87,58.51
1739,2/19/09,600519,-174.93,-173.89,-172.37,-174.93,24678,300896281,0.54,-173.89,-172.37,-174.93,50.98,22.55,2.86,44.23,5.61,83.6,61.83
1740,2/20/09,600519,-173.81,-171.49,-169.83,-173.81,33924,424596429,0.75,-171.49,-169.83,-173.81,51.67,25.09,2.48,48.56,4.8,84.4,67.85
1741,2/23/09,600519,-171.43,-169.46,-169.22,-172.71,19443,245915638,0.43,-169.46,-169.22,-172.71,51.84,25.7,2.48,49.58,4.78,85.08,74.19
1742,2/24/09,600519,-169.67,-168.7,-166.29,-170.31,36936,480302641,0.81,-168.7,-166.29,-170.31,53.47,26.53,2.48,49.62,4.64,83.85,79.57
1743,2/25/09,600519,-167.8,-169.67,-167.79,-173.05,26918,341607459,0.59,-169.67,-167.79,-173.05,55.27,24.03,5.22,43.48,9.44,78.4,80.22
1744,2/26/09,600519,-170.42,-173.48,-167.86,-174.18,27112,343984112,0.6,-173.48,-167.86,-174.18,57.86,22.99,6.35,39.73,10.97,74.3,79.09
1745,2/27/09,600519,-175.65,-176.48,-173.05,-177.01,41171,494464222,0.9,-176.48,-173.05,-177.01,57.47,19.23,9.18,33.46,15.97,67.28,75.44
1746,3/2/09,600519,-177.56,-177.53,-176.48,-179.16,27173,318786734,0.6,-177.53,-176.48,-179.16,58.05,19.23,11.33,33.13,19.52,57.92,71.16
1747,3/3/09,600519,-178.91,-179.12,-177.71,-179.96,18780,215625552,0.41,-179.12,-177.71,-179.96,51.8,12.43,12.13,24.0,23.42,44.4,64.74
1748,3/4/09,600519,-178.68,-171.68,-170.57,-179.12,42245,510627173,0.93,-171.68,-170.57,-179.12,58.11,19.57,12.13,33.68,20.87,34.49,59.17
1749,3/5/09,600519,-171.62,-173.8,-170.42,-175.3,23532,289227189,0.52,-173.8,-170.42,-175.3,60.74,18.59,12.13,30.61,19.97,27.28,52.84
1750,3/6/09,600519,-175.3,-176.64,-174.7,-177.05,20664,245701371,0.45,-176.64,-174.7,-177.05,60.83,16.86,13.88,27.72,22.82,19.44,46.87
1751,3/9/09,600519,-176.62,-179.13,-175.68,-179.15,23152,268799957,0.51,-179.13,-175.68,-179.15,58.86,13.37,15.98,22.71,27.15,15.03,41.16
1752,3/10/09,600519,-179.89,-176.71,-175.9,-180.11,15783,185611677,0.35,-176.71,-175.9,-180.11,59.14,13.37,14.75,22.61,24.94,11.54,34.73
1753,3/11/09,600519,-175.3,-177.2,-174.64,-178.31,8815,104417185,0.19,-177.2,-174.64,-178.31,60.25,14.63,14.46,24.28,24.0,11.43,27.91
1754,3/12/09,600519,-178.25,-178.35,-176.96,-179.71,11296,130769829,0.25,-178.35,-176.96,-179.71,58.94,12.09,15.86,20.51,26.91,9.77,22.13
1755,3/13/09,600519,-177.71,-179.95,-177.18,-179.98,20038,230105105,0.44,-179.95,-177.18,-179.98,58.25,11.48,16.13,19.71,27.69,9.07,18.17
1756,3/16/09,600519,-179.92,-179.52,-179.14,-181.31,13395,151397338,0.29,-179.52,-179.14,-181.31,56.4,8.55,17.46,15.16,30.96,13.16,16.3
1757,3/17/09,600519,-179.47,-177.3,-176.06,-179.81,18345,213668060,0.4,-177.3,-176.06,-179.81,54.89,11.63,14.72,21.19,26.82,13.63,14.33
1758,3/18/09,600519,-176.87,-178.25,-176.13,-178.34,17767,208086081,0.39,-178.25,-176.13,-178.34,50.78,11.63,13.59,22.9,26.76,14.11,12.82
1759,3/19/09,600519,-177.93,-176.22,-175.84,-178.23,18892,223567500,0.42,-176.22,-175.84,-178.23,49.23,11.92,10.76,24.21,21.86,14.87,13.15
1760,3/20/09,600519,-175.45,-176.9,-175.33,-177.41,15396,182170364,0.34,-176.9,-175.33,-177.41,48.63,12.43,8.61,25.56,17.71,15.64,12.71
1761,3/23/09,600519,-176.81,-176.29,-175.92,-177.25,32463,384766613,0.71,-176.29,-175.92,-177.25,47.53,12.43,7.81,26.15,16.43,16.64,12.85
1762,3/24/09,600519,-174.93,-176.29,-172.61,-176.53,35295,424130707,0.78,-176.29,-172.61,-176.53,42.9,8.6,7.81,20.05,18.21,11.73,12.45
1763,3/25/09,600519,-178.31,-179.8,-178.31,-180.82,86217,984739037,1.89,-179.8,-178.31,-180.82,42.55,8.45,12.1,19.86,28.44,12.74,13.19
1764,3/26/09,600519,-179.8,-180.94,-179.74,-182.23,59292,664500701,1.3,-180.94,-179.74,-182.23,41.79,8.45,11.76,20.22,28.14,14.18,14.14
1765,3/27/09,600519,-180.22,-179.83,-179.06,-180.71,42076,479104606,0.92,-179.83,-179.06,-180.71,40.2,9.13,9.66,22.71,24.03,13.79,14.33
1766,3/30/09,600519,-179.81,-179.77,-179.06,-181.24,24269,276929285,0.53,-179.77,-179.06,-181.24,38.17,9.13,9.23,23.92,24.18,10.86,13.25
1767,3/31/09,600519,-180.31,-179.25,-179.13,-180.56,26429,301354057,0.58,-179.25,-179.13,-180.56,35.93,7.87,9.23,21.9,25.69,8.38,12.51
1768,4/1/09,600519,-179.07,-178.11,-177.82,-179.13,40388,468753741,0.89,-178.11,-177.82,-179.13,34.61,9.18,7.83,26.52,22.62,8.9,10.32
1769,4/2/09,600519,-177.89,-176.81,-175.75,-177.89,37431,441249387,0.82,-176.81,-175.75,-177.89,34.17,11.25,7.56,32.92,22.12,9.21,10.97
1770,4/3/09,600519,-175.98,-177.88,-174.89,-178.01,41441,492530479,0.91,-177.88,-174.89,-178.01,35.12,12.11,6.23,34.48,17.74,11.82,13.0
1771,4/7/09,600519,-177.88,-176.81,-176.67,-178.01,21419,251182411,0.47,-176.81,-176.67,-178.01,32.71,9.03,6.23,27.61,19.05,14.41,14.1
1772,4/8/09,600519,-176.81,-177.51,-176.58,-178.4,25653,299738748,0.56,-177.51,-176.58,-178.4,32.32,9.03,6.62,27.94,20.48,16.89,13.87
1773,4/9/09,600519,-177.65,-176.95,-176.81,-178.15,18352,214789862,0.4,-176.95,-176.81,-178.15,31.25,8.74,6.62,27.97,21.18,17.86,13.12
1774,4/10/09,600519,-176.2,-175.73,-174.93,-176.97,40631,484222233,0.89,-175.73,-174.93,-176.97,31.21,10.11,6.62,32.39,21.21,20.01,14.46
1775,4/13/09,600519,-174.86,-173.75,-172.9,-174.86,36688,448077486,0.81,-173.75,-172.9,-174.86,32.71,12.14,6.62,37.11,20.24,21.65,15.43
1776,4/14/09,600519,-173.75,-174.92,-173.69,-176.2,38024,457162680,0.84,-174.92,-173.69,-176.2,31.3,8.83,7.96,28.21,25.43,17.17,14.5
1777,4/15/09,600519,-175.33,-174.83,-174.34,-177.18,38362,457652477,0.84,-174.83,-174.34,-177.18,29.61,8.83,4.65,29.82,15.7,19.28,16.84
1778,4/16/09,600519,-175.3,-175.49,-174.7,-176.62,38632,462321653,0.85,-175.49,-174.7,-176.62,29.04,8.83,3.24,30.41,11.16,24.43,20.66
1779,4/17/09,600519,-175.81,-174.43,-172.79,-176.58,38310,466339526,0.84,-174.43,-172.79,-176.58,30.95,10.06,3.24,32.5,10.47,30.68,24.27
1780,4/20/09,600519,-173.66,-169.94,-169.82,-174.43,32419,406055404,0.71,-169.94,-169.82,-174.43,33.38,13.03,2.71,39.04,8.12,38.13,29.07
1781,4/21/09,600519,-171.37,-169.66,-169.59,-171.46,38928,492951211,0.86,-169.66,-169.59,-171.46,33.82,13.26,2.71,39.21,8.01,44.23,32.94
1782,4/22/09,600519,-169.16,-172.43,-167.26,-172.67,39706,504087423,0.87,-172.43,-167.26,-172.67,37.8,14.28,2.71,37.78,7.17,54.72,35.95
1783,4/23/09,600519,-173.42,-174.13,-172.38,-175.3,22497,274007781,0.49,-174.13,-172.38,-175.3,38.36,12.21,5.34,31.83,13.92,56.08,37.68
1784,4/24/09,600519,-173.81,-173.71,-171.64,-173.81,22720,280863293,0.5,-173.71,-171.64,-173.81,37.73,12.09,5.34,32.04,14.15,54.81,39.62
1785,4/27/09,600519,-174.18,-176.44,-174.15,-177.26,28670,339940606,0.63,-176.44,-174.15,-177.26,39.94,12.09,8.79,30.27,22.01,48.9,39.79
1786,4/28/09,600519,-177.65,-178.85,-176.37,-179.89,34307,395869106,0.75,-178.85,-176.37,-179.89,41.64,12.09,11.03,29.03,26.49,38.74,38.43
1787,4/29/09,600519,-178.84,-177.73,-177.33,-178.87,31077,360384150,0.68,-177.73,-177.33,-178.87,41.84,12.09,11.03,28.9,26.36,28.49,36.36
1788,4/30/09,600519,-177.41,-178.04,-177.4,-179.06,20514,238142369,0.45,-178.04,-177.4,-179.06,41.46,10.21,11.22,24.63,27.06,17.93,36.32
1789,5/4/09,600519,-177.64,-175.89,-175.78,-178.04,23556,278414610,0.52,-175.89,-175.78,-178.04,40.89,9.8,11.22,23.97,27.44,12.53,34.3
1790,5/5/09,600519,-175.3,-176.02,-174.7,-176.52,22691,270072390,0.5,-176.02,-174.7,-176.52,40.2,10.88,9.88,27.06,24.58,6.88,30.84
1791,5/6/09,600519,-176.35,-177.36,-176.05,-177.63,38065,447395076,0.84,-177.36,-176.05,-177.63,38.97,10.88,10.01,27.92,25.69,4.94,26.92
1792,5/7/09,600519,-176.96,-177.55,-176.12,-178.56,34724,406117083,0.76,-177.55,-176.12,-178.56,39.49,10.88,10.94,27.55,27.7,4.22,21.48
1793,5/8/09,600519,-177.93,-177.17,-177.11,-178.76,31007,359535974,0.68,-177.17,-177.11,-178.76,37.35,8.97,11.14,24.02,29.83,5.25,16.87
1794,5/11/09,600519,-177.18,-177.99,-176.37,-178.12,32774,384271989,0.72,-177.99,-176.37,-178.12,34.49,6.74,11.14,19.54,32.3,8.57,13.25
1795,5/12/09,600519,-178.68,-177.94,-177.14,-178.83,25989,300962117,0.57,-177.94,-177.14,-178.83,34.31,6.51,11.85,18.97,34.54,12.29,12.41
1796,5/13/09,600519,-177.56,-178.55,-177.48,-178.89,35792,415020691,0.79,-178.55,-177.48,-178.89,30.31,4.18,11.91,13.79,39.29,19.49,13.19
1797,5/14/09,600519,-179.06,-178.04,-177.86,-179.21,21505,249787985,0.47,-178.04,-177.86,-179.21,28.74,4.18,9.6,14.54,33.4,25.36,15.15
1798,5/15/09,600519,-177.74,-178.3,-177.57,-178.6,16799,195071191,0.37,-178.3,-177.57,-178.6,27.28,3.73,9.6,13.67,35.19,32.65,18.43
1799,5/18/09,600519,-178.38,-176.47,-176.28,-178.53,35072,412318356,0.77,-176.47,-176.28,-178.53,25.98,5.02,6.15,19.32,23.67,32.54,18.89
1800,5/19/09,600519,-176.32,-177.35,-176.02,-177.93,26554,312662778,0.58,-177.35,-176.02,-177.93,24.37,5.28,3.52,21.67,14.44,31.77,20.17
1801,5/20/09,600519,-177.51,-178.26,-176.85,-178.32,14711,171589134,0.32,-178.26,-176.85,-178.32,24.3,5.28,3.91,21.73,16.09,29.41,20.85
1802,5/21/09,600519,-178.46,-179.49,-177.56,-179.66,25788,296204406,0.57,-179.49,-177.56,-179.66,24.74,5.28,5.06,21.34,20.45,21.75,20.62
1803,5/25/09,600519,-180.7,-180.29,-180.16,-181.27,33676,380853032,0.36,-180.29,-180.16,-181.27,24.26,3.66,6.67,15.09,27.49,20.05,22.7
1804,5/26/09,600519,-180.29,-180.6,-179.38,-180.63,16807,190817891,0.18,-180.6,-179.38,-180.63,23.69,3.36,6.67,14.18,28.16,18.22,25.43
1805,5/27/09,600519,-180.46,-179.23,-178.67,-180.6,27630,316980547,0.29,-179.23,-178.67,-180.6,24.01,4.07,5.56,16.95,23.16,19.11,25.82
1806,6/1/09,600519,-179.05,-176.99,-176.73,-179.28,45920,537473265,0.49,-176.99,-176.73,-179.28,24.12,6.01,4.63,24.92,19.2,17.94,24.85
1807,6/2/09,600519,-177.54,-175.39,-174.58,-177.54,50168,600394403,0.53,-175.39,-174.58,-177.54,25.43,8.16,4.43,32.09,17.42,20.39,24.9
1808,6/3/09,600519,-175.39,-175.51,-175.16,-176.94,29246,347246937,0.31,-175.51,-175.16,-176.94,25.46,7.42,4.43,29.14,17.4,24.24,23.0
1809,6/4/09,600519,-175.45,-175.86,-175.29,-176.88,46533,553191419,0.49,-175.86,-175.29,-176.88,25.36,7.42,3.72,29.26,14.67,24.92,22.49
1810,6/5/09,600519,-176.31,-170.75,-168.01,-176.32,77741,973345740,0.82,-170.75,-168.01,-176.32,32.26,14.7,3.66,45.57,11.35,29.44,23.83
1811,6/8/09,600519,-169.89,-169.61,-168.5,-171.55,36886,469785127,0.39,-169.61,-168.5,-171.55,33.96,14.7,3.34,43.29,9.84,37.36,28.23
1812,6/9/09,600519,-169.59,-166.86,-164.03,-169.89,73304,969552012,0.78,-166.86,-164.03,-169.89,38.79,18.88,3.34,48.67,8.61,46.85,32.39
1813,6/10/09,600519,-166.52,-166.81,-165.51,-167.78,26477,348306255,0.28,-166.81,-165.51,-167.78,38.81,17.59,3.34,45.32,8.61,53.26,36.83
1814,6/11/09,600519,-166.83,-165.32,-162.91,-166.83,39738,533435068,0.42,-165.32,-162.91,-166.83,40.82,19.93,3.34,48.82,8.18,60.94,42.59
1815,6/12/09,600519,-165.03,-167.33,-163.43,-168.39,27035,357604702,0.29,-167.33,-163.43,-168.39,44.31,19.93,4.51,44.98,10.18,65.92,45.42
1816,6/15/09,600519,-167.75,-163.1,-162.83,-167.75,44081,592083839,0.47,-163.1,-162.83,-167.75,47.13,20.53,3.17,43.56,6.73,68.1,48.77
1817,6/16/09,600519,-163.43,-163.51,-162.42,-164.78,20039,271544262,0.21,-163.51,-162.42,-164.78,47.71,20.94,1.56,43.89,3.27,71.97,54.66
1818,6/17/09,600519,-163.77,-162.04,-161.4,-163.88,22584,310521875,0.24,-162.04,-161.4,-163.88,48.94,21.18,1.56,43.28,3.19,74.69,60.77
1819,6/18/09,600519,-162.53,-161.88,-161.4,-163.66,41190,564072323,0.44,-161.88,-161.4,-163.66,49.27,20.47,1.56,41.55,3.17,77.65,65.45
1820,6/19/09,600519,-162.55,-162.59,-161.26,-163.58,18533,253253630,0.2,-162.59,-161.26,-163.58,49.04,18.67,1.56,38.07,3.18,79.86,70.4
1821,6/22/09,600519,-162.15,-165.56,-161.63,-165.63,21181,285552148,0.22,-165.56,-161.63,-165.63,50.08,16.52,3.61,32.99,7.21,80.03,72.98
1822,6/23/09,600519,-166.44,-165.26,-164.41,-168.12,27588,364099880,0.29,-165.26,-164.41,-168.12,52.01,16.52,6.1,31.76,11.73,75.5,71.8
1823,6/24/09,600519,-165.31,-166.29,-164.78,-167.03,20936,276526128,0.22,-166.29,-164.78,-167.03,52.67,16.52,6.1,31.37,11.58,68.83,70.4
1824,6/25/09,600519,-165.54,-163.36,-163.13,-166.28,21834,295200887,0.23,-163.36,-163.13,-166.28,47.52,10.89,6.1,22.92,12.84,59.15,66.92
1825,6/26/09,600519,-163.28,-162.53,-161.78,-163.28,18262,250833621,0.19,-162.53,-161.78,-163.28,46.05,12.24,6.1,26.58,13.25,50.42,64.03
1826,6/29/09,600519,-161.77,-154.48,-153.51,-162.3,38015,553072336,0.4,-154.48,-153.51,-162.3,49.21,16.04,6.1,32.6,12.4,43.81,61.83
1827,6/30/09,600519,-153.89,-154.26,-152.54,-156.67,24553,359599491,0.26,-154.26,-152.54,-156.67,51.07,17.01,6.1,33.31,11.94,40.98,60.51
1828,7/1/09,600519,-154.45,-155.16,-153.4,-155.67,19357,281759830,0.21,-155.16,-153.4,-155.67,49.42,14.41,6.1,29.16,12.34,40.06,57.78
1829,7/2/09,600519,-155.2,-153.43,-151.17,-156.63,26990,395317139,0.29,-153.43,-151.17,-156.63,49.92,16.64,4.54,33.33,9.09,41.9,55.37
1830,7/3/09,600519,-154.15,-154.96,-152.65,-155.35,25739,376552059,0.27,-154.96,-152.65,-155.35,47.7,16.04,4.54,33.63,9.52,46.52,52.83
1831,7/6/09,600519,-155.65,-156.46,-154.91,-157.3,29492,423754900,0.31,-156.46,-154.91,-157.3,47.73,15.63,6.49,32.75,13.6,47.83,49.12
1832,7/7/09,600519,-156.45,-155.28,-153.39,-157.15,27406,399773428,0.29,-155.28,-153.39,-157.15,49.01,16.13,6.49,32.91,13.24,47.45,45.63
1833,7/8/09,600519,-156.78,-156.46,-155.54,-158.28,26516,378380305,0.28,-156.46,-155.54,-158.28,49.75,16.13,7.62,32.42,15.32,45.55,43.27
1834,7/9/09,600519,-157.0,-153.98,-153.03,-157.0,34642,505222990,0.37,-153.98,-153.03,-157.0,51.4,18.5,7.62,35.99,14.82,45.74,42.9
1835,7/10/09,600519,-153.7,-150.26,-149.27,-153.87,29770,451971144,0.32,-150.26,-149.27,-153.87,52.11,22.26,5.57,42.72,10.69,46.21,44.06
1836,7/13/09,600519,-150.13,-149.44,-148.89,-152.4,39766,601703320,0.42,-149.44,-148.89,-152.4,51.91,22.64,3.08,43.61,5.93,49.57,48.05
1837,7/14/09,600519,-149.5,-149.42,-148.63,-150.39,26645,408475427,0.28,-149.42,-148.63,-150.39,51.42,22.9,3.08,44.54,5.99,55.4,51.61
1838,7/15/09,600519,-149.42,-151.87,-148.68,-151.92,31598,477906537,0.33,-151.87,-148.68,-151.92,51.5,21.25,4.61,41.26,8.95,59.02,53.23
1839,7/16/09,600519,-151.51,-153.06,-151.14,-153.43,36431,542209782,0.39,-153.06,-151.14,-153.43,52.21,19.9,6.12,38.12,11.72,61.88,53.71
1840,7/17/09,600519,-152.85,-153.46,-151.53,-153.62,14100,210098779,0.15,-153.46,-151.53,-153.62,45.28,11.63,6.31,25.68,13.94,59.88,52.81
1841,7/20/09,600519,-153.4,-153.31,-152.2,-154.16,38738,572069340,0.41,-153.31,-152.2,-154.16,43.11,10.66,6.85,24.73,15.89,53.51,49.86
1842,7/21/09,600519,-152.72,-153.91,-151.74,-154.17,42220,627819240,0.45,-153.91,-151.74,-154.17,43.27,11.12,6.85,25.7,15.83,44.8,47.18
1843,7/22/09,600519,-154.15,-153.84,-153.1,-155.13,25036,366601445,0.27,-153.84,-153.1,-155.13,39.84,8.89,7.81,22.31,19.6,33.16,44.28
1844,7/23/09,600519,-153.51,-154.69,-153.4,-154.89,17250,253176789,0.18,-154.69,-153.4,-154.89,38.63,8.89,7.81,23.01,20.22,23.51,41.27
1845,7/24/09,600519,-154.46,-154.15,-151.3,-154.69,45371,673882706,0.48,-154.15,-151.3,-154.69,39.63,10.99,5.86,27.73,14.79,19.76,40.82
1846,7/27/09,600519,-153.78,-149.57,-149.27,-153.78,64531,969451469,0.68,-149.57,-149.27,-153.78,40.75,11.5,5.86,28.22,14.38,20.23,40.05
1847,7/28/09,600519,-149.57,-149.49,-145.16,-149.94,36230,564423483,0.38,-149.49,-145.16,-149.94,42.53,15.61,4.73,36.7,11.12,25.52,39.51
1848,7/29/09,600519,-149.42,-153.39,-147.27,-156.4,36956,556652765,0.39,-153.39,-147.27,-156.4,47.69,13.1,11.19,27.47,23.46,22.87,33.83
1849,7/30/09,600519,-150.62,-152.02,-150.62,-154.52,27550,410415145,0.29,-152.02,-150.62,-154.52,46.88,9.34,11.19,19.92,23.87,23.29,28.23
1850,7/31/09,600519,-151.15,-151.88,-151.15,-152.91,32992,494144461,0.35,-151.88,-151.15,-152.91,45.13,8.96,11.19,19.85,24.8,24.06,23.79
1851,8/3/09,600519,-150.39,-147.6,-145.45,-150.39,44458,693624944,0.47,-147.6,-145.45,-150.39,49.8,14.4,11.19,28.92,22.47,21.08,20.42
1852,8/4/09,600519,-146.62,-148.79,-146.62,-149.94,21435,329545708,0.23,-148.79,-146.62,-149.94,49.88,14.4,9.66,28.87,19.37,18.95,19.59
1853,8/5/09,600519,-148.36,-141.55,-141.46,-148.36,55449,893443535,0.59,-141.55,-141.46,-148.36,54.92,19.56,8.15,35.62,14.84,16.89,21.21
1854,8/6/09,600519,-143.62,-140.57,-139.5,-144.31,39442,644496759,0.42,-140.57,-139.5,-144.31,57.64,21.52,7.96,37.34,13.81,23.25,23.06
1855,8/7/09,600519,-139.27,-141.47,-136.87,-143.21,57867,953137970,0.61,-141.47,-136.87,-143.21,62.02,24.15,7.42,38.94,11.96,30.58,26.94
1856,8/10/09,600519,-141.37,-141.75,-140.62,-145.22,29299,472002862,0.31,-141.75,-140.62,-145.22,64.19,23.69,9.43,36.91,14.69,35.91,29.99
1857,8/11/09,600519,-141.47,-136.87,-134.99,-143.13,36307,611324918,0.38,-136.87,-134.99,-143.13,70.3,29.32,8.47,41.71,12.05,43.02,32.05
1858,8/12/09,600519,-136.94,-139.68,-132.74,-142.88,41404,698628591,0.44,-139.68,-132.74,-142.88,78.95,31.57,8.47,39.99,10.73,49.35,34.15
1859,8/13/09,600519,-142.22,-142.17,-139.69,-144.53,33769,544005102,0.36,-142.17,-139.69,-144.53,80.41,29.47,10.12,36.65,12.59,50.63,33.76
1860,8/14/09,600519,-142.14,-146.05,-142.14,-147.39,24707,390424195,0.26,-146.05,-142.14,-147.39,80.78,27.44,12.98,33.97,16.07,48.93,36.09
1861,8/17/09,600519,-148.06,-152.24,-146.29,-153.49,29750,451437989,0.32,-152.24,-146.29,-153.49,83.44,23.33,19.08,27.96,22.87,41.77,36.17
1862,8/18/09,600519,-153.02,-151.78,-150.27,-153.39,29840,448107193,0.32,-151.78,-150.27,-153.39,77.43,23.33,12.62,30.13,16.3,39.55,37.73
1863,8/19/09,600519,-150.41,-152.19,-148.06,-153.4,33576,509878566,0.36,-152.19,-148.06,-153.4,78.87,25.54,12.62,32.38,16.0,36.0,39.51
1864,8/20/09,600519,-152.65,-150.4,-150.02,-153.4,34600,522725007,0.37,-150.4,-150.02,-153.4,80.49,25.54,12.62,31.73,15.68,32.03,40.69
1865,8/21/09,600519,-150.38,-147.0,-146.64,-151.14,24743,383636526,0.26,-147.0,-146.64,-151.14,78.56,23.22,12.62,29.56,16.06,28.81,39.72
1866,8/24/09,600519,-146.64,-145.58,-145.14,-146.97,13418,212008261,0.14,-145.58,-145.14,-146.97,77.1,24.72,12.62,32.06,16.37,28.25,38.59
1867,8/25/09,600519,-145.96,-147.45,-145.96,-150.32,24501,377947429,0.26,-147.45,-145.96,-150.32,74.51,19.56,15.97,26.25,21.43,28.27,35.02
1868,8/26/09,600519,-149.24,-144.99,-144.01,-149.24,22355,353413336,0.24,-144.99,-144.01,-149.24,74.93,19.55,15.97,26.09,21.31,24.98,32.27
1869,8/27/09,600519,-145.22,-143.37,-142.37,-145.88,22161,356997195,0.23,-143.37,-142.37,-145.88,72.1,18.56,15.97,25.74,22.15,20.59,28.29
1870,8/28/09,600519,-143.63,-144.93,-142.35,-145.13,24049,386203839,0.25,-144.93,-142.35,-145.13,70.28,18.58,13.96,26.44,19.86,17.31,24.67
1871,8/31/09,600519,-145.88,-151.9,-145.88,-152.27,37334,568178140,0.4,-151.9,-145.88,-152.27,69.48,12.95,21.1,18.64,30.37,16.37,22.59
1872,9/1/09,600519,-151.89,-150.73,-147.91,-151.92,20632,313194378,0.22,-150.73,-147.91,-151.92,63.35,10.7,21.1,16.89,33.31,16.42,22.34
1873,9/2/09,600519,-151.16,-151.28,-150.43,-152.23,16156,243221073,0.17,-151.28,-150.43,-152.23,60.3,10.7,19.76,17.74,32.77,19.69,23.98
1874,9/3/09,600519,-151.86,-148.06,-147.76,-151.88,19157,293428432,0.2,-148.06,-147.76,-151.88,59.17,13.37,16.9,22.6,28.56,19.96,22.47
1875,9/4/09,600519,-148.15,-147.86,-147.39,-149.64,21554,332587085,0.23,-147.86,-147.39,-149.64,53.98,13.74,10.8,25.45,20.01,20.7,20.65
1876,9/7/09,600519,-147.07,-142.96,-140.25,-147.18,38845,630053587,0.41,-142.96,-140.25,-147.18,58.47,20.88,10.8,35.71,18.47,23.64,20.48
1877,9/8/09,600519,-142.95,-139.54,-138.22,-145.04,34490,572753391,0.37,-139.54,-138.22,-145.04,59.95,20.7,10.8,34.53,18.02,24.89,20.63
1878,9/9/09,600519,-139.54,-141.12,-137.63,-142.88,31203,512038300,0.33,-141.12,-137.63,-142.88,61.82,21.29,10.8,34.44,17.47,24.89,20.65
1879,9/10/09,600519,-141.15,-139.91,-139.8,-142.5,13255,218828433,0.14,-139.91,-139.8,-142.5,60.02,17.91,10.8,29.84,17.99,24.06,21.88
1880,9/11/09,600519,-139.95,-139.3,-138.37,-141.45,13472,224260634,0.14,-139.3,-138.37,-141.45,61.24,17.84,10.8,29.13,17.64,26.21,23.08
1881,9/14/09,600519,-138.33,-139.06,-137.62,-139.27,15551,260573647,0.16,-139.06,-137.62,-139.27,58.18,18.59,7.45,31.95,12.81,31.34,26.02
1882,9/15/09,600519,-138.97,-140.21,-137.76,-141.2,17816,294648966,0.19,-140.21,-137.76,-141.2,56.39,16.64,9.38,29.51,16.63,30.69,27.17
1883,9/16/09,600519,-140.6,-140.81,-139.2,-142.22,13431,219954118,0.14,-140.81,-139.2,-142.22,55.9,15.0,10.4,26.83,18.6,28.47,26.68
1884,9/17/09,600519,-140.78,-140.8,-140.06,-141.07,16694,275360254,0.18,-140.8,-140.06,-141.07,54.13,14.98,10.4,27.67,19.21,26.03,25.46
1885,9/18/09,600519,-140.78,-142.29,-140.74,-142.88,18412,301101120,0.2,-142.29,-140.74,-142.88,48.93,14.98,5.07,30.62,10.36,30.14,27.1
1886,9/21/09,600519,-143.38,-140.31,-140.17,-144.98,26129,422889399,0.28,-140.31,-140.17,-144.98,49.73,14.98,7.17,30.12,14.42,31.92,29.07
1887,9/22/09,600519,-140.54,-137.18,-135.6,-141.02,40975,697323678,0.43,-137.18,-135.6,-141.02,53.35,19.55,6.86,36.64,12.86,32.8,32.07
1888,9/23/09,600519,-137.1,-140.48,-136.19,-140.62,21215,356415097,0.22,-140.48,-136.19,-140.62,53.66,16.88,6.86,31.46,12.78,35.18,32.94
1889,9/24/09,600519,-140.62,-143.16,-140.62,-144.56,18787,302998962,0.2,-143.16,-140.62,-144.56,55.49,16.51,10.8,29.75,19.46,35.65,32.06
1890,9/25/09,600519,-142.88,-141.01,-139.38,-142.88,18528,304628817,0.2,-141.01,-139.38,-142.88,51.66,10.61,10.8,20.54,20.91,32.79,29.41
1891,9/28/09,600519,-140.93,-141.3,-139.49,-141.38,13453,222874121,0.14,-141.3,-139.49,-141.38,46.73,8.58,10.8,18.36,23.11,26.46,28.3
1892,9/29/09,600519,-141.38,-142.7,-140.62,-143.25,15424,251534805,0.16,-142.7,-140.62,-143.25,44.11,7.99,12.67,18.11,28.72,24.36,28.14
1893,9/30/09,600519,-141.38,-140.73,-139.29,-142.13,12882,212532258,0.14,-140.73,-139.29,-142.13,44.82,9.32,12.67,20.79,28.27,18.89,25.84
1894,10/9/09,600519,-139.27,-138.1,-137.63,-139.35,12506,210257020,0.13,-138.1,-137.63,-139.35,44.84,9.55,12.67,21.3,28.26,14.2,24.69
1895,10/12/09,600519,-137.62,-139.11,-136.88,-139.2,8762,147502660,0.09,-139.11,-136.88,-139.2,45.48,9.55,12.67,21.0,27.86,13.05,24.35
1896,10/13/09,600519,-139.87,-139.96,-138.0,-141.0,10237,170054046,0.11,-139.96,-138.0,-141.0,45.04,9.55,12.54,21.2,27.84,15.16,23.97
1897,10/14/09,600519,-139.53,-141.17,-139.51,-142.04,37300,612459767,0.4,-141.17,-139.51,-142.04,44.55,9.55,12.56,21.44,28.19,15.52,20.99
1898,10/15/09,600519,-140.72,-143.52,-140.72,-144.07,28112,454982752,0.3,-143.52,-140.72,-144.07,46.89,9.55,14.59,20.37,31.12,15.22,19.79
1899,10/16/09,600519,-143.54,-144.4,-142.88,-145.01,27987,447651087,0.3,-144.4,-142.88,-145.01,46.88,9.55,13.72,20.37,29.27,15.67,17.28
1900,10/19/09,600519,-144.22,-142.51,-142.5,-145.17,43640,698074669,0.46,-142.51,-142.5,-145.17,44.74,9.93,11.62,22.19,25.97,14.64,14.42
1901,10/20/09,600519,-142.35,-140.3,-140.17,-143.62,40788,666676389,0.43,-140.3,-140.17,-143.62,42.77,7.69,11.62,17.98,27.17,15.69,14.37
1902,10/21/09,600519,-140.62,-143.71,-140.62,-143.78,38084,617367731,0.4,-143.71,-140.62,-143.78,41.82,7.69,11.78,18.39,28.17,16.94,16.05
1903,10/22/09,600519,-144.31,-145.19,-142.9,-145.9,36817,585366561,0.39,-145.19,-142.9,-145.9,40.74,7.69,9.96,18.88,24.45,16.81,16.16
1904,10/23/09,600519,-145.19,-144.9,-144.23,-145.66,46516,739672651,0.49,-144.9,-144.23,-145.66,38.39,6.45,9.96,16.8,25.94,16.9,16.06
1905,10/26/09,600519,-144.4,-146.94,-144.4,-147.19,45644,716061313,0.48,-146.94,-144.4,-147.19,39.29,6.45,11.49,16.42,29.24,18.59,17.13
1906,10/27/09,600519,-146.94,-147.39,-146.64,-147.76,25428,396334908,0.27,-147.39,-146.64,-147.76,37.78,6.45,10.19,17.07,26.97,21.03,17.83
1907,10/28/09,600519,-147.31,-146.31,-146.0,-147.54,19142,300201158,0.2,-146.31,-146.0,-147.54,35.91,5.76,10.19,16.04,28.38,22.27,18.98
1908,10/29/09,600519,-147.09,-147.12,-145.6,-147.69,20565,323781024,0.22,-147.12,-145.6,-147.69,34.9,4.5,10.19,12.89,29.2,25.22,21.08
1909,10/30/09,600519,-146.26,-146.18,-145.97,-147.16,27504,432308188,0.29,-146.18,-145.97,-147.16,33.77,3.75,10.19,11.1,30.17,30.78,23.79
1910,11/2/09,600519,-147.39,-144.37,-144.31,-147.78,32020,506826774,0.34,-144.37,-144.31,-147.78,34.24,5.41,8.39,15.8,24.5,30.81,23.85
1911,11/3/09,600519,-144.38,-144.47,-143.33,-145.09,20119,322722635,0.21,-144.47,-143.33,-145.09,33.47,6.39,7.35,19.09,21.96,27.29,22.94
1912,11/4/09,600519,-144.48,-142.48,-142.12,-145.13,33612,543718745,0.36,-142.48,-142.12,-145.13,33.13,7.6,5.32,22.94,16.06,26.49,23.76
1913,11/5/09,600519,-142.51,-142.63,-141.86,-143.25,20029,325198987,0.21,-142.63,-141.86,-143.25,32.39,7.86,4.38,24.27,13.52,26.6,24.43
1914,11/6/09,600519,-142.04,-143.6,-141.98,-144.15,26422,427266654,0.28,-143.6,-141.98,-144.15,31.89,7.48,5.28,23.46,16.56,23.02,24.12
1915,11/9/09,600519,-143.6,-144.46,-143.03,-144.91,18476,295938895,0.2,-144.46,-143.03,-144.91,30.32,5.15,6.04,16.99,19.92,16.64,23.71
1916,11/10/09,600519,-144.06,-144.12,-143.17,-145.13,32878,527631019,0.35,-144.12,-143.17,-145.13,28.8,5.15,6.1,17.88,21.18,14.45,22.63
1917,11/11/09,600519,-144.27,-141.81,-140.02,-144.27,42757,698929654,0.45,-141.81,-140.02,-144.27,30.05,8.3,3.98,27.62,13.24,19.15,23.22
1918,11/12/09,600519,-141.79,-139.5,-138.66,-141.98,42621,706940280,0.45,-139.5,-138.66,-141.98,31.94,9.66,3.98,30.24,12.46,23.15,24.82
1919,11/13/09,600519,-139.42,-137.94,-136.64,-140.45,50108,845848184,0.53,-137.94,-136.64,-140.45,32.96,11.68,2.45,35.44,7.43,29.3,27.95
1920,11/16/09,600519,-137.71,-133.95,-132.71,-137.71,41480,721755719,0.44,-133.95,-132.71,-137.71,37.07,15.61,1.88,42.11,5.07,39.51,31.26
1921,11/17/09,600519,-133.86,-133.86,-133.11,-137.77,29399,506410452,0.31,-133.86,-133.11,-137.77,40.19,14.97,1.94,37.25,4.83,51.02,33.83
1922,11/18/09,600519,-134.75,-136.15,-133.56,-136.23,16440,282834420,0.17,-136.15,-133.56,-136.23,40.77,14.57,1.94,35.74,4.76,62.37,38.41
1923,11/19/09,600519,-136.06,-136.79,-134.77,-137.47,17109,291816172,0.18,-136.79,-134.77,-137.47,42.28,14.57,3.18,34.46,7.52,67.2,43.17
1924,11/20/09,600519,-136.85,-137.72,-136.49,-138.03,23133,391812970,0.25,-137.72,-136.49,-138.03,40.35,12.91,3.74,32.0,9.27,69.44,46.29
1925,11/23/09,600519,-137.54,-135.53,-135.37,-137.75,35331,602278226,0.37,-135.53,-135.37,-137.75,40.97,13.05,3.74,31.85,9.13,67.79,48.54
1926,11/24/09,600519,-134.7,-136.99,-131.53,-137.17,43379,757143585,0.46,-136.99,-131.53,-137.17,43.6,15.68,3.74,35.96,8.58,64.96,52.23
1927,11/25/09,600519,-136.94,-133.82,-133.2,-136.94,32233,557388538,0.34,-133.82,-133.2,-136.94,46.0,15.42,3.74,33.52,8.13,62.27,56.65
1928,11/26/09,600519,-133.19,-138.0,-133.19,-138.07,26501,452465235,0.28,-138.0,-133.19,-138.07,48.71,15.42,3.97,31.66,8.15,59.36,60.87
1929,11/27/09,600519,-138.13,-140.47,-137.92,-140.58,24670,411859873,0.26,-140.47,-137.92,-140.58,49.49,15.42,5.72,31.16,11.56,56.32,61.76
1930,11/30/09,600519,-139.14,-133.93,-133.53,-140.32,43747,749610425,0.46,-133.93,-133.53,-140.32,54.47,19.81,5.5,36.37,10.1,56.56,63.0
1931,12/1/09,600519,-134.8,-131.43,-130.71,-135.35,39579,698056574,0.42,-131.43,-130.71,-135.35,54.86,19.48,5.5,35.51,10.03,56.65,62.22
1932,12/2/09,600519,-131.43,-132.26,-131.28,-133.95,20596,362528922,0.22,-132.26,-131.28,-133.95,54.21,18.12,5.5,33.43,10.15,55.3,60.13
1933,12/3/09,600519,-132.37,-133.94,-132.35,-135.63,25006,433467098,0.26,-133.94,-132.35,-135.63,53.77,16.1,7.18,29.94,13.35,51.53,56.9
1934,12/4/09,600519,-133.94,-136.19,-133.94,-137.61,31035,530120181,0.33,-136.19,-133.94,-137.61,52.21,12.17,9.16,23.31,17.54,44.04,51.7
1935,12/7/09,600519,-129.36,-131.96,-128.56,-133.26,45683,808969972,0.48,-131.96,-128.56,-133.26,55.18,17.55,9.1,31.81,16.49,41.68,49.0
1936,12/8/09,600519,-131.93,-133.44,-130.86,-134.24,26144,456591109,0.28,-133.44,-130.86,-134.24,55.89,17.55,10.08,31.4,18.04,36.76,46.66
1937,12/9/09,600519,-133.86,-134.76,-133.53,-135.52,17824,308029900,0.19,-134.76,-133.53,-135.52,55.27,17.55,10.12,31.75,18.31,31.91,44.28
1938,12/10/09,600519,-133.85,-133.55,-133.45,-135.08,16404,284681531,0.17,-133.55,-133.45,-135.08,55.36,17.63,9.56,31.85,17.27,27.95,41.63
1939,12/11/09,600519,-133.1,-133.18,-132.38,-134.24,16594,290069819,0.18,-133.18,-132.38,-134.24,54.84,17.58,9.56,32.06,17.43,26.49,39.01
1940,12/14/09,600519,-132.74,-133.58,-132.74,-134.72,21182,368762139,0.22,-133.58,-132.74,-134.72,51.18,13.74,10.04,26.85,19.62,26.73,35.39
1941,12/15/09,600519,-133.49,-134.67,-133.11,-135.48,20791,359287534,0.22,-134.67,-133.11,-135.48,49.76,13.74,10.8,27.61,21.7,23.44,32.56
1942,12/16/09,600519,-134.69,-137.32,-134.68,-137.78,32650,555677963,0.35,-137.32,-134.68,-137.78,47.99,13.74,11.97,28.63,24.94,20.08,28.42
1943,12/17/09,600519,-136.79,-139.62,-136.79,-139.8,27957,469717785,0.3,-139.62,-136.79,-139.8,48.34,13.74,11.48,28.42,23.75,17.1,24.51
1944,12/18/09,600519,-139.87,-140.43,-139.81,-141.75,18309,302160706,0.19,-140.43,-139.81,-141.75,43.53,9.35,13.43,21.48,30.85,15.14,21.55
1945,12/21/09,600519,-139.87,-138.54,-137.45,-139.87,18123,303592013,0.19,-138.54,-137.45,-139.87,41.87,8.89,13.43,21.23,32.08,13.61,20.05
1946,12/22/09,600519,-138.23,-139.22,-138.0,-140.25,16264,271984510,0.17,-139.22,-138.0,-140.25,41.45,8.89,13.81,21.45,33.32,14.63,20.68
1947,12/23/09,600519,-139.24,-138.61,-138.3,-139.85,20919,350286334,0.22,-138.61,-138.3,-139.85,39.63,8.89,12.13,22.43,30.61,15.2,19.32
1948,12/24/09,600519,-139.12,-135.03,-133.92,-139.27,38204,655732970,0.4,-135.03,-133.92,-139.27,41.31,13.27,10.15,32.12,24.57,16.27,18.18
1949,12/25/09,600519,-135.03,-136.54,-134.61,-137.48,31847,542382941,0.34,-136.54,-134.61,-137.48,36.55,7.89,10.15,21.59,27.77,16.86,16.98
1950,12/28/09,600519,-136.72,-136.57,-135.4,-137.24,27905,474640192,0.3,-136.57,-135.4,-137.24,35.01,7.89,9.17,22.54,26.19,15.13,15.14
1951,12/29/09,600519,-135.75,-135.97,-135.56,-137.02,21527,367265881,0.23,-135.97,-135.56,-137.02,34.39,7.89,7.89,22.94,22.94,11.74,12.67
1952,12/30/09,600519,-135.75,-137.56,-135.75,-138.37,48254,815387555,0.51,-137.56,-135.75,-138.37,35.38,7.81,9.24,22.07,26.12,9.53,12.08
1953,12/31/09,600519,-137.45,-137.0,-136.83,-137.77,29934,507306247,0.32,-137.0,-136.83,-137.77,34.46,6.74,9.24,19.56,26.81,9.56,12.38
1954,1/4/10,600519,-135.37,-136.91,-135.37,-137.39,44305,753405635,0.47,-136.91,-135.37,-137.39,34.5,8.2,8.76,23.77,25.39,7.89,12.08
1955,1/5/10,600519,-136.12,-137.29,-135.74,-137.62,31513,535720422,0.33,-137.29,-135.74,-137.62,34.01,8.2,8.23,24.11,24.2,5.84,11.35
1956,1/6/10,600519,-137.63,-139.3,-137.24,-139.64,39889,666073283,0.42,-139.3,-137.24,-139.64,33.3,8.2,7.95,24.62,23.87,4.84,9.99
1957,1/7/10,600519,-139.3,-141.59,-138.98,-142.97,48826,801445269,0.52,-141.59,-138.98,-142.97,34.28,8.2,9.26,23.92,27.01,5.86,8.8
1958,1/8/10,600519,-141.38,-142.88,-141.38,-144.31,36702,593162176,0.39,-142.88,-141.38,-144.31,35.08,8.2,8.65,23.38,24.66,4.9,7.21
1959,1/11/10,600519,-141.68,-143.41,-140.7,-144.01,24461,395563861,0.26,-143.41,-140.7,-144.01,35.41,6.52,8.65,18.41,24.43,4.64,7.1
1960,1/12/10,600519,-143.29,-140.14,-139.75,-143.92,31063,509373871,0.33,-140.14,-139.75,-143.92,37.33,7.47,8.27,20.01,22.15,4.93,6.41
1961,1/13/10,600519,-141.38,-143.3,-140.51,-143.63,37924,621261800,0.4,-143.3,-140.51,-143.63,39.27,7.47,8.27,19.02,21.06,5.75,5.79
1962,1/14/10,600519,-142.88,-137.97,-137.47,-142.88,46455,775471608,0.49,-137.97,-137.47,-142.88,39.75,6.13,8.27,15.42,20.81,7.97,6.41
1963,1/15/10,600519,-137.99,-136.97,-134.33,-137.99,45939,788328964,0.49,-136.97,-134.33,-137.99,40.54,9.27,8.27,22.87,20.4,7.91,6.88
1964,1/18/10,600519,-136.87,-136.13,-135.17,-136.94,21462,368485894,0.23,-136.13,-135.17,-136.94,40.5,9.27,8.27,22.89,20.42,8.41,6.66
1965,1/19/10,600519,-136.12,-137.04,-135.74,-137.24,17819,302797491,0.19,-137.04,-135.74,-137.24,40.54,9.27,8.57,22.87,21.14,6.73,5.68
1966,1/20/10,600519,-136.94,-139.93,-136.76,-140.02,20973,353315689,0.22,-139.93,-136.76,-140.02,41.18,9.27,10.0,22.51,24.28,6.51,5.72
1967,1/21/10,600519,-139.98,-139.33,-138.09,-140.25,17257,287779661,0.18,-139.33,-138.09,-140.25,42.4,9.27,10.23,21.86,24.13,6.48,6.12
1968,1/22/10,600519,-139.42,-141.28,-138.9,-142.96,25433,416305093,0.27,-141.28,-138.9,-142.96,44.44,7.81,12.94,17.57,29.12,8.13,8.05
1969,1/25/10,600519,-141.49,-139.84,-138.9,-142.5,23239,385581318,0.25,-139.84,-138.9,-142.5,46.16,7.81,12.71,16.92,27.53,11.16,9.53
1970,1/26/10,600519,-138.17,-139.35,-136.74,-140.93,32889,553152669,0.35,-139.35,-136.74,-140.93,47.95,9.97,10.69,20.79,22.29,10.79,9.6
1971,1/27/10,600519,-139.85,-141.39,-138.54,-141.68,19317,320765897,0.2,-141.39,-138.54,-141.68,47.1,9.97,8.11,21.17,17.22,11.85,9.29
1972,1/28/10,600519,-141.48,-137.47,-136.61,-141.75,30268,507716302,0.32,-137.47,-136.61,-141.75,49.31,11.9,6.77,24.13,13.73,15.8,11.15
1973,1/29/10,600519,-136.91,-137.97,-136.72,-138.61,37173,628192888,0.39,-137.97,-136.72,-138.61,47.89,11.22,6.77,23.43,14.14,19.1,12.79
1974,2/1/10,600519,-137.71,-137.7,-137.18,-139.11,29656,499867002,0.31,-137.7,-137.18,-139.11,45.65,10.27,7.27,22.5,15.93,17.83,12.98
1975,2/2/10,600519,-138.37,-139.48,-136.87,-139.66,15494,260426281,0.16,-139.48,-136.87,-139.66,44.95,10.27,7.82,22.85,17.4,16.11,13.63
1976,2/3/10,600519,-139.72,-139.93,-138.3,-141.23,23035,382974414,0.24,-139.93,-138.3,-141.23,42.05,7.23,9.39,17.19,22.33,17.69,14.24
1977,2/4/10,600519,-139.95,-137.92,-137.43,-140.53,22475,376703449,0.24,-137.92,-137.43,-140.53,41.49,4.96,9.39,11.95,22.63,21.12,16.48
1978,2/5/10,600519,-138.66,-135.93,-135.46,-139.12,26234,445744684,0.28,-135.93,-135.46,-139.12,43.35,6.93,9.39,15.99,21.66,19.05,17.42
1979,2/8/10,600519,-135.93,-135.94,-132.66,-136.48,31496,548228595,0.33,-135.94,-132.66,-136.48,45.67,9.73,9.09,21.31,19.9,15.5,17.3
1980,2/9/10,600519,-135.37,-136.03,-134.37,-136.47,14151,243172993,0.15,-136.03,-134.37,-136.47,44.51,9.73,6.31,21.86,14.18,16.2,17.01
1981,2/10/10,600519,-135.37,-135.49,-134.92,-136.34,6398,109830207,0.07,-135.49,-134.92,-136.34,43.77,9.73,6.08,22.23,13.89,17.79,16.95
1982,2/11/10,600519,-135.52,-134.33,-133.53,-135.67,14945,259254548,0.16,-134.33,-133.53,-135.67,41.85,11.12,3.37,26.57,8.05,24.54,21.12
1983,2/12/10,600519,-133.89,-134.55,-133.71,-135.22,9346,161899961,0.1,-134.55,-133.71,-135.22,39.76,11.12,3.37,27.97,8.48,28.31,24.72
1984,2/22/10,600519,-134.61,-137.56,-134.54,-137.57,12178,207127846,0.13,-137.56,-134.54,-137.57,38.6,8.96,5.72,23.21,14.82,29.48,24.26
1985,2/23/10,600519,-137.43,-139.31,-136.49,-140.85,23562,391601201,0.25,-139.31,-136.49,-140.85,39.82,8.96,8.25,22.5,20.72,29.6,22.55
1986,2/24/10,600519,-139.3,-138.43,-137.92,-140.25,9904,165405133,0.1,-138.43,-137.92,-140.25,37.01,7.03,8.25,18.99,22.29,27.37,21.79
1987,2/25/10,600519,-139.2,-138.18,-136.87,-139.2,15314,258220826,0.16,-138.18,-136.87,-139.2,37.45,8.08,8.25,21.58,22.03,23.7,20.75
1988,2/26/10,600519,-137.63,-139.24,-137.63,-139.42,10339,173028879,0.11,-139.24,-137.63,-139.42,37.31,8.08,7.97,21.66,21.36,14.9,19.72
1989,3/1/10,600519,-139.54,-139.69,-138.78,-139.88,21735,361550327,0.23,-139.69,-138.78,-139.88,35.62,8.08,7.88,22.68,22.12,6.19,17.25
1990,3/2/10,600519,-139.42,-140.17,-139.28,-140.7,17182,284524248,0.18,-140.17,-139.28,-140.7,34.11,8.08,7.13,23.69,20.9,3.56,16.52
1991,3/3/10,600519,-139.88,-140.13,-139.69,-140.68,14233,235470730,0.15,-140.13,-139.69,-140.68,32.0,7.21,7.13,22.53,22.28,2.96,16.28
1992,3/4/10,600519,-139.86,-140.52,-139.23,-141.38,14169,234440689,0.15,-140.52,-139.23,-141.38,30.49,5.24,7.83,17.19,25.68,4.93,16.15
1993,3/5/10,600519,-140.51,-141.07,-140.29,-141.17,9771,160821083,0.1,-141.07,-140.29,-141.17,27.55,2.44,7.83,8.86,28.42,13.51,18.6
1994,3/8/10,600519,-141.02,-141.99,-140.64,-142.28,23259,380034354,0.25,-141.99,-140.64,-142.28,27.09,2.44,8.94,9.01,33.0,22.91,18.91
1995,3/9/10,600519,-141.98,-142.0,-141.6,-142.35,12341,201437828,0.13,-142.0,-141.6,-142.35,26.42,2.44,9.01,9.24,34.1,32.27,19.23
1996,3/10/10,600519,-141.92,-141.63,-141.6,-142.2,11814,192984027,0.13,-141.63,-141.6,-142.2,24.88,1.05,9.01,4.22,36.21,44.41,23.98
1997,3/11/10,600519,-141.48,-142.12,-141.04,-142.44,13519,220769894,0.14,-142.12,-141.04,-142.44,24.77,1.61,9.01,6.5,36.37,55.93,29.45
1998,3/12/10,600519,-142.11,-142.94,-141.62,-143.19,12192,197699619,0.13,-142.94,-141.62,-143.19,23.31,1.61,7.41,6.91,31.79,63.35,34.14
1999,3/15/10,600519,-142.95,-145.36,-142.95,-145.96,15809,251338919,0.17,-145.36,-142.95,-145.96,21.97,1.61,6.9,7.33,31.41,64.96,39.23
2000,3/16/10,600519,-145.36,-145.18,-144.64,-145.96,7764,123284715,0.08,-145.18,-144.64,-145.96,20.96,1.61,6.9,7.68,32.92,65.8,44.36
2001,3/17/10,600519,-145.15,-144.0,-143.95,-145.21,18711,298972351,0.2,-144.0,-143.95,-145.21,19.89,1.25,6.9,6.28,34.69,67.79,50.03
2002,3/18/10,600519,-143.95,-145.58,-143.35,-146.07,14727,234364030,0.16,-145.58,-143.35,-146.07,20.82,1.25,7.54,6.0,36.22,66.53,55.47
2003,3/19/10,600519,-145.22,-145.31,-144.88,-145.88,13362,212046433,0.14,-145.31,-144.88,-145.88,20.72,1.25,7.08,6.03,34.17,66.58,61.26
2004,3/22/10,600519,-144.95,-145.88,-144.68,-146.12,23008,364454790,0.24,-145.88,-144.68,-146.12,20.74,1.25,6.5,6.03,31.34,67.16,65.25
2005,3/23/10,600519,-146.03,-146.43,-145.52,-146.7,18330,288785264,0.19,-146.43,-145.52,-146.7,20.93,1.25,7.08,5.97,33.83,68.46,66.71
2006,3/24/10,600519,-146.2,-145.02,-144.55,-146.22,20176,320611718,0.21,-145.02,-144.55,-146.22,20.66,2.22,6.38,10.75,30.88,66.16,65.98
2007,3/25/10,600519,-145.21,-145.96,-145.21,-146.03,9814,155141078,0.1,-145.96,-145.21,-146.03,20.79,2.22,6.38,10.68,30.69,62.67,65.23
2008,3/26/10,600519,-145.76,-144.64,-143.72,-145.82,20527,328239751,0.22,-144.64,-143.72,-145.82,21.39,3.71,5.27,17.34,24.64,53.64,60.09
2009,3/29/10,600519,-144.61,-143.09,-142.9,-145.13,31475,505626392,0.33,-143.09,-142.9,-145.13,22.87,4.53,5.2,19.81,22.74,43.12,54.85
2010,3/30/10,600519,-143.06,-144.37,-142.91,-144.76,19012,304981145,0.2,-144.37,-142.91,-144.76,24.12,4.53,5.2,18.78,21.56,32.98,50.07
2011,3/31/10,600519,-144.4,-145.31,-143.16,-145.51,14905,237596436,0.16,-145.31,-143.16,-145.51,25.07,3.97,5.95,15.84,23.73,24.64,46.55
2012,4/1/10,600519,-145.3,-144.34,-144.01,-145.31,23981,383228783,0.25,-144.34,-144.01,-145.31,24.8,3.97,5.2,16.01,20.97,18.81,42.49
2013,4/2/10,600519,-145.88,-149.92,-145.88,-150.69,154282,2359758883,1.63,-149.92,-145.88,-150.69,28.13,3.97,7.81,14.11,27.76,16.19,39.43
2014,4/6/10,600519,-150.47,-150.51,-149.65,-150.92,53123,806704607,0.56,-150.51,-149.65,-150.92,28.08,3.97,8.04,14.14,28.63,18.94,36.29
2015,4/7/10,600519,-150.49,-150.29,-149.75,-150.98,41061,623779291,0.44,-150.29,-149.75,-150.98,28.05,3.28,8.1,11.69,28.88,24.85,33.99
2016,4/8/10,600519,-150.27,-151.51,-150.26,-151.89,32921,497205376,0.35,-151.51,-150.26,-151.89,26.96,3.28,8.15,12.17,30.23,30.8,31.89
2017,4/9/10,600519,-151.89,-152.54,-151.44,-153.56,54418,809627274,0.58,-152.54,-151.44,-153.56,28.08,3.28,9.82,11.68,34.97,35.8,30.22
2018,4/12/10,600519,-152.5,-153.93,-152.06,-154.31,38514,568871643,0.41,-153.93,-152.06,-154.31,28.89,3.28,10.33,11.35,35.76,42.2,30.51
2019,4/13/10,600519,-153.85,-151.98,-151.15,-154.22,54305,807780230,0.58,-151.98,-151.15,-154.22,30.78,4.19,9.75,13.61,31.68,43.41,29.8
2020,4/14/10,600519,-151.24,-151.5,-151.24,-153.2,46368,693802745,0.49,-151.5,-151.24,-153.2,30.86,3.22,9.75,10.43,31.59,46.15,32.55
2021,4/15/10,600519,-151.41,-153.79,-151.41,-154.15,40617,602138292,0.43,-153.79,-151.41,-154.15,32.59,3.22,10.7,9.88,32.83,48.05,36.45
2022,4/16/10,600519,-153.8,-153.41,-152.26,-154.3,29396,434500524,0.31,-153.41,-152.26,-154.3,32.39,1.73,10.85,5.34,33.5,53.03,41.92
2023,4/19/10,600519,-153.39,-154.78,-152.23,-155.01,41332,609860437,0.44,-154.78,-152.23,-155.01,32.94,0.91,11.56,2.76,35.09,58.94,47.37
2024,4/20/10,600519,-154.9,-156.76,-154.9,-159.32,49387,704502590,0.52,-156.76,-154.9,-159.32,35.63,0.91,15.87,2.55,44.54,65.17,53.68
2025,4/21/10,600519,-156.78,-153.38,-153.24,-158.12,63366,922573405,0.67,-153.38,-153.24,-158.12,38.16,2.57,15.12,6.73,39.62,70.35,56.88
2026,4/22/10,600519,-153.89,-152.98,-152.46,-154.88,37064,549560405,0.39,-152.98,-152.46,-154.88,39.28,3.35,15.12,8.53,38.49,72.58,59.36
2027,4/23/10,600519,-153.4,-156.53,-152.2,-157.08,66687,972162191,0.71,-156.53,-152.2,-157.08,37.81,3.35,11.94,8.86,31.58,72.98,60.52
2028,4/26/10,600519,-160.16,-161.71,-159.72,-161.74,107036,1480340425,1.13,-161.71,-159.72,-161.74,41.75,3.35,16.37,8.02,39.21,71.91,62.47
2029,4/27/10,600519,-161.74,-164.7,-161.74,-164.89,58234,781868466,0.62,-164.7,-161.74,-164.89,43.7,3.35,19.46,7.67,44.53,69.44,64.19
2030,4/28/10,600519,-165.42,-165.32,-164.37,-166.17,26287,347144556,0.28,-165.32,-164.37,-166.17,43.87,3.35,19.83,7.64,45.2,66.43,65.8
2031,4/29/10,600519,-165.0,-163.73,-162.97,-165.0,34501,464124490,0.37,-163.73,-162.97,-165.0,44.1,4.75,18.16,10.77,41.18,64.36,67.36
2032,4/30/10,600519,-165.85,-167.65,-165.85,-168.61,85567,1102902799,0.91,-167.65,-165.85,-168.61,46.73,4.75,21.02,10.16,44.98,64.27,68.42
2033,5/4/10,600519,-168.43,-167.94,-167.25,-169.26,23975,308504586,0.25,-167.94,-167.25,-169.26,45.67,3.84,21.67,8.41,47.45,66.55,69.77
2034,5/5/10,600519,-168.57,-166.33,-165.99,-168.95,33839,440483241,0.36,-166.33,-165.99,-168.95,46.67,5.1,21.67,10.93,46.43,65.86,68.88
2035,5/6/10,600519,-166.17,-168.91,-166.17,-168.95,28240,364015607,0.3,-168.91,-166.17,-168.95,46.71,5.1,20.72,10.92,44.36,64.18,66.81
2036,5/7/10,600519,-169.93,-166.91,-166.64,-170.3,31255,401357091,0.33,-166.91,-166.64,-170.3,48.33,5.1,21.92,10.55,45.35,62.7,64.57
2037,5/10/10,600519,-165.42,-164.26,-162.41,-165.42,66193,888886062,0.7,-164.26,-162.41,-165.42,50.05,9.33,21.21,18.64,42.38,59.43,61.9
2038,5/11/10,600519,-162.72,-164.17,-162.41,-164.79,33632,450668323,0.36,-164.17,-162.41,-164.79,47.89,9.33,16.9,19.48,35.29,53.72,58.99
2039,5/12/10,600519,-164.45,-164.53,-163.92,-166.92,21643,285567368,0.23,-164.53,-163.92,-166.92,46.01,7.67,19.03,16.67,41.36,49.16,57.86
2040,5/13/10,600519,-164.49,-163.26,-162.64,-164.49,27050,365164014,0.29,-163.26,-162.64,-164.49,45.48,8.17,19.03,17.96,41.84,45.5,55.68
2041,5/14/10,600519,-163.25,-163.2,-162.33,-163.92,18126,245038802,0.19,-163.2,-162.33,-163.92,42.19,8.48,16.83,20.1,39.89,40.91,52.54
2042,5/17/10,600519,-163.39,-167.07,-163.39,-167.22,17644,231880074,0.19,-167.07,-163.39,-167.22,41.0,8.48,15.47,20.68,37.73,35.4,49.05
2043,5/18/10,600519,-166.92,-166.84,-166.19,-169.79,26037,334232104,0.28,-166.84,-166.19,-169.79,41.42,8.48,14.89,20.47,35.95,33.49,46.46
2044,5/19/10,600519,-166.55,-167.05,-166.02,-168.41,10799,140244493,0.11,-167.05,-166.02,-168.41,42.01,8.65,13.61,20.59,32.4,32.39,43.05
2045,5/20/10,600519,-167.33,-165.81,-164.42,-167.66,22740,300553538,0.24,-165.81,-164.42,-167.66,42.9,8.85,13.61,20.63,31.72,28.83,39.0
2046,5/21/10,600519,-167.37,-163.76,-163.46,-168.07,27341,362007811,0.29,-163.76,-163.46,-168.07,42.63,9.81,10.0,23.01,23.46,22.34,33.92
2047,5/24/10,600519,-163.17,-162.44,-162.04,-163.69,29783,404173639,0.32,-162.44,-162.04,-163.69,42.34,11.23,9.35,26.52,22.08,18.36,29.64
2048,5/25/10,600519,-162.71,-165.98,-162.71,-166.36,22051,292444449,0.23,-165.98,-162.71,-166.36,43.3,9.97,12.02,23.03,27.76,15.05,25.23
2049,5/26/10,600519,-165.79,-165.46,-164.92,-166.8,11025,145156073,0.12,-165.46,-164.92,-166.8,42.4,9.97,12.46,23.51,29.39,12.33,22.91
2050,5/31/10,600519,-164.29,-165.51,-163.0,-165.51,23550,314717160,0.25,-165.51,-163.0,-165.51,41.25,11.89,11.11,28.82,26.93,9.18,20.79
2051,6/1/10,600519,-165.61,-164.94,-164.32,-166.55,23526,311393511,0.25,-164.94,-164.32,-166.55,38.98,7.66,12.15,19.65,31.17,9.43,19.13
2052,6/2/10,600519,-165.0,-163.8,-163.62,-165.68,21889,291694861,0.23,-163.8,-163.62,-165.68,38.66,8.36,12.15,21.62,31.43,12.35,17.34
2053,6/3/10,600519,-163.17,-163.14,-162.04,-164.37,24949,338070633,0.26,-163.14,-162.04,-164.37,37.99,9.94,10.02,26.16,26.38,10.89,14.63
2054,6/4/10,600519,-163.22,-160.82,-160.61,-163.76,30036,410658458,0.32,-160.82,-160.61,-163.76,39.25,10.09,10.02,25.71,25.53,9.4,12.23
2055,6/7/10,600519,-161.66,-158.61,-157.7,-162.41,38125,535882247,0.4,-158.61,-157.7,-162.41,42.37,12.69,10.02,29.95,23.65,9.51,10.92
2056,6/8/10,600519,-158.61,-159.32,-158.0,-160.16,14395,202331408,0.15,-159.32,-158.0,-160.16,40.51,12.69,6.72,31.33,16.59,14.07,11.63
2057,6/9/10,600519,-159.24,-158.34,-157.45,-159.35,18054,255194304,0.19,-158.34,-157.45,-159.35,38.81,13.24,4.15,34.11,10.69,19.0,14.22
2058,6/10/10,600519,-158.36,-158.39,-157.45,-159.01,11781,166835001,0.12,-158.39,-157.45,-159.01,37.98,13.07,4.15,34.41,10.93,24.56,18.45
2059,6/11/10,600519,-158.23,-160.38,-157.53,-160.49,19573,274933803,0.21,-160.38,-157.53,-160.49,37.7,11.47,5.63,30.42,14.93,30.18,20.54
2060,6/17/10,600519,-160.01,-162.05,-159.79,-162.18,12524,172316218,0.13,-162.05,-159.79,-162.18,35.48,10.51,7.32,29.62,20.63,33.1,21.25
2061,6/18/10,600519,-162.41,-165.22,-161.81,-166.16,20102,270316817,0.21,-165.22,-161.81,-166.16,38.11,9.09,11.3,23.85,29.65,32.95,21.23
2062,6/21/10,600519,-165.12,-163.59,-163.54,-166.02,18954,251513446,0.2,-163.59,-163.54,-166.02,36.67,9.09,8.63,24.79,23.53,28.26,21.16
2063,6/22/10,600519,-164.47,-165.28,-163.96,-165.87,20779,275184084,0.22,-165.28,-163.96,-165.87,37.07,9.09,8.19,24.52,22.09,20.41,19.71
2064,6/23/10,600519,-165.42,-165.64,-164.76,-165.85,12813,169174743,0.14,-165.64,-164.76,-165.85,35.65,7.17,8.19,20.11,22.97,12.89,18.72
2065,6/24/10,600519,-165.49,-166.94,-165.07,-167.16,24344,317936253,0.26,-166.94,-165.07,-167.16,35.51,7.17,8.46,20.19,23.82,8.57,19.38
2066,6/25/10,600519,-167.07,-166.53,-166.17,-167.8,19011,246313336,0.2,-166.53,-166.17,-167.8,35.08,6.47,9.1,18.44,25.94,8.4,20.75
2067,6/28/10,600519,-166.77,-168.42,-166.76,-168.57,14817,190660624,0.16,-168.42,-166.76,-168.57,34.79,4.89,9.87,14.06,28.37,12.22,22.59
2068,6/29/10,600519,-168.04,-169.72,-167.38,-170.29,27783,354061610,0.29,-169.72,-167.38,-170.29,34.55,3.46,11.59,10.01,33.55,20.79,24.53
2069,6/30/10,600519,-169.93,-168.9,-168.8,-170.19,17824,225134758,0.19,-168.9,-168.8,-170.19,31.23,0.55,11.59,1.76,37.11,35.08,27.75
2070,7/1/10,600519,-168.54,-169.16,-168.54,-169.55,7450,94688255,0.08,-169.16,-168.54,-169.55,30.08,0.81,11.59,2.69,38.53,48.46,30.68
2071,7/2/10,600519,-169.51,-168.66,-167.6,-169.51,16453,209978232,0.17,-168.66,-167.6,-169.51,30.09,1.2,11.59,3.99,38.52,60.63,34.6
2072,7/5/10,600519,-168.66,-169.18,-168.43,-170.12,14041,176428087,0.15,-169.18,-168.43,-170.12,30.22,1.2,12.2,3.97,40.37,71.49,39.95
2073,7/6/10,600519,-169.11,-167.83,-167.41,-169.79,15306,195146898,0.16,-167.83,-167.41,-169.79,29.64,2.22,10.72,7.49,36.17,76.82,44.52
2074,7/7/10,600519,-167.83,-168.04,-167.16,-168.66,8788,111689439,0.09,-168.04,-167.16,-168.66,28.75,2.47,9.03,8.59,31.41,77.32,49.06
2075,7/8/10,600519,-168.2,-167.29,-167.16,-168.2,8516,108893890,0.09,-167.29,-167.16,-168.2,25.44,2.47,5.05,9.71,19.85,67.88,51.48
2076,7/9/10,600519,-167.1,-165.23,-164.38,-167.75,27379,357390425,0.29,-165.23,-164.38,-167.75,26.33,5.25,5.05,19.94,19.18,53.72,51.09
2077,7/12/10,600519,-165.43,-165.5,-163.55,-165.62,17834,235347809,0.19,-165.5,-163.55,-165.62,26.12,6.08,5.05,23.28,19.33,41.72,51.17
2078,7/13/10,600519,-165.47,-166.37,-165.47,-167.15,7439,96225621,0.08,-166.37,-165.47,-167.15,26.71,6.08,6.58,22.76,24.63,28.7,50.1
2079,7/14/10,600519,-166.48,-165.85,-165.16,-166.76,9643,125763296,0.1,-165.85,-165.16,-166.76,26.22,6.39,5.27,24.37,20.1,19.35,48.08
2080,7/15/10,600519,-165.65,-164.66,-163.63,-165.77,18833,248573676,0.2,-164.66,-163.63,-165.77,26.81,7.92,4.63,29.54,17.27,14.21,45.77
2081,7/16/10,600519,-165.35,-163.17,-162.77,-165.59,32950,438987876,0.35,-163.17,-162.77,-165.59,27.59,8.78,3.86,31.82,13.99,14.98,41.43
2082,7/19/10,600519,-163.74,-161.67,-161.37,-163.84,19412,261608074,0.21,-161.67,-161.37,-163.84,27.15,10.18,2.14,37.5,7.88,25.53,39.63
2083,7/20/10,600519,-161.54,-161.14,-160.55,-162.51,26886,366053258,0.28,-161.14,-160.55,-162.51,27.72,11.0,2.14,39.68,7.72,35.23,38.48
2084,7/21/10,600519,-161.14,-160.11,-158.22,-161.14,24363,338324505,0.26,-160.11,-158.22,-161.14,29.63,13.07,2.14,44.11,7.22,46.55,37.62
2085,7/22/10,600519,-159.42,-160.05,-159.42,-160.92,16222,223560516,0.17,-160.05,-159.42,-160.92,29.22,12.13,2.14,41.51,7.32,56.62,37.98
2086,7/23/10,600519,-159.88,-157.98,-157.75,-159.88,38466,539887868,0.41,-157.98,-157.75,-159.88,29.83,13.8,1.53,46.26,5.13,65.59,39.9
2087,7/26/10,600519,-157.98,-157.8,-156.43,-158.33,22017,311555737,0.23,-157.8,-156.43,-158.33,29.35,14.1,1.53,48.04,5.21,72.5,43.74
2088,7/27/10,600519,-158.44,-157.01,-156.88,-158.44,25229,357546813,0.27,-157.01,-156.88,-158.44,29.41,13.85,1.64,47.09,5.58,74.76,50.15
2089,7/28/10,600519,-156.56,-156.31,-156.24,-157.39,27740,395352770,0.29,-156.31,-156.24,-157.39,29.52,14.49,1.64,49.09,5.56,76.8,56.02
2090,7/29/10,600519,-156.32,-158.95,-156.19,-159.15,45373,636454908,0.48,-158.95,-156.19,-159.15,29.11,11.71,3.4,40.23,11.68,73.99,60.27
2091,7/30/10,600519,-159.06,-159.52,-159.06,-160.4,29439,406203348,0.31,-159.52,-159.06,-160.4,28.49,10.88,4.65,38.19,16.32,69.01,62.81
2092,8/2/10,600519,-159.55,-155.85,-154.57,-159.55,42966,614400254,0.46,-155.85,-154.57,-159.55,31.79,15.37,3.12,48.35,9.81,66.71,66.15
2093,8/3/10,600519,-156.26,-156.82,-154.91,-157.01,17573,251858817,0.19,-156.82,-154.91,-157.01,32.29,15.06,3.12,46.64,9.66,64.26,68.38
2094,8/4/10,600519,-157.01,-155.5,-155.36,-157.23,17350,249201032,0.18,-155.5,-155.36,-157.23,31.94,13.53,3.34,42.36,10.46,61.18,67.97
2095,8/5/10,600519,-155.45,-152.39,-151.49,-155.45,41966,620781742,0.44,-152.39,-151.49,-155.45,33.13,16.54,3.34,49.92,10.08,58.97,67.89
2096,8/6/10,600519,-152.66,-152.36,-151.91,-153.11,21841,323918732,0.23,-152.36,-151.91,-153.11,31.86,15.14,3.34,47.52,10.48,60.45,67.22
2097,8/9/10,600519,-152.32,-149.79,-149.34,-152.32,38704,586147268,0.41,-149.79,-149.34,-152.32,32.92,16.89,3.34,51.31,10.15,64.93,66.97
2098,8/10/10,600519,-149.79,-153.44,-148.31,-153.63,28740,427619893,0.3,-153.44,-148.31,-153.63,35.32,14.56,4.65,41.22,13.17,62.48,64.6
2099,8/11/10,600519,-154.01,-152.62,-151.76,-154.01,15191,224550906,0.16,-152.62,-151.76,-154.01,36.07,14.56,5.03,40.37,13.95,59.64,61.95
2100,8/12/10,600519,-152.66,-151.82,-149.58,-153.85,31026,463112778,0.33,-151.82,-149.58,-153.85,38.04,15.07,5.03,39.62,13.22,57.9,59.54
2101,8/13/10,600519,-151.85,-150.71,-149.91,-152.27,15776,236758807,0.17,-150.71,-149.91,-152.27,38.5,13.75,5.03,35.71,13.06,54.58,56.77
2102,8/16/10,600519,-150.7,-148.83,-148.53,-150.7,25910,395272912,0.27,-148.83,-148.53,-150.7,39.12,15.13,4.92,38.68,12.58,52.42,56.43
2103,8/17/10,600519,-148.9,-147.18,-146.31,-149.13,35748,554777110,0.38,-147.18,-146.31,-149.13,40.79,16.71,4.92,40.97,12.06,50.34,57.63
2104,8/18/10,600519,-147.26,-148.87,-146.18,-149.28,30174,464752257,0.32,-148.87,-146.18,-149.28,40.93,16.71,3.31,40.83,8.09,52.9,57.69
2105,8/19/10,600519,-148.84,-150.06,-148.07,-150.63,35437,536485063,0.38,-150.06,-148.07,-150.63,42.04,16.71,3.41,39.75,8.11,55.81,57.73
2106,8/20/10,600519,-150.11,-151.84,-150.11,-152.15,20842,311220147,0.22,-151.84,-150.11,-152.15,39.15,12.22,4.93,31.21,12.59,54.57,56.24
2107,8/23/10,600519,-152.32,-150.46,-150.33,-152.51,13215,197952515,0.14,-150.46,-150.33,-152.51,39.23,12.22,5.29,31.15,13.48,53.43,54.0
2108,8/24/10,600519,-150.76,-149.94,-148.76,-151.68,10838,164253365,0.11,-149.94,-148.76,-151.68,40.28,13.79,5.07,34.24,12.59,52.64,52.53
2109,8/25/10,600519,-150.63,-151.16,-149.56,-151.28,16508,249067209,0.17,-151.16,-149.56,-151.28,37.99,9.92,5.07,26.11,13.35,48.95,49.65
2110,8/26/10,600519,-151.08,-150.73,-150.59,-152.13,12233,183116485,0.13,-150.73,-150.59,-152.13,38.33,9.92,5.92,25.88,15.44,42.01,47.45
2111,8/27/10,600519,-151.0,-150.21,-150.08,-151.61,8799,132580368,0.09,-150.21,-150.08,-151.61,36.84,7.86,5.92,21.34,16.07,33.33,44.57
2112,8/30/10,600519,-149.74,-143.63,-143.49,-149.74,53784,849497659,0.57,-143.63,-143.49,-149.74,38.24,14.45,4.61,37.79,12.06,34.85,44.71
2113,8/31/10,600519,-144.6,-144.07,-142.75,-145.08,31400,501261374,0.33,-144.07,-142.75,-145.08,38.32,15.19,4.23,39.64,11.04,37.66,45.54
2114,9/1/10,600519,-144.39,-145.84,-142.59,-146.57,25589,406904438,0.27,-145.84,-142.59,-146.57,38.03,13.01,5.72,34.21,15.04,36.45,44.54
2115,9/2/10,600519,-144.99,-143.5,-141.93,-145.09,24822,399335601,0.26,-143.5,-141.93,-145.09,39.58,13.67,5.72,34.54,14.45,37.89,43.42
2116,9/3/10,600519,-143.64,-141.52,-139.45,-143.64,27761,452832217,0.29,-141.52,-139.45,-143.64,41.59,14.77,5.72,35.51,13.75,41.04,41.52
2117,9/6/10,600519,-140.49,-138.44,-137.03,-140.49,29008,485289346,0.31,-138.44,-137.03,-140.49,43.26,14.97,5.72,34.6,13.22,46.14,39.74
2118,9/7/10,600519,-138.19,-139.53,-136.65,-139.88,22374,372434005,0.24,-139.53,-136.65,-139.88,43.39,15.35,5.57,35.38,12.84,45.33,40.09
2119,9/8/10,600519,-139.73,-138.62,-137.86,-139.73,15011,250344694,0.16,-138.62,-137.86,-139.73,42.7,15.35,4.22,35.95,9.88,45.4,41.53
2120,9/9/10,600519,-138.23,-138.31,-136.65,-138.98,21504,360593531,0.23,-138.31,-136.65,-138.98,42.94,16.56,2.7,38.57,6.29,50.91,43.68
2121,9/10/10,600519,-137.86,-136.36,-136.05,-138.61,19868,335023684,0.21,-136.36,-136.05,-138.61,43.32,17.16,2.34,39.61,5.4,56.74,47.31
2122,9/13/10,600519,-136.73,-136.89,-133.39,-137.52,28063,480493819,0.3,-136.89,-133.39,-137.52,44.53,18.25,2.34,40.98,5.25,62.26,51.65
2123,9/14/10,600519,-136.92,-138.01,-135.81,-139.28,26383,441034013,0.28,-138.01,-135.81,-139.28,46.28,18.25,4.1,39.43,8.86,65.36,55.75
2124,9/15/10,600519,-138.23,-141.65,-138.01,-142.21,21032,347008844,0.22,-141.65,-138.01,-142.21,48.94,18.25,6.18,37.29,12.63,65.8,55.57
2125,9/16/10,600519,-141.91,-143.99,-140.45,-145.83,20498,327836606,0.22,-143.99,-140.45,-145.83,52.79,17.74,9.8,33.6,18.56,61.13,53.27
2126,9/17/10,600519,-144.08,-142.13,-140.16,-145.36,17975,290800424,0.19,-142.13,-140.16,-145.36,51.27,11.44,9.8,22.31,19.11,50.42,50.67
2127,9/20/10,600519,-141.34,-140.0,-138.98,-141.99,12576,206418537,0.13,-140.0,-138.98,-141.99,52.09,11.88,9.8,22.81,18.81,39.36,48.05
2128,9/21/10,600519,-138.61,-138.92,-138.32,-140.48,14940,247684425,0.16,-138.92,-138.32,-140.48,50.27,12.54,8.31,24.95,16.53,29.86,46.06
2129,9/27/10,600519,-138.91,-136.86,-136.73,-139.51,18548,310077012,0.2,-136.86,-136.73,-139.51,49.14,13.47,8.31,27.41,16.91,23.26,44.31
2130,9/28/10,600519,-137.04,-135.39,-135.08,-137.48,22585,384574256,0.24,-135.39,-135.08,-137.48,47.35,12.64,8.31,26.69,17.55,18.47,42.13
2131,9/29/10,600519,-135.68,-138.11,-134.81,-138.22,13272,225065386,0.14,-138.11,-134.81,-138.22,46.27,10.22,9.05,22.09,19.56,14.67,37.9
2132,9/30/10,600519,-138.56,-136.93,-136.58,-138.98,14579,244719876,0.15,-136.93,-136.58,-138.98,45.44,9.84,9.81,21.65,21.59,13.41,31.92
2133,10/8/10,600519,-136.73,-133.33,-131.85,-136.73,31609,549853018,0.33,-133.33,-131.85,-136.73,48.65,14.57,9.81,29.95,20.16,15.07,27.21
2134,10/11/10,600519,-132.97,-137.63,-131.15,-138.98,43743,742024422,0.46,-137.63,-131.15,-138.98,54.15,13.36,12.06,24.67,22.27,12.54,21.2
2135,10/12/10,600519,-137.62,-138.53,-135.99,-140.27,28543,473412980,0.3,-138.53,-135.99,-140.27,55.87,12.76,13.35,22.84,23.89,8.97,16.11
2136,10/13/10,600519,-138.98,-142.74,-138.59,-143.6,60288,972450177,0.64,-142.74,-138.59,-143.6,56.81,10.1,16.68,17.78,29.36,9.62,14.04
2137,10/14/10,600519,-142.72,-144.66,-142.51,-145.89,53244,842374776,0.56,-144.66,-142.51,-145.89,56.72,10.1,17.21,17.81,30.34,12.94,13.81
2138,10/15/10,600519,-144.6,-143.51,-141.24,-144.76,72100,1152421933,0.76,-143.51,-141.24,-144.76,56.04,11.37,14.28,20.29,25.48,14.81,14.11
2139,10/18/10,600519,-143.49,-141.67,-139.61,-147.4,96564,1522116994,1.02,-141.67,-139.61,-147.4,58.45,11.37,13.3,19.45,22.75,12.86,13.96
2140,10/19/10,600519,-142.42,-141.03,-139.81,-143.49,53448,870135034,0.57,-141.03,-139.81,-143.49,56.93,11.08,13.3,19.46,23.36,13.52,13.03
2141,10/20/10,600519,-143.42,-137.92,-136.8,-143.42,47373,788461639,0.5,-137.92,-136.8,-143.42,60.4,12.91,13.3,21.37,22.02,13.39,11.18
2142,10/21/10,600519,-137.78,-137.88,-135.94,-139.13,37622,632118759,0.4,-137.88,-135.94,-139.13,61.43,13.11,13.3,21.34,21.65,9.42,9.52
2143,10/22/10,600519,-137.87,-137.4,-134.78,-138.49,41047,697025656,0.43,-137.4,-134.78,-138.49,62.36,12.68,13.3,20.33,21.33,5.48,9.21
2144,10/25/10,600519,-136.73,-133.72,-133.12,-137.38,36195,622609050,0.38,-133.72,-133.12,-137.38,64.24,12.69,13.3,19.75,20.7,3.98,9.39
2145,10/26/10,600519,-133.87,-136.72,-133.81,-137.47,28591,484027261,0.3,-136.72,-133.81,-137.47,64.58,12.69,12.65,19.65,19.59,2.7,7.78
2146,10/27/10,600519,-136.92,-137.37,-136.43,-138.61,28913,484076380,0.31,-137.37,-136.43,-138.61,64.36,12.69,13.03,19.72,20.25,1.4,7.46
2147,10/28/10,600519,-137.56,-138.2,-137.26,-138.43,19441,325743881,0.21,-138.2,-137.26,-138.43,60.45,7.96,13.03,13.17,21.56,5.18,9.29
2148,10/29/10,600519,-139.93,-141.12,-139.68,-143.12,65466,1064852159,0.69,-141.12,-139.68,-143.12,57.54,7.96,15.47,13.83,26.89,10.4,9.91
2149,11/1/10,600519,-141.09,-140.67,-139.81,-141.84,49659,810910408,0.53,-140.67,-139.81,-141.84,55.29,7.96,14.18,14.4,25.65,14.69,10.08
2150,11/2/10,600519,-140.1,-141.49,-140.1,-142.3,62292,1009953812,0.66,-141.49,-140.1,-142.3,52.42,7.96,11.31,15.19,21.58,17.19,10.59
2151,11/3/10,600519,-141.24,-140.97,-139.25,-142.36,42253,693876483,0.45,-140.97,-139.25,-142.36,52.15,8.81,9.02,16.89,17.3,17.36,10.03
2152,11/4/10,600519,-140.52,-139.7,-139.33,-141.4,44629,732196946,0.47,-139.7,-139.33,-141.4,50.7,7.54,9.02,14.87,17.79,18.63,10.02
2153,11/5/10,600519,-139.51,-140.5,-138.98,-141.01,34655,569207561,0.37,-140.5,-138.98,-141.01,44.94,7.89,6.38,17.56,14.2,16.37,10.78
2154,11/8/10,600519,-140.49,-140.87,-140.49,-142.55,56894,922801037,0.6,-140.87,-140.49,-142.55,43.32,7.89,7.92,18.21,18.28,11.06,10.73
2155,11/9/10,600519,-140.79,-139.09,-138.54,-141.45,60738,1002019514,0.64,-139.09,-138.54,-141.45,39.61,6.83,7.92,17.24,19.99,7.61,11.15
2156,11/10/10,600519,-138.53,-128.67,-126.62,-138.61,150005,2670067328,1.59,-128.67,-126.62,-138.61,48.89,17.89,7.92,36.59,16.2,11.15,14.17
2157,11/11/10,600519,-126.97,-131.53,-126.97,-132.89,74217,1322968333,0.79,-131.53,-126.97,-132.89,51.1,16.73,7.92,32.74,15.5,16.91,17.14
2158,11/12/10,600519,-131.81,-130.32,-122.39,-131.83,126500,2298576167,1.34,-130.32,-122.39,-131.83,56.26,19.65,7.92,34.93,14.08,22.51,20.57
2159,11/15/10,600519,-126.97,-125.69,-122.45,-126.97,79039,1458250426,0.84,-125.69,-122.45,-126.97,60.38,19.65,7.83,32.54,12.97,27.92,22.14
2160,11/16/10,600519,-123.96,-130.58,-123.96,-132.6,72292,1294350638,0.77,-130.58,-123.96,-132.6,66.84,19.65,12.32,29.4,18.43,31.71,21.38
2161,11/17/10,600519,-131.55,-139.73,-131.55,-140.64,80509,1362362423,0.85,-139.73,-131.55,-140.64,75.73,19.65,20.36,25.95,26.88,30.77,19.19
2162,11/18/10,600519,-138.57,-136.36,-135.25,-138.98,40286,680881283,0.43,-136.36,-135.25,-138.98,75.29,19.65,15.67,26.1,20.81,26.21,18.68
2163,11/19/10,600519,-135.15,-132.1,-131.47,-135.82,48955,848958178,0.52,-132.1,-131.47,-135.82,78.15,23.43,15.67,29.98,20.05,23.56,20.24
2164,11/22/10,600519,-132.31,-129.58,-126.68,-133.12,47941,857696481,0.51,-129.58,-126.68,-133.12,82.39,28.22,15.21,34.25,18.46,21.46,21.99
2165,11/23/10,600519,-129.68,-121.67,-121.55,-131.32,108470,1995630382,1.15,-121.67,-121.55,-131.32,89.05,32.5,15.21,36.5,17.08,20.34,24.13
2166,11/24/10,600519,-119.45,-113.5,-108.48,-119.45,110799,2220954810,1.17,-113.5,-108.48,-119.45,100.17,45.57,15.21,45.49,15.18,24.84,28.27
2167,11/25/10,600519,-113.04,-111.21,-110.72,-115.69,45580,916382376,0.48,-111.21,-110.72,-115.69,103.11,45.22,15.21,43.86,14.75,32.82,31.8
2168,11/26/10,600519,-111.21,-108.0,-103.92,-112.98,63799,1324934628,0.68,-108.0,-103.92,-112.98,110.11,52.02,13.67,47.24,12.41,40.67,33.44
2169,11/29/10,600519,-109.49,-101.09,-96.91,-109.49,67499,1441023288,0.72,-101.09,-96.91,-109.49,119.78,57.08,13.67,47.65,11.41,47.59,35.58
2170,11/30/10,600519,-101.14,-109.82,-101.14,-113.19,65665,1356812148,0.7,-109.82,-101.14,-113.19,119.41,45.16,17.37,37.82,14.55,50.01,35.73
2171,12/1/10,600519,-111.18,-111.64,-107.43,-113.42,38016,773495042,0.4,-111.64,-107.43,-113.42,119.48,45.16,17.6,37.8,14.73,51.28,35.81
2172,12/2/10,600519,-110.28,-114.81,-108.93,-115.01,42940,864862808,0.45,-114.81,-108.93,-115.01,116.12,40.58,19.19,34.95,16.53,48.92,36.88
2173,12/3/10,600519,-114.94,-113.6,-110.82,-115.17,43037,863905870,0.46,-113.6,-110.82,-115.17,112.6,40.58,19.35,36.04,17.18,46.55,39.69
2174,12/6/10,600519,-113.55,-118.68,-111.94,-120.87,43282,839963278,0.46,-118.68,-111.94,-120.87,112.89,40.58,19.42,35.95,17.2,42.7,41.69
2175,12/7/10,600519,-119.53,-115.27,-114.34,-121.06,31805,621615004,0.34,-115.27,-114.34,-121.06,109.55,40.58,11.57,37.04,10.56,41.74,44.67
2176,12/8/10,600519,-115.32,-116.31,-112.09,-116.44,28335,564539229,0.3,-116.31,-112.09,-116.44,109.42,42.83,11.57,39.14,10.57,43.91,46.96
2177,12/9/10,600519,-116.45,-117.0,-115.86,-119.22,24461,474949022,0.26,-117.0,-115.86,-119.22,107.89,39.05,14.35,36.19,13.3,44.3,47.79
2178,12/10/10,600519,-118.43,-115.15,-114.28,-120.2,39587,766519126,0.42,-115.15,-114.28,-120.2,107.37,35.84,14.35,33.38,13.36,45.48,47.2
2179,12/13/10,600519,-115.32,-115.7,-115.32,-118.32,58593,1144043372,0.62,-115.7,-115.32,-118.32,100.77,30.71,14.35,30.48,14.24,45.62,46.09
2180,12/14/10,600519,-115.46,-115.01,-112.31,-115.84,61543,1224103219,0.65,-115.01,-112.31,-115.84,91.11,20.65,14.35,22.66,15.75,42.75,42.72
2181,12/15/10,600519,-114.94,-112.91,-110.94,-114.94,47424,953073582,0.5,-112.91,-110.94,-114.94,90.21,22.02,14.35,24.41,15.91,36.99,39.37
2182,12/16/10,600519,-104.43,-108.19,-104.05,-108.56,66818,1396868342,0.71,-108.19,-104.05,-108.56,90.01,22.11,14.35,24.56,15.94,30.96,37.44
2183,12/17/10,600519,-107.43,-110.12,-106.53,-110.58,51770,1060471130,0.55,-110.12,-106.53,-110.58,81.48,15.1,16.37,18.53,20.09,23.92,34.11
2184,12/20/10,600519,-108.95,-115.41,-108.43,-117.95,68557,1361002093,0.73,-115.41,-108.43,-117.95,78.9,15.1,20.04,19.14,25.4,19.13,32.3
2185,12/21/10,600519,-115.43,-117.95,-115.23,-118.69,59359,1153389514,0.63,-117.95,-115.23,-118.69,76.37,15.1,20.55,19.77,26.91,15.63,30.62
2186,12/22/10,600519,-117.89,-120.24,-117.58,-120.95,44151,845830946,0.47,-120.24,-117.58,-120.95,73.66,15.1,21.22,20.5,28.81,15.43,29.09
2187,12/23/10,600519,-120.31,-120.42,-118.92,-120.95,32744,626262013,0.35,-120.42,-118.92,-120.95,71.34,15.1,21.06,21.17,29.52,14.67,25.83
2188,12/24/10,600519,-120.42,-121.91,-120.27,-123.21,29409,553596991,0.31,-121.91,-120.27,-123.21,65.35,15.1,17.62,23.11,26.96,12.4,21.68
2189,12/27/10,600519,-121.7,-126.22,-120.96,-126.73,45246,844631482,0.48,-126.22,-120.96,-126.73,64.4,15.1,20.95,23.45,32.53,14.43,19.18
2190,12/28/10,600519,-126.21,-126.02,-123.51,-130.42,48176,873676036,0.51,-126.02,-123.51,-130.42,66.96,12.85,24.64,19.19,36.8,17.33,18.23
2191,12/29/10,600519,-126.14,-123.96,-123.9,-126.96,30968,569651391,0.33,-123.96,-123.9,-126.96,66.66,12.85,21.86,19.28,32.79,19.11,17.37
2192,12/30/10,600519,-123.58,-127.01,-123.58,-128.31,41775,760950273,0.44,-127.01,-123.58,-128.31,65.47,11.27,23.21,17.21,35.45,22.07,18.75
2193,12/31/10,600519,-127.11,-125.52,-125.25,-127.68,46085,843075733,0.49,-125.52,-125.25,-127.68,64.73,11.27,23.21,17.41,35.86,25.1,19.88
2194,1/4/11,600519,-123.28,-124.33,-122.53,-126.51,60462,1116558389,0.64,-124.33,-122.53,-126.51,65.18,10.98,23.21,16.85,35.61,29.78,21.09
2195,1/5/11,600519,-124.78,-127.65,-124.41,-128.09,58198,1064872709,0.62,-127.65,-124.41,-128.09,64.87,9.61,24.79,14.81,38.21,34.43,24.43
2196,1/6/11,600519,-127.56,-128.28,-125.76,-129.64,37585,677983969,0.4,-128.28,-125.76,-129.64,59.89,2.72,26.34,4.54,43.98,42.73,30.03
2197,1/7/11,600519,-128.33,-128.68,-127.2,-129.59,30534,548732363,0.32,-128.68,-127.2,-129.59,58.23,2.72,24.32,4.67,41.77,51.72,35.42
2198,1/10/11,600519,-128.75,-132.74,-128.08,-132.87,38785,687881571,0.41,-132.74,-128.08,-132.87,53.5,2.72,20.23,5.08,37.81,58.66,40.37
2199,1/11/11,600519,-133.21,-133.3,-131.85,-135.07,45322,787943021,0.48,-133.3,-131.85,-135.07,53.26,2.72,21.69,5.11,40.72,65.85,45.47
2200,1/12/11,600519,-132.9,-132.62,-131.47,-134.17,31323,546334112,0.33,-132.62,-131.47,-134.17,52.59,3.1,19.43,5.89,36.95,71.96,50.87
2201,1/13/11,600519,-131.85,-128.85,-127.71,-132.6,41342,740207616,0.44,-128.85,-127.71,-132.6,55.47,6.86,19.43,12.37,35.03,72.58,53.5
2202,1/14/11,600519,-129.25,-128.32,-127.56,-130.49,25773,461741103,0.27,-128.32,-127.56,-130.49,55.46,7.01,17.17,12.64,30.96,66.03,54.38
2203,1/17/11,600519,-128.69,-131.78,-126.81,-132.21,37475,673586235,0.4,-131.78,-126.81,-132.21,55.09,7.01,15.37,12.72,27.9,58.95,55.33
2204,1/18/11,600519,-132.15,-126.54,-126.5,-132.98,40962,738283975,0.43,-126.54,-126.5,-132.98,54.66,7.01,12.45,12.82,22.78,50.89,54.78
2205,1/19/11,600519,-126.54,-126.34,-125.78,-127.63,26199,478032606,0.28,-126.34,-125.78,-127.63,53.45,7.73,12.45,14.46,23.29,41.84,53.84
2206,1/20/11,600519,-126.74,-128.41,-125.47,-129.78,24523,444085191,0.26,-128.41,-125.47,-129.78,53.03,7.73,13.25,14.58,24.99,34.14,53.05
2207,1/21/11,600519,-128.62,-131.55,-127.34,-131.73,26867,479005923,0.28,-131.55,-127.34,-131.73,54.99,7.73,15.2,14.06,27.64,31.6,52.09
2208,1/24/11,600519,-131.57,-134.84,-130.36,-135.97,34775,601578015,0.37,-134.84,-130.36,-135.97,56.62,5.01,19.44,8.85,34.33,34.43,50.23
2209,1/25/11,600519,-135.24,-135.45,-134.17,-135.98,17239,294978979,0.18,-135.45,-134.17,-135.98,54.67,5.01,17.87,9.16,32.69,37.58,48.26
2210,1/26/11,600519,-135.22,-134.37,-132.98,-135.22,14326,247045171,0.15,-134.37,-132.98,-135.22,53.26,6.2,16.32,11.64,30.64,40.41,45.65
2211,1/27/11,600519,-134.51,-133.68,-132.01,-136.29,29444,507387589,0.31,-133.68,-132.01,-136.29,55.15,6.2,17.39,11.24,31.53,44.41,43.12
2212,1/28/11,600519,-133.72,-133.47,-132.88,-134.19,19591,339796042,0.21,-133.47,-132.88,-134.19,51.67,6.2,14.11,12.0,27.31,46.52,40.33
2213,1/31/11,600519,-133.35,-129.98,-127.77,-133.72,32442,577621803,0.34,-129.98,-127.77,-133.72,54.4,11.31,11.91,20.79,21.89,41.52,36.56
2214,2/1/11,600519,-129.97,-128.25,-127.07,-130.34,17758,319648600,0.19,-128.25,-127.07,-130.34,54.97,11.63,11.91,21.16,21.67,31.88,33.16
2215,2/9/11,600519,-128.47,-130.0,-127.86,-130.72,17675,317003717,0.19,-130.0,-127.86,-130.72,52.92,7.87,12.29,14.87,23.22,26.17,31.87
2216,2/10/11,600519,-130.46,-124.69,-123.96,-130.49,36009,656695297,0.38,-124.69,-123.96,-130.49,56.52,11.62,12.29,20.56,21.74,19.15,29.78
2217,2/11/11,600519,-124.9,-124.76,-122.12,-125.24,34001,634257226,0.36,-124.76,-122.12,-125.24,54.24,13.46,10.57,24.82,19.49,13.25,28.83
2218,2/14/11,600519,-124.76,-123.12,-122.45,-125.53,36639,681621643,0.39,-123.12,-122.45,-125.53,50.84,13.46,10.09,26.48,19.85,9.14,27.83
2219,2/15/11,600519,-123.12,-124.53,-121.85,-124.86,29716,554140643,0.31,-124.53,-121.85,-124.86,52.0,13.34,10.09,25.65,19.4,11.02,26.27
2220,2/16/11,600519,-124.7,-125.7,-123.96,-127.19,36440,667440837,0.39,-125.7,-123.96,-127.19,50.92,13.34,10.27,26.2,20.17,12.99,22.44
2221,2/17/11,600519,-126.21,-127.52,-125.69,-127.84,36364,662075979,0.39,-127.52,-125.69,-127.84,48.68,13.34,8.97,27.4,18.43,12.6,19.38
2222,2/18/11,600519,-127.86,-126.98,-124.37,-128.24,36829,676343235,0.39,-126.98,-124.37,-128.24,46.94,14.66,4.73,31.23,10.08,20.67,19.91
2223,2/21/11,600519,-126.96,-125.85,-124.86,-127.56,27290,498811371,0.29,-125.85,-124.86,-127.56,47.83,14.66,4.72,30.65,9.87,27.21,20.23
2224,2/22/11,600519,-125.85,-127.05,-124.52,-127.71,38294,701713006,0.41,-127.05,-124.52,-127.71,48.55,13.81,4.72,28.44,9.72,33.0,21.07
2225,2/23/11,600519,-127.63,-126.39,-125.86,-127.63,19422,353816777,0.21,-126.39,-125.86,-127.63,46.04,13.81,3.65,30.0,7.93,40.39,25.71
2226,2/24/11,600519,-126.53,-126.85,-125.86,-127.62,20476,373539569,0.22,-126.85,-125.86,-127.62,46.49,13.81,3.65,29.71,7.85,47.92,30.46
2227,2/25/11,600519,-126.3,-128.75,-126.3,-129.07,29413,532482186,0.31,-128.75,-126.3,-129.07,43.31,8.7,5.1,20.09,11.78,49.0,30.8
2228,2/28/11,600519,-128.99,-129.46,-128.87,-131.47,39093,693295724,0.41,-129.46,-128.87,-131.47,42.76,8.0,7.5,18.71,17.54,41.01,30.84
2229,3/1/11,600519,-129.43,-129.49,-128.52,-130.12,23059,411728226,0.24,-129.49,-128.52,-130.12,41.5,8.35,7.12,20.12,17.16,33.78,30.5
2230,3/2/11,600519,-129.82,-130.56,-129.22,-131.46,32096,569125294,0.34,-130.56,-129.22,-131.46,37.21,4.45,8.46,11.96,22.74,30.78,31.89
2231,3/3/11,600519,-130.52,-132.22,-129.45,-132.41,37735,663456221,0.4,-132.22,-129.45,-132.41,37.05,2.61,9.41,7.04,25.4,30.51,35.45
2232,3/4/11,600519,-132.22,-131.52,-130.88,-132.6,33351,587411610,0.35,-131.52,-130.88,-132.6,35.69,2.61,9.31,7.31,26.09,30.18,39.05
2233,3/7/11,600519,-131.59,-130.43,-130.32,-131.59,33554,593119911,0.36,-130.43,-130.32,-131.59,33.95,2.57,9.31,7.57,27.42,35.29,42.15
2234,3/8/11,600519,-130.4,-130.93,-130.27,-132.37,31870,560058561,0.34,-130.93,-130.27,-132.37,32.82,2.57,7.76,7.83,23.64,43.13,42.07
2235,3/9/11,600519,-130.35,-129.98,-129.82,-131.43,22971,406818003,0.24,-129.98,-129.82,-131.43,32.28,3.02,7.11,9.36,22.03,48.53,41.16
2236,3/10/11,600519,-129.99,-126.96,-125.31,-130.43,54492,991540447,0.58,-126.96,-125.31,-130.43,33.53,6.21,7.11,18.52,21.2,44.48,37.63
2237,3/11/11,600519,-127.26,-128.43,-125.91,-128.55,23345,424871796,0.25,-128.43,-125.91,-128.55,33.47,6.21,7.11,18.55,21.24,36.18,33.35
2238,3/14/11,600519,-128.83,-126.3,-125.46,-129.13,22373,408383265,0.24,-126.3,-125.46,-129.13,33.95,5.87,7.69,17.29,22.65,29.05,29.62
2239,3/15/11,600519,-127.23,-129.01,-126.05,-130.7,30899,554199756,0.33,-129.01,-126.05,-130.7,36.83,5.87,9.26,15.94,25.14,23.33,29.31
2240,3/16/11,600519,-128.77,-127.08,-126.23,-128.98,24176,438681962,0.26,-127.08,-126.23,-128.98,37.85,5.87,9.26,15.51,24.46,18.69,30.91
2241,3/17/11,600519,-127.79,-121.68,-121.3,-128.33,88523,1653009378,0.94,-121.68,-121.3,-128.33,42.11,10.8,7.81,25.65,18.55,14.64,31.58
2242,3/18/11,600519,-121.29,-120.09,-117.87,-123.11,61484,1175141410,0.65,-120.09,-117.87,-123.11,44.63,14.23,5.41,31.88,12.12,20.99,32.74
2243,3/21/11,600519,-121.1,-123.11,-120.22,-125.05,48651,910057839,0.52,-123.11,-120.22,-125.05,47.99,13.88,7.35,28.92,15.32,24.99,30.59
2244,3/22/11,600519,-122.17,-124.14,-120.97,-124.56,27888,521369663,0.3,-124.14,-120.97,-124.56,49.34,13.88,6.01,28.13,12.18,29.35,29.2
2245,3/23/11,600519,-123.95,-123.55,-123.44,-125.84,42882,792668100,0.45,-123.55,-123.44,-125.84,48.78,13.88,6.34,28.45,13.0,31.83,27.58
2246,3/24/11,600519,-123.73,-125.8,-123.54,-125.84,21353,393924337,0.23,-125.8,-123.54,-125.84,49.36,13.88,6.15,28.12,12.46,34.53,26.61
2247,3/25/11,600519,-126.21,-125.89,-124.27,-126.21,27906,513404256,0.3,-125.89,-124.27,-126.21,50.03,13.32,6.52,26.62,13.03,37.57,26.1
2248,3/28/11,600519,-125.8,-127.78,-125.16,-128.1,40296,731053019,0.43,-127.78,-125.16,-128.1,50.87,13.32,7.63,26.18,15.0,34.61,27.8
2249,3/29/11,600519,-127.71,-129.25,-127.49,-129.59,26523,476995781,0.28,-129.25,-127.49,-129.59,51.36,12.87,9.12,25.06,17.76,32.32,28.66
2250,3/30/11,600519,-129.26,-129.43,-128.27,-129.74,20603,368964875,0.22,-129.43,-128.27,-129.74,47.71,8.36,9.27,17.52,19.43,26.59,27.97
2251,3/31/11,600519,-129.43,-128.58,-126.36,-129.59,17526,316949399,0.19,-128.58,-126.36,-129.59,48.3,10.27,9.27,21.26,19.19,21.23,26.53
2252,4/1/11,600519,-128.48,-128.87,-127.45,-129.55,18227,326554075,0.19,-128.87,-127.45,-129.55,46.73,10.27,8.69,21.98,18.6,16.18,25.36
2253,4/6/11,600519,-128.92,-130.73,-128.54,-130.94,28775,510620637,0.3,-130.73,-128.54,-130.94,44.48,10.27,8.51,23.09,19.13,12.03,24.8
2254,4/7/11,600519,-131.32,-132.27,-130.72,-132.39,46831,820484804,0.5,-132.27,-130.72,-132.39,43.37,10.27,9.96,23.68,22.97,7.76,21.18
2255,4/8/11,600519,-132.25,-131.73,-131.09,-132.37,21823,383817086,0.23,-131.73,-131.09,-132.37,37.62,5.34,9.96,14.19,26.48,9.95,21.14
2256,4/11/11,600519,-131.88,-130.35,-129.48,-132.14,26173,463960298,0.28,-130.35,-129.48,-132.14,35.04,3.52,9.96,10.05,28.42,17.05,21.82
2257,4/12/11,600519,-130.34,-130.4,-128.96,-130.94,34946,623251647,0.37,-130.4,-128.96,-130.94,32.06,4.04,8.02,12.6,25.02,21.7,21.46
2258,4/13/11,600519,-130.49,-129.72,-129.22,-130.7,29389,522953556,0.31,-129.72,-129.22,-130.7,29.95,4.04,8.02,13.49,26.78,25.81,21.0
2259,4/14/11,600519,-129.74,-131.67,-129.59,-131.86,36622,644626738,0.39,-131.67,-129.59,-131.86,29.82,4.04,7.9,13.55,26.49,29.64,20.84
2260,4/15/11,600519,-131.49,-134.19,-130.73,-135.4,53327,919620925,0.57,-134.19,-130.73,-135.4,32.19,4.04,11.44,12.55,35.54,37.35,22.56
2261,4/18/11,600519,-134.34,-133.68,-133.43,-135.07,19609,338287704,0.21,-133.68,-133.43,-135.07,31.89,4.04,11.07,12.67,34.71,40.07,25.01
2262,4/19/11,600519,-133.68,-133.44,-132.49,-134.86,22881,395248447,0.24,-133.44,-132.49,-134.86,31.32,4.98,9.18,15.9,29.31,37.05,27.05
2263,4/20/11,600519,-133.44,-132.37,-132.09,-133.72,22509,392495921,0.24,-132.37,-132.09,-133.72,30.85,5.38,7.69,17.44,24.93,34.5,28.1
2264,4/21/11,600519,-132.22,-132.33,-130.28,-132.44,28684,505336037,0.3,-132.33,-130.28,-132.44,31.54,7.19,7.54,22.8,23.91,29.39,27.6
2265,4/22/11,600519,-131.85,-131.36,-131.17,-132.57,14500,254794864,0.15,-131.36,-131.17,-132.57,29.71,5.28,7.67,17.77,25.82,27.08,28.36
2266,4/25/11,600519,-128.46,-126.17,-124.65,-128.84,70226,1280812447,0.74,-126.17,-124.65,-128.84,34.32,11.8,7.67,34.38,22.35,22.65,30.0
2267,4/26/11,600519,-126.21,-127.59,-125.84,-127.8,31095,565862126,0.33,-127.59,-125.84,-127.8,33.88,11.8,6.28,34.83,18.54,19.98,30.03
2268,4/27/11,600519,-127.26,-127.6,-124.71,-127.71,27748,508713443,0.29,-127.6,-124.71,-127.71,35.21,12.93,4.83,36.72,13.72,22.64,29.85
2269,4/28/11,600519,-126.89,-129.65,-126.53,-130.12,25357,455048059,0.27,-129.65,-126.53,-130.12,37.52,12.93,7.24,34.46,19.3,24.4,29.45
2270,4/29/11,600519,-129.67,-126.73,-126.14,-130.21,22084,401140719,0.23,-126.73,-126.14,-130.21,38.93,11.71,7.24,30.08,18.6,27.93,28.66
2271,5/3/11,600519,-126.21,-124.06,-123.36,-126.96,41271,764382818,0.44,-124.06,-123.36,-126.96,40.55,13.97,7.24,34.45,17.85,30.15,28.61
2272,5/4/11,600519,-125.09,-125.84,-122.39,-125.88,32521,604784367,0.34,-125.84,-122.39,-125.88,42.56,14.94,7.24,35.1,17.01,32.4,27.52
2273,5/5/11,600519,-125.83,-124.75,-122.83,-126.2,26693,496448129,0.28,-124.75,-122.83,-126.2,43.66,14.94,6.4,34.22,14.66,33.98,26.98
2274,5/6/11,600519,-125.46,-124.1,-123.21,-126.2,23961,444808841,0.25,-124.1,-123.21,-126.2,41.98,14.94,2.86,35.59,6.81,37.69,30.17
2275,5/9/11,600519,-123.52,-125.34,-122.84,-125.53,12176,225581746,0.13,-125.34,-122.84,-125.53,43.03,15.31,2.86,35.58,6.65,44.41,34.4
2276,5/10/11,600519,-125.41,-125.77,-125.08,-126.38,15919,292606289,0.17,-125.77,-125.08,-126.38,41.96,14.37,3.71,34.25,8.84,50.3,39.12
2277,5/11/11,600519,-126.2,-124.51,-123.73,-126.2,12897,238855455,0.14,-124.51,-123.73,-126.2,42.8,15.32,3.71,35.79,8.67,55.18,42.66
2278,5/12/11,600519,-124.71,-122.97,-121.33,-125.01,25028,470405158,0.27,-122.97,-121.33,-125.01,44.32,15.91,3.71,35.9,8.37,59.76,46.08
2279,5/13/11,600519,-122.94,-122.71,-121.71,-124.33,12253,229207566,0.13,-122.71,-121.71,-124.33,45.54,15.91,3.58,34.94,7.86,63.63,48.81
2280,5/16/11,600519,-122.83,-122.7,-121.72,-123.58,11506,216417130,0.12,-122.7,-121.72,-123.58,40.69,9.39,3.58,23.08,8.8,59.79,48.74
2281,5/17/11,600519,-123.19,-122.73,-120.73,-123.96,20866,393848458,0.22,-122.73,-120.73,-123.96,41.96,10.38,3.58,24.74,8.53,56.49,50.45
2282,5/18/11,600519,-122.98,-117.23,-115.36,-122.98,62165,1212084674,0.66,-117.23,-115.36,-122.98,46.58,14.62,3.58,31.39,7.69,56.77,53.54
2283,5/19/11,600519,-116.44,-113.53,-112.2,-116.44,85738,1716471110,0.91,-113.53,-112.2,-116.44,48.02,17.78,1.17,37.03,2.44,61.21,58.2
2284,5/20/11,600519,-112.91,-112.81,-112.19,-114.33,40044,801739991,0.42,-112.81,-112.19,-114.33,46.09,17.4,1.17,37.75,2.54,65.41,62.59
2285,5/23/11,600519,-113.44,-115.67,-111.37,-115.69,39421,783913346,0.42,-115.67,-111.37,-115.69,46.81,14.62,2.53,31.23,5.4,66.62,65.13
2286,5/24/11,600519,-116.81,-117.49,-115.32,-117.57,23997,470085883,0.25,-117.49,-115.32,-117.57,45.57,13.65,4.41,29.95,9.68,67.68,63.73
2287,5/26/11,600519,-117.35,-114.42,-111.34,-117.35,38970,779314782,0.41,-114.42,-111.34,-117.35,48.35,17.63,4.09,36.46,8.46,69.95,63.22
2288,5/27/11,600519,-113.53,-118.14,-112.85,-118.54,31730,626618182,0.34,-118.14,-112.85,-118.54,51.05,17.63,5.28,34.53,10.34,68.83,62.8
2289,5/30/11,600519,-119.31,-111.54,-111.5,-119.62,47286,942388980,0.5,-111.54,-111.5,-119.62,56.48,18.61,5.28,32.95,9.35,63.52,62.36
2290,5/31/11,600519,-111.45,-110.58,-110.45,-112.46,33855,685945963,0.36,-110.58,-110.45,-112.46,57.19,19.66,4.43,34.38,7.75,59.49,62.45
2291,6/1/11,600519,-110.36,-106.01,-105.94,-111.17,39094,813188052,0.41,-106.01,-105.94,-111.17,59.95,22.82,4.43,38.07,7.39,58.99,62.8
2292,6/2/11,600519,-107.05,-108.49,-106.18,-110.73,39585,818431995,0.42,-108.49,-106.18,-110.73,60.99,20.42,4.43,33.48,7.26,61.18,64.43
2293,6/3/11,600519,-108.92,-104.72,-103.9,-108.92,29484,618505293,0.31,-104.72,-103.9,-108.92,63.39,22.7,4.43,35.81,6.99,62.02,65.98
2294,6/7/11,600519,-104.44,-107.53,-104.43,-108.72,26876,559703875,0.28,-107.53,-104.43,-108.72,65.82,22.7,4.43,34.49,6.73,64.26,66.54
2295,6/8/11,600519,-107.77,-106.87,-106.15,-110.75,25070,517190772,0.27,-106.87,-106.15,-110.75,67.19,21.71,6.46,32.31,9.61,63.98,63.75
2296,6/9/11,600519,-107.39,-112.07,-107.2,-112.12,36180,737042713,0.38,-112.07,-107.2,-112.12,64.82,16.34,7.83,25.21,12.08,59.31,59.4
2297,6/10/11,600519,-112.31,-111.52,-110.07,-113.59,34279,692444753,0.36,-111.52,-110.07,-113.59,63.31,13.18,9.3,20.82,14.69,50.94,54.96
2298,6/13/11,600519,-111.56,-112.32,-110.51,-114.34,28005,562464133,0.3,-112.32,-110.51,-114.34,65.0,13.17,10.05,20.26,15.46,42.45,51.82
2299,6/14/11,600519,-112.33,-110.09,-109.7,-113.06,37488,758192892,0.4,-110.09,-109.7,-113.06,64.04,13.98,8.69,21.83,13.57,35.12,48.57
2300,6/15/11,600519,-110.42,-111.03,-110.08,-111.79,16409,333131863,0.17,-111.03,-110.08,-111.79,63.5,13.98,6.81,22.02,10.72,29.64,46.95
2301,6/16/11,600519,-111.79,-111.17,-109.46,-113.27,17731,359795619,0.19,-111.17,-109.46,-113.27,61.16,10.0,8.29,16.35,13.55,22.18,43.08
2302,6/17/11,600519,-110.81,-106.95,-105.93,-111.45,33411,690941504,0.35,-106.95,-105.93,-111.45,60.99,13.53,7.1,22.18,11.64,21.51,40.41
2303,6/20/11,600519,-107.35,-110.84,-107.22,-112.69,29909,611059058,0.32,-110.84,-107.22,-112.69,58.61,12.18,8.34,20.78,14.23,21.75,36.34
2304,6/21/11,600519,-111.91,-110.96,-109.8,-111.91,12738,259198214,0.13,-110.96,-109.8,-111.91,58.71,11.13,8.34,18.96,14.21,21.9,32.18
2305,6/22/11,600519,-111.03,-108.98,-107.82,-111.03,16189,333499822,0.17,-108.98,-107.82,-111.03,56.69,8.6,8.34,15.17,14.71,18.26,26.69
2306,6/23/11,600519,-109.46,-107.44,-106.53,-109.68,20281,421820426,0.21,-107.44,-106.53,-109.68,55.12,9.89,8.34,17.94,15.13,13.93,21.79
2307,6/24/11,600519,-107.54,-108.6,-105.81,-109.42,37069,770684579,0.39,-108.6,-105.81,-109.42,53.71,8.33,8.34,15.51,15.53,12.38,17.28
2308,6/27/11,600519,-108.03,-107.23,-106.71,-109.1,23190,480816709,0.25,-107.23,-106.71,-109.1,51.81,8.33,8.34,16.08,16.1,7.2,14.35
2309,6/28/11,600519,-106.68,-105.59,-104.52,-108.01,25540,536916003,0.27,-105.59,-104.52,-108.01,50.7,10.52,6.31,20.75,12.45,8.25,15.0
2310,6/29/11,600519,-105.26,-105.22,-103.76,-107.5,19597,412274520,0.21,-105.22,-103.76,-107.5,49.19,11.28,4.94,22.93,10.04,12.38,17.14
2311,6/30/11,600519,-105.91,-103.95,-103.45,-105.91,32701,694508280,0.35,-103.95,-103.45,-105.91,48.13,11.59,3.47,24.08,7.21,21.11,19.69
2312,7/1/11,600519,-102.88,-103.6,-102.88,-105.03,15811,302002762,0.15,-103.6,-102.88,-105.03,46.45,12.16,2.72,26.18,5.86,30.26,22.1
2313,7/4/11,600519,-103.95,-102.45,-102.2,-104.29,46338,888995936,0.45,-102.45,-102.2,-104.29,45.18,12.03,2.72,26.63,6.02,40.77,26.58
2314,7/5/11,600519,-102.47,-103.77,-102.45,-105.11,27058,516722478,0.26,-103.77,-102.45,-105.11,46.13,12.03,3.54,26.08,7.67,49.85,28.53
2315,7/6/11,600519,-104.14,-104.06,-103.3,-104.86,19754,377527543,0.19,-104.06,-103.3,-104.86,43.88,12.03,2.06,27.42,4.69,57.48,32.86
2316,7/7/11,600519,-104.12,-101.55,-99.92,-104.12,40957,793379763,0.39,-101.55,-99.92,-104.12,42.56,11.88,2.06,27.91,4.84,62.7,37.54
2317,7/8/11,600519,-101.35,-101.58,-100.42,-102.51,17184,333151331,0.17,-101.58,-100.42,-102.51,38.91,11.88,0.82,30.53,2.11,68.23,44.67
2318,7/11/11,600519,-101.59,-99.3,-98.28,-102.1,25616,502438508,0.25,-99.3,-98.28,-102.1,40.62,14.02,0.82,34.52,2.02,72.48,51.37
2319,7/12/11,600519,-99.73,-101.86,-99.3,-101.94,28488,554927096,0.27,-101.86,-99.3,-101.94,40.05,12.04,0.82,30.06,2.05,76.5,58.64
2320,7/13/11,600519,-101.57,-101.16,-100.41,-102.17,22109,429986678,0.21,-101.16,-100.41,-102.17,38.66,10.75,1.05,27.81,2.72,81.12,65.48
2321,7/14/11,600519,-101.16,-102.26,-100.98,-102.63,24822,480420222,0.24,-102.26,-100.98,-102.63,36.7,10.03,1.51,27.33,4.11,81.63,69.55
2322,7/15/11,600519,-102.81,-100.69,-100.16,-102.81,17764,346071487,0.17,-100.69,-100.16,-102.81,36.96,10.85,1.51,29.36,4.09,82.48,72.59
2323,7/18/11,600519,-100.65,-97.54,-96.32,-100.65,28523,566196215,0.27,-97.54,-96.32,-100.65,37.84,12.5,1.51,33.03,3.99,81.04,74.63
2324,7/19/11,600519,-97.59,-97.64,-96.66,-99.0,20277,403182838,0.2,-97.64,-96.66,-99.0,36.44,11.74,1.51,32.22,4.14,79.08,75.78
2325,7/20/11,600519,-96.69,-96.78,-96.29,-97.92,18967,378689393,0.18,-96.78,-96.29,-97.92,35.61,11.8,1.51,33.14,4.24,77.43,76.96
2326,7/21/11,600519,-96.54,-93.85,-92.14,-96.68,47677,968173564,0.46,-93.85,-92.14,-96.68,38.1,15.38,1.51,40.37,3.96,77.41,79.26
2327,7/22/11,600519,-94.07,-91.49,-89.35,-94.07,49861,1029115254,0.48,-91.49,-89.35,-94.07,40.73,17.49,1.51,42.94,3.71,79.13,80.38
2328,7/25/11,600519,-90.9,-93.67,-90.34,-94.61,35260,720951264,0.34,-93.67,-90.34,-94.61,42.34,17.49,1.23,41.31,2.91,81.01,81.74
2329,7/26/11,600519,-93.79,-93.74,-93.39,-95.03,24792,503434823,0.24,-93.74,-93.39,-95.03,42.42,17.49,1.65,41.23,3.89,81.73,81.38
2330,7/27/11,600519,-93.47,-93.11,-90.49,-94.49,30676,630035091,0.3,-93.11,-90.49,-94.49,42.22,17.01,1.65,40.29,3.91,82.58,80.83
2331,7/28/11,600519,-93.47,-90.28,-90.16,-95.03,22923,468616881,0.22,-90.28,-90.16,-95.03,45.0,17.01,2.19,37.8,4.87,82.56,79.99
2332,7/29/11,600519,-90.49,-91.16,-90.49,-92.3,19104,394180474,0.18,-91.16,-90.49,-92.3,43.2,14.87,2.19,34.42,5.07,81.26,79.34
2333,8/1/11,600519,-90.63,-93.89,-90.63,-94.37,18573,378447567,0.18,-93.89,-90.63,-94.37,44.3,14.87,4.26,33.57,9.62,76.48,77.81
2334,8/2/11,600519,-94.87,-95.77,-94.41,-97.88,27850,555745763,0.27,-95.77,-94.41,-97.88,46.53,14.87,7.54,31.96,16.2,67.46,74.23
2335,8/3/11,600519,-97.34,-95.2,-94.37,-97.51,17061,344076872,0.16,-95.2,-94.37,-97.51,48.02,14.91,7.08,31.05,14.74,59.6,70.66
2336,8/4/11,600519,-94.62,-92.57,-91.98,-95.2,17773,363287270,0.17,-92.57,-91.98,-95.2,48.59,16.48,7.08,33.92,14.57,52.53,67.55
2337,8/5/11,600519,-96.62,-94.1,-92.06,-96.62,21320,433966204,0.21,-94.1,-92.06,-96.62,48.78,12.64,8.5,25.91,17.43,42.93,62.74
2338,8/8/11,600519,-95.85,-96.97,-92.47,-98.34,36884,740883138,0.36,-96.97,-92.47,-98.34,52.31,12.64,10.22,24.16,19.54,32.31,56.78
2339,8/9/11,600519,-99.63,-95.78,-94.2,-102.47,36924,726671479,0.36,-95.78,-94.2,-102.47,58.95,12.27,14.35,20.81,24.34,24.37,50.43
2340,8/10/11,600519,-94.7,-91.97,-91.32,-96.89,38436,782644219,0.37,-91.97,-91.32,-96.89,59.88,11.0,14.35,18.37,23.96,21.12,44.29
2341,8/11/11,600519,-93.38,-84.54,-83.79,-93.38,61949,1301728291,0.6,-84.54,-83.79,-93.38,64.75,15.74,14.35,24.31,22.16,15.95,37.78
2342,8/12/11,600519,-84.29,-82.82,-82.14,-85.94,39466,851693649,0.38,-82.82,-82.14,-85.94,64.28,17.39,13.81,27.05,21.48,11.22,31.87
2343,8/15/11,600519,-82.47,-85.69,-81.16,-86.83,29451,630341327,0.28,-85.69,-81.16,-86.83,68.31,18.37,13.39,26.89,19.6,10.56,26.75
2344,8/16/11,600519,-85.4,-88.68,-84.06,-89.85,37492,788423427,0.36,-88.68,-84.06,-89.85,70.1,15.47,16.41,22.07,23.41,9.29,20.8
2345,8/17/11,600519,-88.42,-88.54,-87.19,-89.48,13553,284382051,0.13,-88.54,-87.19,-89.48,67.52,15.47,15.87,22.91,23.5,8.2,16.28
2346,8/18/11,600519,-88.99,-89.91,-88.54,-91.43,29342,609082956,0.28,-89.91,-88.54,-91.43,68.39,15.47,17.82,22.62,26.06,7.18,14.15
2347,8/19/11,600519,-90.98,-88.5,-88.3,-91.27,37488,780729993,0.36,-88.5,-88.3,-91.27,67.62,15.71,15.75,23.23,23.29,6.43,11.19
2348,8/22/11,600519,-88.34,-93.12,-87.68,-93.71,28164,581020716,0.27,-93.12,-87.68,-93.71,69.66,15.71,14.68,22.55,21.07,5.08,8.15
2349,8/23/11,600519,-93.39,-92.61,-91.56,-93.87,23579,482616543,0.23,-92.61,-91.56,-93.87,68.83,15.67,14.84,22.77,21.56,2.92,6.74
2350,8/24/11,600519,-92.55,-91.89,-90.08,-93.3,17957,370146592,0.17,-91.89,-90.08,-93.3,68.83,14.76,14.84,21.44,21.56,2.47,5.88
2351,8/25/11,600519,-90.49,-90.55,-89.66,-92.54,30083,623188928,0.29,-90.55,-89.66,-92.54,67.15,15.18,13.42,22.61,19.99,3.29,5.74
2352,8/26/11,600519,-90.59,-86.04,-85.95,-91.02,22749,477352656,0.22,-86.04,-85.95,-91.02,66.35,18.89,11.7,28.47,17.63,6.03,6.6
2353,8/29/11,600519,-86.77,-84.06,-83.48,-88.83,26082,558335968,0.25,-84.06,-83.48,-88.83,63.43,21.36,7.57,33.67,11.93,13.95,10.19
2354,8/30/11,600519,-83.87,-84.44,-82.28,-85.93,28816,619557328,0.28,-84.44,-82.28,-85.93,61.51,19.68,7.57,31.99,12.31,20.79,12.94
2355,8/31/11,600519,-81.15,-84.48,-80.57,-84.7,50015,1079339680,0.48,-84.48,-80.57,-84.7,56.05,13.86,7.57,24.73,13.51,25.23,14.08
2356,9/1/11,600519,-84.54,-87.2,-83.89,-88.01,25690,544632800,0.25,-87.2,-83.89,-88.01,56.37,12.21,10.88,21.66,19.3,26.15,14.31
2357,9/2/11,600519,-87.71,-86.88,-86.6,-88.5,13833,292111760,0.13,-86.88,-86.6,-88.5,52.6,11.23,11.37,21.35,21.62,25.22,14.26
2358,9/5/11,600519,-87.44,-90.68,-87.28,-91.31,27345,569905680,0.26,-90.68,-87.28,-91.31,51.24,11.23,11.16,21.92,21.78,21.36,13.69
2359,9/6/11,600519,-91.73,-94.2,-89.82,-94.8,32095,656690816,0.31,-94.2,-89.82,-94.8,53.93,11.23,14.65,20.82,27.16,15.62,14.78
2360,9/7/11,600519,-93.71,-90.41,-90.17,-93.79,20088,412012240,0.19,-90.41,-90.17,-93.79,55.07,11.23,12.7,20.39,23.06,9.23,15.01
2361,9/8/11,600519,-90.07,-91.83,-89.25,-92.04,13183,274052384,0.13,-91.83,-89.25,-92.04,54.89,11.91,12.7,21.7,23.14,4.88,15.05
2362,9/9/11,600519,-91.26,-90.83,-88.68,-93.39,14227,294079504,0.14,-90.83,-88.68,-93.39,53.57,11.91,11.61,22.23,21.67,4.13,15.14
2363,9/13/11,600519,-92.89,-95.34,-91.73,-95.79,18949,384543760,0.18,-95.34,-91.73,-95.79,56.22,11.91,13.85,21.18,24.64,5.28,15.25
2364,9/14/11,600519,-94.2,-98.38,-93.97,-101.5,47626,940641408,0.46,-98.38,-93.97,-101.5,60.53,10.43,19.56,17.23,32.31,10.3,15.83
2365,9/15/11,600519,-98.34,-97.93,-96.52,-98.53,19122,380380016,0.18,-97.93,-96.52,-98.53,59.66,10.01,19.56,16.78,32.79,13.48,14.55
2366,9/16/11,600519,-97.11,-94.27,-94.1,-98.34,18029,361574736,0.17,-94.27,-94.1,-98.34,58.83,8.72,19.56,14.82,33.25,18.85,14.04
2367,9/19/11,600519,-93.63,-94.44,-92.97,-95.1,15352,311793488,0.15,-94.44,-92.97,-95.1,55.61,7.38,19.56,13.27,35.17,25.85,15.36
2368,9/20/11,600519,-94.45,-95.99,-94.45,-97.1,12785,256651648,0.12,-95.99,-94.45,-97.1,54.62,6.18,21.56,11.31,39.47,34.88,19.5
2369,9/21/11,600519,-96.01,-93.08,-92.53,-96.27,24640,501953360,0.24,-93.08,-92.53,-96.27,54.23,6.39,21.56,11.78,39.76,42.67,23.97
2370,9/22/11,600519,-94.2,-98.62,-93.48,-98.92,24336,489514704,0.23,-98.62,-93.48,-98.92,55.95,6.39,20.9,11.42,37.35,46.45,28.38
2371,9/23/11,600519,-101.56,-101.6,-99.99,-105.04,76537,1476263520,0.74,-101.6,-99.99,-105.04,60.47,6.39,26.53,10.57,43.87,51.27,32.38
2372,9/26/11,600519,-103.41,-106.5,-101.44,-106.6,42211,803193664,0.41,-106.5,-101.44,-106.6,61.2,6.39,25.28,10.44,41.31,54.82,36.83
2373,9/27/11,600519,-104.97,-105.39,-103.59,-106.87,24750,468028768,0.24,-105.39,-103.59,-106.87,59.5,6.39,22.06,10.74,37.08,56.47,41.16
2374,9/28/11,600519,-104.29,-107.33,-104.29,-108.06,32390,611544832,0.31,-107.33,-104.29,-108.06,59.24,6.39,23.25,10.79,39.25,56.71,45.79
2375,9/29/11,600519,-109.16,-107.35,-104.12,-109.16,30031,563567696,0.29,-107.35,-104.12,-109.16,61.49,5.47,24.35,8.9,39.6,58.21,50.44
2376,9/30/11,600519,-107.3,-104.46,-104.04,-107.3,18270,346902288,0.18,-104.46,-104.04,-107.3,60.09,5.55,23.0,9.24,38.28,59.54,53.0
2377,10/10/11,600519,-104.22,-106.6,-103.46,-106.91,14284,270790784,0.14,-106.6,-103.46,-106.91,58.58,6.13,20.6,10.46,35.17,58.36,54.82
2378,10/11/11,600519,-103.3,-107.45,-103.3,-110.73,20586,387171392,0.2,-107.45,-103.3,-110.73,58.48,6.13,18.71,10.48,31.99,56.86,55.84
2379,10/12/11,600519,-107.84,-103.26,-102.8,-109.55,29779,563092944,0.29,-103.26,-102.8,-109.55,63.22,6.63,18.71,10.49,29.6,55.63,56.05
2380,10/13/11,600519,-103.26,-103.24,-100.95,-104.95,23962,460883856,0.23,-103.24,-100.95,-104.95,62.98,6.06,18.71,9.62,29.71,54.66,55.68
2381,10/14/11,600519,-104.08,-103.76,-102.65,-105.11,12468,238319748,0.12,-103.76,-102.65,-105.11,63.31,4.93,18.87,7.79,29.81,53.87,56.04
2382,10/17/11,600519,-103.16,-99.05,-98.74,-103.63,26009,509046256,0.25,-99.05,-98.74,-103.63,65.67,8.84,16.87,13.46,25.69,48.89,54.21
2383,10/18/11,600519,-100.54,-99.64,-97.2,-100.81,22786,451487840,0.22,-99.64,-97.2,-100.81,65.54,8.46,16.87,12.91,25.74,45.4,51.88
2384,10/19/11,600519,-98.82,-98.24,-95.44,-99.16,22658,451701344,0.22,-98.24,-95.44,-99.16,63.9,10.22,14.22,15.99,22.25,39.69,48.27
2385,10/20/11,600519,-99.16,-104.04,-97.87,-104.45,29313,569297376,0.28,-104.04,-97.87,-104.45,64.06,10.22,13.39,15.95,20.9,33.98,44.8
2386,10/21/11,600519,-104.4,-101.32,-100.82,-104.4,17116,330777248,0.16,-101.32,-100.82,-104.4,62.48,10.22,11.83,16.36,18.93,26.68,40.67
2387,10/24/11,600519,-100.16,-96.23,-95.77,-101.31,32391,638275440,0.31,-96.23,-95.77,-101.31,64.75,15.27,11.56,23.58,17.85,19.23,36.55
2388,10/25/11,600519,-97.35,-96.17,-93.93,-97.35,32042,643502576,0.31,-96.17,-93.93,-97.35,64.4,17.11,10.37,26.57,16.1,18.11,33.5
2389,10/26/11,600519,-96.78,-95.15,-94.97,-97.75,29493,591834128,0.28,-95.15,-94.97,-97.75,62.14,17.11,9.67,27.53,15.56,17.21,31.3
2390,10/27/11,600519,-94.99,-95.03,-93.08,-95.41,20105,407006048,0.19,-95.03,-93.08,-95.41,61.16,18.92,9.67,30.94,15.81,19.87,29.78
2391,10/28/11,600519,-93.78,-92.54,-91.06,-93.78,26057,533715360,0.25,-92.54,-91.06,-93.78,61.68,20.36,9.67,33.01,15.68,23.56,28.77
2392,10/31/11,600519,-92.3,-93.2,-91.58,-94.47,28122,574616416,0.27,-93.2,-91.58,-94.47,57.14,20.36,6.54,35.63,11.45,30.91,28.8
2393,11/1/11,600519,-94.06,-90.74,-90.49,-94.61,27147,559038592,0.26,-90.74,-90.49,-94.61,54.51,20.95,6.54,38.43,12.0,37.34,28.28
2394,11/2/11,600519,-92.59,-88.78,-88.71,-92.88,26647,550968560,0.26,-88.78,-88.71,-92.88,54.68,20.88,6.54,38.19,11.96,41.97,30.04
2395,11/3/11,600519,-87.54,-90.67,-87.18,-90.76,30466,636306544,0.29,-90.67,-87.18,-90.76,55.8,22.41,6.38,40.16,11.43,46.62,31.91
2396,11/4/11,600519,-90.17,-90.27,-88.42,-91.45,18547,384686864,0.18,-90.27,-88.42,-91.45,53.81,18.5,7.07,34.38,13.14,48.68,34.27
2397,11/7/11,600519,-89.91,-91.06,-89.49,-91.26,16574,344437184,0.16,-91.06,-89.49,-91.26,51.97,16.96,7.07,32.63,13.6,49.6,36.58
2398,11/8/11,600519,-90.35,-92.76,-90.13,-93.39,25546,525028368,0.25,-92.76,-90.13,-93.39,51.03,15.2,9.2,29.79,18.03,45.14,38.03
2399,11/9/11,600519,-92.63,-93.28,-91.18,-94.62,24696,506506704,0.24,-93.28,-91.18,-94.62,47.89,15.2,5.14,31.74,10.73,44.65,40.99
2400,11/10/11,600519,-93.97,-92.54,-92.06,-94.1,14618,298980848,0.14,-92.54,-92.06,-94.1,46.35,15.2,5.14,32.79,11.09,44.17,43.07
2401,11/11/11,600519,-92.54,-93.4,-92.43,-94.18,11693,238543944,0.11,-93.4,-92.43,-94.18,42.55,10.15,5.22,23.85,12.27,40.24,43.43
2402,11/14/11,600519,-92.15,-90.68,-89.95,-93.21,17986,371343632,0.17,-90.68,-89.95,-93.21,42.58,10.79,5.22,25.34,12.26,38.59,43.63
2403,11/15/11,600519,-90.4,-93.44,-90.11,-94.2,17782,364242672,0.17,-93.44,-90.11,-94.2,43.89,10.79,5.81,24.58,13.24,36.73,43.17
2404,11/16/11,600519,-93.42,-96.05,-93.42,-96.77,29546,592948960,0.28,-96.05,-93.42,-96.77,44.91,8.9,8.38,19.82,18.66,33.13,39.14
2405,11/17/11,600519,-95.98,-95.16,-93.71,-96.43,15589,315328816,0.15,-95.16,-93.71,-96.43,43.66,6.88,8.38,15.76,19.19,26.53,35.59
2406,11/18/11,600519,-95.13,-96.21,-94.3,-96.93,19907,401272256,0.19,-96.21,-94.3,-96.93,43.4,6.88,8.19,15.85,18.87,19.73,31.95
2407,11/21/11,600519,-96.11,-95.97,-93.87,-96.59,18390,370926320,0.18,-95.97,-93.87,-96.59,42.0,6.22,8.19,14.81,19.5,16.67,28.45
2408,11/22/11,600519,-95.95,-91.67,-90.99,-96.19,35653,729198880,0.34,-91.67,-90.99,-96.19,43.03,7.32,8.19,17.01,19.03,11.8,25.2
2409,11/23/11,600519,-92.04,-89.16,-89.0,-92.04,31538,656169792,0.3,-89.16,-89.0,-92.04,42.49,7.78,8.19,18.31,19.28,7.23,21.98
2410,11/24/11,600519,-89.58,-90.33,-89.1,-90.49,26559,554286400,0.26,-90.33,-89.1,-90.49,40.85,7.78,7.5,19.05,18.36,7.03,20.08
2411,11/25/11,600519,-90.28,-88.44,-85.66,-90.9,40236,848244768,0.39,-88.44,-85.66,-90.9,44.32,11.22,7.5,25.32,16.92,8.71,17.62
2412,11/28/11,600519,-88.16,-85.22,-84.48,-88.99,53380,1136929568,0.51,-85.22,-84.48,-88.99,45.57,12.4,5.37,27.21,11.78,13.85,16.79
2413,11/29/11,600519,-85.28,-86.3,-83.39,-86.93,41355,884545008,0.4,-86.3,-83.39,-86.93,45.67,13.49,4.14,29.54,9.07,20.41,18.54
2414,11/30/11,600519,-86.04,-88.37,-84.47,-89.41,40263,850997824,0.39,-88.37,-84.47,-89.41,48.57,13.49,6.62,27.77,13.63,25.17,18.49
2415,12/1/11,600519,-85.78,-86.07,-84.13,-88.2,33785,719311328,0.33,-86.07,-84.13,-88.2,51.06,13.83,6.54,27.09,12.81,30.71,18.97
2416,12/2/11,600519,-86.77,-85.09,-83.3,-86.77,27267,584935200,0.26,-85.09,-83.3,-86.77,51.08,12.18,6.54,23.84,12.8,35.42,21.23
2417,12/5/11,600519,-84.74,-91.13,-84.74,-91.39,39026,816027280,0.38,-91.13,-84.74,-91.39,53.64,12.18,10.17,22.71,18.96,33.61,21.16
2418,12/6/11,600519,-91.3,-93.65,-91.27,-95.28,37152,756470592,0.36,-93.65,-91.27,-95.28,54.44,12.18,11.49,22.37,21.11,27.5,20.68
2419,12/7/11,600519,-93.63,-91.97,-91.31,-93.63,27334,562146784,0.26,-91.97,-91.31,-93.63,54.06,12.18,11.49,22.53,21.25,19.15,19.78
2420,12/8/11,600519,-91.81,-94.2,-89.58,-94.3,24661,506265024,0.24,-94.2,-89.58,-94.3,56.15,13.91,10.99,24.77,19.57,15.41,20.29
2421,12/9/11,600519,-94.33,-96.83,-93.5,-96.93,36746,737854848,0.35,-96.83,-93.5,-96.93,56.86,13.48,13.62,23.71,23.95,9.53,20.12
2422,12/12/11,600519,-96.83,-98.72,-95.94,-99.25,29527,585362512,0.28,-98.72,-95.94,-99.25,54.97,10.6,15.94,19.28,29.0,7.86,21.64
2423,12/13/11,600519,-99.23,-99.78,-98.35,-100.01,29996,591182080,0.29,-99.78,-98.35,-100.01,53.59,8.61,16.7,16.07,31.16,11.69,22.65
2424,12/14/11,600519,-99.78,-98.47,-96.68,-99.78,20813,412444016,0.2,-98.47,-96.68,-99.78,55.3,10.28,16.7,18.59,30.2,15.17,21.34
2425,12/15/11,600519,-99.27,-99.18,-97.61,-100.78,21880,430851248,0.21,-99.18,-97.61,-100.78,53.23,6.84,17.7,12.85,33.25,22.06,20.61
2426,12/16/11,600519,-98.34,-95.21,-95.05,-98.35,30649,614353392,0.3,-95.21,-95.05,-98.35,52.85,8.22,17.7,15.55,33.49,26.2,20.81
2427,12/19/11,600519,-95.88,-95.86,-95.54,-97.26,25456,510463392,0.25,-95.86,-95.54,-97.26,51.36,7.13,17.7,13.88,34.46,33.21,21.37
2428,12/20/11,600519,-95.86,-96.49,-94.37,-97.92,17106,342834672,0.16,-96.49,-94.37,-97.92,49.97,8.3,15.22,16.61,30.46,34.76,21.31
2429,12/21/11,600519,-95.71,-98.97,-95.46,-99.18,21963,437207568,0.21,-98.97,-95.46,-99.18,49.45,7.96,16.48,16.1,33.33,35.25,23.47
2430,12/22/11,600519,-98.75,-96.96,-95.92,-100.16,17443,346785296,0.17,-96.96,-95.92,-100.16,50.22,7.13,17.46,14.2,34.77,38.28,26.73
2431,12/23/11,600519,-96.77,-96.06,-95.53,-97.51,17610,353128160,0.17,-96.06,-95.53,-97.51,45.55,7.52,12.84,16.51,28.19,35.26,28.66
2432,12/26/11,600519,-96.18,-102.37,-96.17,-103.05,46995,918253504,0.45,-102.37,-96.17,-103.05,48.39,7.52,14.49,15.54,29.94,34.44,30.32
2433,12/27/11,600519,-102.47,-105.75,-102.47,-106.34,31315,594898816,0.3,-105.75,-102.47,-106.34,50.02,7.52,17.78,15.03,35.55,34.11,33.66
2434,12/28/11,600519,-106.35,-104.76,-104.54,-107.85,27738,524088080,0.27,-104.76,-104.54,-107.85,48.61,5.79,19.29,11.91,39.68,38.17,36.47
2435,12/29/11,600519,-105.69,-103.12,-102.56,-105.69,20062,384718000,0.19,-103.12,-102.56,-105.69,48.31,7.77,16.66,16.08,34.49,38.43,36.84
2436,12/30/11,600519,-102.72,-102.22,-100.92,-104.95,29461,569875568,0.28,-102.22,-100.92,-104.95,49.03,9.41,14.34,19.19,29.25,34.89,36.58
2437,1/4/12,600519,-103.71,-108.86,-102.66,-109.08,33878,637232816,0.33,-108.86,-102.66,-109.08,54.23,9.41,17.71,17.35,32.66,35.63,35.45
2438,1/5/12,600519,-109.91,-110.61,-108.92,-111.26,30123,553347008,0.29,-110.61,-108.92,-111.26,53.53,7.74,19.89,14.46,37.16,37.68,36.06
2439,1/6/12,600519,-110.65,-107.73,-106.56,-111.85,25191,464647456,0.24,-107.73,-106.56,-111.85,55.65,10.1,18.89,18.15,33.94,35.98,35.04
2440,1/9/12,600519,-108.25,-106.59,-106.53,-111.75,26160,483282448,0.25,-106.59,-106.53,-111.75,56.74,7.57,18.89,13.34,33.29,34.14,36.16
2441,1/10/12,600519,-107.43,-101.25,-101.1,-108.16,39236,749263280,0.38,-101.25,-101.1,-108.16,61.75,13.0,18.89,21.05,30.59,31.15,34.79
2442,1/11/12,600519,-102.51,-105.21,-101.73,-105.53,39891,761167936,0.38,-105.21,-101.73,-105.53,62.48,11.83,18.89,18.93,30.23,31.52,33.2
2443,1/12/12,600519,-106.12,-104.66,-103.66,-106.12,27440,522231552,0.26,-104.66,-103.66,-106.12,61.22,11.83,18.22,19.32,29.76,29.97,32.8
2444,1/13/12,600519,-104.37,-106.03,-103.96,-107.0,20542,387615920,0.2,-106.03,-103.96,-107.0,60.02,11.83,18.12,19.71,30.19,26.14,31.91
2445,1/16/12,600519,-107.11,-115.35,-107.11,-116.8,51656,933514128,0.5,-115.35,-107.11,-116.8,68.81,11.44,27.92,16.63,40.58,28.06,32.02
2446,1/17/12,600519,-114.95,-112.85,-111.58,-120.73,61228,1077158896,0.59,-112.85,-111.58,-120.73,70.97,11.44,26.31,16.12,37.07,27.5,30.82
2447,1/18/12,600519,-112.04,-115.38,-108.93,-115.97,47295,858725552,0.46,-115.38,-108.93,-115.97,74.04,14.09,23.02,19.03,31.09,28.43,29.79
2448,1/19/12,600519,-114.96,-112.63,-111.89,-116.92,24329,437246160,0.23,-112.63,-111.89,-116.92,75.76,14.09,22.46,18.6,29.65,28.42,29.97
2449,1/20/12,600519,-111.56,-108.28,-108.09,-111.56,29683,548292992,0.29,-108.28,-108.09,-111.56,77.17,15.91,22.46,20.62,29.1,27.72,28.84
2450,1/30/12,600519,-108.26,-110.07,-107.44,-110.68,30550,563162784,0.29,-110.07,-107.44,-110.68,76.38,14.92,22.46,19.53,29.41,27.58,26.86
2451,1/31/12,600519,-109.56,-107.92,-107.76,-109.62,15855,294490832,0.15,-107.92,-107.76,-109.62,71.83,14.92,18.33,20.77,25.52,22.31,25.19
2452,2/1/12,600519,-108.09,-108.13,-106.17,-109.18,24824,464159680,0.24,-108.13,-106.17,-109.18,72.44,16.51,16.15,22.79,22.29,15.93,21.71
2453,2/2/12,600519,-108.13,-107.9,-107.43,-109.68,20375,378596176,0.2,-107.9,-107.43,-109.68,69.4,14.15,16.65,20.39,23.99,13.27,20.85
2454,2/3/12,600519,-107.87,-107.86,-107.76,-110.33,26518,490438848,0.26,-107.86,-107.76,-110.33,66.75,14.12,17.3,21.15,25.92,11.14,19.78
2455,2/6/12,600519,-107.75,-106.16,-105.97,-108.42,29748,557205040,0.29,-106.16,-105.97,-108.42,62.14,10.48,17.3,16.87,27.84,12.39,20.05
2456,2/7/12,600519,-107.18,-108.37,-106.23,-108.75,17942,334371760,0.17,-108.37,-106.23,-108.75,60.45,10.48,17.63,17.34,29.16,13.26,20.42
2457,2/8/12,600519,-108.37,-106.36,-105.78,-109.01,23082,432175424,0.22,-106.36,-105.78,-109.01,61.22,10.93,17.04,17.85,27.83,15.2,18.75
2458,2/9/12,600519,-106.6,-104.33,-104.0,-106.88,31385,596916592,0.3,-104.33,-104.0,-106.88,61.06,12.71,16.16,20.82,26.47,17.0,16.47
2459,2/10/12,600519,-105.34,-104.53,-102.97,-105.69,22276,425266912,0.21,-104.53,-102.97,-105.69,53.01,13.74,6.36,25.92,12.0,21.77,17.52
2460,2/13/12,600519,-105.36,-102.12,-100.68,-106.06,21639,416409712,0.21,-102.12,-100.68,-106.06,49.24,16.03,2.43,32.55,4.94,32.36,21.75
2461,2/14/12,600519,-102.73,-101.79,-101.1,-103.46,15142,292922048,0.15,-101.79,-101.1,-103.46,44.56,13.38,2.43,30.03,5.45,39.81,26.1
2462,2/15/12,600519,-102.69,-100.98,-100.07,-102.69,24714,481676736,0.24,-100.98,-100.07,-102.69,42.15,14.41,1.48,34.19,3.51,49.14,31.2
2463,2/16/12,600519,-102.04,-103.53,-100.98,-104.45,22016,424963024,0.21,-103.53,-100.98,-104.45,41.08,10.61,3.24,25.83,7.89,54.36,34.78
2464,2/17/12,600519,-101.74,-103.76,-101.74,-104.64,12288,235751780,0.12,-103.76,-101.74,-104.64,40.74,9.96,3.43,24.45,8.42,60.5,38.75
2465,2/20/12,600519,-102.5,-104.24,-101.92,-104.29,18530,356774752,0.18,-104.24,-101.92,-104.29,40.8,9.96,3.43,24.41,8.41,62.51,42.14
2466,2/21/12,600519,-103.47,-103.34,-102.82,-104.62,13789,264260509,0.13,-103.34,-102.82,-104.62,39.59,8.37,3.76,21.14,9.5,56.56,44.46
2467,2/22/12,600519,-102.67,-102.67,-102.06,-104.14,22352,429952032,0.22,-102.67,-102.06,-104.14,39.42,9.13,3.26,23.16,8.27,52.92,46.37
2468,2/23/12,600519,-102.87,-101.39,-100.78,-102.87,33433,649316720,0.32,-101.39,-100.78,-102.87,38.94,10.41,2.61,26.73,6.7,49.34,49.24
2469,2/24/12,600519,-101.49,-98.27,-98.16,-101.52,23944,471970592,0.23,-98.27,-98.16,-101.52,39.85,11.24,2.61,28.21,6.55,50.86,52.61
2470,2/27/12,600519,-97.69,-97.92,-96.67,-98.75,26562,528808016,0.26,-97.92,-96.67,-98.75,39.34,12.73,2.28,32.36,5.8,54.33,57.42
2471,2/28/12,600519,-97.16,-96.07,-95.9,-97.87,25698,514122720,0.25,-96.07,-95.9,-97.87,38.13,13.05,2.28,34.23,5.98,57.91,60.21
2472,2/29/12,600519,-95.86,-93.0,-92.55,-96.27,39432,802601072,0.38,-93.0,-92.55,-96.27,38.97,14.62,2.28,37.52,5.85,63.75,60.16
2473,3/1/12,600519,-93.78,-94.55,-92.16,-94.71,16921,345438320,0.16,-94.55,-92.16,-94.71,38.8,13.98,2.28,36.03,5.88,67.84,60.38
2474,3/2/12,600519,-94.51,-95.94,-93.63,-97.09,35217,706746816,0.34,-95.94,-93.63,-97.09,36.88,11.69,4.66,31.7,12.64,65.03,57.18
2475,3/5/12,600519,-95.98,-96.82,-95.96,-97.84,30554,609500896,0.29,-96.82,-95.96,-97.84,36.42,11.69,5.41,32.1,14.85,60.76,55.81
2476,3/6/12,600519,-97.51,-99.95,-96.82,-99.99,31474,621286496,0.3,-99.95,-96.82,-99.99,36.97,10.66,7.56,28.83,20.45,51.99,53.16
2477,3/7/12,600519,-101.05,-102.36,-100.33,-102.49,29199,567286768,0.28,-102.36,-100.33,-102.49,36.04,10.66,8.3,29.58,23.03,42.36,50.14
2478,3/8/12,600519,-102.3,-101.28,-99.9,-102.49,23575,458505184,0.23,-101.28,-99.9,-102.49,35.73,11.09,8.11,31.04,22.7,32.78,48.26
2479,3/9/12,600519,-101.07,-96.74,-96.59,-101.48,29239,578119776,0.28,-96.74,-96.59,-101.48,38.25,14.4,8.11,37.65,21.2,25.44,46.64
2480,3/12/12,600519,-96.59,-96.24,-95.35,-97.49,25682,514548192,0.25,-96.24,-95.35,-97.49,38.59,15.64,7.78,40.53,20.16,23.87,44.45
2481,3/13/12,600519,-96.6,-95.31,-93.96,-96.6,18316,370157888,0.18,-95.31,-93.96,-96.6,39.15,16.27,7.78,41.56,19.87,23.63,42.2
2482,3/14/12,600519,-95.37,-97.78,-93.34,-98.34,40700,820433744,0.39,-97.78,-93.34,-98.34,42.06,14.99,9.52,35.64,22.63,24.52,38.25
2483,3/15/12,600519,-97.48,-97.57,-94.7,-97.84,28095,562966960,0.27,-97.57,-94.7,-97.84,41.84,12.37,9.52,29.57,22.75,24.61,33.49
2484,3/16/12,600519,-96.03,-90.41,-90.07,-96.44,51584,1060740608,0.5,-90.41,-90.07,-96.44,47.26,15.51,9.52,32.82,20.14,26.01,29.39
2485,3/19/12,600519,-90.24,-90.37,-87.12,-92.08,45636,952934080,0.44,-90.37,-87.12,-92.08,50.2,17.69,9.52,35.24,18.96,26.36,25.9
2486,3/20/12,600519,-90.44,-90.28,-89.16,-91.63,23400,486464272,0.23,-90.28,-89.16,-91.63,48.95,14.34,9.52,29.3,19.45,24.13,24.0
2487,3/21/12,600519,-90.24,-92.47,-89.25,-93.49,29528,607930944,0.28,-92.47,-89.25,-93.49,50.64,13.95,11.38,27.55,22.47,19.94,21.79
2488,3/22/12,600519,-93.11,-92.26,-90.98,-93.14,8332,171049550,0.08,-92.26,-90.98,-93.14,49.34,13.95,9.0,28.27,18.24,19.82,22.17
2489,3/23/12,600519,-90.49,-86.75,-86.31,-90.49,54874,1159278432,0.53,-86.75,-86.31,-90.49,53.39,18.62,8.25,34.88,15.45,24.08,24.34
2490,3/26/12,600519,-87.49,-84.12,-83.54,-87.51,37654,807094320,0.36,-84.12,-83.54,-87.51,54.19,21.39,6.1,39.47,11.26,29.36,27.69
2491,3/27/12,600519,-88.24,-95.44,-87.6,-95.86,79106,1635757952,0.76,-95.44,-87.6,-95.86,63.39,21.39,11.95,33.74,18.85,29.07,27.72
2492,3/28/12,600519,-97.51,-95.53,-92.55,-98.08,55461,1116354640,0.53,-95.53,-92.55,-98.08,66.33,20.96,14.17,31.6,21.36,28.93,26.53
2493,3/29/12,600519,-96.02,-95.73,-92.14,-96.68,36983,751200416,0.36,-95.73,-92.14,-96.68,65.98,18.06,14.17,27.37,21.48,29.25,24.59
2494,3/30/12,600519,-95.73,-99.2,-94.21,-100.82,37960,749355392,0.37,-99.2,-94.21,-100.82,70.45,16.82,18.31,23.88,25.99,26.36,23.09
2495,4/5/12,600519,-99.91,-91.73,-91.39,-99.91,40961,831105664,0.39,-91.73,-91.39,-99.91,76.33,18.25,18.31,23.91,23.99,19.96,22.02
2496,4/6/12,600519,-92.04,-90.1,-90.01,-92.11,26730,553032992,0.26,-90.1,-90.01,-92.11,73.43,19.63,16.57,26.73,22.57,12.1,20.73
2497,4/9/12,600519,-90.44,-89.03,-88.49,-92.06,14475,300301664,0.14,-89.03,-88.49,-92.06,73.86,21.15,16.57,28.64,22.43,9.4,19.24
2498,4/10/12,600519,-89.01,-89.98,-88.6,-92.46,16641,344431376,0.16,-89.98,-88.6,-92.46,70.22,16.52,16.97,23.53,24.17,6.4,17.67
2499,4/11/12,600519,-92.55,-89.37,-87.18,-93.78,31461,655577440,0.3,-89.37,-87.18,-93.78,71.86,14.99,16.97,20.86,23.62,5.42,17.34
2500,4/12/12,600519,-89.37,-86.42,-86.34,-91.16,28423,597232640,0.27,-86.42,-86.34,-91.16,74.21,15.83,16.97,21.33,22.87,5.3,15.83
2501,4/13/12,600519,-86.35,-85.92,-85.07,-87.26,20527,436617440,0.2,-85.92,-85.07,-87.26,72.16,17.1,15.11,23.7,20.94,6.3,13.13
2502,4/16/12,600519,-86.35,-86.08,-83.96,-87.11,20893,447725424,0.2,-86.08,-83.96,-87.11,73.15,18.21,15.11,24.89,20.66,6.44,9.27
2503,4/17/12,600519,-86.07,-88.27,-85.93,-88.42,17872,377050672,0.17,-88.27,-85.93,-88.42,69.69,13.54,16.42,19.43,23.56,6.02,7.71
2504,4/18/12,600519,-88.08,-85.23,-84.45,-88.42,22815,485407312,0.22,-85.23,-84.45,-88.42,69.69,12.25,16.42,17.58,23.56,8.22,7.31
2505,4/19/12,600519,-85.3,-88.85,-84.81,-90.23,21824,459867200,0.21,-88.85,-84.81,-90.23,63.37,12.25,9.88,19.33,15.59,8.97,7.2
2506,4/20/12,600519,-89.82,-86.35,-85.65,-89.82,17046,360265744,0.16,-86.35,-85.65,-89.82,62.01,12.25,7.66,19.75,12.35,12.23,8.76
2507,4/23/12,600519,-87.0,-86.9,-84.89,-88.54,13282,281175040,0.13,-86.9,-84.89,-88.54,61.12,12.6,7.66,20.62,12.53,15.27,10.78
2508,4/24/12,600519,-86.61,-87.16,-85.93,-88.47,21782,459834816,0.21,-87.16,-85.93,-88.47,57.05,12.6,3.52,22.09,6.17,23.11,14.77
2509,4/25/12,600519,-86.39,-86.01,-85.73,-88.42,15529,329552768,0.15,-86.01,-85.73,-88.42,51.22,9.98,3.52,19.48,6.87,29.48,17.75
2510,4/26/12,600519,-84.91,-82.89,-82.63,-85.53,35020,753334304,0.34,-82.89,-82.63,-85.53,52.5,11.7,3.52,22.29,6.7,36.01,22.12
2511,4/27/12,600519,-82.89,-76.39,-75.63,-82.89,42728,954712960,0.41,-76.39,-75.63,-82.89,56.19,17.18,3.52,30.57,6.26,45.23,27.1
2512,5/2/12,600519,-75.2,-75.21,-74.73,-78.5,35340,793434512,0.34,-75.21,-74.73,-78.5,56.1,18.08,3.12,32.23,5.56,53.14,32.69
2513,5/3/12,600519,-75.21,-74.63,-74.12,-77.17,25654,579082880,0.25,-74.63,-74.12,-77.17,52.55,17.27,3.12,32.86,5.94,60.65,37.96
2514,5/4/12,600519,-74.78,-68.59,-67.86,-74.78,31879,734789680,0.31,-68.59,-67.86,-74.78,54.65,22.69,3.12,41.52,5.71,63.9,43.5
2515,5/7/12,600519,-67.92,-68.16,-65.48,-69.18,34245,805751888,0.33,-68.16,-65.48,-69.18,56.16,23.8,3.12,42.38,5.56,68.72,49.1
2516,5/8/12,600519,-68.21,-68.49,-67.88,-72.4,36665,851128752,0.35,-68.49,-67.88,-72.4,57.53,22.69,6.34,39.44,11.02,69.15,52.58
2517,5/9/12,600519,-70.97,-71.2,-69.7,-74.2,32910,756259728,0.32,-71.2,-69.7,-74.2,60.75,22.69,6.83,37.35,11.24,67.11,56.17
2518,5/10/12,600519,-71.06,-73.79,-71.06,-74.41,30574,697959456,0.29,-73.79,-71.06,-74.41,60.13,21.21,7.04,35.27,11.71,63.71,58.43
2519,5/11/12,600519,-73.54,-73.8,-73.13,-75.28,23261,528011696,0.22,-73.8,-73.13,-75.28,56.86,21.21,6.1,37.3,10.73,61.36,61.0
2520,5/14/12,600519,-73.54,-78.35,-73.54,-79.65,38797,863502640,0.37,-78.35,-73.54,-79.65,58.8,21.21,10.47,36.07,17.81,54.38,59.14
2521,5/15/12,600519,-79.25,-77.59,-77.13,-80.07,16169,359784512,0.16,-77.59,-77.13,-80.07,58.09,20.45,10.89,35.2,18.75,46.66,57.69
2522,5/16/12,600519,-77.72,-80.14,-77.35,-81.81,28140,619595456,0.27,-80.14,-77.35,-81.81,60.01,20.45,12.63,34.08,21.05,41.21,55.18
2523,5/17/12,600519,-80.06,-80.23,-79.0,-81.3,34172,751957376,0.33,-80.23,-79.0,-81.3,59.62,20.25,12.63,33.97,21.18,36.12,51.61
2524,5/18/12,600519,-81.25,-81.87,-80.18,-83.54,26278,571816864,0.25,-81.87,-80.18,-83.54,59.6,17.15,14.87,28.78,24.95,28.94,46.33
2525,5/21/12,600519,-82.16,-77.52,-76.42,-82.16,28843,638767872,0.28,-77.52,-76.42,-82.16,58.08,13.91,14.87,23.95,25.6,20.28,40.82
2526,5/22/12,600519,-76.01,-72.49,-70.65,-76.01,41458,951034144,0.4,-72.49,-70.65,-76.01,61.18,18.78,14.87,30.7,24.31,16.57,35.47
2527,5/23/12,600519,-72.51,-71.5,-70.16,-73.54,24723,570787760,0.24,-71.5,-70.16,-73.54,61.51,18.66,14.87,30.34,24.17,13.37,30.01
2528,5/24/12,600519,-72.06,-79.96,-69.6,-81.91,53743,1201209536,0.52,-79.96,-69.6,-81.91,66.9,12.4,23.24,18.54,34.74,14.49,27.85
2529,5/25/12,600519,-79.96,-81.33,-79.44,-83.46,30569,667952256,0.29,-81.33,-79.44,-83.46,67.22,10.02,24.79,14.91,36.88,17.7,26.91
2530,5/28/12,600519,-81.8,-75.62,-75.28,-81.97,27834,618961104,0.27,-75.62,-75.28,-81.97,69.39,14.18,21.57,20.44,31.09,19.96,24.45
2531,5/30/12,600519,-73.95,-73.0,-71.91,-74.37,25701,587866128,0.25,-73.0,-71.91,-74.37,67.39,17.55,19.77,26.04,29.34,20.4,20.34
2532,5/31/12,600519,-73.38,-66.37,-65.44,-73.54,37367,877484816,0.36,-66.37,-65.44,-73.54,72.14,24.02,19.56,33.3,27.11,20.17,18.37
2533,6/1/12,600519,-65.28,-63.32,-61.15,-66.35,38504,923904352,0.37,-63.32,-61.15,-66.35,75.21,28.31,18.69,37.64,24.85,21.69,17.53
2534,6/4/12,600519,-65.28,-66.49,-61.16,-66.54,24328,581257504,0.23,-66.49,-61.16,-66.54,74.48,28.31,14.51,38.01,19.48,22.0,18.25
2535,6/5/12,600519,-65.71,-62.97,-62.14,-65.93,24561,588242224,0.24,-62.97,-62.14,-65.93,75.89,28.31,14.09,37.3,18.57,20.51,19.11
2536,6/6/12,600519,-62.8,-66.45,-61.97,-66.59,18729,445576928,0.18,-66.45,-61.97,-66.59,76.05,28.31,13.01,37.23,17.11,23.24,21.6
2537,6/7/12,600519,-64.96,-65.3,-63.08,-66.27,19677,470452064,0.19,-65.3,-63.08,-66.27,77.12,28.31,13.01,36.71,16.87,28.42,24.41
2538,6/8/12,600519,-64.45,-64.47,-63.48,-66.93,17286,411908848,0.17,-64.47,-63.48,-66.93,77.21,28.31,11.43,36.67,14.8,33.79,26.98
2539,6/11/12,600519,-64.54,-67.3,-63.44,-69.08,33061,780468480,0.32,-67.3,-63.44,-69.08,77.11,24.55,13.58,31.84,17.61,35.18,28.44
2540,6/12/12,600519,-68.41,-68.71,-66.53,-70.13,16373,382922352,0.16,-68.71,-66.53,-70.13,73.84,18.78,14.63,25.43,19.81,31.88,26.94
2541,6/13/12,600519,-68.17,-64.46,-64.3,-69.33,20463,485626128,0.2,-64.46,-64.3,-69.33,75.49,20.52,14.63,27.18,19.38,29.08,24.8
2542,6/14/12,600519,-65.28,-59.83,-58.84,-65.92,28705,698222400,0.28,-59.83,-58.84,-65.92,70.26,25.98,6.26,36.98,8.91,33.1,28.17
2543,6/15/12,600519,-59.48,-60.83,-58.33,-63.82,19860,483582928,0.19,-60.83,-58.33,-63.82,71.73,26.49,4.71,36.93,6.57,38.57,33.49
2544,6/18/12,600519,-60.81,-58.29,-56.76,-60.81,19538,482525472,0.19,-58.29,-56.76,-60.81,69.11,23.9,4.71,34.58,6.82,42.67,38.23
2545,6/19/12,600519,-59.4,-60.57,-56.87,-62.01,17300,423906512,0.17,-60.57,-56.87,-62.01,70.54,20.53,5.91,29.1,8.38,47.09,41.13
2546,6/20/12,600519,-60.46,-60.68,-60.0,-61.97,11393,277398320,0.11,-60.68,-60.0,-61.97,64.41,14.06,5.91,21.83,9.18,51.82,41.85
2547,6/21/12,600519,-60.68,-63.81,-60.65,-64.62,17034,409685072,0.16,-63.81,-60.65,-64.62,63.16,9.77,8.56,15.47,13.55,50.13,39.6
2548,6/25/12,600519,-65.2,-65.61,-62.01,-65.69,18434,440645792,0.18,-65.61,-62.01,-65.69,61.46,9.77,9.44,15.9,15.36,40.22,36.66
2549,6/26/12,600519,-65.94,-65.4,-64.55,-69.73,26122,615182464,0.25,-65.4,-64.55,-69.73,62.29,9.77,13.48,15.68,21.64,31.24,34.9
2550,6/27/12,600519,-65.28,-62.06,-61.72,-65.28,23257,559606592,0.22,-62.06,-61.72,-65.28,61.35,12.6,12.82,20.54,20.9,20.21,31.44
2551,6/28/12,600519,-62.07,-66.82,-61.97,-66.94,22213,529704800,0.21,-66.82,-61.97,-66.94,62.95,12.6,14.48,20.02,23.0,12.15,29.62
2552,6/29/12,600519,-67.45,-64.33,-62.8,-67.45,23224,555873152,0.22,-64.33,-62.8,-67.45,64.15,12.6,14.33,19.64,22.34,6.42,29.12
2553,7/2/12,600519,-63.63,-62.1,-59.54,-66.92,25731,622505568,0.25,-62.1,-59.54,-66.92,65.89,15.86,12.18,24.07,18.49,7.51,28.82
2554,7/3/12,600519,-62.55,-51.28,-51.23,-62.79,50159,1255671520,0.48,-51.28,-51.23,-62.79,73.85,24.17,11.13,32.73,15.07,13.38,26.8
2555,7/4/12,600519,-49.58,-48.2,-47.18,-53.71,45035,1155572208,0.43,-48.2,-47.18,-53.71,75.35,25.99,11.13,34.49,14.77,17.39,24.32
2556,7/5/12,600519,-50.74,-50.69,-48.76,-52.75,22749,572395280,0.22,-50.69,-48.76,-52.75,72.82,20.53,11.13,28.19,15.28,22.19,21.2
2557,7/6/12,600519,-50.45,-43.8,-42.16,-51.89,39159,1005403248,0.38,-43.8,-42.16,-51.89,77.06,26.62,11.13,34.54,14.44,27.87,20.01
2558,7/9/12,600519,-43.89,-48.15,-41.31,-48.23,28527,736832304,0.27,-48.15,-41.31,-48.23,79.91,25.9,11.13,32.41,13.93,33.45,19.93
2559,7/10/12,600519,-48.34,-51.73,-46.12,-52.17,26987,683253808,0.26,-51.73,-46.12,-52.17,80.82,25.9,13.87,32.05,17.16,36.31,21.91
2560,7/11/12,600519,-51.3,-45.44,-45.17,-53.4,32010,808688576,0.31,-45.44,-45.17,-53.4,87.08,25.9,15.1,29.74,17.34,34.54,23.96
2561,7/12/12,600519,-45.36,-47.05,-39.65,-47.93,37273,968810608,0.36,-47.05,-39.65,-47.93,91.39,31.42,12.45,34.38,13.62,35.07,26.23
2562,7/13/12,600519,-47.37,-41.56,-40.49,-47.68,29548,769107552,0.28,-41.56,-40.49,-47.68,94.9,31.42,11.38,33.11,11.99,37.93,30.06
2563,7/16/12,600519,-42.06,-41.93,-38.77,-42.22,29534,779744592,0.28,-41.93,-38.77,-42.22,93.17,33.14,7.34,35.57,7.88,41.71,34.79
2564,7/17/12,600519,-43.79,-48.95,-42.98,-49.32,36031,925218304,0.35,-48.95,-42.98,-49.32,96.88,30.31,14.44,31.29,14.91,40.98,37.21
2565,7/18/12,600519,-49.08,-56.22,-47.18,-60.41,74047,1815273728,0.71,-56.22,-47.18,-60.41,105.14,30.31,23.87,28.83,22.7,37.92,37.11
2566,7/19/12,600519,-57.03,-55.19,-53.26,-57.8,26581,654750768,0.26,-55.19,-53.26,-57.8,105.03,30.31,23.36,28.86,22.24,35.68,35.11
2567,7/20/12,600519,-55.79,-57.78,-51.45,-57.93,26055,644548784,0.25,-57.78,-51.45,-57.93,104.13,28.86,23.36,27.72,22.43,30.23,32.65
2568,7/23/12,600519,-60.42,-58.19,-57.46,-61.15,19811,477867232,0.19,-58.19,-57.46,-61.15,96.26,20.55,26.58,21.35,27.61,24.56,31.24
2569,7/24/12,600519,-59.82,-52.57,-48.6,-59.82,34372,853488544,0.33,-52.57,-48.6,-59.82,100.95,25.36,26.58,25.12,26.33,14.33,28.02
2570,7/25/12,600519,-52.06,-47.47,-47.27,-52.46,26170,664005632,0.25,-47.47,-47.27,-52.46,101.7,26.69,26.58,26.24,26.14,8.45,24.71
2571,7/26/12,600519,-48.01,-51.69,-44.21,-52.31,23419,594576400,0.23,-51.69,-44.21,-52.31,100.07,23.15,26.58,23.13,26.56,7.62,22.77
2572,7/27/12,600519,-51.33,-52.51,-50.41,-54.7,18422,458534528,0.18,-52.51,-50.41,-54.7,97.44,22.3,28.97,22.89,29.73,7.63,21.66
2573,7/30/12,600519,-52.68,-52.19,-49.91,-54.08,17495,439211392,0.17,-52.19,-49.91,-54.08,95.56,22.8,25.03,23.86,26.19,6.65,18.44
2574,7/31/12,600519,-52.47,-55.0,-48.75,-55.32,19466,487548464,0.19,-55.0,-48.75,-55.32,93.9,22.8,25.04,24.28,26.67,5.3,14.93
2575,8/1/12,600519,-55.22,-57.8,-53.19,-58.76,26715,654397920,0.26,-57.8,-53.19,-58.76,91.19,17.28,28.48,18.95,31.23,8.99,11.66
2576,8/2/12,600519,-57.75,-58.54,-55.79,-59.37,17055,414452976,0.16,-58.54,-55.79,-59.37,87.58,17.28,29.09,19.73,33.22,13.2,10.83
2577,8/3/12,600519,-58.26,-54.57,-54.54,-58.53,16473,403397232,0.16,-54.57,-54.54,-58.53,88.13,16.81,29.09,19.07,33.01,16.51,12.07
2578,8/6/12,600519,-54.84,-53.03,-52.39,-56.03,17321,428757456,0.17,-53.03,-52.39,-56.03,84.38,18.96,21.99,22.47,26.06,15.57,11.6
2579,8/7/12,600519,-53.03,-50.49,-49.77,-53.61,18119,454543104,0.17,-50.49,-49.77,-53.61,74.99,21.58,10.9,28.78,14.54,20.28,13.47
2580,8/8/12,600519,-50.03,-49.74,-48.75,-52.89,14893,375890832,0.14,-49.74,-48.75,-52.89,74.59,22.6,10.9,30.3,14.61,25.32,15.31
2581,8/9/12,600519,-50.57,-43.03,-42.43,-51.07,30672,789861696,0.3,-43.03,-42.43,-51.07,76.75,27.11,10.9,35.32,14.2,28.35,18.67
2582,8/10/12,600519,-51.23,-53.54,-48.17,-57.0,91226,2273430544,0.88,-53.54,-48.17,-57.0,87.03,27.11,13.61,31.15,15.64,29.63,21.41
2583,8/13/12,600519,-53.31,-53.71,-52.32,-54.7,23037,572237184,0.22,-53.71,-52.32,-54.7,78.19,18.25,13.61,23.34,17.41,27.6,22.05
2584,8/14/12,600519,-53.71,-54.12,-52.07,-56.19,18787,465808752,0.18,-54.12,-52.07,-56.19,77.01,16.92,15.1,21.97,19.61,27.31,21.44
2585,8/15/12,600519,-54.55,-56.91,-54.21,-57.43,22723,556345600,0.22,-56.91,-54.21,-57.43,72.22,13.86,16.34,19.19,22.63,23.2,21.74
2586,8/16/12,600519,-56.8,-60.92,-55.78,-61.09,31483,758259696,0.3,-60.92,-55.78,-61.09,73.24,13.86,17.61,18.92,24.04,19.36,22.34
2587,8/17/12,600519,-61.63,-68.9,-61.63,-69.83,59072,1365745648,0.57,-68.9,-61.63,-69.83,77.98,13.36,26.35,17.13,33.79,17.71,23.03
2588,8/20/12,600519,-68.91,-66.4,-66.37,-71.91,24052,554470080,0.23,-66.4,-66.37,-71.91,76.95,13.36,27.19,17.36,35.33,17.87,23.75
2589,8/21/12,600519,-66.38,-63.8,-60.41,-66.38,26323,624105408,0.25,-63.8,-60.41,-66.38,77.37,19.32,23.75,24.97,30.7,17.15,22.37
2590,8/22/12,600519,-62.87,-66.79,-62.87,-68.59,20423,473902048,0.2,-66.79,-62.87,-68.59,79.51,19.32,25.35,24.3,31.88,18.46,22.88
2591,8/23/12,600519,-67.02,-70.02,-67.02,-71.84,27956,639443952,0.27,-70.02,-67.02,-71.84,80.56,18.07,28.6,22.43,35.5,20.85,22.02
2592,8/24/12,600519,-70.89,-67.03,-66.18,-71.03,21676,500922592,0.21,-67.03,-66.18,-71.03,81.77,16.76,28.6,20.5,34.98,23.21,21.29
2593,8/27/12,600519,-68.17,-69.83,-68.07,-70.94,20899,478778016,0.2,-69.83,-68.07,-70.94,81.84,14.14,28.6,17.28,34.95,23.4,20.55
2594,8/28/12,600519,-69.41,-72.28,-68.11,-72.71,20295,461461664,0.2,-72.28,-68.11,-72.71,82.3,13.12,30.37,15.94,36.9,24.32,21.1
2595,8/29/12,600519,-72.72,-77.55,-72.72,-77.87,30426,674492576,0.29,-77.55,-72.72,-77.87,79.25,6.8,35.53,8.58,44.83,33.92,25.54
2596,8/30/12,600519,-79.34,-78.6,-77.52,-82.22,48349,1046698768,0.47,-78.6,-77.52,-82.22,69.98,6.8,33.95,9.72,48.51,42.78,30.62
2597,8/31/12,600519,-78.5,-77.05,-75.2,-79.17,22485,496296848,0.22,-77.05,-75.2,-79.17,71.57,9.12,33.95,12.74,47.44,48.62,34.74
2598,9/4/12,600519,-62.8,-65.75,-61.98,-67.76,111509,2606767792,1.07,-65.75,-61.98,-67.76,82.52,22.34,32.46,27.07,39.34,47.35,35.28
2599,9/5/12,600519,-66.52,-65.23,-64.48,-66.93,27490,643292496,0.26,-65.23,-64.48,-66.93,81.66,22.34,31.22,27.36,38.23,44.48,33.94
2600,9/6/12,600519,-65.08,-67.14,-64.87,-69.33,20794,481683552,0.2,-67.14,-64.87,-69.33,80.81,22.34,29.96,27.65,37.07,40.29,32.31
2601,9/7/12,600519,-65.94,-59.0,-57.84,-65.94,42813,1023079152,0.41,-59.0,-57.84,-65.94,81.2,29.37,21.22,36.17,26.13,31.67,32.79
2602,9/10/12,600519,-58.91,-58.93,-55.36,-60.92,28170,683513904,0.27,-58.93,-55.36,-60.92,81.22,31.85,19.14,39.21,23.57,24.72,33.75
2603,9/11/12,600519,-60.08,-60.55,-60.08,-61.99,16136,385605488,0.16,-60.55,-60.08,-61.99,78.29,25.89,20.21,33.07,25.81,17.16,32.89
2604,9/12/12,600519,-59.08,-60.11,-54.95,-61.23,29023,703237248,0.28,-60.11,-54.95,-61.23,78.85,31.02,18.0,39.34,22.83,18.51,32.93
2605,9/13/12,600519,-59.95,-60.34,-59.05,-61.73,14294,342849648,0.14,-60.34,-59.05,-61.73,76.48,31.02,15.25,40.56,19.94,21.43,32.95
2606,9/14/12,600519,-59.5,-56.39,-56.07,-61.06,24587,597041984,0.24,-56.39,-56.07,-61.06,76.62,33.16,15.25,43.28,19.9,25.17,32.73
2607,9/17/12,600519,-56.19,-59.25,-54.8,-59.33,20015,488152592,0.19,-59.25,-54.8,-59.33,77.24,34.43,15.25,44.58,19.74,28.92,30.29
2608,9/18/12,600519,-59.67,-60.05,-57.76,-60.74,18277,441080160,0.18,-60.05,-57.76,-60.74,75.62,34.43,14.89,45.53,19.69,31.36,28.04
2609,9/19/12,600519,-60.7,-67.3,-59.5,-68.46,40991,958082592,0.39,-67.3,-59.5,-68.46,78.99,34.43,17.45,43.59,22.09,34.77,25.96
2610,9/20/12,600519,-67.84,-69.38,-66.28,-69.5,21518,496309728,0.21,-69.38,-66.28,-69.5,77.51,34.43,14.14,44.42,18.24,37.3,27.91
2611,9/21/12,600519,-69.98,-68.1,-66.11,-70.14,15680,361373296,0.15,-68.1,-66.11,-70.14,77.57,32.11,14.78,41.39,19.05,37.78,29.6
2612,9/24/12,600519,-69.41,-66.64,-66.12,-70.17,17635,408195808,0.17,-66.64,-66.12,-70.17,66.55,18.89,14.81,28.38,22.25,33.63,29.4
2613,9/25/12,600519,-66.55,-61.55,-61.5,-67.35,26231,619272096,0.25,-61.55,-61.5,-67.35,69.95,23.51,14.81,33.61,21.17,30.98,29.95
2614,9/26/12,600519,-61.98,-63.74,-59.86,-65.53,20363,482230832,0.2,-63.74,-59.86,-65.53,71.16,25.15,12.41,35.34,17.44,30.03,30.7
2615,9/27/12,600519,-64.46,-59.75,-59.02,-64.84,27140,650222912,0.26,-59.75,-59.02,-64.84,67.68,18.96,12.41,28.01,18.34,28.06,31.41
2616,9/28/12,600519,-61.13,-55.53,-55.41,-61.15,31283,760146560,0.3,-55.53,-55.41,-61.15,67.86,20.09,12.41,29.61,18.29,25.03,31.17
2617,10/8/12,600519,-55.94,-60.37,-55.94,-62.41,23608,566527568,0.23,-60.37,-55.94,-62.41,71.68,20.09,12.6,28.03,17.58,22.69,30.24
2618,10/9/12,600519,-59.51,-56.89,-56.15,-60.29,23411,569554624,0.23,-56.89,-56.15,-60.29,69.62,14.96,12.6,21.49,18.1,22.1,27.87
2619,10/10/12,600519,-57.84,-57.17,-56.33,-59.7,13457,327126304,0.13,-57.17,-56.33,-59.7,70.31,14.96,12.1,21.28,17.21,20.08,25.53
2620,10/11/12,600519,-58.38,-58.73,-57.22,-59.39,10626,257483485,0.1,-58.73,-57.22,-59.39,67.54,11.98,12.1,17.74,17.92,14.51,22.27
2621,10/12/12,600519,-58.16,-57.42,-56.36,-58.89,11742,285916688,0.11,-57.42,-56.36,-58.89,65.54,11.57,12.1,17.65,18.46,11.4,19.73
2622,10/15/12,600519,-56.38,-55.6,-54.34,-56.38,18883,464547296,0.18,-55.6,-54.34,-56.38,65.64,13.59,10.69,20.7,16.29,9.45,17.24
2623,10/16/12,600519,-56.1,-52.22,-51.17,-56.1,27738,690466784,0.27,-52.22,-51.17,-56.1,61.61,16.76,2.97,27.2,4.82,17.28,19.99
2624,10/17/12,600519,-52.22,-53.07,-51.65,-53.79,15981,397637472,0.15,-53.07,-51.65,-53.79,60.53,16.76,1.93,27.69,3.19,29.08,25.59
2625,10/18/12,600519,-52.68,-51.05,-48.34,-52.89,22278,561905408,0.21,-51.05,-48.34,-52.89,61.23,20.07,1.29,32.78,2.11,41.97,31.03
2626,10/19/12,600519,-51.03,-49.58,-47.96,-51.03,18630,472389456,0.18,-49.58,-47.96,-51.03,60.27,20.45,1.26,33.93,2.09,56.62,35.57
2627,10/22/12,600519,-49.84,-51.61,-49.14,-53.88,19117,478244288,0.18,-51.61,-49.14,-53.88,59.16,15.83,4.11,26.76,6.95,66.05,38.72
2628,10/23/12,600519,-51.4,-56.44,-51.4,-56.52,18703,461008032,0.18,-56.44,-51.4,-56.52,58.61,14.19,6.75,24.21,11.52,69.98,39.72
2629,10/24/12,600519,-56.52,-55.13,-54.44,-56.93,10972,269652768,0.11,-55.13,-54.44,-56.93,55.28,13.35,7.16,24.15,12.95,63.36,40.32
2630,10/25/12,600519,-54.54,-55.31,-53.71,-56.77,9160,225725463,0.09,-55.31,-53.71,-56.77,52.6,10.47,7.16,19.9,13.61,53.26,41.17
2631,10/26/12,600519,-53.12,-59.5,-52.9,-60.27,24559,596652704,0.24,-59.5,-52.9,-60.27,53.09,10.47,9.4,19.72,17.71,39.51,40.74
2632,10/29/12,600519,-59.01,-58.82,-57.35,-61.11,14491,349849296,0.14,-58.82,-57.35,-61.11,52.63,10.47,10.24,19.89,19.46,24.96,40.79
2633,10/30/12,600519,-58.84,-56.54,-55.79,-59.32,15610,380664720,0.15,-56.54,-55.79,-59.32,52.79,12.03,10.24,22.79,19.4,16.5,41.27
2634,10/31/12,600519,-56.59,-54.26,-53.76,-57.31,15845,390460784,0.15,-54.26,-53.76,-57.31,54.12,14.06,10.24,25.98,18.92,13.2,41.59
2635,11/1/12,600519,-53.54,-52.55,-51.36,-55.08,18191,453437152,0.18,-52.55,-51.36,-55.08,55.31,15.6,10.24,28.2,18.51,11.63,37.49
2636,11/2/12,600519,-52.72,-53.41,-51.65,-55.13,16975,420531728,0.16,-53.41,-51.65,-55.13,55.71,13.58,10.29,24.38,18.47,10.8,32.03
2637,11/5/12,600519,-54.55,-57.91,-54.55,-59.33,22666,552311456,0.22,-57.91,-54.55,-59.33,56.7,10.41,14.49,18.36,25.56,12.63,26.07
2638,11/6/12,600519,-58.33,-63.69,-58.33,-64.04,41713,991450624,0.4,-63.69,-58.33,-64.04,60.69,10.41,19.2,17.15,31.64,17.39,21.18
2639,11/7/12,600519,-64.46,-62.41,-61.95,-64.46,16218,383915184,0.16,-62.41,-61.95,-64.46,58.47,7.1,19.62,12.14,33.56,23.86,20.18
2640,11/8/12,600519,-63.64,-65.2,-62.84,-65.41,16262,382711600,0.16,-65.2,-62.84,-65.41,58.38,6.72,20.57,11.51,35.23,29.7,21.45
2641,11/9/12,600519,-65.21,-64.61,-63.79,-65.56,11670,273825056,0.11,-64.61,-63.79,-65.56,55.41,6.72,17.87,12.13,32.25,33.8,22.71
2642,11/12/12,600519,-64.46,-67.38,-63.81,-69.5,20464,472928288,0.2,-67.38,-63.81,-69.5,55.98,6.72,19.17,12.0,34.24,39.52,25.16
2643,11/13/12,600519,-67.76,-70.19,-67.76,-72.14,20448,465306368,0.2,-70.19,-67.76,-72.14,58.25,6.72,21.4,11.54,36.74,45.49,29.06
2644,11/14/12,600519,-69.93,-68.05,-67.76,-71.48,12238,280680240,0.12,-68.05,-67.76,-71.48,58.91,5.99,21.4,10.17,36.33,49.92,33.66
2645,11/15/12,600519,-69.41,-70.86,-69.41,-71.62,11401,259657230,0.11,-70.86,-69.41,-71.62,55.11,5.99,18.04,10.87,32.73,50.47,37.16
2646,11/16/12,600519,-71.23,-73.22,-71.11,-74.79,19677,441363632,0.19,-73.22,-71.11,-74.79,55.28,5.99,20.37,10.84,36.85,51.1,40.4
2647,11/19/12,600519,-73.22,-81.77,-73.22,-86.03,70484,1508795040,0.68,-81.77,-73.22,-86.03,64.56,4.43,31.61,6.86,48.96,56.11,44.96
2648,11/20/12,600519,-82.76,-80.19,-78.22,-83.05,38078,820492576,0.37,-80.19,-78.22,-83.05,65.84,2.4,31.61,3.65,48.01,62.41,50.96
2649,11/21/12,600519,-80.28,-77.97,-77.02,-83.64,33335,719458144,0.32,-77.97,-77.02,-83.64,68.74,1.2,31.61,1.75,45.98,69.16,57.32
2650,11/22/12,600519,-87.18,-79.09,-78.95,-87.76,51521,1093946848,0.5,-79.09,-78.95,-87.76,75.05,1.2,35.68,1.6,47.54,75.36,62.64
2651,11/23/12,600519,-80.97,-75.01,-74.37,-80.98,29845,655947680,0.29,-75.01,-74.37,-80.98,75.74,5.78,31.48,7.63,41.56,78.5,64.48
2652,11/26/12,600519,-75.69,-79.29,-75.36,-80.57,21955,478884320,0.21,-79.29,-75.36,-80.57,75.17,5.78,26.77,7.69,35.61,80.16,65.63
2653,11/27/12,600519,-79.29,-77.05,-75.95,-80.01,20459,447807808,0.2,-77.05,-75.95,-80.01,76.72,5.78,26.35,7.53,34.35,78.26,67.18
2654,11/28/12,600519,-77.47,-78.18,-77.47,-79.33,15017,328018448,0.14,-78.18,-77.47,-79.33,76.0,5.78,25.4,7.61,33.42,74.43,68.42
2655,11/29/12,600519,-78.17,-77.45,-76.75,-78.39,15676,343521808,0.15,-77.45,-76.75,-78.39,75.87,6.5,25.25,8.57,33.28,68.83,68.99
2656,11/30/12,600519,-77.51,-80.15,-77.51,-82.46,21371,459310352,0.21,-80.15,-77.51,-82.46,75.19,6.5,25.38,8.64,33.75,63.11,69.24
2657,12/3/12,600519,-82.64,-93.22,-82.64,-94.17,79372,1620343232,0.76,-93.22,-82.64,-94.17,84.45,6.5,34.45,7.7,40.79,62.99,70.75
2658,12/4/12,600519,-97.5,-95.9,-93.4,-100.98,78705,1534594320,0.76,-95.9,-93.4,-100.98,88.49,6.5,41.26,7.35,46.63,64.38,72.27
2659,12/5/12,600519,-98.09,-96.16,-92.95,-102.78,111704,2172380160,1.08,-96.16,-92.95,-102.78,94.75,6.5,42.92,6.86,45.3,65.99,72.12
2660,12/6/12,600519,-96.52,-98.17,-95.86,-106.6,117562,2244829136,1.13,-98.17,-95.86,-106.6,101.56,6.5,43.57,6.4,42.9,67.84,71.14
2661,12/7/12,600519,-95.87,-94.38,-91.16,-96.21,99501,1983064736,0.96,-94.38,-91.16,-96.21,95.76,11.2,32.33,11.7,33.76,66.09,67.46
2662,12/11/12,600519,-94.62,-91.47,-86.77,-94.62,92233,1869715840,0.89,-91.47,-86.77,-94.62,98.78,15.59,32.33,15.78,32.73,62.04,62.58
2663,12/12/12,600519,-89.25,-83.58,-83.47,-91.31,64325,1327462832,0.62,-83.58,-83.47,-91.31,100.16,17.69,32.33,17.66,32.28,55.54,59.27
2664,12/13/12,600519,-85.21,-88.67,-81.0,-89.17,61996,1297953952,0.6,-88.67,-81.0,-89.17,98.54,20.16,28.21,20.46,28.63,46.19,55.28
2665,12/14/12,600519,-90.9,-86.84,-85.53,-94.62,78926,1609442080,0.76,-86.84,-85.53,-94.62,101.02,15.58,33.66,15.42,33.32,40.02,53.01
2666,12/17/12,600519,-88.42,-84.22,-82.09,-91.73,71361,1488539584,0.69,-84.22,-82.09,-91.73,105.1,19.02,33.66,18.1,32.03,32.32,50.08
2667,12/18/12,600519,-84.12,-81.37,-79.51,-84.15,46945,1005177392,0.45,-81.37,-79.51,-84.15,105.75,21.6,33.66,20.43,31.83,27.86,46.98
2668,12/19/12,600519,-82.53,-77.31,-76.03,-82.63,47570,1039482928,0.46,-77.31,-76.03,-82.63,110.07,25.08,33.66,22.79,30.58,24.48,43.26
2669,12/20/12,600519,-78.09,-78.17,-76.52,-80.5,34434,750851792,0.33,-78.17,-76.52,-80.5,112.41,24.36,33.66,21.67,29.94,22.27,38.91
2670,12/21/12,600519,-78.76,-79.66,-77.68,-80.3,25093,544719328,0.24,-79.66,-77.68,-80.3,110.02,24.36,29.59,22.14,26.9,21.11,33.65
2671,12/24/12,600519,-83.46,-89.6,-83.46,-93.38,100051,2054317648,0.96,-89.6,-83.46,-93.38,109.72,24.36,30.96,22.2,28.22,16.98,28.5
2672,12/25/12,600519,-90.98,-89.48,-87.7,-92.37,59534,1218659232,0.57,-89.48,-87.7,-92.37,106.63,24.36,24.15,22.85,22.65,12.42,22.37
2673,12/26/12,600519,-90.26,-89.04,-87.76,-91.14,44866,918674032,0.43,-89.04,-87.76,-91.14,100.18,24.36,22.35,24.32,22.31,9.5,18.68
2674,12/27/12,600519,-89.0,-87.12,-85.53,-90.29,60926,1259078000,0.59,-87.12,-85.53,-90.29,94.2,26.59,18.53,28.23,19.67,10.04,17.26
2675,12/28/12,600519,-87.1,-83.22,-80.5,-87.1,56589,1202787584,0.55,-83.22,-80.5,-87.1,93.81,26.92,18.53,28.7,19.75,10.45,16.36
2676,12/31/12,600519,-82.38,-85.93,-81.15,-88.13,51915,1085776112,0.5,-85.93,-81.15,-88.13,92.94,22.53,19.56,24.24,21.05,10.01,15.56
2677,1/4/13,600519,-83.46,-87.65,-83.46,-89.25,58370,1205796544,0.56,-87.65,-83.46,-89.25,90.73,19.23,20.68,21.19,22.79,8.62,12.8
2678,1/7/13,600519,-88.52,-89.84,-88.52,-91.31,41271,840359824,0.4,-89.84,-88.52,-91.31,86.22,16.76,22.74,19.44,26.37,11.08,11.75
2679,1/8/13,600519,-90.75,-84.42,-84.41,-90.75,65287,1362186176,0.63,-84.42,-84.41,-90.75,83.47,20.87,17.29,25.0,20.71,11.92,10.71
2680,1/9/13,600519,-83.88,-79.79,-78.79,-83.88,53749,1159330304,0.52,-79.79,-78.79,-83.88,79.46,23.05,17.29,29.01,21.76,11.32,10.68
2681,1/10/13,600519,-80.5,-81.4,-79.33,-82.64,30528,656830928,0.29,-81.4,-79.33,-82.64,78.06,20.47,17.29,26.22,22.15,9.65,10.05
2682,1/11/13,600519,-82.04,-84.08,-80.86,-85.22,37010,784542944,0.36,-84.08,-80.86,-85.22,75.82,16.99,19.87,22.41,26.21,9.78,9.89
2683,1/14/13,600519,-86.36,-85.6,-84.87,-91.06,68184,1410483968,0.66,-85.6,-84.87,-91.06,78.82,16.99,25.71,21.56,32.62,12.58,10.6
2684,1/15/13,600519,-86.12,-84.41,-83.38,-87.74,52635,1103130864,0.51,-84.41,-83.38,-87.74,80.56,18.48,25.71,22.94,31.91,12.78,11.93
2685,1/16/13,600519,-89.25,-88.42,-87.76,-90.34,69502,1427067088,0.67,-88.42,-87.76,-90.34,72.77,18.48,15.23,25.4,20.93,12.82,12.37
2686,1/17/13,600519,-89.26,-89.14,-87.03,-89.65,36202,744614976,0.35,-89.14,-87.03,-89.65,70.72,19.21,15.23,27.16,21.54,12.37,11.85
2687,1/18/13,600519,-88.3,-90.27,-88.03,-93.29,55318,1122848384,0.53,-90.27,-88.03,-93.29,72.6,19.21,18.87,26.46,25.99,11.11,10.38
2688,1/21/13,600519,-91.07,-95.6,-91.07,-96.44,74779,1482664896,0.72,-95.6,-91.07,-96.44,74.01,16.98,22.02,22.94,29.75,11.97,10.87
2689,1/22/13,600519,-96.84,-94.35,-93.6,-102.47,73815,1425054464,0.71,-94.35,-93.6,-102.47,76.26,11.95,28.05,15.67,36.78,15.27,13.92
2690,1/23/13,600519,-96.69,-94.22,-93.79,-98.5,51014,1006483568,0.49,-94.22,-93.79,-98.5,73.99,11.95,27.02,16.15,36.52,18.99,15.88
2691,1/24/13,600519,-95.12,-96.72,-93.3,-97.68,59474,1171137856,0.57,-96.72,-93.3,-97.68,72.58,12.44,25.9,17.14,35.68,23.23,18.03
2692,1/25/13,600519,-102.47,-102.43,-100.16,-104.87,80008,1508197808,0.77,-102.43,-100.16,-104.87,77.07,12.44,31.03,16.14,40.26,28.43,20.4
2693,1/28/13,600519,-104.95,-111.15,-103.46,-111.56,158291,2857092944,1.52,-111.15,-103.46,-111.56,79.86,8.33,37.72,10.43,47.23,38.92,25.02
2694,1/29/13,600519,-113.22,-111.43,-109.92,-116.52,115448,2034723440,1.11,-111.43,-109.92,-116.52,80.83,2.71,42.68,3.35,52.8,51.45,31.71
2695,1/30/13,600519,-112.35,-109.81,-107.85,-112.65,71377,1285436672,0.69,-109.81,-107.85,-112.65,82.32,4.78,42.68,5.81,51.85,58.05,36.66
2696,1/31/13,600519,-108.92,-110.82,-108.42,-111.75,37816,678384688,0.36,-110.82,-108.42,-111.75,81.29,4.78,40.1,5.88,49.33,64.72,41.85
2697,2/1/13,600519,-110.84,-110.75,-108.45,-111.54,45266,813241680,0.44,-110.75,-108.45,-111.54,77.4,4.78,34.26,6.18,44.26,71.45,47.34
2698,2/4/13,600519,-109.91,-113.93,-109.12,-114.87,64964,1142310992,0.63,-113.93,-109.12,-114.87,78.79,3.29,37.59,4.18,47.71,78.31,53.37
2699,2/5/13,600519,-114.08,-106.25,-106.19,-115.03,87825,1575281152,0.85,-106.25,-106.19,-115.03,81.7,6.22,34.99,7.61,42.83,79.31,59.12
2700,2/6/13,600519,-105.79,-106.66,-105.72,-108.26,46195,849026096,0.44,-106.66,-105.72,-108.26,81.62,5.96,34.99,7.3,42.87,76.45,63.95
2701,2/7/13,600519,-107.43,-105.64,-104.5,-108.82,48568,895061568,0.47,-105.64,-104.5,-108.82,80.68,7.18,31.35,8.9,38.86,73.59,65.82
2702,2/8/13,600519,-105.65,-103.41,-102.97,-106.36,41573,778273776,0.4,-103.41,-102.97,-106.36,77.9,8.71,28.2,11.18,36.2,69.28,67.0
2703,2/18/13,600519,-103.05,-110.17,-103.05,-110.74,56570,1024714896,0.54,-110.17,-103.05,-110.74,76.72,8.71,26.55,11.35,34.61,65.12,68.29
2704,2/19/13,600519,-110.75,-111.63,-109.42,-112.55,37738,673362432,0.36,-111.63,-109.42,-112.55,75.14,8.71,28.36,11.59,37.74,59.97,69.14
2705,2/20/13,600519,-112.39,-111.65,-109.93,-114.03,36582,650765312,0.35,-111.65,-109.93,-114.03,74.86,8.22,29.84,10.98,39.86,57.81,68.56
2706,2/21/13,600519,-113.85,-109.89,-105.61,-114.0,53833,974530656,0.52,-109.89,-105.61,-114.0,75.1,12.54,22.65,16.7,30.16,50.78,63.61
2707,2/22/13,600519,-109.08,-105.29,-104.46,-109.08,62864,1163340816,0.61,-105.29,-104.46,-109.08,71.4,13.69,15.96,19.17,22.35,41.6,57.6
2708,2/25/13,600519,-106.6,-109.01,-105.49,-109.69,34549,629472576,0.33,-109.01,-105.49,-109.69,69.2,13.69,11.61,19.78,16.78,34.17,51.72
2709,2/26/13,600519,-109.33,-112.08,-106.6,-112.12,43755,783158032,0.42,-112.08,-106.6,-112.12,69.92,11.62,14.04,16.62,20.08,27.31,46.22
2710,2/27/13,600519,-112.71,-112.58,-110.98,-113.58,34158,602608240,0.33,-112.58,-110.98,-113.58,69.19,11.62,15.5,16.79,22.4,20.86,40.42
2711,2/28/13,600519,-111.73,-114.04,-111.73,-116.52,56786,990766784,0.55,-114.04,-111.73,-116.52,70.89,11.62,18.44,16.39,26.01,15.17,36.49
2712,3/1/13,600519,-114.62,-115.02,-113.25,-115.7,38003,661720752,0.37,-115.02,-113.25,-115.7,67.59,11.62,15.11,17.19,22.36,12.56,31.67
2713,3/4/13,600519,-115.1,-114.27,-112.7,-115.1,52073,912360624,0.5,-114.27,-112.7,-115.1,61.15,9.24,15.11,15.11,24.71,15.3,28.45
2714,3/5/13,600519,-113.69,-114.04,-112.84,-114.98,36975,648668784,0.36,-114.04,-112.84,-114.98,60.75,8.77,15.11,14.44,24.87,18.36,26.26
2715,3/6/13,600519,-113.22,-112.21,-112.14,-115.16,49227,861725424,0.47,-112.21,-112.14,-115.16,59.45,8.25,15.11,13.88,25.42,21.68,24.49
2716,3/7/13,600519,-110.42,-106.72,-102.8,-110.47,85191,1573676096,0.82,-106.72,-102.8,-110.47,65.47,16.06,15.11,24.53,23.08,19.8,20.33
2717,3/8/13,600519,-104.94,-106.5,-103.71,-106.88,35960,667118432,0.35,-106.5,-103.71,-106.88,60.95,16.06,10.73,26.35,17.6,19.34,17.25
2718,3/11/13,600519,-106.77,-105.61,-105.36,-108.41,34965,642927312,0.34,-105.61,-105.36,-108.41,60.87,16.06,10.45,26.38,17.17,20.69,16.62
2719,3/12/13,600519,-104.95,-108.11,-104.87,-109.91,25394,465220576,0.24,-108.11,-104.87,-109.91,61.81,16.06,10.47,25.98,16.94,20.18,17.74
2720,3/13/13,600519,-107.93,-106.74,-104.93,-107.93,30770,567812080,0.3,-106.74,-104.93,-107.93,56.6,11.74,10.47,20.74,18.5,16.71,17.53
2721,3/14/13,600519,-107.84,-110.79,-105.97,-111.02,35124,635985856,0.34,-110.79,-105.97,-111.02,56.22,10.59,13.56,18.84,24.12,13.87,17.77
2722,3/15/13,600519,-111.96,-112.41,-109.33,-113.96,35961,639236960,0.35,-112.41,-109.33,-113.96,56.45,10.59,15.89,18.76,28.15,16.69,18.25
2723,3/18/13,600519,-112.47,-118.63,-112.47,-119.67,78232,1336285504,0.75,-118.63,-112.47,-119.67,58.19,10.59,19.17,18.2,32.94,18.18,18.76
2724,3/19/13,600519,-119.66,-122.16,-118.32,-122.71,63414,1052322592,0.61,-122.16,-118.32,-122.71,59.98,10.59,20.75,17.66,34.59,20.06,20.37
2725,3/20/13,600519,-122.09,-118.25,-117.69,-123.05,71895,1202347856,0.69,-118.25,-117.69,-123.05,60.55,11.22,17.81,18.53,29.41,20.33,20.26
2726,3/21/13,600519,-118.59,-120.84,-118.59,-121.65,65393,1091400976,0.63,-120.84,-118.59,-121.65,61.5,11.22,17.81,18.24,28.96,23.16,19.94
2727,3/22/13,600519,-121.08,-118.96,-118.26,-121.72,45579,767262032,0.44,-118.96,-118.26,-121.72,62.56,11.0,17.81,17.58,28.47,25.05,19.46
2728,3/25/13,600519,-119.0,-118.98,-117.54,-119.74,31966,541959904,0.31,-118.98,-117.54,-119.74,62.62,11.72,17.81,18.72,28.44,25.15,20.92
2729,3/26/13,600519,-118.92,-118.27,-117.17,-119.49,32480,551865776,0.31,-118.27,-117.17,-119.49,61.92,11.39,17.81,18.39,28.76,24.01,21.1
2730,3/27/13,600519,-118.17,-120.83,-117.84,-121.98,47662,795809840,0.46,-120.83,-117.84,-121.98,56.65,2.05,20.3,3.62,35.83,32.22,26.14
2731,3/28/13,600519,-121.41,-120.8,-119.68,-124.53,41491,685703920,0.4,-120.8,-119.68,-124.53,58.33,2.05,22.85,3.51,39.17,42.36,31.34
2732,3/29/13,600519,-120.45,-119.12,-118.53,-121.46,47717,802924384,0.46,-119.12,-118.53,-121.46,58.21,3.2,21.32,5.5,36.63,50.89,37.02
2733,4/1/13,600519,-119.75,-122.35,-119.45,-122.65,29129,483197216,0.28,-122.35,-119.45,-122.65,56.7,3.2,21.01,5.64,37.05,59.21,42.13
2734,4/2/13,600519,-122.22,-123.37,-121.5,-123.74,32525,534554080,0.31,-123.37,-121.5,-123.74,55.76,3.2,22.1,5.74,39.63,68.22,46.69
2735,4/3/13,600519,-123.4,-123.26,-122.31,-123.81,21991,360543776,0.21,-123.26,-122.31,-123.81,52.21,3.2,19.08,6.13,36.54,76.44,50.22
2736,4/8/13,600519,-124.67,-122.87,-122.31,-126.07,37733,613230368,0.36,-122.87,-122.31,-126.07,51.34,3.2,18.4,6.23,35.84,74.56,53.39
2737,4/9/13,600519,-123.22,-123.46,-122.39,-124.21,24195,396645808,0.23,-123.46,-122.39,-124.21,45.9,3.2,12.69,6.97,27.65,70.59,56.47
2738,4/10/13,600519,-123.13,-118.21,-117.26,-124.21,70858,1194391200,0.68,-118.21,-117.26,-124.21,48.46,8.33,9.65,17.19,19.91,59.5,55.19
2739,4/11/13,600519,-118.17,-119.07,-117.35,-119.58,29730,504695120,0.29,-119.07,-117.35,-119.58,45.33,7.7,9.65,16.99,21.29,49.11,54.16
2740,4/12/13,600519,-119.07,-116.33,-114.54,-119.41,59800,1032119616,0.58,-116.33,-114.54,-119.41,46.8,10.51,9.65,22.46,20.62,37.37,52.8
2741,4/15/13,600519,-116.3,-115.91,-115.15,-118.16,28337,487286256,0.27,-115.91,-115.15,-118.16,46.35,10.18,9.65,21.96,20.82,25.94,51.19
2742,4/16/13,600519,-118.17,-115.56,-113.88,-118.5,39138,676673440,0.38,-115.56,-113.88,-118.5,48.77,10.73,9.65,22.0,19.79,15.09,44.82
2743,4/17/13,600519,-115.2,-111.16,-110.93,-115.24,42974,760898352,0.41,-111.16,-110.93,-115.24,51.08,13.31,9.65,26.06,18.89,7.79,39.19
2744,4/18/13,600519,-112.22,-110.61,-109.91,-113.21,41957,749007264,0.4,-110.61,-109.91,-113.21,50.24,14.33,7.16,28.52,14.25,12.13,35.81
2745,4/19/13,600519,-110.41,-110.55,-110.01,-112.48,39238,701185040,0.38,-110.55,-110.01,-112.48,47.86,14.33,4.61,29.94,9.63,18.81,33.96
2746,4/22/13,600519,-110.82,-115.11,-110.82,-115.28,42746,747616496,0.41,-115.11,-110.82,-115.28,49.66,13.18,7.41,26.54,14.92,22.77,30.07
2747,4/23/13,600519,-115.28,-116.68,-114.06,-116.77,30953,535923152,0.3,-116.68,-114.06,-116.77,48.84,13.18,7.71,26.99,15.79,26.69,26.31
2748,4/24/13,600519,-116.34,-114.15,-114.04,-117.93,30403,525381344,0.29,-114.15,-114.04,-117.93,50.49,13.18,7.78,26.1,15.41,30.1,22.59
2749,4/25/13,600519,-114.85,-112.64,-111.93,-115.51,25360,446045072,0.24,-112.64,-111.93,-115.51,52.57,15.29,7.71,29.09,14.67,32.94,20.36
2750,4/26/13,600519,-112.05,-114.88,-111.56,-115.69,16308,285787936,0.16,-114.88,-111.56,-115.69,52.94,15.66,5.45,29.58,10.29,35.44,23.78
2751,5/2/13,600519,-115.69,-117.26,-115.65,-118.98,28587,489586432,0.28,-117.26,-115.65,-118.98,55.22,15.66,8.74,28.36,15.83,31.61,25.21
2752,5/3/13,600519,-116.69,-116.15,-114.85,-117.68,21461,369986944,0.21,-116.15,-114.85,-117.68,51.1,11.33,8.74,22.17,17.1,29.09,25.93
2753,5/6/13,600519,-115.69,-111.73,-111.58,-116.54,30196,529181408,0.29,-111.73,-111.58,-116.54,53.83,14.6,8.74,27.12,16.24,28.91,27.8
2754,5/7/13,600519,-110.72,-103.55,-103.02,-110.72,71021,1305178752,0.68,-103.55,-103.02,-110.72,57.67,20.35,8.74,35.29,15.16,31.27,30.68
2755,5/8/13,600519,-103.46,-102.56,-101.65,-104.84,42416,799534960,0.41,-102.56,-101.65,-104.84,57.85,21.72,8.74,37.55,15.11,32.88,32.91
2756,5/9/13,600519,-102.26,-95.71,-95.69,-102.26,70135,1370326176,0.68,-95.71,-95.69,-102.26,60.1,26.41,8.74,43.94,14.54,33.19,34.32
2757,5/10/13,600519,-95.85,-95.77,-92.62,-96.68,48777,970170016,0.47,-95.77,-92.62,-96.68,59.53,26.53,8.74,44.57,14.68,36.87,34.24
2758,5/13/13,600519,-95.77,-95.3,-92.06,-98.53,32579,645155888,0.31,-95.3,-92.06,-98.53,62.7,25.51,10.59,40.69,16.89,41.61,35.35
2759,5/14/13,600519,-96.6,-100.66,-95.78,-101.64,36432,701153968,0.35,-100.66,-95.78,-101.64,66.57,25.51,13.7,38.32,20.58,42.45,35.68
2760,5/15/13,600519,-100.92,-97.79,-96.14,-101.05,23264,452499712,0.22,-97.79,-96.14,-101.05,66.75,25.51,10.9,38.22,16.33,42.48,36.88
2761,5/16/13,600519,-98.33,-97.64,-92.96,-99.99,45462,893376384,0.44,-97.64,-92.96,-99.99,71.07,28.69,9.41,40.37,13.24,43.81,38.35
2762,5/17/13,600519,-98.27,-96.76,-96.31,-99.17,33557,654713520,0.32,-96.76,-96.31,-99.17,70.04,28.69,8.25,40.96,11.78,44.66,38.93
2763,5/20/13,600519,-96.03,-97.51,-94.64,-97.97,30944,605797984,0.3,-97.51,-94.64,-97.97,69.79,28.25,8.25,40.48,11.82,45.38,41.13
2764,5/21/13,600519,-97.61,-97.5,-96.89,-98.74,23102,449227072,0.22,-97.5,-96.89,-98.74,67.51,27.88,9.02,41.3,13.36,47.01,44.31
2765,5/22/13,600519,-96.98,-93.82,-92.89,-97.43,46150,917905232,0.44,-93.82,-92.89,-97.43,68.02,31.88,5.73,46.87,8.42,53.58,48.02
2766,5/23/13,600519,-93.71,-91.36,-88.02,-93.71,62247,1272531728,0.6,-91.36,-88.02,-93.71,70.99,35.95,5.73,50.64,8.07,58.98,50.73
2767,5/24/13,600519,-90.08,-92.61,-87.46,-93.38,45073,915894080,0.43,-92.61,-87.46,-93.38,71.95,33.24,5.73,46.2,7.96,62.31,53.06
2768,5/27/13,600519,-91.75,-92.03,-91.65,-95.03,26778,536544400,0.26,-92.03,-91.65,-95.03,66.62,24.68,7.38,37.05,11.08,62.08,53.37
2769,5/28/13,600519,-91.83,-91.61,-90.65,-93.75,23676,477386720,0.23,-91.61,-90.65,-93.75,66.53,24.31,7.38,36.54,11.09,61.85,53.62
2770,5/29/13,600519,-90.9,-92.15,-87.7,-92.27,32340,659505376,0.31,-92.15,-87.7,-92.27,64.23,21.3,7.38,33.16,11.49,61.42,54.22
2771,5/30/13,600519,-92.72,-93.17,-91.05,-94.2,25019,500916432,0.24,-93.17,-91.05,-94.2,63.32,18.23,9.31,28.79,14.7,55.23,54.41
2772,5/31/13,600519,-92.58,-95.78,-92.22,-95.86,24591,490984240,0.24,-95.78,-92.22,-95.86,60.49,18.23,9.12,30.14,15.08,48.7,53.84
2773,6/3/13,600519,-94.95,-91.66,-91.27,-95.71,40257,807356528,0.39,-91.66,-91.27,-95.71,58.66,19.18,6.01,32.7,10.25,45.65,53.98
2774,6/4/13,600519,-91.48,-91.98,-89.0,-92.02,42357,862313616,0.41,-91.98,-89.0,-92.02,56.77,21.45,6.01,37.78,10.59,46.03,54.06
2775,6/5/13,600519,-91.74,-92.41,-91.31,-93.73,23724,476555328,0.23,-92.41,-91.31,-93.73,52.16,18.27,7.72,35.03,14.8,43.89,52.87
2776,6/6/13,600519,-92.38,-92.01,-89.41,-92.38,33877,688473440,0.33,-92.01,-89.41,-92.38,52.3,20.17,7.72,38.57,14.76,43.24,52.33
2777,6/7/13,600519,-92.12,-91.17,-88.08,-93.44,25478,502253008,0.25,-91.17,-88.08,-93.44,54.33,19.83,7.72,36.5,14.21,45.17,50.2
2778,6/13/13,600519,-92.11,-92.45,-89.33,-94.68,44999,876852224,0.43,-92.45,-89.33,-94.68,57.83,19.83,8.19,34.29,14.16,46.54,47.62
2779,6/14/13,600519,-92.75,-93.02,-92.21,-96.69,32519,625711424,0.31,-93.02,-92.21,-96.69,57.7,15.83,10.2,27.44,17.68,41.43,43.54
2780,6/17/13,600519,-92.81,-96.77,-92.22,-96.99,29689,568914656,0.29,-96.77,-92.22,-96.99,56.67,10.96,10.5,19.34,18.53,32.42,39.22
2781,6/18/13,600519,-97.03,-94.98,-94.85,-99.22,27378,516512032,0.26,-94.98,-94.85,-99.22,55.12,10.4,12.73,18.87,23.1,27.33,35.61
2782,6/19/13,600519,-95.61,-92.35,-91.79,-97.83,28909,556142176,0.28,-92.35,-91.79,-97.83,57.78,13.46,11.08,23.3,19.18,21.51,32.37
2783,6/20/13,600519,-92.65,-94.9,-91.81,-95.84,25587,493350640,0.25,-94.9,-91.81,-95.84,58.71,12.46,11.08,21.22,18.87,15.16,30.16
2784,6/21/13,600519,-96.31,-95.37,-91.48,-98.41,39654,762942576,0.38,-95.37,-91.48,-98.41,61.07,9.51,13.65,15.57,22.35,11.21,28.88
2785,6/24/13,600519,-95.01,-99.96,-94.69,-100.32,40807,765344880,0.39,-99.96,-94.69,-100.32,63.55,9.51,13.63,14.96,21.45,10.58,26.0
2786,6/25/13,600519,-100.01,-96.47,-96.09,-107.89,51352,952843632,0.49,-96.47,-96.09,-107.89,71.71,9.51,19.54,13.26,27.25,15.97,24.2
2787,6/26/13,600519,-97.59,-97.4,-96.49,-100.65,32903,613847376,0.32,-97.4,-96.49,-100.65,71.38,8.56,19.54,11.99,27.37,20.81,24.07
2788,6/27/13,600519,-97.4,-96.69,-94.4,-97.92,34136,651525216,0.33,-96.69,-94.4,-97.92,71.88,8.38,19.54,11.66,27.18,25.85,23.68
2789,6/28/13,600519,-97.29,-94.38,-93.48,-97.29,28070,540002736,0.27,-94.38,-93.48,-97.29,73.27,9.3,17.83,12.69,24.33,30.12,22.64
2790,7/1/13,600519,-94.66,-92.79,-92.23,-95.5,25829,498364208,0.25,-92.79,-92.23,-95.5,73.54,8.65,17.83,11.76,24.25,32.91,22.06
2791,7/2/13,600519,-92.81,-89.77,-88.91,-94.18,33453,656544864,0.32,-89.77,-88.91,-94.18,73.45,10.64,17.83,14.49,24.28,34.16,22.37
2792,7/3/13,600519,-88.99,-89.75,-88.24,-91.27,35425,702154064,0.34,-89.75,-88.24,-91.27,71.13,11.31,16.59,15.9,23.32,31.56,23.76
2793,7/4/13,600519,-90.5,-90.87,-88.19,-90.9,24215,480333712,0.23,-90.87,-88.19,-90.9,69.36,11.36,14.58,16.38,21.02,27.11,23.96
2794,7/5/13,600519,-90.64,-90.46,-88.6,-90.64,17780,351961200,0.17,-90.46,-88.6,-90.64,66.86,11.36,14.28,16.99,21.36,22.35,24.1
2795,7/8/13,600519,-90.65,-92.08,-89.82,-93.86,24114,471887312,0.23,-92.08,-89.82,-93.86,66.53,11.36,15.27,17.08,22.95,19.56,24.84
2796,7/9/13,600519,-91.13,-94.65,-91.13,-95.75,20234,390495520,0.19,-94.65,-91.13,-95.75,65.11,8.3,17.16,12.75,26.36,19.58,26.25
2797,7/10/13,600519,-95.34,-93.17,-92.95,-97.26,33245,635969696,0.32,-93.17,-92.95,-97.26,65.39,8.3,18.67,12.69,28.55,21.78,27.97
2798,7/11/13,600519,-92.58,-91.41,-90.97,-94.66,46057,897968912,0.44,-91.41,-90.97,-94.66,62.15,10.28,16.1,16.54,25.91,22.3,26.93
2799,7/12/13,600519,-92.12,-97.32,-90.75,-97.41,42992,823551968,0.41,-97.32,-90.75,-97.41,63.18,10.28,16.94,16.27,26.81,24.31,25.71
2800,7/15/13,600519,-96.85,-98.03,-96.26,-100.53,36607,683259584,0.35,-98.03,-96.26,-100.53,55.65,10.28,12.49,18.47,22.44,24.03,23.19
2801,7/16/13,600519,-97.86,-95.56,-95.28,-100.06,37011,698456704,0.36,-95.56,-95.28,-100.06,56.25,11.26,12.49,20.02,22.2,22.44,21.0
2802,7/17/13,600519,-95.93,-98.89,-95.69,-98.98,27388,517180736,0.26,-98.89,-95.69,-98.98,56.15,9.17,12.49,16.33,22.24,19.2,19.39
2803,7/18/13,600519,-98.82,-100.41,-98.45,-101.55,25700,475329680,0.25,-100.41,-98.45,-101.55,55.44,8.25,15.06,14.88,27.16,17.66,19.72
2804,7/19/13,600519,-100.46,-107.9,-100.46,-109.13,73319,1309145808,0.71,-107.9,-100.46,-109.13,60.89,7.0,22.64,11.5,37.18,22.78,22.54
2805,7/22/13,600519,-108.19,-108.84,-107.01,-110.35,27062,472471728,0.26,-108.84,-107.01,-110.35,58.96,3.68,23.86,6.24,40.47,30.91,27.61
2806,7/23/13,600519,-107.97,-104.94,-104.37,-108.75,28756,513622528,0.28,-104.94,-104.37,-108.75,60.4,5.65,23.86,9.35,39.5,39.58,31.8
2807,7/24/13,600519,-105.1,-109.05,-105.1,-110.31,44067,772480656,0.42,-109.05,-105.1,-110.31,63.06,5.6,25.42,8.88,40.31,49.36,35.9
2808,7/25/13,600519,-108.41,-105.65,-104.77,-109.32,39541,701690240,0.38,-105.65,-104.77,-109.32,65.34,5.93,25.42,9.08,38.9,57.17,38.19
2809,7/26/13,600519,-107.08,-108.76,-106.42,-108.82,19046,334279504,0.18,-108.76,-106.42,-108.82,64.47,5.93,22.2,9.2,34.43,61.94,39.8
2810,7/29/13,600519,-109.33,-111.78,-109.33,-112.04,26883,462873568,0.26,-111.78,-109.33,-112.04,63.13,5.93,23.53,9.39,37.27,63.1,42.94
2811,7/30/13,600519,-112.62,-114.17,-111.81,-116.51,42114,708812320,0.41,-114.17,-111.81,-116.51,63.55,5.93,26.49,9.33,41.68,61.46,46.19
2812,7/31/13,600519,-113.13,-114.11,-111.88,-114.77,14590,246901546,0.14,-114.11,-111.88,-114.77,62.75,3.95,26.49,6.29,42.22,63.52,51.55
2813,8/1/13,600519,-112.89,-111.31,-110.8,-113.65,24853,426199168,0.24,-111.31,-110.8,-113.65,59.4,5.03,23.74,8.47,39.97,63.71,56.54
2814,8/2/13,600519,-110.56,-107.89,-106.13,-110.65,29241,514840304,0.28,-107.89,-106.13,-110.65,60.31,9.7,20.62,16.08,34.19,59.35,58.26
2815,8/5/13,600519,-107.89,-108.32,-107.27,-109.65,18065,316638080,0.17,-108.32,-107.27,-109.65,57.91,8.72,20.62,15.06,35.61,56.47,59.21
2816,8/6/13,600519,-109.62,-108.55,-108.32,-110.64,26562,462053664,0.26,-108.55,-108.32,-110.64,56.81,8.72,21.61,15.35,38.04,53.6,58.35
2817,8/7/13,600519,-108.9,-107.6,-105.71,-109.79,28378,501679184,0.27,-107.6,-105.71,-109.79,57.79,11.33,19.04,19.61,32.95,47.26,54.36
2818,8/8/13,600519,-107.56,-108.6,-106.79,-109.23,16077,282184720,0.15,-108.6,-106.79,-109.23,51.51,11.33,11.46,22.0,22.25,35.01,49.26
2819,8/9/13,600519,-108.37,-110.53,-107.84,-112.09,22889,396239808,0.22,-110.53,-107.84,-112.09,52.42,11.33,13.1,21.61,24.99,25.38,44.54
2820,8/12/13,600519,-110.56,-106.0,-105.9,-110.79,39390,692000832,0.38,-106.0,-105.9,-110.79,52.84,10.63,13.1,20.12,24.79,21.11,40.23
2821,8/13/13,600519,-106.25,-104.65,-104.19,-107.5,25436,453549744,0.25,-104.65,-104.19,-107.5,50.78,12.34,11.54,24.3,22.73,14.91,35.69
2822,8/14/13,600519,-104.7,-105.69,-102.67,-105.93,21722,392821872,0.21,-105.69,-102.67,-105.93,49.49,13.53,11.54,27.34,23.32,9.15,31.37
2823,8/15/13,600519,-105.55,-106.7,-103.61,-106.76,15366,274789280,0.15,-106.7,-103.61,-106.76,49.47,13.53,12.37,27.35,25.01,5.67,26.46
2824,8/16/13,600519,-106.65,-109.23,-103.78,-109.52,34974,617783344,0.34,-109.23,-103.78,-109.52,51.93,13.53,11.91,26.05,22.93,6.63,20.82
2825,8/19/13,600519,-108.41,-108.6,-107.99,-110.39,19358,337652096,0.19,-108.6,-107.99,-110.39,49.6,13.53,8.31,27.28,16.75,9.41,17.39
2826,8/20/13,600519,-109.44,-109.89,-108.74,-110.64,31251,541646640,0.3,-109.89,-108.74,-110.64,48.75,13.53,8.56,27.75,17.56,11.42,16.27
2827,8/21/13,600519,-108.73,-108.99,-108.61,-110.89,23103,401820448,0.22,-108.99,-108.61,-110.89,47.72,12.45,8.81,26.09,18.46,13.72,14.31
2828,8/22/13,600519,-109.07,-108.67,-107.35,-109.55,15502,272139856,0.15,-108.67,-107.35,-109.55,44.74,9.04,8.81,20.21,19.69,12.61,10.88
2829,8/23/13,600519,-107.94,-110.4,-107.93,-111.63,19530,338959488,0.19,-110.4,-107.93,-111.63,46.06,9.04,10.89,19.63,23.64,13.41,9.54
2830,8/26/13,600519,-110.3,-109.61,-108.74,-111.22,16885,293255616,0.16,-109.61,-108.74,-111.22,46.22,9.04,9.9,19.56,21.42,13.11,9.87
2831,8/27/13,600519,-109.75,-110.27,-109.75,-111.22,24437,422029088,0.24,-110.27,-109.75,-111.22,43.75,6.43,9.9,14.7,22.63,12.66,11.04
2832,8/28/13,600519,-111.08,-112.95,-111.08,-113.22,30603,521639360,0.29,-112.95,-111.08,-113.22,44.26,6.43,11.9,14.53,26.89,13.89,12.65
2833,8/29/13,600519,-112.87,-114.13,-112.59,-114.43,21804,368545680,0.21,-114.13,-112.59,-114.43,41.85,6.43,10.25,15.36,24.49,14.85,14.28
2834,8/30/13,600519,-114.13,-113.88,-113.7,-114.89,25861,435606368,0.25,-113.88,-113.7,-114.89,38.15,4.49,10.71,11.77,28.07,21.46,17.03
2835,9/2/13,600519,-120.47,-127.81,-120.47,-127.83,224971,3438418528,2.17,-127.81,-120.47,-127.83,48.79,2.78,23.65,5.7,48.47,33.07,23.24
2836,9/3/13,600519,-128.57,-128.03,-127.08,-130.22,123211,1855978592,1.19,-128.03,-127.08,-130.22,48.67,1.26,26.04,2.59,53.5,47.44,30.27
2837,9/4/13,600519,-127.75,-127.66,-126.46,-128.08,76790,1171694800,0.74,-127.66,-126.46,-128.08,47.14,1.88,25.21,3.99,53.48,58.25,35.46
2838,9/5/13,600519,-127.86,-129.18,-127.08,-129.98,71283,1070129376,0.69,-129.18,-127.08,-129.98,44.3,1.88,24.35,4.24,54.97,67.56,40.72
2839,9/6/13,600519,-129.32,-129.17,-128.65,-129.59,37784,567391472,0.36,-129.17,-128.65,-129.59,42.84,1.88,23.48,4.39,54.81,77.94,46.39
2840,9/9/13,600519,-128.57,-128.61,-128.14,-129.5,69271,1042258768,0.67,-128.61,-128.14,-129.5,42.16,2.39,23.23,5.67,55.1,84.67,53.06
2841,9/10/13,600519,-128.74,-128.06,-127.84,-129.33,54093,816720656,0.52,-128.06,-127.84,-129.33,41.37,2.69,22.98,6.5,55.55,84.69,58.88
2842,9/11/13,600519,-127.95,-127.27,-127.1,-129.4,69013,1045733440,0.66,-127.27,-127.1,-129.4,41.47,2.17,22.98,5.23,55.41,83.35,65.39
2843,9/12/13,600519,-127.22,-127.97,-126.75,-128.4,47723,725740672,0.46,-127.97,-126.75,-128.4,39.42,2.52,20.9,6.39,53.02,82.07,70.16
2844,9/13/13,600519,-128.0,-127.73,-125.7,-128.03,68255,1044001952,0.66,-127.73,-125.7,-128.03,39.27,3.57,20.9,9.09,53.22,79.6,73.58
2845,9/16/13,600519,-127.23,-129.69,-127.23,-129.74,58877,889024064,0.57,-129.69,-127.23,-129.74,40.17,3.57,22.61,8.89,56.29,77.53,77.73
2846,9/17/13,600519,-130.22,-136.59,-130.06,-137.24,109058,1571781600,1.05,-136.59,-130.06,-137.24,44.77,3.57,28.11,7.97,62.79,76.88,80.78
2847,9/18/13,600519,-136.84,-136.09,-135.7,-138.08,67318,949223072,0.65,-136.09,-135.7,-138.08,45.31,3.57,27.74,7.88,61.22,76.57,80.63
2848,9/23/13,600519,-136.02,-136.99,-136.01,-137.62,65410,921212144,0.63,-136.99,-136.01,-137.62,45.73,3.57,27.28,7.81,59.65,75.59,79.47
2849,9/24/13,600519,-136.84,-140.31,-135.79,-140.39,98819,1371542704,0.95,-140.31,-135.79,-140.39,36.38,3.57,17.11,9.81,47.03,73.42,77.75
2850,9/25/13,600519,-140.51,-141.66,-139.73,-143.43,69789,943851488,0.67,-141.66,-139.73,-143.43,36.94,3.57,17.76,9.66,48.08,72.71,76.15
2851,9/26/13,600519,-142.62,-141.45,-140.79,-142.62,47228,638421040,0.45,-141.45,-140.79,-142.62,37.15,2.95,17.76,7.94,47.81,72.5,75.02
2852,9/27/13,600519,-141.39,-142.57,-140.84,-142.79,34639,465617872,0.33,-142.57,-140.84,-142.79,36.2,2.95,16.03,8.15,44.28,71.08,73.98
2853,9/30/13,600519,-142.68,-141.02,-140.71,-143.02,50461,681360336,0.49,-141.02,-140.71,-143.02,37.57,2.95,16.26,7.85,43.28,69.76,73.17
2854,10/8/13,600519,-141.17,-140.41,-139.81,-142.46,56867,773294160,0.55,-140.41,-139.81,-142.46,38.86,3.34,16.26,8.59,41.84,67.94,71.76
2855,10/9/13,600519,-140.47,-140.15,-139.81,-141.13,40815,557664496,0.39,-140.15,-139.81,-141.13,38.69,3.04,16.26,7.86,42.03,68.44,70.93
2856,10/10/13,600519,-140.14,-140.11,-139.83,-140.76,29046,397207808,0.28,-140.11,-139.83,-140.76,37.32,2.3,16.26,6.16,43.57,69.89,71.3
2857,10/11/13,600519,-141.55,-139.71,-139.46,-141.55,36456,499830912,0.35,-139.71,-139.46,-141.55,37.76,1.95,17.05,5.16,45.15,71.22,71.86
2858,10/14/13,600519,-139.36,-137.95,-137.89,-139.88,55275,767129552,0.53,-137.95,-137.89,-139.88,37.42,2.47,17.05,6.6,45.56,72.18,71.63
2859,10/15/13,600519,-137.88,-134.15,-133.7,-138.42,69278,986261712,0.67,-134.15,-133.7,-138.42,39.63,6.66,15.34,16.81,38.71,67.21,68.49
2860,10/16/13,600519,-132.46,-134.16,-131.3,-135.93,94813,1382754192,0.91,-134.16,-131.3,-135.93,36.71,9.06,7.84,24.68,21.36,57.43,62.68
2861,10/17/13,600519,-133.87,-134.2,-132.87,-134.77,48621,703391968,0.47,-134.2,-132.87,-134.77,36.23,9.06,7.0,25.01,19.32,48.15,58.29
2862,10/18/13,600519,-133.95,-135.2,-133.6,-136.01,35575,510349744,0.34,-135.2,-133.6,-136.01,37.03,9.06,8.24,24.47,22.25,36.4,53.15
2863,10/21/13,600519,-134.76,-133.46,-133.28,-135.84,47023,677908672,0.45,-133.46,-133.28,-135.84,34.99,9.38,5.47,26.81,15.63,27.54,49.38
2864,10/22/13,600519,-133.7,-134.84,-133.7,-135.39,24581,353140640,0.24,-134.84,-133.7,-135.39,33.22,9.38,2.43,28.24,7.31,24.9,48.54
2865,10/23/13,600519,-134.97,-134.61,-133.79,-135.84,26215,375070080,0.25,-134.61,-133.79,-135.84,33.44,9.38,2.88,28.05,8.61,27.16,47.19
2866,10/24/13,600519,-134.94,-134.6,-134.38,-135.43,26255,376580496,0.25,-134.6,-134.38,-135.43,32.54,9.38,2.71,28.83,8.33,35.16,46.29
2867,10/25/13,600519,-135.18,-140.37,-135.18,-141.3,58584,807380208,0.56,-140.37,-135.18,-141.3,36.93,9.38,8.35,25.4,22.61,33.99,41.07
2868,10/28/13,600519,-141.15,-142.65,-140.33,-143.23,32141,431472144,0.31,-142.65,-140.33,-143.23,37.18,8.48,10.28,22.81,27.65,34.8,35.6
2869,10/29/13,600519,-142.5,-143.61,-142.08,-144.69,35183,468246864,0.34,-143.61,-142.08,-144.69,38.47,8.48,11.74,22.04,30.52,33.09,30.32
2870,10/30/13,600519,-143.46,-143.79,-143.2,-144.31,25343,335579616,0.24,-143.79,-143.2,-144.31,38.65,8.48,11.74,21.94,30.38,25.97,25.44
2871,10/31/13,600519,-143.74,-141.7,-140.55,-143.86,34893,471033936,0.34,-141.7,-140.55,-143.86,39.87,11.13,10.95,27.92,27.46,17.27,22.22
2872,11/1/13,600519,-142.35,-141.65,-141.1,-142.79,22154,299057616,0.21,-141.65,-141.1,-142.79,39.57,9.56,10.95,24.16,27.67,9.21,22.18
2873,11/4/13,600519,-141.42,-140.69,-140.17,-141.57,19436,264834002,0.19,-140.69,-140.17,-141.57,36.33,6.3,10.95,17.34,30.14,12.73,23.36
2874,11/5/13,600519,-141.13,-139.22,-138.99,-142.04,27843,381603616,0.27,-139.22,-138.99,-142.04,34.75,5.08,10.95,14.62,31.51,17.24,26.02
2875,11/6/13,600519,-139.08,-137.95,-136.83,-139.73,44449,619496992,0.43,-137.95,-136.83,-139.73,35.75,7.24,10.95,20.25,30.63,17.95,25.52
2876,11/7/13,600519,-138.19,-138.51,-137.76,-140.39,21359,294635360,0.21,-138.51,-137.76,-140.39,35.97,7.24,10.37,20.13,28.83,18.22,22.1
2877,11/8/13,600519,-138.82,-140.85,-137.67,-140.96,21537,298492272,0.21,-140.85,-137.67,-140.96,36.7,6.92,10.94,18.86,29.81,21.84,19.56
2878,11/11/13,600519,-139.32,-138.03,-136.27,-140.82,52329,729491568,0.5,-138.03,-136.27,-140.82,39.35,8.32,10.94,21.14,27.8,22.98,16.09
2879,11/12/13,600519,-138.14,-133.66,-133.24,-138.45,69478,997440464,0.67,-133.66,-133.24,-138.45,42.51,11.35,10.49,26.7,24.68,19.14,15.94
2880,11/13/13,600519,-134.28,-133.76,-132.33,-135.1,31881,460888128,0.31,-133.76,-132.33,-135.1,44.23,12.26,10.49,27.72,23.72,14.33,15.78
2881,11/14/13,600519,-133.53,-134.3,-133.53,-136.27,24042,344294688,0.23,-134.3,-133.53,-136.27,40.27,12.26,5.79,30.44,14.38,16.91,17.43
2882,11/15/13,600519,-134.57,-134.82,-133.84,-135.93,33598,481165008,0.32,-134.82,-133.84,-135.93,39.46,12.26,3.86,31.07,9.78,22.63,20.43
2883,11/18/13,600519,-134.36,-134.78,-133.65,-135.35,41572,596980144,0.4,-134.78,-133.65,-135.35,38.55,12.45,2.4,32.3,6.23,30.16,26.0
2884,11/19/13,600519,-134.77,-135.33,-134.19,-136.59,41167,588099504,0.4,-135.33,-134.19,-136.59,39.84,12.45,3.64,31.25,9.14,37.02,30.0
2885,11/20/13,600519,-135.4,-135.96,-135.25,-136.51,25518,362889664,0.25,-135.96,-135.25,-136.51,37.79,9.8,3.64,25.93,9.63,44.0,31.57
2886,11/21/13,600519,-136.27,-138.77,-135.77,-138.86,32992,459524464,0.32,-138.77,-135.77,-138.86,39.19,9.8,5.99,25.01,15.28,46.72,30.53
2887,11/22/13,600519,-138.77,-138.93,-138.2,-139.33,28111,389528912,0.27,-138.93,-138.2,-139.33,38.84,8.87,6.46,22.84,16.63,43.37,30.14
2888,11/25/13,600519,-139.5,-136.89,-136.13,-139.71,26181,367831840,0.25,-136.89,-136.13,-139.71,39.37,9.76,6.46,24.79,16.41,38.08,30.35
2889,11/26/13,600519,-136.84,-137.68,-136.14,-137.84,16406,230259508,0.16,-137.68,-136.14,-137.84,38.17,7.6,6.46,19.91,16.92,28.15,29.15
2890,11/27/13,600519,-137.67,-137.7,-136.68,-138.82,15680,219358339,0.15,-137.7,-136.68,-138.82,37.68,7.6,6.78,20.17,17.99,19.97,28.5
2891,11/28/13,600519,-137.68,-136.15,-135.47,-137.68,22241,315027616,0.21,-136.15,-135.47,-137.68,36.62,8.81,6.21,24.06,16.96,15.22,29.61
2892,11/29/13,600519,-136.84,-136.47,-136.3,-137.73,20424,287184368,0.2,-136.47,-136.3,-137.73,33.62,7.41,6.26,22.04,18.62,12.6,29.66
2893,12/2/13,600519,-137.65,-140.32,-137.44,-140.56,42892,591853936,0.41,-140.32,-137.44,-140.56,32.5,4.38,9.09,13.48,27.97,15.81,29.59
2894,12/3/13,600519,-140.51,-139.66,-139.38,-141.51,32882,448934464,0.32,-139.66,-139.38,-141.51,31.86,3.47,10.04,10.89,31.51,20.52,29.3
2895,12/4/13,600519,-139.76,-138.92,-138.47,-140.5,33510,463071200,0.32,-138.92,-138.47,-140.5,31.15,4.38,8.87,14.06,28.48,24.82,26.48
2896,12/5/13,600519,-138.95,-140.15,-138.95,-140.18,19326,265765318,0.19,-140.15,-138.95,-140.18,30.32,4.38,8.87,14.45,29.25,29.52,24.74
2897,12/6/13,600519,-140.33,-138.7,-138.41,-140.97,29151,402741312,0.28,-138.7,-138.41,-140.97,31.18,4.19,9.66,13.44,30.98,33.21,24.22
2898,12/9/13,600519,-138.82,-139.37,-138.74,-140.97,25372,347999968,0.24,-139.37,-138.74,-140.97,31.05,4.19,8.42,13.49,27.12,37.4,25.0
2899,12/10/13,600519,-139.72,-140.18,-139.4,-140.8,25393,347805552,0.24,-140.18,-139.4,-140.8,31.22,4.19,8.42,13.42,26.97,37.16,26.49
2900,12/11/13,600519,-140.26,-140.65,-139.65,-140.83,19868,271716032,0.19,-140.65,-139.65,-140.83,29.31,4.19,6.1,14.3,20.81,32.15,26.34
2901,12/12/13,600519,-140.7,-140.64,-139.86,-140.8,18307,250384797,0.18,-140.64,-139.86,-140.8,29.12,4.19,5.63,14.39,19.33,28.95,26.88
2902,12/13/13,600519,-140.78,-140.64,-139.82,-140.79,19267,263371186,0.19,-140.64,-139.82,-140.79,26.51,2.16,5.63,8.15,21.24,30.73,30.12
2903,12/16/13,600519,-140.96,-143.47,-140.62,-143.56,32869,439536256,0.32,-143.47,-140.62,-143.56,27.75,2.16,8.4,7.78,30.27,33.99,33.6
2904,12/17/13,600519,-143.49,-143.27,-142.02,-143.94,15641,209082464,0.15,-143.27,-142.02,-143.94,27.53,2.16,7.8,7.85,28.33,37.84,37.62
2905,12/18/13,600519,-143.46,-143.87,-143.03,-144.02,20105,266750697,0.19,-143.87,-143.03,-144.02,26.29,0.95,7.88,3.61,29.97,45.33,41.25
2906,12/19/13,600519,-143.21,-144.98,-143.12,-145.02,17813,235156558,0.17,-144.98,-143.12,-145.02,26.61,0.95,8.83,3.57,33.18,55.66,43.91
2907,12/20/13,600519,-144.89,-148.7,-144.48,-149.23,38556,495862864,0.37,-148.7,-144.48,-149.23,27.27,0.95,10.21,3.48,37.44,67.05,48.0
2908,12/23/13,600519,-148.88,-148.81,-147.88,-149.13,19223,243709867,0.19,-148.81,-147.88,-149.13,26.39,0.95,9.26,3.6,35.09,73.19,51.96
2909,12/24/13,600519,-148.41,-148.73,-147.83,-148.92,27897,354505536,0.27,-148.73,-147.83,-148.92,25.45,0.09,9.26,0.35,36.39,79.69,56.84
2910,12/25/13,600519,-148.41,-149.02,-148.1,-149.32,18439,233016830,0.18,-149.02,-148.1,-149.32,25.41,0.09,9.66,0.35,38.02,86.61,62.22
2911,12/26/13,600519,-149.23,-150.27,-149.04,-150.77,34156,427007200,0.33,-150.27,-149.04,-150.77,24.6,0.09,10.32,0.37,41.95,89.91,67.62
2912,12/27/13,600519,-149.89,-149.07,-148.22,-150.27,25455,321517728,0.25,-149.07,-148.22,-150.27,24.38,0.91,10.32,3.73,42.33,90.44,73.05
2913,12/30/13,600519,-148.86,-150.51,-148.42,-150.89,32167,401569200,0.31,-150.51,-148.42,-150.89,25.42,0.91,10.94,3.58,43.04,90.72,78.88
2914,12/31/13,600519,-150.89,-147.27,-146.5,-152.13,57546,730676608,0.55,-147.27,-146.5,-152.13,29.87,2.83,10.91,9.47,36.52,86.96,80.07
2915,1/2/14,600519,-147.59,-149.25,-147.59,-149.56,21977,277430224,0.21,-149.25,-147.59,-149.56,31.22,2.83,10.91,9.06,34.95,80.41,80.05
2916,1/3/14,600519,-149.85,-150.9,-149.4,-151.52,23342,288934608,0.22,-150.9,-149.4,-151.52,32.52,2.79,12.87,8.58,39.58,74.78,80.69
2917,1/6/14,600519,-151.81,-153.59,-150.14,-153.61,30229,367274768,0.29,-153.59,-150.14,-153.61,33.05,2.79,12.19,8.44,36.88,68.86,79.38
2918,1/7/14,600519,-154.1,-153.73,-153.08,-154.85,18039,216936563,0.17,-153.73,-153.08,-154.85,32.9,2.79,13.05,8.48,39.67,65.69,78.07
2919,1/8/14,600519,-153.79,-154.69,-153.22,-155.84,31990,380752976,0.31,-154.69,-153.22,-155.84,34.53,2.79,13.96,8.08,40.43,62.7,76.71
2920,1/9/14,600519,-155.02,-154.74,-152.7,-155.35,47887,575090336,0.46,-154.74,-152.7,-155.35,35.28,3.31,12.96,9.38,36.73,62.78,74.87
2921,1/10/14,600519,-155.01,-154.79,-153.84,-155.8,21127,251742737,0.2,-154.79,-153.84,-155.8,32.49,3.31,9.2,10.19,28.32,60.83,70.62
2922,1/13/14,600519,-154.77,-154.28,-152.27,-154.95,37646,454274352,0.36,-154.28,-152.27,-154.95,33.92,4.88,9.2,14.39,27.12,55.21,65.0
2923,1/14/14,600519,-154.03,-153.11,-152.71,-155.1,23475,282925552,0.23,-153.11,-152.71,-155.1,35.22,4.83,9.35,13.71,26.55,50.07,59.46
2924,1/15/14,600519,-153.77,-155.22,-153.24,-155.8,19721,235363881,0.19,-155.22,-153.24,-155.8,36.69,4.83,9.65,13.16,26.3,44.82,55.26
2925,1/16/14,600519,-155.14,-152.55,-152.17,-155.23,39120,474484848,0.38,-152.55,-152.17,-155.23,38.0,5.9,8.2,15.53,21.58,36.43,49.56
2926,1/17/14,600519,-152.7,-153.94,-152.0,-154.09,32364,393324784,0.31,-153.94,-152.0,-154.09,38.04,5.25,8.2,13.8,21.56,30.2,46.49
2927,1/20/14,600519,-152.62,-148.58,-148.16,-153.35,60091,751598256,0.58,-148.58,-148.16,-153.35,41.35,9.09,7.58,21.98,18.33,23.86,42.34
2928,1/21/14,600519,-149.23,-148.41,-146.99,-149.77,35405,451224688,0.34,-148.41,-146.99,-149.77,38.5,8.34,7.58,21.66,19.69,19.54,37.38
2929,1/22/14,600519,-148.42,-142.48,-141.95,-148.99,73668,975900192,0.71,-142.48,-141.95,-148.99,43.25,13.38,7.58,30.94,17.53,18.84,34.45
2930,1/23/14,600519,-142.47,-142.55,-141.46,-144.47,40258,538497408,0.39,-142.55,-141.46,-144.47,43.99,13.87,5.62,31.53,12.78,20.35,32.58
2931,1/24/14,600519,-143.03,-141.38,-141.22,-143.85,35781,482834464,0.34,-141.38,-141.22,-143.85,43.15,14.11,3.53,32.7,8.18,27.62,32.02
2932,1/27/14,600519,-141.89,-137.04,-134.54,-142.08,83511,1170783936,0.8,-137.04,-134.54,-142.08,48.92,20.79,2.29,42.5,4.68,37.33,33.76
2933,1/28/14,600519,-137.24,-138.31,-136.01,-139.73,36401,508739360,0.35,-138.31,-136.01,-139.73,50.02,20.79,1.3,41.56,2.6,50.52,37.19
2934,1/29/14,600519,-137.84,-140.13,-136.79,-140.56,31520,434136672,0.3,-140.13,-136.79,-140.56,51.14,20.27,2.13,39.64,4.17,63.22,41.38
2935,1/30/14,600519,-140.56,-144.11,-140.18,-145.1,37223,496967648,0.36,-144.11,-140.18,-145.1,54.15,20.27,6.22,37.43,11.49,67.45,43.15
2936,2/7/14,600519,-144.22,-142.71,-142.11,-145.05,23866,317924208,0.23,-142.71,-142.11,-145.05,54.41,18.7,6.22,34.37,11.43,68.74,44.55
2937,2/10/14,600519,-142.62,-143.56,-142.29,-145.22,36252,479835312,0.35,-143.56,-142.29,-145.22,54.95,18.7,6.24,34.03,11.36,67.07,47.35
2938,2/11/14,600519,-143.61,-142.59,-141.32,-144.19,43007,578123056,0.41,-142.59,-141.32,-144.19,55.13,19.67,5.54,35.68,10.05,63.06,50.19
2939,2/12/14,600519,-142.46,-142.5,-141.82,-143.19,19283,258332741,0.19,-142.5,-141.82,-143.19,53.44,18.6,5.54,34.81,10.37,57.37,53.95
2940,2/13/14,600519,-142.6,-141.24,-138.99,-142.61,38567,528398496,0.37,-141.24,-138.99,-142.61,54.97,21.26,5.54,38.68,10.08,53.65,58.44
2941,2/14/14,600519,-141.47,-135.27,-135.18,-141.47,67410,946589744,0.65,-135.27,-135.18,-141.47,55.48,21.23,5.54,38.27,9.99,54.58,61.01
2942,2/17/14,600519,-134.27,-129.41,-128.58,-134.27,87465,1301703984,0.84,-129.41,-128.58,-134.27,59.39,26.66,5.54,44.89,9.33,57.16,62.95
2943,2/18/14,600519,-129.86,-131.87,-129.86,-132.6,33640,496116912,0.32,-131.87,-129.86,-132.6,55.54,21.62,5.54,38.93,9.97,58.7,62.89
2944,2/19/14,600519,-131.84,-129.79,-127.76,-131.84,31483,472702784,0.3,-129.79,-127.76,-131.84,56.64,23.23,5.54,41.01,9.78,59.61,61.33
2945,2/20/14,600519,-129.81,-130.23,-128.09,-131.05,23189,346513536,0.22,-130.23,-128.09,-131.05,56.97,22.99,5.54,40.35,9.72,60.79,59.08
2946,2/21/14,600519,-131.05,-130.16,-129.27,-131.23,34125,508426624,0.33,-130.16,-129.27,-131.23,51.39,16.31,5.72,31.74,11.13,59.02,56.33
2947,2/24/14,600519,-130.14,-131.37,-128.51,-133.03,31179,463140896,0.3,-131.37,-128.51,-133.03,52.19,16.31,7.52,31.25,14.41,55.4,54.99
2948,2/25/14,600519,-131.05,-135.7,-130.72,-136.84,46280,662701584,0.45,-135.7,-130.72,-136.84,54.54,16.31,10.5,29.9,19.25,48.08,52.62
2949,2/26/14,600519,-137.2,-135.99,-133.55,-138.45,26514,377024800,0.26,-135.99,-133.55,-138.45,54.47,16.31,7.57,29.94,13.9,44.31,51.51
2950,2/27/14,600519,-135.89,-133.57,-132.88,-137.65,25646,367761888,0.25,-133.57,-132.88,-137.65,56.3,16.98,7.57,30.16,13.45,40.45,50.03
2951,2/28/14,600519,-133.53,-129.38,-128.74,-133.57,41926,626931552,0.4,-129.38,-128.74,-133.57,58.2,21.12,7.4,36.29,12.71,38.28,49.53
2952,3/3/14,600519,-129.4,-125.32,-125.27,-130.78,48817,745535040,0.47,-125.32,-125.27,-130.78,60.84,23.62,7.4,38.82,12.16,38.98,49.0
2953,3/4/14,600519,-127.65,-126.59,-121.72,-127.75,50867,795957008,0.49,-126.59,-121.72,-127.75,65.5,27.17,7.4,41.48,11.3,42.36,48.88
2954,3/5/14,600519,-126.07,-121.27,-121.14,-127.75,47212,741663984,0.45,-121.27,-121.14,-127.75,68.49,24.92,7.4,36.38,10.8,47.79,47.93
2955,3/6/14,600519,-120.96,-119.48,-119.23,-123.61,42741,684035152,0.41,-119.48,-119.23,-123.61,66.58,23.02,7.4,34.57,11.11,50.24,47.28
2956,3/7/14,600519,-119.48,-116.6,-115.18,-121.1,58110,952251168,0.56,-116.6,-115.18,-121.1,65.81,20.47,7.4,31.1,11.24,51.67,46.06
2957,3/10/14,600519,-117.17,-123.66,-116.34,-126.07,49985,797666912,0.48,-123.66,-116.34,-126.07,72.35,20.47,12.37,28.29,17.1,47.77,43.02
2958,3/11/14,600519,-124.44,-119.33,-118.16,-125.18,38561,619885232,0.37,-119.33,-118.16,-125.18,75.26,18.37,12.37,24.41,16.44,42.3,40.64
2959,3/12/14,600519,-120.24,-122.35,-118.16,-124.62,36764,582653264,0.35,-122.35,-118.16,-124.62,78.76,18.37,12.37,23.32,15.71,36.03,39.19
2960,3/13/14,600519,-123.12,-117.11,-116.92,-123.52,42638,695571568,0.41,-117.11,-116.92,-123.52,83.4,19.61,12.19,23.51,14.62,30.88,39.33
2961,3/14/14,600519,-117.78,-117.94,-116.18,-119.65,24934,407076144,0.24,-117.94,-116.18,-119.65,82.35,20.35,10.39,24.71,12.62,27.72,38.98
2962,3/17/14,600519,-117.0,-115.79,-115.63,-119.47,32199,529609728,0.31,-115.79,-115.63,-119.47,80.07,20.9,6.58,26.1,8.22,28.59,40.13
2963,3/18/14,600519,-114.27,-111.78,-107.75,-114.27,59474,1030329360,0.57,-111.78,-107.75,-114.27,83.21,28.78,4.97,34.59,5.97,36.24,42.0
2964,3/19/14,600519,-112.95,-109.26,-108.74,-113.7,35366,613576544,0.34,-109.26,-108.74,-113.7,83.4,28.11,4.97,33.71,5.96,44.64,43.47
2965,3/20/14,600519,-109.32,-113.55,-109.15,-113.7,33895,579777920,0.33,-113.55,-109.15,-113.7,83.12,23.97,4.97,28.84,5.98,52.33,44.18
2966,3/21/14,600519,-114.16,-111.71,-111.23,-116.59,40319,680945760,0.39,-111.71,-111.23,-116.59,82.97,20.5,7.86,24.71,9.47,55.87,43.38
2967,3/24/14,600519,-112.04,-111.8,-108.13,-112.95,26321,453477904,0.25,-111.8,-108.13,-112.95,81.76,20.05,7.86,24.52,9.61,57.75,42.74
2968,3/25/14,600519,-114.19,-115.51,-114.19,-124.78,62404,1024298848,0.6,-115.51,-114.19,-124.78,88.13,19.47,19.69,22.09,22.34,49.16,38.88
2969,3/26/14,600519,-116.92,-122.38,-116.08,-122.49,57376,927285408,0.55,-122.38,-116.08,-122.49,90.73,17.56,19.69,19.35,21.7,38.36,37.3
2970,3/27/14,600519,-123.07,-123.07,-120.47,-124.11,38045,603835728,0.37,-123.07,-120.47,-124.11,88.45,13.51,21.31,15.27,24.09,30.43,37.54
2971,3/28/14,600519,-122.94,-127.22,-121.97,-128.56,48273,740132768,0.46,-127.22,-121.97,-128.56,85.31,13.51,20.79,15.84,24.37,23.03,37.68
2972,3/31/14,600519,-127.74,-125.51,-123.3,-127.75,30584,473939136,0.29,-125.51,-123.3,-127.75,82.74,13.51,20.79,16.33,25.13,19.13,37.5
2973,4/1/14,600519,-125.51,-119.08,-119.03,-125.76,34047,544622704,0.33,-119.08,-119.03,-125.76,83.01,17.78,20.79,21.42,25.05,13.16,35.45
2974,4/2/14,600519,-118.87,-116.47,-113.15,-120.28,46698,777378720,0.45,-116.47,-113.15,-120.28,83.54,22.42,20.79,26.84,24.89,13.69,31.43
2975,4/3/14,600519,-114.89,-116.75,-114.78,-118.24,26918,444348448,0.26,-116.75,-114.78,-118.24,83.53,21.68,20.79,25.95,24.89,13.09,25.72
2976,4/4/14,600519,-117.29,-117.78,-116.75,-120.31,23207,377896960,0.22,-117.78,-116.75,-120.31,83.25,21.13,22.86,25.38,27.46,10.01,20.22
2977,4/8/14,600519,-117.89,-117.38,-116.65,-120.3,25927,423934496,0.25,-117.38,-116.65,-120.3,78.86,13.35,22.86,16.93,28.99,10.85,16.94
2978,4/9/14,600519,-116.99,-118.37,-115.65,-119.37,21619,354031808,0.21,-118.37,-115.65,-119.37,77.62,14.35,22.86,18.49,29.45,11.12,15.13
2979,4/10/14,600519,-118.43,-113.27,-112.03,-121.55,54178,897611264,0.52,-113.27,-112.03,-121.55,82.59,17.97,22.86,21.76,27.68,11.82,12.49
2980,4/11/14,600519,-111.22,-107.84,-104.94,-111.22,90226,1593651872,0.87,-107.84,-104.94,-111.22,85.56,25.06,19.97,29.29,23.34,13.07,13.38
2981,4/14/14,600519,-108.99,-109.27,-106.83,-110.39,26824,469646912,0.26,-109.27,-106.83,-110.39,84.3,21.96,19.97,26.05,23.69,13.52,13.3
2982,4/15/14,600519,-110.22,-109.16,-108.02,-110.22,25880,452432800,0.25,-109.16,-108.02,-110.22,73.52,21.96,8.14,29.87,11.07,20.51,15.26
2983,4/16/14,600519,-109.81,-112.03,-109.1,-112.71,22041,379301952,0.21,-112.03,-109.1,-112.71,70.15,21.96,10.63,31.3,15.15,21.93,16.39
2984,4/17/14,600519,-112.21,-108.57,-107.91,-112.7,29744,517914688,0.29,-108.57,-107.91,-112.7,71.3,23.15,9.01,32.47,12.64,25.45,18.28
2985,4/18/14,600519,-108.74,-108.48,-106.45,-110.14,19601,344825520,0.19,-108.48,-106.45,-110.14,68.4,24.61,4.56,35.98,6.67,34.91,23.36
2986,4/21/14,600519,-109.56,-111.18,-107.93,-111.22,18334,318935968,0.18,-111.18,-107.93,-111.22,67.24,24.61,5.64,36.6,8.39,43.47,28.27
2987,4/22/14,600519,-111.22,-111.11,-108.63,-111.61,22345,387206384,0.22,-111.11,-108.63,-111.61,63.49,20.34,6.03,32.04,9.5,51.73,32.62
2988,4/23/14,600519,-111.15,-107.86,-107.51,-111.19,33756,592119536,0.33,-107.86,-107.51,-111.19,60.04,15.58,6.03,25.95,10.04,51.44,35.98
2989,4/24/14,600519,-107.79,-108.11,-107.32,-109.81,12581,220213004,0.12,-108.11,-107.32,-109.81,59.07,15.77,6.03,26.7,10.21,53.09,37.51
2990,4/25/14,600519,-114.54,-117.26,-114.52,-119.65,95877,1581409280,0.92,-117.26,-114.52,-119.65,67.05,15.77,13.8,23.52,20.58,46.87,36.16
2991,4/28/14,600519,-119.41,-118.83,-117.37,-121.29,33029,535511088,0.32,-118.83,-117.37,-121.29,67.43,15.67,15.44,23.24,22.9,35.54,35.22
2992,4/29/14,600519,-118.82,-118.17,-116.6,-119.09,27996,459181200,0.27,-118.17,-116.6,-119.09,66.2,15.44,15.44,23.32,23.32,25.09,34.28
2993,4/30/14,600519,-117.87,-117.93,-117.59,-119.04,19221,314017280,0.19,-117.93,-117.59,-119.04,58.13,11.82,15.44,20.33,26.56,18.26,34.99
2994,5/5/14,600519,-118.24,-120.93,-118.24,-123.55,36743,585326688,0.35,-120.93,-118.24,-123.55,55.42,4.73,19.95,8.53,36.0,21.17,36.31
2995,5/6/14,600519,-121.13,-120.48,-118.9,-121.13,13623,219512505,0.13,-120.48,-118.9,-121.13,54.09,4.73,19.95,8.74,36.88,24.0,38.55
2996,5/7/14,600519,-119.8,-120.59,-119.8,-121.46,11961,192090276,0.12,-120.59,-119.8,-121.46,53.55,4.73,20.28,8.83,37.87,33.26,40.06
2997,5/8/14,600519,-120.47,-120.58,-119.08,-120.79,14698,237490046,0.14,-120.58,-119.08,-120.79,51.65,5.45,17.79,10.55,34.44,41.98,38.76
2998,5/9/14,600519,-120.59,-120.62,-119.23,-120.89,16721,269803728,0.16,-120.62,-119.23,-120.89,48.52,4.26,17.89,8.78,36.87,52.24,38.66
2999,5/12/14,600519,-119.24,-120.38,-119.23,-121.55,26195,420667488,0.25,-120.38,-119.23,-121.55,47.15,2.8,18.55,5.94,39.34,62.32,40.29
3000,5/13/14,600519,-120.5,-120.52,-119.8,-121.5,15939,256197646,0.15,-120.52,-119.8,-121.5,45.56,2.8,17.47,6.15,38.35,64.1,42.64
3001,5/14/14,600519,-121.14,-125.04,-120.37,-126.08,34017,534826240,0.33,-125.04,-120.37,-126.08,48.29,2.8,21.66,5.8,44.85,66.68,45.34
3002,5/15/14,600519,-125.28,-124.32,-123.55,-125.68,16983,264995351,0.16,-124.32,-123.55,-125.68,46.74,1.68,21.66,3.59,46.34,70.58,51.92
3003,5/16/14,600519,-124.32,-125.13,-123.53,-125.54,18467,286938912,0.18,-125.13,-123.53,-125.54,46.26,1.51,21.66,3.26,46.82,76.23,59.1
3004,5/19/14,600519,-127.33,-131.07,-126.92,-131.1,56250,838456336,0.54,-131.07,-126.92,-131.1,40.69,1.51,17.38,3.71,42.71,79.97,66.1
3005,5/20/14,600519,-130.97,-133.55,-129.86,-134.69,46886,682615744,0.45,-133.55,-129.86,-134.69,41.49,1.51,19.33,3.64,46.59,81.93,72.12
3006,5/21/14,600519,-134.27,-128.57,-128.03,-134.4,38738,575063792,0.37,-128.57,-128.03,-134.4,45.37,2.57,19.33,5.66,42.61,82.62,73.36
3007,5/22/14,600519,-128.65,-129.36,-126.42,-129.69,18679,281907872,0.18,-129.36,-126.42,-129.69,47.19,4.18,19.33,8.86,40.96,80.51,73.59
3008,5/23/14,600519,-129.4,-127.5,-127.1,-129.41,14010,212338047,0.13,-127.5,-127.1,-129.41,43.88,4.18,14.82,9.53,33.77,75.58,73.08
3009,5/26/14,600519,-125.35,-126.45,-125.35,-127.04,8911,137024228,0.09,-126.45,-125.35,-127.04,43.8,5.93,14.82,13.54,33.84,68.22,72.22
3010,5/27/14,600519,-126.92,-126.75,-124.65,-127.03,13035,201097681,0.13,-126.75,-124.65,-127.03,44.52,6.63,14.49,14.89,32.55,60.42,70.2
3011,5/28/14,600519,-127.01,-126.14,-125.27,-127.08,12502,192903907,0.12,-126.14,-125.27,-127.08,44.62,5.91,14.54,13.25,32.59,53.21,67.57
3012,5/29/14,600519,-126.32,-125.85,-124.5,-126.54,10107,156525431,0.1,-125.85,-124.5,-126.54,45.0,6.68,14.44,14.84,32.09,46.57,64.6
3013,5/30/14,600519,-125.89,-126.74,-125.03,-126.9,9218,141927539,0.09,-126.74,-125.03,-126.9,44.55,6.68,14.14,14.99,31.74,41.81,61.16
3014,6/3/14,600519,-126.92,-127.11,-125.68,-127.54,13048,199563914,0.13,-127.11,-125.68,-127.54,44.71,6.68,14.78,14.94,33.06,38.76,57.17
3015,6/4/14,600519,-126.93,-128.45,-126.6,-129.38,10494,158991999,0.1,-128.45,-126.6,-129.38,41.78,6.68,12.04,15.99,28.82,36.39,52.31
3016,6/5/14,600519,-128.47,-125.46,-125.27,-129.95,20679,314507728,0.2,-125.46,-125.27,-129.95,44.33,8.01,12.04,18.07,27.16,33.54,46.98
3017,6/6/14,600519,-125.53,-126.43,-124.73,-127.51,9477,145936330,0.09,-126.43,-124.73,-127.51,45.1,8.53,12.04,18.91,26.7,29.35,41.28
3018,6/9/14,600519,-127.5,-126.73,-125.76,-127.5,10035,154198989,0.1,-126.73,-125.76,-127.5,40.87,8.53,6.48,20.87,15.86,25.5,36.04
3019,6/10/14,600519,-126.71,-125.43,-125.03,-126.71,19306,298186720,0.19,-125.43,-125.03,-126.71,37.74,9.26,2.89,24.54,7.66,28.27,35.04
3020,6/11/14,600519,-125.47,-126.14,-124.95,-126.75,10781,166086241,0.1,-126.14,-124.95,-126.75,33.17,7.51,2.89,22.64,8.71,29.38,34.07
3021,6/12/14,600519,-126.03,-127.22,-126.03,-127.65,11500,175855795,0.11,-127.22,-126.03,-127.65,31.52,5.9,3.79,18.72,12.02,28.24,32.32
3022,6/13/14,600519,-127.18,-127.08,-126.23,-128.44,16970,259337717,0.16,-127.08,-126.23,-128.44,31.42,5.9,4.58,18.78,14.58,26.99,30.27
3023,6/16/14,600519,-127.0,-125.75,-125.45,-127.41,16238,249568876,0.16,-125.75,-125.45,-127.41,31.23,4.93,4.58,15.79,14.67,24.76,27.06
3024,6/17/14,600519,-125.84,-126.76,-125.84,-127.58,16365,250297887,0.16,-126.76,-125.84,-127.58,30.68,4.23,4.75,13.79,15.48,23.45,24.48
3025,6/18/14,600519,-126.26,-126.44,-125.72,-126.59,14025,215965707,0.14,-126.44,-125.72,-126.59,29.91,4.35,4.7,14.54,15.71,15.36,21.81
3026,6/19/14,600519,-126.46,-127.14,-125.93,-127.33,11551,176868338,0.11,-127.14,-125.93,-127.33,29.27,3.58,5.44,12.23,18.59,11.39,20.39
3027,6/20/14,600519,-127.17,-126.77,-126.42,-127.48,12019,183993516,0.12,-126.77,-126.42,-127.48,28.46,3.58,5.23,12.58,18.38,10.88,19.56
3028,6/23/14,600519,-126.51,-124.18,-124.13,-126.62,28984,449611776,0.28,-124.18,-124.13,-126.62,29.24,5.87,4.59,20.08,15.7,10.82,18.91
3029,6/24/14,600519,-123.93,-118.18,-117.99,-123.99,38533,621636112,0.37,-118.18,-117.99,-123.99,32.65,12.01,2.75,36.78,8.42,20.66,22.71
3030,6/25/14,600519,-117.63,-120.45,-117.63,-121.11,38171,546556384,0.33,-120.45,-117.63,-121.11,31.45,11.04,2.75,35.1,8.74,29.72,26.58
3031,6/26/14,600519,-120.45,-120.99,-119.77,-121.2,36349,515915136,0.32,-120.99,-119.77,-121.2,30.1,10.5,2.84,34.88,9.44,38.64,27.0
3032,6/27/14,600519,-121.19,-122.13,-121.19,-123.19,26478,371027136,0.23,-122.13,-121.19,-123.19,30.56,10.5,4.83,34.36,15.8,41.37,26.38
3033,6/30/14,600519,-121.4,-120.68,-119.85,-122.11,24400,345879984,0.21,-120.68,-119.85,-122.11,31.14,11.11,4.83,35.68,15.51,44.82,27.85
3034,7/1/14,600519,-120.12,-120.87,-120.12,-121.75,11947,168987424,0.1,-120.87,-120.12,-121.75,30.97,11.03,4.83,35.62,15.6,49.29,30.06
3035,7/2/14,600519,-120.63,-120.59,-120.34,-121.57,12068,171127803,0.11,-120.59,-120.34,-121.57,30.58,11.03,3.93,36.07,12.85,46.75,33.7
3036,7/3/14,600519,-120.47,-119.51,-119.39,-121.2,19332,275808352,0.17,-119.51,-119.39,-121.2,30.18,11.98,3.14,39.7,10.4,46.47,38.09
3037,7/4/14,600519,-119.39,-119.46,-118.68,-120.0,15403,220860905,0.13,-119.46,-118.68,-120.0,29.54,11.91,3.14,40.32,10.63,46.61,42.63
3038,7/7/14,600519,-119.93,-118.7,-118.59,-120.47,22880,327900736,0.2,-118.7,-118.59,-120.47,29.59,11.91,3.44,40.25,11.63,49.64,45.51
3039,7/8/14,600519,-118.75,-120.5,-118.69,-121.55,21092,299615520,0.18,-120.5,-118.69,-121.55,31.41,11.79,4.52,37.54,14.39,50.51,47.66
3040,7/9/14,600519,-120.66,-121.35,-119.87,-121.55,14329,203120918,0.13,-121.35,-119.87,-121.55,31.69,11.79,3.78,37.2,11.93,52.57,50.93
3041,7/10/14,600519,-121.46,-121.53,-120.81,-121.93,12160,171762392,0.11,-121.53,-120.81,-121.93,31.75,11.79,4.01,37.13,12.63,52.86,49.8
3042,7/11/14,600519,-121.14,-120.78,-119.67,-121.46,18433,262292694,0.16,-120.78,-119.67,-121.46,30.97,10.64,4.01,34.36,12.95,50.66,48.57
3043,7/14/14,600519,-120.78,-113.6,-112.58,-121.11,46535,684819808,0.41,-113.6,-112.58,-121.11,33.31,11.59,4.01,34.79,12.04,49.05,47.83
3044,7/15/14,600519,-114.2,-109.92,-106.11,-114.2,58788,913284352,0.51,-109.92,-106.11,-114.2,37.92,17.7,4.01,46.68,10.57,50.36,50.0
3045,7/16/14,600519,-109.89,-109.23,-107.22,-109.89,24459,379071456,0.21,-109.23,-107.22,-109.89,39.19,17.7,3.92,45.16,10.0,53.55,52.03
3046,7/17/14,600519,-109.67,-109.98,-108.34,-111.57,20191,309501856,0.18,-109.98,-108.34,-111.57,40.22,17.7,3.61,44.01,8.98,56.0,54.28
3047,7/18/14,600519,-110.12,-103.4,-99.75,-110.93,74897,1200093424,0.66,-103.4,-99.75,-110.93,49.12,24.95,3.61,50.79,7.35,60.25,56.55
3048,7/21/14,600519,-103.94,-103.4,-101.68,-105.58,30143,485174688,0.26,-103.4,-101.68,-105.58,51.39,24.95,3.61,48.55,7.02,65.16,57.91
3049,7/22/14,600519,-104.66,-101.39,-100.66,-104.66,29821,483906544,0.26,-101.39,-100.66,-104.66,54.16,25.97,3.61,47.95,6.67,69.66,59.35
3050,7/23/14,600519,-102.48,-100.76,-99.75,-102.84,27836,455655824,0.24,-100.76,-99.75,-102.84,55.44,25.93,3.61,46.77,6.51,71.74,61.05
3051,7/24/14,600519,-100.88,-101.09,-96.02,-102.2,35682,595593136,0.31,-101.09,-96.02,-102.2,60.3,28.95,3.61,48.01,5.99,74.09,63.82
3052,7/25/14,600519,-100.66,-100.77,-98.8,-103.33,27834,454235008,0.24,-100.77,-98.8,-103.33,62.95,28.95,4.27,45.99,6.78,75.45,65.73
3053,7/28/14,600519,-100.45,-100.43,-97.03,-101.64,42969,706875696,0.38,-100.43,-97.03,-101.64,64.7,30.72,3.19,47.48,4.93,76.53,68.39
3054,7/29/14,600519,-100.39,-103.33,-100.39,-104.06,36017,580708800,0.32,-103.33,-100.39,-104.06,66.69,30.72,5.61,46.06,8.41,75.6,70.38
3055,7/30/14,600519,-103.62,-105.65,-103.62,-107.48,54876,865210176,0.48,-105.65,-103.62,-107.48,69.72,30.72,8.65,44.06,12.41,72.34,71.0
3056,7/31/14,600519,-105.85,-104.05,-103.95,-107.06,25206,400860672,0.22,-104.05,-103.95,-107.06,70.97,29.58,8.65,41.68,12.19,68.87,70.31
3057,8/1/14,600519,-104.14,-101.59,-100.39,-104.64,43260,704961968,0.38,-101.59,-100.39,-104.64,66.69,26.05,8.65,39.06,12.97,64.26,69.17
3058,8/4/14,600519,-101.57,-100.3,-99.19,-102.21,38848,637175456,0.34,-100.3,-99.19,-102.21,61.62,20.78,8.65,33.72,14.04,58.74,67.1
3059,8/5/14,600519,-100.66,-98.61,-98.24,-102.78,38358,627210400,0.34,-98.61,-98.24,-102.78,63.46,21.73,8.65,34.24,13.63,52.39,64.46
3060,8/6/14,600519,-99.93,-101.28,-99.04,-102.48,20317,332041712,0.18,-101.28,-99.04,-102.48,64.1,21.73,6.97,33.9,10.87,49.44,62.52
3061,8/7/14,600519,-101.48,-103.75,-100.3,-103.84,25396,411237184,0.22,-103.75,-100.3,-103.84,56.46,13.14,8.33,23.27,14.75,43.83,58.09
3062,8/8/14,600519,-102.51,-102.35,-101.27,-104.48,23819,384676144,0.21,-102.35,-101.27,-104.48,55.77,13.14,8.97,23.56,16.08,37.85,53.36
3063,8/11/14,600519,-102.04,-101.5,-101.39,-102.92,20071,326555328,0.18,-101.5,-101.39,-102.92,53.3,12.12,8.97,22.74,16.83,31.98,48.12
3064,8/12/14,600519,-102.65,-102.44,-101.8,-104.16,19604,316255856,0.17,-102.44,-101.8,-104.16,52.87,11.21,10.21,21.2,19.31,25.89,42.32
3065,8/13/14,600519,-102.44,-102.03,-99.95,-103.57,34454,560675712,0.3,-102.03,-99.95,-103.57,50.31,9.33,10.21,18.55,20.29,19.47,35.93
3066,8/14/14,600519,-102.46,-102.97,-101.17,-103.13,22959,373085472,0.2,-102.97,-101.17,-103.13,47.74,9.33,9.08,19.54,19.02,11.12,30.28
3067,8/15/14,600519,-102.3,-102.9,-102.03,-103.27,21803,352476096,0.19,-102.9,-102.03,-103.27,44.37,7.56,9.22,17.04,20.78,9.04,26.43
3068,8/18/14,600519,-102.48,-104.52,-102.2,-105.11,41698,667452064,0.37,-104.52,-102.2,-105.11,43.61,7.56,8.64,17.34,19.81,7.0,22.43
3069,8/19/14,600519,-104.52,-105.5,-104.52,-105.7,32096,509709616,0.28,-105.5,-104.52,-105.7,40.64,7.56,5.81,18.6,14.3,6.7,19.34
3070,8/20/14,600519,-105.44,-102.48,-102.42,-105.66,37085,596509536,0.32,-102.48,-102.42,-105.66,40.77,9.66,5.81,23.69,14.25,10.07,17.98
3071,8/21/14,600519,-102.48,-104.32,-102.19,-105.2,18873,301791008,0.17,-104.32,-102.19,-105.2,39.53,6.33,5.81,16.01,14.7,10.03,14.75
3072,8/22/14,600519,-104.3,-104.96,-103.94,-105.43,18637,297023440,0.16,-104.96,-103.94,-105.43,38.0,5.13,6.04,13.5,15.89,11.16,11.14
3073,8/25/14,600519,-104.96,-105.43,-104.16,-105.84,15377,244745466,0.13,-105.43,-104.16,-105.84,35.14,4.18,6.45,11.9,18.36,13.07,11.05
3074,8/26/14,600519,-105.66,-106.37,-104.82,-107.06,16590,261850709,0.15,-106.37,-104.82,-107.06,33.51,4.18,7.67,12.47,22.89,16.87,11.94
3075,8/27/14,600519,-106.37,-107.6,-106.31,-107.77,13829,216703370,0.12,-107.6,-106.31,-107.77,31.43,4.18,7.02,13.3,22.34,18.91,12.8
3076,8/28/14,600519,-107.93,-107.91,-105.79,-107.93,17618,276811136,0.15,-107.91,-105.79,-107.93,30.36,4.7,6.38,15.48,21.01,17.29,13.68
3077,8/29/14,600519,-107.93,-105.9,-105.58,-108.84,23839,375517440,0.21,-105.9,-105.58,-108.84,32.09,4.7,7.29,14.65,22.72,20.18,15.1
3078,9/1/14,600519,-105.93,-105.7,-104.75,-106.38,16450,260760134,0.14,-105.7,-104.75,-106.38,31.06,5.53,6.05,17.8,19.48,19.57,15.37
3079,9/2/14,600519,-105.38,-101.97,-101.9,-106.09,41246,664712704,0.36,-101.97,-101.9,-106.09,31.63,6.53,6.05,20.64,19.13,16.65,14.86
3080,9/3/14,600519,-101.95,-99.91,-97.55,-101.97,42042,695551840,0.37,-99.91,-97.55,-101.97,34.09,10.88,6.05,31.92,17.75,16.49,16.68
3081,9/4/14,600519,-100.02,-99.7,-98.9,-100.95,23976,395280320,0.21,-99.7,-98.9,-100.95,34.9,10.88,5.91,31.17,16.93,17.2,18.06
3082,9/5/14,600519,-99.11,-97.47,-96.88,-99.56,34732,579714720,0.3,-97.47,-96.88,-99.56,34.81,12.9,4.07,37.06,11.69,23.35,20.32
3083,9/9/14,600519,-97.34,-100.59,-97.05,-100.66,20563,339388096,0.18,-100.59,-97.05,-100.66,37.24,12.9,4.58,34.64,12.3,27.68,23.93
3084,9/10/14,600519,-100.93,-100.74,-99.75,-101.56,17868,293245984,0.16,-100.74,-99.75,-101.56,35.81,10.8,5.48,30.16,15.3,32.38,25.97
3085,9/11/14,600519,-100.78,-102.5,-99.91,-102.95,31876,519406672,0.28,-102.5,-99.91,-102.95,35.84,10.57,6.87,29.49,19.17,35.28,25.96
3086,9/12/14,600519,-102.94,-102.07,-101.89,-104.0,17356,280548672,0.15,-102.07,-101.89,-104.0,36.46,10.57,7.69,28.99,21.09,33.15,24.82
3087,9/15/14,600519,-102.57,-104.83,-102.56,-105.39,32544,519621408,0.28,-104.83,-102.56,-105.39,38.1,10.57,8.67,27.74,22.76,29.86,23.53
3088,9/16/14,600519,-103.84,-106.6,-103.75,-107.0,34823,551314384,0.3,-106.6,-103.75,-107.0,39.11,10.57,9.06,27.03,23.17,22.47,22.91
3089,9/17/14,600519,-105.69,-105.9,-104.71,-106.71,25841,408684992,0.23,-105.9,-104.71,-106.71,39.65,10.57,8.35,26.66,21.06,16.49,22.09
3090,9/18/14,600519,-106.1,-104.98,-104.86,-106.95,26482,418431984,0.23,-104.98,-104.86,-106.95,39.6,10.05,8.59,25.38,21.69,12.35,22.36
3091,9/19/14,600519,-104.98,-103.52,-103.4,-105.66,22666,362408976,0.2,-103.52,-103.4,-105.66,38.6,11.51,7.68,29.82,19.9,12.14,23.71
3092,9/22/14,600519,-103.65,-107.08,-103.65,-107.17,37192,586709104,0.33,-107.08,-103.65,-107.17,40.62,10.68,9.19,26.29,22.62,10.77,21.96
3093,9/23/14,600519,-107.3,-106.59,-106.57,-107.6,34546,541705824,0.3,-106.59,-106.57,-107.6,37.46,7.83,9.62,20.9,25.68,10.83,20.35
3094,9/24/14,600519,-107.49,-104.12,-103.84,-108.3,43449,687426592,0.38,-104.12,-103.84,-108.3,37.5,6.21,9.62,16.56,25.65,13.14,17.8
3095,9/25/14,600519,-103.46,-102.3,-100.68,-103.48,56851,924878320,0.5,-102.3,-100.68,-103.48,38.89,9.37,9.62,24.09,24.74,11.4,13.95
3096,9/26/14,600519,-102.93,-102.2,-101.46,-105.02,22717,366907280,0.2,-102.2,-101.46,-105.02,39.63,7.35,11.16,18.55,28.16,13.53,12.94
3097,9/29/14,600519,-102.18,-102.05,-101.39,-103.03,23489,381683088,0.21,-102.05,-101.39,-103.03,37.66,7.42,10.06,19.7,26.71,12.72,12.43
3098,9/30/14,600519,-101.8,-102.36,-101.58,-103.2,21574,349657792,0.19,-102.36,-101.58,-103.2,37.47,7.42,9.33,19.8,24.9,13.37,12.07
3099,10/8/14,600519,-103.39,-103.63,-103.3,-106.3,45653,725030224,0.4,-103.63,-103.3,-106.3,38.37,7.42,11.04,19.34,28.77,14.93,12.88
3100,10/9/14,600519,-104.41,-104.29,-104.07,-105.59,36245,578151792,0.32,-104.29,-104.07,-105.59,38.22,7.42,9.99,19.41,26.14,13.8,13.47
3101,10/10/14,600519,-105.19,-105.19,-104.48,-106.39,43148,684789408,0.38,-105.19,-104.48,-106.39,37.0,7.42,9.4,20.05,25.41,15.54,13.47
3102,10/13/14,600519,-106.29,-107.84,-106.22,-110.04,53176,826349744,0.47,-107.84,-106.22,-110.04,38.6,7.42,11.44,19.22,29.64,15.66,14.59
3103,10/14/14,600519,-108.84,-108.92,-107.03,-109.35,28896,449942592,0.25,-108.92,-107.03,-109.35,38.92,7.42,11.44,19.06,29.39,16.7,14.71
3104,10/15/14,600519,-109.07,-106.73,-106.5,-109.1,22238,348033856,0.19,-106.73,-106.5,-109.1,39.43,7.95,11.2,20.16,28.4,17.62,15.5
3105,10/16/14,600519,-107.84,-106.73,-105.94,-107.84,23950,377655664,0.21,-106.73,-105.94,-107.84,39.07,7.05,11.2,18.04,28.67,18.15,16.54
3106,10/17/14,600519,-106.11,-105.77,-105.16,-107.11,30977,489885680,0.27,-105.77,-105.16,-107.11,37.37,7.83,9.69,20.95,25.93,17.45,15.63
3107,10/20/14,600519,-105.77,-107.1,-105.66,-107.57,32910,517853728,0.29,-107.1,-105.66,-107.57,38.25,7.83,9.72,20.47,25.41,17.29,16.41
3108,10/21/14,600519,-107.02,-105.7,-104.9,-107.39,39911,632422368,0.35,-105.7,-104.9,-107.39,36.28,5.86,9.72,16.15,26.79,17.86,16.76
3109,10/22/14,600519,-105.71,-105.13,-104.79,-106.57,22836,363211440,0.2,-105.13,-104.79,-106.57,34.62,2.81,9.72,8.12,28.08,23.5,20.1
3110,10/23/14,600519,-105.6,-105.16,-104.04,-106.21,31917,508245984,0.28,-105.16,-104.04,-106.21,33.23,3.56,8.18,10.71,24.62,27.23,22.43
3111,10/24/14,600519,-105.25,-105.31,-104.4,-106.4,19980,317073600,0.17,-105.31,-104.4,-106.4,33.59,3.49,8.37,10.39,24.92,30.3,24.22
3112,10/27/14,600519,-107.05,-106.57,-105.11,-108.94,27971,439570896,0.24,-106.57,-105.11,-108.94,35.8,3.49,10.74,9.75,30.0,37.02,27.24
3113,10/28/14,600519,-106.73,-105.44,-105.11,-106.86,20548,325762192,0.18,-105.44,-105.11,-106.86,33.61,3.49,7.64,10.38,22.73,41.44,29.37
3114,10/29/14,600519,-105.39,-105.84,-104.7,-106.59,21423,339064784,0.19,-105.84,-104.7,-106.59,33.54,3.9,7.64,11.63,22.78,42.72,30.29
3115,10/30/14,600519,-106.11,-108.46,-106.11,-108.75,49087,764742336,0.43,-108.46,-106.11,-108.75,34.35,3.9,9.0,11.35,26.2,40.11,31.81
3116,10/31/14,600519,-108.41,-107.31,-107.11,-109.43,36422,567067440,0.32,-107.31,-107.11,-109.43,31.82,3.9,6.03,12.26,18.95,37.13,32.18
3117,11/3/14,600519,-107.25,-108.31,-107.13,-108.43,24670,384677504,0.22,-108.31,-107.13,-108.43,30.8,3.9,6.03,12.66,19.58,33.85,32.07
3118,11/4/14,600519,-108.4,-112.12,-108.4,-112.48,55944,854409056,0.49,-112.12,-108.4,-112.48,32.37,3.37,10.08,10.41,31.14,33.67,35.35
3119,11/5/14,600519,-112.43,-116.89,-112.43,-117.48,76720,1131348480,0.67,-116.89,-112.43,-117.48,35.83,2.81,15.08,7.84,42.09,38.89,40.16
3120,11/6/14,600519,-116.89,-115.98,-115.67,-117.01,36363,533913216,0.32,-115.98,-115.67,-117.01,35.22,2.03,15.08,5.76,42.82,46.2,44.46
3121,11/7/14,600519,-115.96,-115.17,-114.93,-116.01,41507,613638080,0.36,-115.17,-114.93,-116.01,34.39,2.77,14.62,8.05,42.51,50.96,45.54
3122,11/10/14,600519,-113.39,-109.96,-109.95,-114.3,62325,945032816,0.55,-109.96,-109.95,-114.3,37.12,6.99,14.62,18.83,39.39,53.27,45.2
3123,11/11/14,600519,-109.48,-110.34,-108.66,-111.56,47707,733026112,0.42,-110.34,-108.66,-111.56,38.24,8.17,14.62,21.37,38.23,54.42,44.13
3124,11/12/14,600519,-110.68,-110.76,-110.12,-113.2,30824,467531856,0.27,-110.76,-110.12,-113.2,39.15,7.42,16.26,18.95,41.53,52.32,43.0
3125,11/13/14,600519,-110.91,-111.95,-110.9,-113.68,49156,739602880,0.43,-111.95,-110.9,-113.68,40.07,7.42,16.55,18.52,41.3,47.24,43.06
3126,11/14/14,600519,-111.97,-106.76,-106.45,-112.56,75225,1168803280,0.66,-106.76,-106.45,-112.56,42.35,11.87,14.01,28.03,33.08,35.91,41.05
3127,11/17/14,600519,-97.02,-104.25,-97.02,-104.3,150416,2451673888,1.32,-104.25,-97.02,-104.3,50.34,21.3,14.01,42.31,27.83,27.99,39.48
3128,11/18/14,600519,-103.39,-108.25,-102.64,-108.84,63498,1001883696,0.56,-108.25,-102.64,-108.84,54.65,20.89,18.55,38.23,33.94,23.09,38.18
3129,11/19/14,600519,-108.32,-110.6,-108.25,-111.01,46291,710715296,0.41,-110.6,-108.25,-111.01,54.5,20.89,18.56,38.33,34.06,19.36,36.89
3130,11/20/14,600519,-110.77,-112.77,-110.73,-112.94,46258,698848960,0.41,-112.77,-110.73,-112.94,54.52,20.89,19.81,38.32,36.34,13.58,32.95
3131,11/21/14,600519,-112.88,-110.54,-110.48,-113.2,41991,638007376,0.37,-110.54,-110.48,-113.2,55.94,20.89,20.07,37.34,35.88,7.57,27.4
3132,11/24/14,600519,-109.86,-109.8,-108.84,-111.57,53879,828662512,0.47,-109.8,-108.84,-111.57,54.5,22.53,16.02,41.34,29.39,9.0,22.46
3133,11/25/14,600519,-110.28,-109.17,-108.98,-110.84,53231,816840944,0.47,-109.17,-108.98,-110.84,51.0,22.53,11.02,44.18,21.61,11.28,19.64
3134,11/26/14,600519,-109.2,-107.98,-107.6,-109.85,63859,990302240,0.56,-107.98,-107.6,-109.85,51.91,23.91,11.02,46.06,21.23,16.44,19.77
3135,11/27/14,600519,-108.84,-107.31,-106.82,-109.75,96552,1508603312,0.85,-107.31,-106.82,-109.75,53.76,23.95,11.02,44.55,20.5,21.62,20.49
3136,11/28/14,600519,-107.41,-108.08,-107.41,-110.5,88288,1363855088,0.77,-108.08,-107.41,-110.5,51.73,18.97,11.77,36.67,22.75,25.08,19.33
3137,12/1/14,600519,-107.41,-104.24,-103.39,-107.93,121740,1932844688,1.07,-104.24,-103.39,-107.93,53.52,21.7,11.77,40.55,21.99,29.69,18.63
3138,12/2/14,600519,-105.16,-103.26,-103.2,-105.89,99268,1588412352,0.87,-103.26,-103.2,-105.89,53.13,21.89,10.13,41.2,19.07,33.0,21.0
3139,12/3/14,600519,-102.08,-99.9,-96.75,-102.15,117323,1936848368,1.03,-99.9,-96.75,-102.15,56.72,28.34,9.65,49.96,17.01,35.48,23.38
3140,12/4/14,600519,-98.39,-91.45,-91.11,-98.39,117781,2020248736,1.03,-91.45,-91.11,-98.39,59.4,29.53,9.65,49.71,16.25,37.79,27.12
3141,12/5/14,600519,-87.94,-94.37,-87.06,-96.48,112901,1943937520,0.99,-94.37,-87.06,-96.48,59.08,24.15,9.65,40.88,16.33,38.78,30.2
3142,12/8/14,600519,-96.26,-92.5,-89.3,-97.75,100894,1731248496,0.88,-92.5,-89.3,-97.75,61.33,24.15,6.38,39.38,10.4,44.57,34.83
3143,12/9/14,600519,-93.39,-92.6,-80.1,-93.84,151890,2713372288,1.33,-92.6,-80.1,-93.84,72.31,33.35,4.21,46.12,5.82,52.56,41.13
3144,12/10/14,600519,-90.66,-86.19,-82.93,-90.66,106656,1919193472,0.93,-86.19,-82.93,-90.66,79.64,33.35,2.28,41.88,2.86,60.97,46.99
3145,12/11/14,600519,-86.11,-89.85,-84.35,-90.4,54882,975885696,0.48,-89.85,-84.35,-90.4,82.97,33.35,2.02,40.2,2.43,67.53,51.51
3146,12/12/14,600519,-89.04,-89.21,-85.21,-89.75,51055,911591088,0.45,-89.21,-85.21,-89.75,84.88,31.71,2.02,37.36,2.38,73.75,55.77
3147,12/15/14,600519,-89.2,-82.44,-82.39,-90.27,70964,1281924240,0.62,-82.44,-82.39,-90.27,90.9,34.53,2.02,37.99,2.22,81.42,60.1
3148,12/16/14,600519,-82.75,-85.54,-82.75,-87.83,51129,918180192,0.45,-85.54,-82.75,-87.83,94.04,33.15,2.02,35.25,2.15,86.47,65.52
3149,12/17/14,600519,-86.12,-86.96,-84.8,-88.11,60020,1071735184,0.53,-86.96,-84.8,-88.11,94.42,32.37,2.3,34.28,2.44,88.0,70.28
3150,12/18/14,600519,-86.4,-86.71,-84.11,-87.02,38568,695500784,0.34,-86.71,-84.11,-87.02,94.14,33.06,1.55,35.12,1.65,88.64,74.81
3151,12/19/14,600519,-86.97,-85.37,-84.31,-87.93,49631,892730640,0.43,-85.37,-84.31,-87.93,93.07,29.04,2.46,31.2,2.64,87.94,77.74
3152,12/22/14,600519,-86.43,-82.39,-82.21,-89.86,73624,1327712480,0.64,-82.39,-82.21,-89.86,98.03,30.95,2.46,31.57,2.51,87.48,80.61
3153,12/23/14,600519,-82.68,-78.06,-73.85,-84.29,85651,1611272912,0.75,-78.06,-73.85,-84.29,101.96,32.86,2.46,32.23,2.41,87.0,84.21
3154,12/24/14,600519,-78.84,-83.33,-75.39,-85.5,63555,1187206208,0.56,-83.33,-75.39,-85.5,103.28,27.22,3.67,26.36,3.55,84.96,85.72
3155,12/25/14,600519,-83.25,-80.81,-80.66,-85.2,44072,806958768,0.39,-80.81,-80.66,-85.2,98.4,23.17,3.67,23.55,3.73,82.61,85.3
3156,12/26/14,600519,-81.49,-79.23,-77.93,-83.39,42677,793340608,0.37,-79.23,-77.93,-83.39,95.41,25.9,2.4,27.15,2.52,81.28,84.96
3157,12/29/14,600519,-78.75,-82.95,-77.02,-84.3,89839,1678243808,0.79,-82.95,-77.02,-84.3,88.95,17.61,2.4,19.8,2.7,79.88,83.91
3158,12/30/14,600519,-83.39,-79.9,-78.86,-83.86,56171,1043215632,0.49,-79.9,-78.86,-83.86,84.28,17.61,2.4,20.89,2.85,78.34,82.91
3159,12/31/14,600519,-81.02,-77.37,-77.02,-81.57,46269,871581696,0.41,-77.37,-77.02,-81.57,82.78,19.45,2.4,23.5,2.9,77.0,82.0
3160,1/5/15,600519,-77.37,-65.64,-64.08,-78.21,94515,1875063136,0.83,-65.64,-64.08,-78.21,92.27,32.39,2.4,35.1,2.6,78.66,81.81
3161,1/6/15,600519,-67.93,-69.9,-65.6,-71.55,55020,1094977376,0.48,-69.9,-65.6,-71.55,90.34,29.57,2.4,32.73,2.66,80.71,81.66
3162,1/7/15,600519,-71.53,-74.35,-68.39,-77.03,54798,1063925648,0.48,-74.35,-68.39,-77.03,93.59,29.57,7.88,31.6,8.42,76.53,78.9
3163,1/8/15,600519,-73.39,-75.42,-72.91,-76.9,40525,777874672,0.35,-75.42,-72.91,-76.9,94.27,29.57,7.6,31.37,8.06,73.71,76.8
3164,1/9/15,600519,-76.66,-76.74,-71.78,-76.92,53982,1039955152,0.47,-76.74,-71.78,-76.92,96.5,30.01,7.6,31.1,7.88,70.97,74.65
3165,1/12/15,600519,-77.02,-80.27,-74.67,-82.06,49915,934643408,0.44,-80.27,-74.67,-82.06,100.27,30.01,11.83,29.93,11.8,65.21,71.1
3166,1/13/15,600519,-79.75,-81.68,-78.35,-81.93,36708,683429632,0.32,-81.68,-78.35,-81.93,96.2,27.91,11.83,29.01,12.3,57.58,68.12
3167,1/14/15,600519,-81.57,-83.22,-80.2,-85.31,52403,965036192,0.46,-83.22,-80.2,-85.31,90.87,19.55,15.21,21.51,16.74,45.5,63.11
3168,1/15/15,600519,-82.58,-80.6,-80.3,-83.86,48586,895503104,0.43,-80.6,-80.3,-83.86,84.32,19.55,14.0,23.19,16.6,38.61,57.57
3169,1/16/15,600519,-80.48,-80.56,-78.84,-80.68,39978,746304288,0.35,-80.56,-78.84,-80.68,81.62,21.01,14.0,25.74,17.15,32.09,52.9
3170,1/19/15,600519,-85.2,-90.22,-83.2,-93.87,64679,1151544272,0.57,-90.22,-83.2,-93.87,89.47,18.28,27.19,20.43,30.39,25.43,48.2
3171,1/20/15,600519,-89.73,-87.86,-85.66,-92.48,61023,1086018448,0.53,-87.86,-85.66,-92.48,89.01,17.37,27.19,19.51,30.55,21.86,43.53
3172,1/21/15,600519,-87.69,-83.97,-83.48,-88.66,52675,950750400,0.46,-83.97,-83.48,-88.66,89.19,19.55,27.19,21.92,30.49,17.84,37.71
3173,1/22/15,600519,-83.96,-85.0,-82.15,-86.11,38255,696541248,0.33,-85.0,-82.15,-86.11,88.6,19.04,27.19,21.49,30.69,18.7,32.1
3174,1/23/15,600519,-86.0,-85.19,-83.13,-86.01,33085,600627344,0.29,-85.19,-83.13,-86.01,77.35,6.1,27.19,7.89,35.15,26.5,32.55
3175,1/26/15,600519,-84.57,-83.57,-82.93,-85.16,35649,650642096,0.31,-83.57,-82.93,-85.16,73.66,6.3,27.19,8.55,36.91,33.56,32.82
3176,1/27/15,600519,-83.55,-86.01,-83.55,-87.93,41884,755025856,0.37,-86.01,-83.55,-87.93,69.4,6.3,24.48,9.08,35.27,40.13,32.78
3177,1/28/15,600519,-87.02,-88.41,-85.75,-88.57,30681,547979152,0.27,-88.41,-85.75,-88.57,68.23,6.3,25.12,9.23,36.82,46.44,34.15
3178,1/29/15,600519,-89.57,-89.61,-87.93,-90.66,32493,571553424,0.28,-89.61,-87.93,-90.66,65.82,5.17,27.21,7.85,41.34,55.06,36.45
3179,1/30/15,600519,-88.85,-88.68,-85.2,-89.3,47508,848744496,0.42,-88.68,-85.2,-89.3,62.84,7.9,22.07,12.57,35.12,60.01,39.35
3180,2/2/15,600519,-90.2,-90.82,-89.39,-92.02,33983,593379648,0.3,-90.82,-89.39,-92.02,62.6,7.9,24.79,12.62,39.6,58.06,42.28
3181,2/3/15,600519,-88.4,-87.6,-87.34,-89.57,27793,493512560,0.24,-87.6,-87.34,-89.57,60.97,9.95,21.41,16.32,35.12,53.75,43.65
3182,2/4/15,600519,-86.89,-88.61,-84.22,-88.84,35294,634135328,0.31,-88.61,-84.22,-88.84,62.03,13.07,21.41,21.07,34.52,47.94,44.04
3183,2/5/15,600519,-87.05,-91.52,-85.3,-91.57,41240,735861120,0.36,-91.52,-85.3,-91.57,66.46,11.61,24.14,17.47,36.32,43.8,45.12
3184,2/6/15,600519,-90.99,-91.02,-89.3,-91.93,37102,648205632,0.32,-91.02,-89.3,-91.93,55.78,11.61,11.31,20.81,20.28,32.67,43.87
3185,2/9/15,600519,-89.96,-82.2,-81.48,-90.66,87294,1584342288,0.76,-82.2,-81.48,-90.66,58.5,19.43,11.31,33.21,19.33,29.2,44.6
3186,2/10/15,600519,-81.75,-83.5,-81.39,-84.8,53639,984795856,0.47,-83.5,-81.39,-84.8,56.73,17.34,11.31,30.57,19.94,24.09,41.08
3187,2/11/15,600519,-83.93,-83.25,-82.25,-84.22,22895,420358864,0.2,-83.25,-82.25,-84.22,54.74,16.01,11.31,29.25,20.66,20.87,37.31
3188,2/12/15,600519,-82.49,-82.87,-82.03,-84.29,25051,458818624,0.22,-82.87,-82.03,-84.29,54.12,16.23,11.31,29.99,20.9,19.81,33.88
3189,2/13/15,600519,-82.38,-83.85,-82.02,-84.84,40127,734977408,0.35,-83.85,-82.02,-84.84,54.68,16.03,11.86,29.32,21.69,16.47,30.13
3190,2/16/15,600519,-83.8,-83.1,-82.81,-85.0,39521,722512096,0.35,-83.1,-82.81,-85.0,52.49,16.03,9.25,30.54,17.62,20.72,26.69
3191,2/17/15,600519,-82.89,-84.1,-82.58,-84.38,34173,624854080,0.3,-84.1,-82.58,-84.38,51.47,16.26,8.61,31.59,16.73,21.44,25.32
3192,2/25/15,600519,-83.39,-82.51,-80.93,-85.1,59935,1104113264,0.52,-82.51,-80.93,-85.1,52.91,17.91,6.52,33.85,12.32,25.7,24.9
3193,2/26/15,600519,-82.66,-80.08,-78.49,-82.89,62298,1163369600,0.55,-80.08,-78.49,-82.89,52.9,17.62,6.52,33.31,12.33,30.5,25.68
3194,2/27/15,600519,-79.84,-76.07,-72.93,-79.93,63371,1217723184,0.55,-76.07,-72.93,-79.93,56.71,23.18,3.8,40.87,6.7,39.49,29.65
3195,3/2/15,600519,-76.3,-76.36,-73.57,-77.93,31099,592027088,0.27,-76.36,-73.57,-77.93,57.59,21.13,3.8,36.69,6.6,48.59,32.53
3196,3/3/15,600519,-77.66,-80.7,-75.2,-81.42,43000,812905776,0.38,-80.7,-75.2,-81.42,59.19,18.01,7.29,30.43,12.32,51.18,35.95
3197,3/4/15,600519,-79.76,-79.58,-78.83,-81.93,40662,757815040,0.36,-79.58,-78.83,-81.93,56.02,18.01,5.07,32.15,9.05,55.4,38.42
3198,3/5/15,600519,-81.56,-81.1,-79.72,-82.43,36206,670609776,0.32,-81.1,-79.72,-82.43,56.24,18.01,5.21,32.02,9.26,56.81,41.26
3199,3/6/15,600519,-81.25,-82.82,-80.22,-83.14,25471,471454752,0.22,-82.82,-80.22,-83.14,49.62,10.19,5.92,20.54,11.93,53.57,42.03
3200,3/9/15,600519,-80.84,-75.6,-74.3,-82.66,43486,815432192,0.38,-75.6,-74.3,-82.66,54.73,16.02,5.92,29.27,10.82,49.27,44.38
3201,3/10/15,600519,-76.17,-79.0,-75.66,-79.5,29637,561292480,0.26,-79.0,-75.66,-79.5,56.66,16.02,5.92,28.27,10.45,45.36,46.97
3202,3/11/15,600519,-79.0,-75.22,-74.3,-79.02,40583,778418704,0.36,-75.22,-74.3,-79.02,59.12,17.16,5.92,29.03,10.01,46.41,48.8
3203,3/12/15,600519,-74.3,-74.52,-71.58,-75.75,38496,747203168,0.34,-74.52,-71.58,-75.75,60.47,19.88,5.37,32.88,8.88,46.64,51.02
3204,3/13/15,600519,-74.57,-77.1,-73.48,-78.31,25479,486997360,0.22,-77.1,-73.48,-78.31,63.11,19.88,7.77,31.5,12.31,44.76,50.79
3205,3/16/15,600519,-76.97,-73.6,-72.93,-79.74,31161,597313680,0.27,-73.6,-72.93,-79.74,68.12,19.65,9.2,28.85,13.51,46.38,49.97
3206,3/17/15,600519,-72.49,-70.87,-69.12,-72.58,45904,903712736,0.4,-70.87,-69.12,-72.58,68.43,21.81,9.2,31.87,13.44,45.48,47.38
3207,3/18/15,600519,-70.84,-68.43,-67.94,-72.0,39304,778884992,0.34,-68.43,-67.94,-72.0,68.09,20.55,9.2,30.18,13.51,44.17,44.76
3208,3/19/15,600519,-69.26,-72.22,-68.85,-73.33,33540,658535488,0.29,-72.22,-68.85,-73.33,65.84,14.99,10.53,22.77,15.99,38.96,42.69
3209,3/20/15,600519,-73.2,-74.16,-72.49,-76.22,51374,991294896,0.45,-74.16,-72.49,-76.22,65.48,14.99,13.42,22.89,20.49,30.31,38.48
3210,3/23/15,600519,-72.78,-72.4,-70.89,-74.11,40979,799009920,0.36,-72.4,-70.89,-74.11,62.53,16.59,9.93,26.53,15.88,27.19,35.97
3211,3/24/15,600519,-72.2,-71.85,-70.26,-75.11,60079,1172628512,0.53,-71.85,-70.26,-75.11,64.28,16.59,10.42,25.81,16.21,24.96,35.67
3212,3/25/15,600519,-74.3,-74.5,-72.39,-75.15,42240,815963248,0.37,-74.5,-72.39,-75.15,64.73,16.59,9.96,25.63,15.39,22.35,33.91
3213,3/26/15,600519,-73.8,-69.24,-68.02,-75.2,67105,1315872112,0.59,-69.24,-68.02,-75.2,68.99,20.96,9.25,30.38,13.41,22.45,33.31
3214,3/27/15,600519,-69.75,-72.89,-69.24,-74.34,40145,784086656,0.35,-72.89,-69.24,-74.34,65.57,15.04,9.25,22.94,14.11,23.51,31.24
3215,3/30/15,600519,-72.77,-70.87,-68.89,-74.2,63451,1237889232,0.56,-70.87,-68.89,-74.2,66.98,15.39,9.25,22.98,13.81,26.74,28.52
3216,3/31/15,600519,-70.95,-71.6,-67.23,-73.37,88131,1746870224,0.77,-71.6,-67.23,-73.37,68.4,15.69,9.25,22.94,13.52,26.86,27.03
3217,4/1/15,600519,-71.54,-72.17,-70.15,-72.95,76875,1504959696,0.67,-72.17,-70.15,-72.95,67.03,12.97,9.25,19.35,13.8,25.84,25.4
3218,4/2/15,600519,-71.6,-72.86,-70.11,-74.4,62982,1228604480,0.55,-72.86,-70.11,-74.4,66.49,12.97,8.14,19.51,12.24,25.49,23.92
3219,4/3/15,600519,-73.39,-70.83,-70.65,-74.5,51211,996536048,0.45,-70.83,-70.65,-74.5,63.53,12.97,6.81,20.42,10.72,24.22,23.34
3220,4/7/15,600519,-70.8,-67.32,-66.95,-71.75,59824,1189027072,0.52,-67.32,-66.95,-71.75,63.85,12.86,6.81,20.14,10.67,25.38,24.44
3221,4/8/15,600519,-65.66,-63.84,-58.22,-66.49,135857,2798381808,1.19,-63.84,-58.22,-66.49,68.89,20.41,6.81,29.63,9.89,29.55,28.15
3222,4/9/15,600519,-63.86,-67.93,-62.59,-68.8,62400,1255308048,0.55,-67.93,-62.59,-68.8,70.2,20.41,7.79,29.07,11.1,32.71,29.78
3223,4/10/15,600519,-67.94,-67.73,-65.21,-68.29,102019,2048914304,0.89,-67.73,-65.21,-68.29,69.28,20.41,4.9,29.46,7.07,40.13,32.99
3224,4/13/15,600519,-66.52,-64.39,-63.85,-68.9,91356,1840018384,0.8,-64.39,-63.85,-68.9,71.06,20.17,4.9,28.38,6.9,46.47,35.98
3225,4/14/15,600519,-64.3,-62.48,-59.5,-64.33,81903,1691094336,0.72,-62.48,-59.5,-64.33,71.1,24.52,3.9,34.49,5.49,53.37,38.8
3226,4/15/15,600519,-59.66,-62.75,-59.04,-64.15,55005,1135635920,0.48,-62.75,-59.04,-64.15,72.91,24.98,3.86,34.26,5.29,60.45,42.91
3227,4/16/15,600519,-60.16,-44.05,-44.05,-60.81,86014,1877332304,0.75,-44.05,-44.05,-60.81,84.43,35.6,3.86,42.17,4.57,65.53,47.54
3228,4/17/15,600519,-32.57,-38.33,-23.66,-42.22,192095,4577504000,1.68,-38.33,-23.66,-42.22,99.72,55.99,3.86,56.15,3.87,72.59,52.65
3229,4/20/15,600519,-40.66,-37.0,-26.39,-41.57,130589,3118764544,1.14,-37.0,-26.39,-41.57,109.59,55.64,3.86,50.77,3.52,76.88,58.5
3230,4/21/15,600519,-31.57,-15.72,-15.72,-31.57,122402,3039243968,1.07,-15.72,-15.72,-31.57,124.73,64.65,3.86,51.83,3.09,81.51,63.99
3231,4/22/15,600519,-5.39,-9.85,-5.2,-16.01,134635,3543576704,1.18,-9.85,-5.2,-16.01,132.74,75.17,3.86,56.63,2.91,84.46,68.91
3232,4/23/15,600519,-9.75,-16.99,-9.6,-19.77,86030,2214737648,0.75,-16.99,-9.6,-19.77,138.62,75.17,6.17,54.23,4.45,86.39,73.42
3233,4/24/15,600519,-20.77,-14.76,-13.68,-27.01,100531,2547399872,0.88,-14.76,-13.68,-27.01,148.1,75.17,13.31,50.76,8.99,84.64,75.08
3234,4/27/15,600519,-15.59,-17.21,-6.3,-19.76,78973,2050832432,0.69,-17.21,-6.3,-19.76,156.76,78.85,13.31,50.3,8.49,81.97,77.28
3235,4/28/15,600519,-18.84,-24.4,-14.66,-25.16,87292,2187970736,0.76,-24.4,-14.66,-25.16,158.16,70.12,18.71,44.33,11.83,77.12,77.0
3236,4/29/15,600519,-26.02,-22.68,-19.75,-26.02,59301,1477767696,0.52,-22.68,-19.75,-26.02,158.22,70.12,17.26,44.32,10.91,72.41,76.96
3237,4/30/15,600519,-21.43,-20.45,-18.02,-24.52,64064,1610938048,0.56,-20.45,-18.02,-24.52,161.64,71.85,17.26,44.45,10.68,67.58,76.02
3238,5/4/15,600519,-20.06,-17.96,-14.3,-22.46,54739,1398337296,0.48,-17.96,-14.3,-22.46,164.75,74.21,17.26,45.04,10.48,63.82,75.11
3239,5/5/15,600519,-20.66,-30.7,-20.66,-31.68,73700,1801146752,0.65,-30.7,-20.66,-31.68,173.58,69.86,26.48,40.25,15.26,59.67,72.16
3240,5/6/15,600519,-27.95,-29.13,-25.21,-31.56,60324,1472597536,0.53,-29.13,-25.21,-31.56,174.82,69.4,26.48,39.7,15.15,55.28,68.63
3241,5/7/15,600519,-27.02,-27.09,-20.77,-29.24,68103,1693825904,0.6,-27.09,-20.77,-29.24,164.59,58.85,26.48,35.76,16.09,51.96,64.54
3242,5/8/15,600519,-26.0,-18.69,-18.04,-26.2,57806,1447670272,0.51,-18.69,-18.04,-26.2,153.25,41.19,26.48,26.88,17.28,45.5,58.95
3243,5/11/15,600519,-21.11,-15.71,-15.21,-22.48,61346,1552417968,0.54,-15.71,-15.21,-22.48,145.34,44.02,26.48,30.29,18.22,39.43,53.51
3244,5/12/15,600519,-15.93,-18.46,-15.93,-20.66,47031,1193035136,0.41,-18.46,-15.93,-20.66,129.01,33.35,26.48,25.85,20.53,30.97,47.4
3245,5/13/15,600519,-19.02,-16.66,-10.69,-20.2,58913,1520374560,0.52,-16.66,-10.69,-20.2,127.71,28.07,26.48,21.98,20.73,23.95,41.81
3246,5/14/15,600519,-16.8,-21.2,-13.84,-21.37,41853,1062504720,0.37,-21.2,-13.84,-21.37,125.07,28.07,23.89,22.44,19.1,17.83,36.56
3247,5/15/15,600519,-21.2,-26.87,-19.3,-30.1,54185,1333031168,0.47,-26.87,-19.3,-30.1,122.54,28.07,25.38,22.91,20.71,12.35,32.15
3248,5/18/15,600519,-27.02,-30.53,-27.02,-31.48,35363,856505072,0.31,-30.53,-27.02,-31.48,113.69,20.69,26.76,18.2,23.54,10.86,28.18
3249,5/19/15,600519,-30.61,-22.44,-22.28,-31.39,47638,1174434448,0.42,-22.44,-22.28,-31.39,112.3,25.43,21.36,22.64,19.02,8.16,23.8
3250,5/20/15,600519,-20.66,-18.89,-13.39,-23.11,63772,1631009456,0.56,-18.89,-13.39,-23.11,115.75,34.32,20.5,29.65,17.71,10.45,20.71
3251,5/21/15,600519,-17.02,-14.67,-12.2,-18.83,47669,1230234944,0.42,-14.67,-12.2,-18.83,115.94,33.78,20.5,29.14,17.68,14.04,19.0
3252,5/22/15,600519,-13.68,1.03,1.89,-13.76,66649,1779754352,0.58,1.03,1.89,-13.76,124.34,44.15,20.5,35.51,16.49,18.8,18.31
3253,5/25/15,600519,-4.3,11.0,12.51,-5.2,67474,1868570176,0.59,11.0,12.51,-5.2,128.33,54.77,11.28,42.68,8.79,28.93,20.64
3254,5/26/15,600519,10.8,9.83,13.89,8.4,60915,1746031120,0.53,9.83,13.89,8.4,127.47,56.15,11.28,44.05,8.85,37.89,24.37
3255,5/27/15,600519,9.81,1.98,13.27,-1.57,46935,1309260000,0.41,1.98,13.27,-1.57,133.84,51.71,21.25,38.64,15.88,43.4,25.78
3256,5/28/15,600519,0.48,-12.38,5.7,-13.3,60885,1650995552,0.53,-12.38,5.7,-13.3,143.79,48.98,32.98,34.06,22.94,42.45,26.45
3257,5/29/15,600519,-13.38,-9.9,-5.2,-13.49,57783,1531805536,0.51,-9.9,-5.2,-13.49,144.81,46.15,33.17,31.87,22.91,41.1,27.57
3258,6/1/15,600519,-9.8,-2.97,-1.59,-13.57,65817,1747123648,0.58,-2.97,-1.59,-13.57,151.84,49.76,33.17,32.77,21.85,38.34,28.57
3259,6/2/15,600519,-3.84,-7.37,-3.84,-12.79,64636,1708951664,0.57,-7.37,-3.84,-12.79,152.15,44.52,33.17,29.26,21.8,29.8,29.37
3260,6/3/15,600519,-8.68,-10.85,-7.37,-13.38,46424,1218378720,0.41,-10.85,-7.37,-13.38,150.63,44.52,32.59,29.56,21.64,21.29,29.59
3261,6/4/15,600519,-10.68,-15.01,-8.84,-31.57,92363,2332785392,0.81,-15.01,-8.84,-31.57,162.56,44.52,42.05,27.39,25.87,14.8,29.1
3262,6/5/15,600519,-15.1,-18.99,-11.48,-26.11,85738,2188974560,0.75,-18.99,-11.48,-26.11,172.58,44.52,40.67,25.8,23.57,12.3,27.38
3263,6/8/15,600519,-21.1,-9.17,-6.53,-22.66,96008,2462736704,0.84,-9.17,-6.53,-22.66,179.6,44.73,40.67,24.91,22.64,10.37,25.73
3264,6/9/15,600519,-8.84,-14.27,-4.48,-16.57,77852,2045525408,0.68,-14.27,-4.48,-16.57,181.97,37.89,40.67,20.82,22.35,7.62,22.98
3265,6/10/15,600519,-17.35,-12.43,-7.13,-19.02,80462,2096832880,0.7,-12.43,-7.13,-19.02,187.17,36.7,43.12,19.61,23.04,6.53,18.16
3266,6/11/15,600519,-13.39,-13.33,-9.3,-15.41,52955,1378413760,0.46,-13.33,-9.3,-15.41,176.72,22.61,43.12,12.79,24.4,9.15,15.22
3267,6/12/15,600519,-11.46,-7.93,-1.57,-12.48,90910,2438986512,0.8,-7.93,-1.57,-12.48,170.77,19.72,43.12,11.55,25.25,14.88,14.84
3268,6/15/15,600519,-7.04,-12.58,-2.48,-13.31,100014,2664672592,0.88,-12.58,-2.48,-13.31,176.11,18.34,43.95,10.41,24.96,20.98,16.64
3269,6/16/15,600519,-14.3,-18.89,-8.11,-20.2,69304,1789696032,0.61,-18.89,-8.11,-20.2,173.36,18.34,40.87,10.58,23.58,26.53,18.45
3270,6/17/15,600519,-18.88,-17.85,-15.42,-23.39,58389,1478407040,0.51,-17.85,-15.42,-23.39,162.33,18.34,32.33,11.3,19.92,30.54,19.08
3271,6/18/15,600519,-19.73,-27.96,-18.11,-31.02,61507,1530836128,0.54,-27.96,-18.11,-31.02,167.21,18.34,39.77,10.97,23.78,35.35,20.94
3272,6/19/15,600519,-26.23,-35.83,-23.85,-37.0,67609,1646002768,0.59,-35.83,-23.85,-37.0,168.38,14.73,45.75,8.75,27.17,38.7,23.92
3273,6/23/15,600519,-31.75,-20.43,-17.16,-36.9,81247,1989068144,0.71,-20.43,-17.16,-36.9,178.3,21.42,45.75,12.01,25.66,38.53,26.71
3274,6/24/15,600519,-22.48,-12.29,-8.66,-24.61,95707,2463553856,0.84,-12.29,-8.66,-24.61,188.24,29.92,45.16,15.89,23.99,35.06,28.02
3275,6/25/15,600519,-12.02,-20.85,-11.54,-22.29,66522,1707385600,0.58,-20.85,-11.54,-22.29,176.26,29.92,26.97,16.97,15.3,29.58,28.06
3276,6/26/15,600519,-22.46,-29.34,-17.25,-35.84,99332,2451381600,0.87,-29.34,-17.25,-35.84,180.22,29.92,40.52,16.6,22.48,27.49,29.02
3277,6/29/15,600519,-23.96,-25.53,-16.57,-42.66,165072,4057069904,1.45,-25.53,-16.57,-42.66,190.18,24.97,47.34,13.13,24.89,26.5,30.92
3278,6/30/15,600519,-25.53,-15.52,-13.55,-26.11,126298,3205285536,1.11,-15.52,-13.55,-26.11,190.65,25.94,47.34,13.61,24.83,22.82,30.76
3279,7/1/15,600519,-17.93,-15.67,-5.66,-21.59,103327,2696026032,0.9,-15.67,-5.66,-21.59,194.69,33.83,44.89,17.38,23.06,19.12,28.82
3280,7/2/15,600519,-17.66,-13.11,7.16,-27.01,118460,3011363680,1.04,-13.11,7.16,-27.01,222.75,46.65,44.89,20.94,20.15,16.06,25.56
3281,7/3/15,600519,-17.93,-22.65,-12.93,-29.57,109605,2772183168,0.96,-22.65,-12.93,-29.57,227.63,38.92,47.45,17.1,20.85,16.84,23.21
3282,7/6/15,600519,-6.16,-18.8,-6.12,-32.02,272800,7012491264,2.39,-18.8,-6.12,-32.02,242.7,45.73,46.62,18.84,19.21,14.49,20.99
3283,7/7/15,600519,-22.48,-27.77,-16.5,-32.02,167562,4121731568,1.47,-27.77,-16.5,-32.02,246.13,45.73,39.73,18.58,16.14,10.51,18.5
3284,7/8/15,600519,-41.57,-34.42,-27.03,-49.97,289141,6738026752,2.53,-34.42,-27.03,-49.97,261.1,45.73,54.49,17.51,20.87,7.1,14.96
3285,7/9/15,600519,-34.42,-15.26,-13.01,-37.93,138203,3409950544,1.21,-15.26,-13.01,-37.93,272.85,59.75,46.86,21.9,17.17,6.77,12.94
3286,7/10/15,600519,-16.11,-8.3,7.52,-20.7,256149,6888908288,2.24,-8.3,7.52,-20.7,287.92,80.28,40.88,27.88,14.2,11.87,13.96
3287,7/13/15,600519,-15.2,-15.43,-8.31,-21.57,148926,3838169456,1.3,-15.43,-8.31,-21.57,281.45,73.59,41.75,26.15,14.83,14.82,15.83
3288,7/14/15,600519,-17.93,-23.34,-17.77,-25.02,96768,2425239232,0.85,-23.34,-17.77,-25.02,275.09,65.09,45.2,23.66,16.43,17.67,16.08
3289,7/15/15,600519,-24.75,-21.33,-20.02,-28.59,104077,2585923328,0.91,-21.33,-20.02,-28.59,272.91,65.09,48.77,23.85,17.87,18.89,14.7
3290,7/16/15,600519,-21.33,-21.03,-18.68,-24.06,72814,1826618384,0.64,-21.03,-18.68,-24.06,259.7,66.43,35.22,25.58,13.56,22.55,14.82
3291,7/17/15,600519,-16.77,-17.48,-15.78,-21.03,56419,1284361184,0.45,-17.48,-15.78,-21.03,238.86,69.33,28.4,29.03,11.89,27.51,17.14
3292,7/20/15,600519,-18.62,-20.66,-17.87,-23.27,67934,1531275696,0.54,-20.66,-17.87,-23.27,232.09,66.31,30.64,28.57,13.2,28.22,20.05
3293,7/21/15,600519,-24.02,-24.11,-21.57,-25.77,51790,1148423248,0.41,-24.11,-21.57,-25.77,221.27,58.42,33.14,26.4,14.98,28.23,21.52
3294,7/22/15,600519,-25.77,-28.64,-23.77,-29.19,70855,1552554832,0.56,-28.64,-23.77,-29.19,192.52,45.6,36.56,23.69,18.99,27.05,22.36
3295,7/23/15,600519,-27.78,-26.23,-25.17,-30.0,64748,1411411696,0.52,-26.23,-25.17,-30.0,180.71,45.6,34.81,25.23,19.26,26.9,22.89
3296,7/24/15,600519,-25.27,-26.56,-22.08,-27.02,57390,1271122144,0.46,-26.56,-22.08,-27.02,159.75,41.88,34.81,26.22,21.79,23.32,22.93
3297,7/27/15,600519,-28.77,-44.25,-24.47,-44.77,76944,1628465536,0.61,-44.25,-24.47,-44.77,164.53,41.88,52.56,25.45,31.95,18.23,22.87
3298,7/28/15,600519,-45.91,-39.94,-36.33,-48.29,86704,1766521472,0.69,-39.94,-36.33,-48.29,153.55,41.88,38.13,27.27,24.83,12.87,20.55
3299,7/29/15,600519,-37.99,-38.03,-35.77,-43.64,66507,1364157584,0.53,-38.03,-35.77,-43.64,136.5,28.42,38.13,20.82,27.93,10.7,19.47
3300,7/30/15,600519,-36.94,-39.81,-36.94,-40.67,41134,853284368,0.33,-39.81,-36.94,-40.67,112.01,7.89,38.13,7.04,34.04,19.82,23.44
3301,7/31/15,600519,-39.07,-38.94,-38.84,-42.77,40737,835374144,0.32,-38.94,-38.84,-42.77,102.67,7.89,39.36,7.68,38.34,28.69,27.79
3302,8/3/15,600519,-40.77,-36.21,-35.78,-42.77,54553,1117796048,0.43,-36.21,-35.78,-42.77,100.07,10.95,35.91,10.94,35.88,36.03,29.67
3303,8/4/15,600519,-36.51,-33.8,-31.79,-36.51,59534,1260302960,0.47,-33.8,-31.79,-36.51,96.22,14.94,32.34,15.53,33.61,40.28,29.25
3304,8/5/15,600519,-32.84,-38.58,-31.92,-38.83,43144,907597376,0.34,-38.58,-31.92,-38.83,97.75,13.6,34.66,13.91,35.46,46.77,29.82
3305,8/6/15,600519,-39.54,-40.81,-38.27,-42.77,39250,805358560,0.31,-40.81,-38.27,-42.77,97.0,10.7,38.6,11.03,39.79,53.77,32.24
3306,8/7/15,600519,-38.28,-38.84,-37.17,-40.17,39521,819022560,0.31,-38.84,-37.17,-40.17,94.85,11.8,36.36,12.44,38.33,51.32,35.57
3307,8/10/15,600519,-38.76,-33.47,-32.77,-40.64,56496,1182083552,0.45,-33.47,-32.77,-40.64,97.61,16.2,33.86,16.6,34.69,46.1,37.39
3308,8/11/15,600519,-33.47,-35.02,-33.36,-35.76,50897,1076261232,0.41,-35.02,-33.36,-35.76,94.59,16.2,30.44,17.13,32.18,42.31,39.17
3309,8/12/15,600519,-35.78,-36.3,-31.48,-37.02,45824,968610592,0.36,-36.3,-31.48,-37.02,95.3,18.08,29.63,18.97,31.09,40.21,40.24
3310,8/13/15,600519,-34.27,-36.26,-34.27,-39.77,35180,733202192,0.28,-36.26,-34.27,-39.77,95.86,14.99,32.38,15.64,33.78,39.05,42.91
3311,8/14/15,600519,-35.27,-35.79,-34.37,-36.52,30667,645849792,0.24,-35.79,-34.37,-36.52,77.71,14.99,14.63,19.29,18.83,29.82,41.8
3312,8/17/15,600519,-37.75,-39.55,-36.95,-41.77,53858,1108212048,0.43,-39.55,-36.95,-41.77,71.73,14.99,16.36,20.9,22.81,22.05,36.68
3313,8/18/15,600519,-38.79,-44.71,-38.27,-45.42,51286,1047896512,0.41,-44.71,-38.27,-45.42,71.01,14.43,20.01,20.32,28.18,18.87,32.48
3314,8/19/15,600519,-46.02,-44.15,-43.61,-47.59,50262,1004394400,0.4,-44.15,-43.61,-47.59,71.26,14.43,22.18,20.25,31.13,17.31,29.81
3315,8/20/15,600519,-44.94,-50.7,-44.77,-50.87,39645,788892224,0.32,-50.7,-44.77,-50.87,74.05,14.43,23.36,19.49,31.55,17.22,28.71
3316,8/21/15,600519,-54.25,-59.44,-50.91,-59.65,75621,1433277968,0.6,-59.44,-50.91,-59.65,76.01,11.37,32.14,14.96,42.28,19.05,29.05
3317,8/24/15,600519,-64.77,-76.13,-64.27,-77.57,89813,1559048768,0.71,-76.13,-64.27,-77.57,89.42,7.38,50.06,8.25,55.98,31.24,30.53
3318,8/25/15,600519,-78.31,-69.18,-63.26,-79.57,123081,2165823584,0.98,-69.18,-63.26,-79.57,98.82,7.38,49.74,7.47,50.33,42.87,32.46
3319,8/26/15,600519,-69.01,-61.89,-57.27,-70.77,91573,1663612848,0.73,-61.89,-57.27,-70.77,107.82,13.37,45.8,12.4,42.48,49.3,34.09
3320,8/27/15,600519,-55.77,-48.7,-45.87,-60.88,87052,1663248880,0.69,-48.7,-45.87,-60.88,120.2,23.67,45.8,19.69,38.1,51.08,34.2
3321,8/28/15,600519,-50.77,-53.12,-50.48,-58.64,89926,1720106864,0.72,-53.12,-50.48,-58.64,122.27,19.27,45.8,15.76,37.46,53.94,35.58
3322,8/31/15,600519,-56.43,-50.4,-50.27,-60.59,62730,1198185024,0.5,-50.4,-50.27,-60.59,130.19,19.27,47.75,14.8,36.68,53.07,36.06
3323,9/1/15,600519,-53.95,-51.4,-50.77,-57.77,87433,1688392992,0.7,-51.4,-50.77,-57.77,132.02,17.39,47.75,13.17,36.17,48.45,39.84
3324,9/2/15,600519,-55.66,-51.16,-50.77,-56.57,106945,2052413264,0.85,-51.16,-50.77,-56.57,132.32,17.39,45.0,13.14,34.01,43.47,43.17
3325,9/7/15,600519,-53.17,-57.06,-51.77,-57.12,32216,615819760,0.26,-57.06,-51.77,-57.12,136.13,17.39,45.55,12.77,33.46,41.79,45.54
3326,9/8/15,600519,-57.31,-56.45,-55.3,-60.77,33099,621914336,0.26,-56.45,-55.3,-60.77,135.62,17.39,43.95,12.82,32.41,43.69,47.39
3327,9/9/15,600519,-55.63,-53.91,-51.9,-55.63,35215,676337504,0.28,-53.91,-51.9,-55.63,133.02,20.79,40.3,15.63,30.3,42.22,48.08
3328,9/10/15,600519,-55.39,-52.56,-52.47,-56.63,26852,514766384,0.21,-52.56,-52.47,-56.63,133.2,20.79,39.13,15.61,29.38,40.24,46.65
3329,9/11/15,600519,-53.89,-52.86,-51.67,-54.72,16932,326277632,0.13,-52.86,-51.67,-54.72,129.53,21.59,35.85,16.67,27.68,36.61,42.53
3330,9/14/15,600519,-53.34,-43.24,-42.97,-57.87,86176,1678995776,0.69,-43.24,-42.97,-57.87,135.48,30.29,27.07,22.36,19.98,30.17,36.82
3331,9/15/15,600519,-47.76,-43.77,-43.75,-50.65,51884,1035493472,0.41,-43.77,-43.75,-50.65,124.76,30.29,9.15,24.28,7.33,31.65,36.72
3332,9/16/15,600519,-45.76,-41.22,-36.23,-48.04,37198,753188784,0.3,-41.22,-36.23,-48.04,120.26,37.81,7.15,31.44,5.95,35.8,39.75
3333,9/17/15,600519,-43.17,-47.77,-39.97,-48.16,26423,533638544,0.21,-47.77,-39.97,-48.16,114.95,31.82,7.27,27.68,6.32,40.94,41.58
3334,9/18/15,600519,-47.17,-46.34,-44.88,-47.77,15643,312040976,0.12,-46.34,-44.88,-47.77,101.82,20.42,7.27,20.05,7.14,43.75,42.0
3335,9/21/15,600519,-47.76,-46.47,-45.07,-47.77,16528,329196736,0.13,-46.47,-45.07,-47.77,94.58,20.42,7.27,21.59,7.69,47.53,42.07
3336,9/22/15,600519,-45.0,-46.5,-44.59,-46.79,16457,329161936,0.13,-46.5,-44.59,-46.79,86.46,20.9,5.32,24.17,6.15,56.5,43.34
3337,9/23/15,600519,-48.62,-51.05,-46.78,-51.67,22344,438412336,0.18,-51.05,-46.78,-51.67,84.26,20.9,10.2,24.8,12.11,53.3,42.47
3338,9/24/15,600519,-49.97,-51.77,-49.49,-52.97,13887,269653184,0.11,-51.77,-49.49,-52.97,81.94,20.9,11.5,25.51,14.03,46.77,41.28
3339,9/25/15,600519,-51.78,-52.31,-50.87,-56.27,24456,470411104,0.19,-52.31,-50.87,-56.27,81.38,20.9,14.25,25.68,17.51,39.46,40.2
3340,9/28/15,600519,-54.29,-54.39,-53.47,-56.54,12341,235369401,0.1,-54.39,-53.47,-56.54,80.14,20.9,10.87,26.08,13.56,36.8,40.28
3341,9/29/15,600519,-56.22,-55.6,-54.4,-57.47,18410,348759184,0.15,-55.6,-54.4,-57.47,78.67,17.5,11.8,22.24,15.0,32.13,39.83
3342,9/30/15,600519,-55.54,-55.46,-54.29,-55.6,11635,222178053,0.09,-55.46,-54.29,-55.6,75.82,17.61,10.8,23.23,14.24,26.22,41.36
3343,10/8/15,600519,-46.99,-48.25,-44.19,-48.77,34392,684138048,0.27,-48.25,-44.19,-48.77,84.04,26.91,10.8,32.02,12.85,27.61,40.45
3344,10/9/15,600519,-46.99,-48.82,-46.87,-49.27,15722,310187696,0.13,-48.82,-46.87,-49.27,71.54,18.21,11.3,25.45,15.8,26.68,36.72
3345,10/12/15,600519,-46.77,-47.68,-41.28,-47.92,49030,982174160,0.39,-47.68,-41.28,-47.92,71.67,23.8,11.3,33.21,15.77,29.46,34.46
3346,10/13/15,600519,-47.68,-47.03,-45.68,-47.68,15751,313495456,0.13,-47.03,-45.68,-47.68,61.86,16.28,11.3,26.32,18.27,27.21,32.0
3347,10/14/15,600519,-46.79,-47.94,-46.27,-48.76,15213,301666752,0.12,-47.94,-46.27,-48.76,56.16,16.28,12.26,28.99,21.83,26.31,29.22
3348,10/15/15,600519,-47.61,-45.78,-45.4,-48.21,16550,329836768,0.13,-45.78,-45.4,-48.21,56.08,17.15,12.26,30.58,21.86,25.09,25.65
3349,10/16/15,600519,-44.55,-45.03,-43.37,-46.36,19238,386383072,0.15,-45.03,-43.37,-46.36,56.37,19.18,12.26,34.03,21.75,21.63,24.62
3350,10/19/15,600519,-40.83,-43.05,-40.83,-43.87,26121,531101872,0.21,-43.05,-40.83,-43.87,58.37,21.24,12.26,36.39,21.0,22.2,24.44
3351,10/20/15,600519,-43.75,-43.8,-42.89,-44.59,14784,298284288,0.12,-43.8,-42.89,-44.59,54.9,21.24,8.1,38.69,14.75,23.73,26.59
3352,10/21/15,600519,-43.69,-45.46,-43.22,-48.76,22349,447195040,0.18,-45.46,-43.22,-48.76,56.96,21.24,10.97,37.29,19.26,26.03,26.62
3353,10/22/15,600519,-45.53,-43.24,-43.04,-46.34,23720,478632752,0.19,-43.24,-43.04,-46.34,54.86,21.42,7.67,39.04,13.98,31.56,28.94
3354,10/23/15,600519,-39.97,-34.79,-28.17,-40.22,56277,1189746960,0.45,-34.79,-28.17,-40.22,65.7,36.29,7.4,55.24,11.26,39.81,32.45
3355,10/26/15,600519,-33.77,-28.04,-27.47,-37.77,43346,932490832,0.35,-28.04,-27.47,-37.77,72.92,36.99,6.47,50.73,8.87,47.85,34.74
3356,10/27/15,600519,-28.67,-30.52,-28.09,-33.19,22573,484597008,0.18,-30.52,-28.09,-33.19,76.76,36.88,6.47,48.05,8.43,55.07,38.64
3357,10/28/15,600519,-30.78,-33.33,-30.78,-33.87,16559,353020512,0.13,-33.33,-30.78,-33.87,68.84,26.78,7.15,38.9,10.39,57.25,40.49
3358,10/29/15,600519,-33.77,-32.77,-30.98,-33.77,13454,287688320,0.11,-32.77,-30.98,-33.77,69.23,26.78,6.65,38.68,9.61,61.97,44.0
3359,10/30/15,600519,-32.82,-31.91,-29.97,-33.65,12258,263117287,0.1,-31.91,-29.97,-33.65,65.37,22.2,6.65,33.96,10.17,63.08,47.32
3360,11/2/15,600519,-31.17,-33.21,-29.91,-33.27,15298,328246688,0.12,-33.21,-29.91,-33.27,66.73,22.26,6.65,33.36,9.97,61.06,50.43
3361,11/3/15,600519,-32.85,-36.06,-30.01,-37.37,23173,493565248,0.18,-36.06,-30.01,-37.37,71.6,22.26,9.67,31.09,13.51,55.92,51.89
3362,11/4/15,600519,-35.19,-30.79,-29.77,-35.66,30810,659118992,0.25,-30.79,-29.77,-35.66,75.08,21.63,9.67,28.81,12.88,50.6,52.84
3363,11/5/15,600519,-31.17,-29.21,-22.49,-32.27,49983,1087812240,0.4,-29.21,-22.49,-32.27,81.87,26.88,9.67,32.83,11.81,48.81,53.03
3364,11/6/15,600519,-28.42,-27.35,-27.17,-30.21,21696,471929424,0.17,-27.35,-27.17,-30.21,80.71,24.34,9.67,30.16,11.98,45.96,53.97
3365,11/9/15,600519,-23.77,-24.94,-21.11,-26.77,40527,900398640,0.32,-24.94,-21.11,-26.77,85.25,30.4,8.95,35.66,10.5,46.06,54.57
3366,11/10/15,600519,-25.77,-23.39,-21.65,-26.61,28730,639416128,0.23,-23.39,-21.65,-26.61,84.67,30.4,4.78,35.9,5.65,49.2,55.13
3367,11/11/15,600519,-23.76,-25.62,-22.77,-27.17,23816,524296320,0.19,-25.62,-22.77,-27.17,85.77,30.22,5.34,35.23,6.23,54.29,55.11
3368,11/12/15,600519,-25.54,-25.76,-22.77,-26.39,16181,357408912,0.13,-25.76,-22.77,-26.39,74.32,15.35,5.34,20.65,7.19,55.98,53.29
3369,11/13/15,600519,-27.67,-30.66,-26.27,-30.94,28397,614644800,0.23,-30.66,-26.27,-30.94,69.2,14.65,9.89,21.17,14.29,51.37,50.09
3370,11/16/15,600519,-33.27,-31.99,-29.27,-33.77,23917,511461328,0.19,-31.99,-29.27,-33.77,68.55,14.65,12.72,21.37,18.56,45.36,45.66
3371,11/17/15,600519,-31.05,-31.41,-28.27,-32.63,21986,473813952,0.18,-31.41,-28.27,-32.63,69.56,15.65,12.04,22.5,17.31,38.44,42.25
3372,11/18/15,600519,-32.18,-31.11,-29.77,-32.18,19726,423815328,0.16,-31.11,-29.77,-32.18,69.18,15.65,12.04,22.62,17.4,28.48,38.84
3373,11/19/15,600519,-31.77,-30.74,-29.77,-31.87,15263,327777824,0.12,-30.74,-29.77,-31.87,67.6,14.64,12.04,21.66,17.81,18.44,36.37
3374,11/20/15,600519,-30.63,-32.05,-29.99,-32.67,22274,476413648,0.18,-32.05,-29.99,-32.67,66.92,14.58,12.84,21.79,19.19,11.44,33.71
3375,11/23/15,600519,-32.77,-33.15,-31.93,-33.26,20995,446996432,0.17,-33.15,-31.93,-33.26,60.89,14.58,9.33,23.94,15.32,11.86,31.62
3376,11/24/15,600519,-33.38,-34.08,-32.49,-35.77,20469,431548240,0.16,-34.08,-32.49,-35.77,57.88,14.34,11.84,24.78,20.46,12.28,28.82
3377,11/25/15,600519,-34.07,-32.79,-32.77,-35.37,24250,512351424,0.19,-32.79,-32.77,-35.37,50.7,7.06,11.84,13.93,23.35,14.32,26.38
3378,11/26/15,600519,-32.28,-32.93,-31.98,-33.94,18805,400523680,0.15,-32.93,-31.98,-33.94,49.62,7.85,11.84,15.82,23.86,15.53,22.0
3379,11/27/15,600519,-33.28,-38.03,-33.23,-39.14,16221,339061424,0.13,-38.03,-33.23,-39.14,49.59,1.79,17.04,3.61,34.36,27.4,22.92
3380,11/30/15,600519,-37.73,-31.46,-30.99,-37.98,33440,702029936,0.27,-31.46,-30.99,-37.98,51.67,4.03,17.04,7.8,32.98,36.63,24.03
3381,12/1/15,600519,-32.77,-31.97,-31.82,-34.77,18878,400895904,0.15,-31.97,-31.82,-34.77,50.58,4.03,16.48,7.97,32.58,43.09,27.48
3382,12/2/15,600519,-31.29,-24.19,-18.77,-33.77,47891,1055325952,0.38,-24.19,-18.77,-33.77,61.96,17.08,16.48,27.57,26.6,41.8,27.04
3383,12/3/15,600519,-26.77,-25.57,-24.37,-29.07,22387,489928576,0.18,-25.57,-24.37,-29.07,61.66,17.08,11.93,27.7,19.35,40.54,27.43
3384,12/4/15,600519,-25.81,-30.46,-25.81,-30.76,20849,452200736,0.17,-30.46,-25.81,-30.76,62.35,17.08,10.79,27.39,17.31,40.92,28.22
3385,12/7/15,600519,-30.77,-31.26,-28.79,-32.57,19255,413697600,0.15,-31.26,-28.79,-32.57,61.77,16.08,12.6,26.03,20.4,29.45,28.42
3386,12/8/15,600519,-31.22,-33.83,-31.22,-34.31,17394,370510928,0.14,-33.83,-31.22,-34.31,62.45,16.08,14.34,25.75,22.96,20.11,28.37
3387,12/9/15,600519,-34.19,-31.3,-30.72,-34.27,14120,302039600,0.11,-31.3,-30.72,-34.27,63.9,16.58,14.34,25.95,22.44,11.2,27.15
3388,12/10/15,600519,-30.77,-32.81,-29.57,-33.78,13787,295297552,0.11,-32.81,-29.57,-33.78,65.43,17.73,13.54,27.1,20.69,13.14,27.47
3389,12/11/15,600519,-33.27,-34.36,-33.27,-35.27,13035,275655728,0.1,-34.36,-33.27,-35.27,66.56,17.73,14.44,26.64,21.69,11.88,26.21
3390,12/14/15,600519,-35.58,-31.67,-30.89,-36.77,20701,439584112,0.16,-31.67,-30.89,-36.77,69.16,20.11,11.93,29.08,17.25,12.38,26.65
3391,12/15/15,600519,-31.97,-31.26,-31.18,-33.69,15088,321828816,0.12,-31.26,-31.18,-33.69,69.07,20.11,11.93,29.12,17.27,14.61,22.03
3392,12/16/15,600519,-31.36,-31.86,-31.13,-33.18,20145,430371568,0.16,-31.86,-31.13,-33.18,69.16,19.37,11.93,28.01,17.25,17.62,18.86
3393,12/17/15,600519,-31.38,-29.91,-28.89,-31.77,24253,523818384,0.19,-29.91,-28.89,-31.77,65.92,21.61,6.73,32.78,10.21,25.16,18.18
3394,12/18/15,600519,-30.27,-28.89,-26.62,-30.66,28460,618897536,0.23,-28.89,-26.62,-30.66,62.92,21.64,6.73,34.39,10.7,31.69,22.41
3395,12/21/15,600519,-27.77,-18.74,-16.59,-27.77,59392,1341466592,0.47,-18.74,-16.59,-27.77,71.91,31.67,6.73,44.04,9.36,40.81,26.34
3396,12/22/15,600519,-18.97,-20.74,-18.97,-22.49,28402,638684800,0.23,-20.74,-18.97,-22.49,60.66,18.62,6.73,30.7,11.09,44.37,28.37
3397,12/23/15,600519,-20.32,-22.77,-19.08,-23.07,22375,501438272,0.18,-22.77,-19.08,-23.07,59.77,18.62,7.31,31.15,12.23,47.38,31.0
3398,12/24/15,600519,-21.79,-20.99,-20.09,-22.57,15578,350137312,0.12,-20.99,-20.09,-22.57,57.26,18.62,5.62,32.52,9.81,52.36,34.99
3399,12/25/15,600519,-20.77,-21.27,-20.11,-22.89,11543,258870006,0.09,-21.27,-20.11,-22.89,56.26,18.62,4.13,33.1,7.34,54.22,39.69
3400,12/28/15,600519,-20.29,-26.65,-19.77,-26.77,25595,569404128,0.2,-26.65,-19.77,-26.77,60.17,18.62,6.27,30.95,10.42,53.73,42.71
3401,12/29/15,600519,-27.15,-25.94,-25.33,-27.26,15774,345982480,0.13,-25.94,-25.33,-27.26,58.55,18.12,6.76,30.95,11.55,50.52,45.66
3402,12/30/15,600519,-25.59,-26.91,-25.11,-28.25,20148,440489184,0.16,-26.91,-25.11,-28.25,57.48,16.97,7.75,29.52,13.48,48.92,46.64
3403,12/31/15,600519,-27.55,-27.58,-26.27,-27.95,19674,429872176,0.16,-27.58,-26.27,-27.95,56.7,16.97,6.26,29.93,11.04,49.33,48.36
3404,1/4/16,600519,-27.77,-35.75,-27.77,-35.78,17350,371909824,0.14,-35.75,-27.77,-35.78,59.02,14.59,14.09,24.72,23.87,40.69,46.52
3405,1/5/16,600519,-35.77,-32.95,-31.8,-38.26,31909,672596336,0.25,-32.95,-31.8,-38.26,62.97,14.59,16.57,23.17,26.31,31.13,42.68
3406,1/6/16,600519,-32.99,-33.59,-32.11,-36.47,23761,502483568,0.19,-33.59,-32.11,-36.47,65.28,14.54,16.57,22.27,25.38,23.95,38.84
3407,1/7/16,600519,-36.78,-43.54,-36.78,-45.74,8149,167829920,0.06,-43.54,-36.78,-45.74,74.46,12.3,25.84,16.52,34.7,22.25,36.39
3408,1/8/16,600519,-41.6,-41.14,-37.77,-45.77,44510,911812832,0.35,-41.14,-37.77,-45.77,78.42,10.03,25.87,12.79,32.99,23.39,36.16
3409,1/11/16,600519,-42.61,-45.91,-41.98,-46.37,29703,596838944,0.24,-45.91,-41.98,-46.37,71.35,0.0,26.47,0.0,37.1,32.37,40.85
3410,1/12/16,600519,-44.67,-48.98,-43.67,-49.77,40287,801495584,0.32,-48.98,-43.67,-49.77,73.7,0.0,29.87,0.0,40.53,48.75,44.72
3411,1/13/16,600519,-46.67,-45.99,-39.77,-47.17,29202,592420624,0.23,-45.99,-39.77,-47.17,78.92,3.9,29.29,4.94,37.11,60.44,45.79
3412,1/14/16,600519,-48.66,-40.95,-39.79,-50.26,34776,699341424,0.28,-40.95,-39.79,-50.26,86.71,3.9,32.38,4.5,37.34,72.44,48.19
3413,1/15/16,600519,-41.02,-46.77,-39.59,-47.77,26681,537750016,0.21,-46.77,-39.59,-47.77,92.11,4.1,32.06,4.45,34.81,79.41,50.83
3414,1/18/16,600519,-47.77,-46.34,-43.37,-48.57,27371,548614384,0.22,-46.34,-43.37,-48.57,90.31,4.1,28.98,4.54,32.09,84.59,53.99
3415,1/19/16,600519,-44.77,-35.53,-35.44,-45.76,59110,1224859280,0.47,-35.53,-35.44,-45.76,99.28,12.03,28.49,12.12,28.7,74.69,53.53
3416,1/20/16,600519,-38.77,-43.45,-35.61,-44.76,40969,835946960,0.33,-43.45,-35.61,-44.76,105.37,12.03,27.5,11.42,26.1,64.55,56.65
3417,1/21/16,600519,-44.51,-45.51,-41.18,-45.87,21832,439737648,0.17,-45.51,-41.18,-45.87,108.38,12.03,28.61,11.1,26.4,58.6,59.52
3418,1/22/16,600519,-42.66,-43.03,-42.37,-46.96,22733,456952016,0.18,-43.03,-42.37,-46.96,104.77,12.03,21.87,11.48,20.87,50.35,61.39
3419,1/25/16,600519,-42.77,-43.0,-42.28,-44.27,13750,278273552,0.11,-43.0,-42.28,-44.27,100.3,12.12,19.39,12.08,19.33,41.31,60.36
3420,1/26/16,600519,-44.78,-46.76,-41.3,-47.27,22281,448487472,0.18,-46.76,-41.3,-47.27,101.91,12.12,22.39,11.89,21.97,33.74,59.16
3421,1/27/16,600519,-45.79,-45.84,-44.88,-50.07,29840,589842576,0.24,-45.84,-44.88,-50.07,94.95,12.12,15.92,12.76,16.77,29.22,51.96
3422,1/28/16,600519,-46.02,-49.13,-46.02,-50.15,17903,353744032,0.14,-49.13,-46.02,-50.15,91.26,12.12,15.97,13.28,17.5,24.99,44.77
3423,1/29/16,600519,-48.29,-45.12,-43.27,-48.77,23090,461975280,0.18,-45.12,-43.27,-48.77,91.89,14.87,15.37,16.18,16.73,18.46,38.53
3424,2/1/16,600519,-43.67,-44.48,-42.97,-45.88,19178,386028336,0.15,-44.48,-42.97,-45.88,88.7,15.17,11.97,17.1,13.49,15.59,32.97
3425,2/2/16,600519,-43.77,-41.22,-40.97,-45.13,17842,362596992,0.14,-41.22,-40.97,-45.13,83.65,13.27,11.97,15.86,14.31,12.6,26.96
3426,2/3/16,600519,-43.19,-42.11,-41.21,-44.27,15157,307933680,0.12,-42.11,-41.21,-44.27,76.24,13.27,8.88,17.41,11.65,10.95,22.34
3427,2/4/16,600519,-40.97,-40.78,-39.89,-42.23,16625,340315136,0.13,-40.78,-39.89,-42.23,70.4,14.39,8.88,20.44,12.61,12.63,20.93
3428,2/5/16,600519,-40.78,-41.9,-40.59,-43.24,14228,290691680,0.11,-41.9,-40.59,-43.24,67.85,14.39,9.09,21.21,13.4,14.11,19.55
3429,2/15/16,600519,-45.77,-45.36,-42.77,-46.17,19470,390748384,0.15,-45.36,-42.77,-46.17,61.22,6.46,12.02,10.55,19.63,18.85,18.66
3430,2/16/16,600519,-45.21,-41.85,-37.77,-45.21,19223,393326288,0.15,-41.85,-37.77,-45.21,59.58,11.46,12.02,19.23,20.17,17.28,16.44
3431,2/17/16,600519,-42.03,-43.47,-40.85,-45.26,20349,411126976,0.16,-43.47,-40.85,-45.26,59.3,11.46,10.96,19.33,18.48,16.8,14.7
3432,2/18/16,600519,-42.57,-44.06,-42.17,-44.67,18893,381696256,0.15,-44.06,-42.17,-44.67,57.21,11.46,9.87,20.03,17.25,14.73,12.84
3433,2/19/16,600519,-44.15,-42.66,-42.59,-44.64,14238,287755552,0.11,-42.66,-42.59,-44.64,57.27,11.37,9.87,19.85,17.23,11.97,12.3
3434,2/22/16,600519,-39.77,-37.97,-37.45,-39.77,27760,574540624,0.22,-37.97,-37.45,-39.77,56.51,16.51,6.87,29.22,12.16,15.07,14.59
3435,2/23/16,600519,-38.0,-33.36,-30.79,-38.75,37461,795824528,0.3,-33.36,-30.79,-38.75,59.28,23.17,4.07,39.09,6.87,21.75,20.3
3436,2/24/16,600519,-33.57,-28.03,-27.74,-34.76,33129,717612352,0.26,-28.03,-27.74,-34.76,61.99,26.22,3.99,42.3,6.44,33.61,25.45
3437,2/25/16,600519,-26.97,-33.36,-25.29,-33.64,39481,855036784,0.31,-33.36,-25.29,-33.64,64.48,25.92,3.99,40.2,6.19,45.46,31.13
3438,2/26/16,600519,-32.67,-28.93,-26.52,-34.51,28333,609924304,0.23,-28.93,-26.52,-34.51,69.56,25.62,4.86,36.83,6.99,55.57,35.15
3439,2/29/16,600519,-26.78,-30.86,-24.89,-38.97,47712,1022532384,0.38,-30.86,-24.89,-38.97,79.48,23.62,9.32,29.72,11.73,61.63,36.8
3440,3/1/16,600519,-29.81,-27.35,-25.47,-35.37,34005,736088848,0.27,-27.35,-25.47,-35.37,86.32,23.62,9.32,27.36,10.8,61.99,38.53
3441,3/2/16,600519,-26.77,-21.55,-20.27,-27.1,47943,1073462816,0.38,-21.55,-20.27,-27.1,91.06,27.5,9.32,30.2,10.24,58.54,40.14
3442,3/3/16,600519,-20.77,-17.96,-13.79,-24.11,40193,914557328,0.32,-17.96,-13.79,-24.11,98.73,33.98,8.31,34.42,8.42,56.39,45.0
3443,3/4/16,600519,-18.89,-6.99,-5.61,-20.76,85839,2007278352,0.68,-6.99,-5.61,-20.76,109.61,42.16,5.38,38.46,4.91,57.06,51.26
3444,3/7/16,600519,-7.66,-12.13,-5.77,-14.72,39346,924016288,0.31,-12.13,-5.77,-14.72,110.97,37.16,5.38,33.49,4.85,58.16,56.87
3445,3/8/16,600519,-12.47,-16.56,-12.47,-18.77,26147,600938832,0.21,-16.56,-12.47,-18.77,113.2,37.16,9.38,32.83,8.29,60.88,61.25
3446,3/9/16,600519,-18.77,-18.33,-13.12,-19.67,16403,375804064,0.13,-18.33,-13.12,-19.67,117.25,37.16,10.28,31.69,8.77,63.08,62.54
3447,3/10/16,600519,-16.78,-17.71,-12.07,-17.77,25727,593953296,0.2,-17.71,-12.07,-17.77,121.46,38.21,10.28,31.46,8.46,64.45,61.49
3448,3/11/16,600519,-19.23,-17.72,-13.89,-20.27,16320,373343712,0.13,-17.72,-13.89,-20.27,122.63,33.07,12.78,26.97,10.42,61.71,59.05
3449,3/14/16,600519,-15.01,-21.2,-12.27,-23.57,45278,1029457824,0.36,-21.2,-12.27,-23.57,125.97,26.41,16.08,20.97,12.76,52.87,54.97
3450,3/15/16,600519,-20.97,-13.85,-11.38,-21.43,36356,832373600,0.29,-13.85,-11.38,-21.43,129.0,24.25,16.08,18.8,12.47,43.8,50.98
3451,3/16/16,600519,-15.55,-17.16,-13.27,-20.77,24251,555358080,0.19,-17.16,-13.27,-20.77,128.15,21.8,16.08,17.01,12.55,36.36,48.62
3452,3/17/16,600519,-15.77,-16.21,-11.67,-17.47,28821,665454448,0.23,-16.21,-11.67,-17.47,125.96,23.4,15.21,18.58,12.08,30.46,46.77
3453,3/18/16,600519,-13.77,-19.77,-13.51,-19.99,70569,1613934128,0.56,-19.77,-13.51,-19.99,118.36,23.4,13.27,19.77,11.21,25.46,44.96
3454,3/21/16,600519,-19.11,-13.79,-13.75,-19.12,38547,885665712,0.31,-13.79,-13.75,-19.12,114.48,23.4,13.27,20.44,11.59,22.69,42.2
3455,3/22/16,600519,-13.51,-11.28,-7.59,-14.27,41767,981582400,0.33,-11.28,-7.59,-14.27,114.08,24.36,13.27,21.35,11.63,23.55,38.21
3456,3/23/16,600519,-10.57,-10.8,-8.77,-13.09,21412,503035648,0.17,-10.8,-8.77,-13.09,108.08,17.88,13.27,16.54,12.28,22.64,33.22
3457,3/24/16,600519,-10.77,-3.11,-0.37,-14.47,62068,1487290880,0.49,-3.11,-0.37,-14.47,107.03,18.1,13.27,16.91,12.4,22.69,29.53
3458,3/25/16,600519,-3.27,-0.79,4.02,-4.75,44756,1100326144,0.36,-0.79,4.02,-4.75,106.85,22.49,13.27,21.05,12.42,23.45,26.95
3459,3/28/16,600519,-0.79,3.81,7.61,-0.79,48338,1207751712,0.38,3.81,7.61,-0.79,108.61,26.08,9.22,24.01,8.49,26.81,26.13
3460,3/29/16,600519,3.83,2.34,5.23,-1.33,36688,911522992,0.29,2.34,5.23,-1.33,108.62,26.08,8.86,24.01,8.16,30.42,26.55
3461,3/30/16,600519,3.23,2.89,4.63,-0.29,27783,688591408,0.22,2.89,4.63,-0.29,107.28,25.03,8.86,23.33,8.26,33.46,28.5
3462,3/31/16,600519,4.07,1.87,4.53,1.22,19457,483196896,0.15,1.87,4.53,1.22,104.21,25.03,6.36,24.02,6.1,40.9,31.77
3463,4/1/16,600519,3.18,-0.68,4.72,-1.23,25146,620149504,0.2,-0.68,4.72,-1.23,98.86,25.03,5.51,25.32,5.57,48.99,35.84
3464,4/5/16,600519,-2.77,-0.25,1.73,-2.77,25048,615354320,0.2,-0.25,1.73,-2.77,93.31,24.14,7.05,25.87,7.56,53.82,38.64
3465,4/6/16,600519,0.03,11.44,11.83,0.03,48425,1225137024,0.39,11.44,11.83,0.03,97.89,34.24,7.05,34.98,7.2,56.84,41.82
3466,4/7/16,600519,11.12,8.34,11.71,6.85,25536,650128768,0.2,8.34,11.71,6.85,96.95,32.64,7.05,33.67,7.27,59.37,44.89
3467,4/8/16,600519,6.23,4.09,10.12,2.43,23156,583704016,0.18,4.09,10.12,2.43,98.16,32.64,8.95,33.25,9.12,60.91,47.18
3468,4/11/16,600519,4.73,-2.05,9.41,-2.27,119285,2930751136,0.95,-2.05,9.41,-2.27,103.82,32.64,13.65,31.44,13.15,57.84,49.37
3469,4/12/16,600519,-2.07,-0.85,-0.77,-3.67,23339,568663728,0.19,-0.85,-0.77,-3.67,100.04,26.48,15.05,26.47,15.04,51.77,50.38
3470,4/13/16,600519,-0.37,-3.53,2.86,-4.07,54274,1328412384,0.43,-3.53,2.86,-4.07,102.65,30.11,15.05,29.33,14.66,48.2,51.01
3471,4/14/16,600519,-3.39,-3.01,-0.94,-4.77,28664,696651872,0.23,-3.01,-0.94,-4.77,92.38,21.71,15.75,23.5,17.05,39.87,48.36
3472,4/15/16,600519,-3.13,-0.87,-0.79,-4.57,19029,463404864,0.15,-0.87,-0.79,-4.57,87.39,17.47,15.75,19.99,18.02,29.99,44.68
3473,4/18/16,600519,-2.97,-2.09,0.23,-3.27,18593,453989136,0.15,-2.09,0.23,-3.27,82.49,14.9,15.75,18.06,19.09,20.96,40.94
3474,4/19/16,600519,-1.18,-2.59,-0.58,-4.32,14237,345816832,0.11,-2.59,-0.58,-4.32,79.67,14.9,16.26,18.7,20.41,14.85,36.34
3475,4/20/16,600519,-2.58,-7.33,-1.37,-9.97,33709,808354336,0.27,-7.33,-1.37,-9.97,83.35,14.9,21.91,17.88,26.29,13.44,32.6
3476,4/21/16,600519,-5.27,-5.4,-3.47,-7.47,29672,713190672,0.24,-5.4,-3.47,-7.47,84.04,14.9,21.91,17.73,26.07,11.05,29.62
3477,4/22/16,600519,-4.77,1.63,2.11,-5.4,35459,869560464,0.28,1.63,2.11,-5.4,85.6,20.48,19.46,23.93,22.73,8.83,24.35
3478,4/25/16,600519,1.35,-1.25,2.33,-2.47,24990,614481808,0.2,-1.25,2.33,-2.47,85.9,20.7,17.92,24.1,20.86,9.16,19.58
3479,4/26/16,600519,-0.82,-1.91,1.11,-2.77,15157,370224912,0.12,-1.91,1.11,-2.77,77.7,10.6,18.22,13.64,23.45,13.11,17.03
3480,4/27/16,600519,-1.27,-0.89,-0.29,-2.28,13915,340092448,0.11,-0.89,-0.29,-2.28,74.83,10.6,18.22,14.17,24.35,16.79,15.82
3481,4/28/16,600519,0.06,0.67,0.97,-1.77,17157,421012816,0.14,0.67,0.97,-1.77,69.88,11.86,13.8,16.97,19.75,14.87,14.15
3482,4/29/16,600519,1.62,5.43,6.66,1.62,46079,1155915392,0.37,5.43,6.66,1.62,64.19,17.55,9.1,27.34,14.18,16.98,14.02
3483,5/3/16,600519,4.78,14.23,16.51,4.78,56475,1463972624,0.45,14.23,16.51,4.78,73.02,27.4,7.7,37.52,10.55,25.91,17.37
3484,5/4/16,600519,14.23,10.44,16.62,10.22,28636,743425168,0.23,10.44,16.62,10.22,72.49,23.88,7.7,32.94,10.62,33.25,21.21
3485,5/5/16,600519,10.73,12.0,12.38,9.73,13518,347050352,0.11,12.0,12.38,9.73,71.31,23.88,7.49,33.49,10.5,37.55,25.33
3486,5/6/16,600519,11.54,6.45,12.75,5.35,27174,689911424,0.22,6.45,12.75,5.35,74.93,23.73,11.87,31.67,15.84,38.7,27.74
3487,5/9/16,600519,4.36,5.05,7.03,3.24,27799,696784544,0.22,5.05,7.03,3.24,75.22,22.71,13.98,30.19,18.59,41.4,28.14
3488,5/10/16,600519,3.73,6.31,8.23,3.34,33506,843441776,0.27,6.31,8.23,3.34,76.37,23.91,12.93,31.31,16.93,41.09,29.04
3489,5/11/16,600519,6.58,11.1,14.71,6.58,49277,1268594576,0.39,11.1,14.71,6.58,76.17,30.39,7.28,39.9,9.56,41.96,33.93
3490,5/12/16,600519,8.25,10.19,10.79,6.23,18894,480711456,0.15,10.19,10.79,6.23,77.04,30.39,7.63,39.45,9.9,43.4,38.32
3491,5/13/16,600519,10.21,5.19,13.13,4.73,28146,714915408,0.22,5.19,13.13,4.73,77.93,27.15,7.63,34.84,9.79,44.04,40.8
3492,5/16/16,600519,5.09,5.86,6.03,1.53,22203,553627504,0.18,5.86,6.03,1.53,77.63,26.93,10.83,34.69,13.95,45.6,42.15
3493,5/17/16,600519,5.24,4.26,6.63,4.06,11786,295827984,0.09,4.26,6.63,4.06,76.32,27.53,10.53,36.07,13.8,49.07,45.24
3494,5/18/16,600519,3.31,-1.33,6.08,-2.67,28380,700172112,0.23,-1.33,6.08,-2.67,83.08,27.53,17.26,33.14,20.78,47.93,44.51
3495,5/19/16,600519,-0.61,0.0,2.73,-1.27,20889,514050848,0.17,0.0,2.73,-1.27,84.4,26.27,17.26,31.13,20.45,41.15,41.56
3496,5/20/16,600519,1.07,5.49,6.41,-1.45,25502,638079264,0.2,5.49,6.41,-1.45,86.27,24.26,17.26,28.12,20.01,33.99,38.69
3497,5/23/16,600519,3.95,8.43,9.22,3.95,18706,474832784,0.15,8.43,9.22,3.95,79.81,17.22,17.26,21.58,21.63,24.65,34.35
3498,5/24/16,600519,8.64,6.17,9.44,4.33,11674,294383664,0.09,6.17,9.44,4.33,78.52,17.33,17.26,22.07,21.98,17.58,31.59
3499,5/25/16,600519,8.71,6.09,9.17,5.24,17785,450815936,0.14,6.09,9.17,5.24,79.8,17.33,16.77,21.72,21.02,10.41,29.74
3500,5/26/16,600519,6.22,6.94,8.03,3.43,18120,454859056,0.14,6.94,8.03,3.43,77.0,17.33,14.2,22.51,18.44,8.24,28.08
3501,5/27/16,600519,6.95,6.67,8.92,5.61,13230,334258000,0.11,6.67,8.92,5.61,76.52,18.22,12.09,23.81,15.8,8.16,24.66
3502,5/30/16,600519,5.73,10.36,10.73,4.23,29807,756013040,0.24,10.36,10.73,4.23,78.13,18.83,12.09,24.1,15.47,8.99,21.49
3503,5/31/16,600519,10.23,18.7,20.85,9.43,53950,1418668240,0.43,18.7,20.85,9.43,81.15,22.47,12.09,27.69,14.9,13.97,19.31
3504,6/1/16,600519,19.63,18.02,19.73,17.23,21877,578184016,0.17,18.02,19.73,17.23,78.78,22.47,11.74,28.52,14.9,19.17,18.37
3505,6/2/16,600519,17.24,21.97,22.91,17.24,24761,660335568,0.2,21.97,22.91,17.24,76.05,23.31,11.74,30.65,15.44,24.39,17.4
3506,6/3/16,600519,21.23,38.12,40.97,20.63,64798,1806172752,0.52,38.12,40.97,20.63,91.89,41.37,8.54,45.02,9.29,33.7,20.97
3507,6/6/16,600519,36.23,30.28,37.23,29.23,37262,1034692864,0.3,30.28,37.23,29.23,98.21,40.77,8.54,41.51,8.7,41.22,24.69
3508,6/7/16,600519,30.73,32.08,32.72,29.24,18754,518246016,0.15,32.08,32.72,29.24,92.94,40.77,1.81,43.87,1.95,52.84,30.91
3509,6/8/16,600519,30.63,28.51,32.09,27.73,23882,656530784,0.19,28.51,32.09,27.73,93.24,40.77,3.32,43.73,3.56,61.99,37.98
3510,6/13/16,600519,27.58,21.29,30.89,20.48,37775,1030012784,0.3,21.29,30.89,20.48,95.79,37.09,10.57,38.72,11.03,66.04,42.6
3511,6/14/16,600519,21.94,26.98,28.03,21.94,25587,696446752,0.2,26.98,28.03,21.94,97.26,34.28,10.57,35.25,10.87,69.35,46.87
3512,6/15/16,600519,24.94,30.72,32.03,24.44,27322,752172240,0.22,30.72,32.03,24.44,99.74,38.06,10.57,38.16,10.6,67.81,50.75
3513,6/16/16,600519,29.09,28.25,32.03,28.01,19644,540824576,0.16,28.25,32.03,28.01,99.83,38.06,10.57,38.12,10.59,66.33,53.78
3514,6/17/16,600519,27.83,32.49,36.72,27.83,24705,689165056,0.2,32.49,36.72,27.83,104.12,42.75,8.76,41.06,8.41,62.08,57.46
3515,6/20/16,600519,34.0,30.34,34.09,28.23,19019,523759584,0.15,30.34,34.09,28.23,106.67,41.86,8.76,39.24,8.21,58.82,60.41
3516,6/21/16,600519,31.27,28.04,32.17,27.23,16749,460067360,0.13,28.04,32.17,27.23,105.11,40.05,9.76,38.1,9.29,59.69,62.86
3517,6/22/16,600519,28.0,32.67,33.59,27.0,20884,577353680,0.17,32.67,33.59,27.0,100.28,31.35,9.76,31.26,9.73,59.63,64.49
3518,6/23/16,600519,34.2,30.67,34.2,29.11,13985,386801280,0.11,30.67,34.2,29.11,102.87,31.96,9.76,31.07,9.49,59.07,63.44
3519,6/24/16,600519,29.51,28.0,31.23,21.43,20130,550877440,0.16,28.0,31.23,21.43,107.0,28.78,17.44,26.9,16.3,53.74,60.04
3520,6/27/16,600519,29.23,41.91,46.53,29.23,63643,1823624048,0.51,41.91,46.53,29.23,105.19,26.02,17.44,24.74,16.58,46.03,54.06
3521,6/28/16,600519,41.25,42.44,43.89,40.55,24282,699351504,0.19,42.44,43.89,40.55,99.64,26.02,17.44,26.11,17.5,38.43,48.63
3522,6/29/16,600519,41.78,42.41,43.68,38.43,28148,805690464,0.22,42.41,43.68,38.43,101.41,26.02,19.56,25.66,19.29,30.65,45.17
3523,6/30/16,600519,44.25,46.15,52.43,44.25,38022,1116195904,0.3,46.15,52.43,44.25,107.07,34.77,18.05,32.47,16.86,27.18,43.4
3524,7/1/16,600519,47.6,46.57,52.28,44.4,26015,746622848,0.21,46.57,52.28,44.4,104.54,34.77,10.8,33.26,10.33,27.07,43.07
3525,7/4/16,600519,47.4,54.3,55.8,46.4,29489,859625104,0.23,54.3,55.8,46.4,107.2,38.29,10.8,35.72,10.07,32.32,43.03
3526,7/5/16,600519,55.43,60.98,63.5,55.43,41708,1252985744,0.33,60.98,63.5,55.43,108.81,41.99,10.8,38.59,9.93,38.88,42.45
3527,7/6/16,600519,60.2,77.59,78.4,59.41,47348,1463885920,0.38,77.59,78.4,59.41,123.78,56.89,10.8,45.96,8.73,46.93,42.68
3528,7/7/16,600519,76.2,77.31,87.2,72.48,50725,1619384208,0.4,77.31,87.2,72.48,129.61,61.0,10.8,47.06,8.33,56.22,43.44
3529,7/8/16,600519,73.93,70.31,75.9,66.56,45546,1412963904,0.36,70.31,75.9,66.56,134.5,61.0,16.72,45.35,12.43,60.44,43.81
3530,7/11/16,600519,69.43,75.54,84.4,69.43,57482,1825388224,0.46,75.54,84.4,69.43,144.53,69.5,15.72,48.09,10.88,62.19,44.63
3531,7/12/16,600519,76.16,85.13,87.0,75.4,53119,1712151168,0.42,85.13,87.0,75.4,149.54,70.68,15.72,47.26,10.51,63.46,47.89
3532,7/13/16,600519,83.43,77.59,85.13,75.45,53448,1697002624,0.43,77.59,85.13,75.45,154.13,70.07,15.72,45.46,10.2,64.18,51.53
3533,7/14/16,600519,76.49,77.49,81.2,75.6,29231,928017840,0.23,77.49,81.2,75.6,149.93,70.07,8.04,46.74,5.36,66.06,56.5
3534,7/15/16,600519,77.52,77.92,78.43,75.46,26811,848676192,0.21,77.92,78.43,75.46,134.37,54.77,8.18,40.76,6.09,66.74,61.48
3535,7/18/16,600519,77.9,76.61,79.9,76.06,23353,741065232,0.19,76.61,79.9,76.06,134.87,56.24,8.18,41.7,6.07,69.68,65.06
3536,7/19/16,600519,75.9,68.51,76.7,65.95,41432,1282256496,0.33,68.51,76.7,65.95,140.37,56.24,16.17,40.07,11.52,68.39,65.29
3537,7/20/16,600519,69.02,68.96,71.27,67.9,17734,548187888,0.14,68.96,71.27,67.9,133.72,47.49,16.17,35.51,12.09,65.99,64.72
3538,7/21/16,600519,70.55,74.78,78.0,69.4,33009,1041004816,0.26,74.78,78.0,69.4,134.88,54.22,16.17,40.2,11.99,64.44,64.31
3539,7/22/16,600519,73.3,68.32,75.6,67.78,28871,893047920,0.23,68.32,75.6,67.78,133.3,50.7,17.79,38.03,13.35,59.21,62.64
3540,7/25/16,600519,68.0,71.66,74.59,67.4,23624,736751808,0.19,71.66,74.59,67.4,131.29,43.0,18.17,32.75,13.84,53.64,60.19
3541,7/26/16,600519,69.41,79.44,79.9,68.9,35556,1121135552,0.28,79.44,79.9,68.9,123.3,33.41,18.17,27.1,14.74,46.13,57.91
3542,7/27/16,600519,80.25,74.41,81.0,68.7,39228,1235833184,0.31,74.41,81.0,68.7,120.88,25.71,18.17,21.27,15.03,39.77,54.08
3543,7/28/16,600519,72.4,76.45,79.7,71.9,39644,1254912048,0.32,76.45,79.7,71.9,117.93,25.71,12.25,21.8,10.39,37.48,51.73
3544,7/29/16,600519,75.48,73.55,79.28,73.4,29007,913987184,0.23,73.55,79.28,73.4,108.84,17.21,12.25,15.81,11.26,31.28,47.86
3545,8/1/16,600519,73.4,67.36,74.35,65.4,31702,980681840,0.25,67.36,74.35,65.4,106.19,14.61,20.25,13.76,19.07,25.97,42.59
3546,8/2/16,600519,67.65,66.61,70.9,63.25,26541,812078464,0.21,66.61,70.9,63.25,104.16,14.61,22.4,14.03,21.51,22.71,38.17
3547,8/3/16,600519,67.4,67.22,68.3,64.55,24039,735080448,0.19,67.22,68.3,64.55,102.31,14.61,22.4,14.28,21.89,21.29,33.71
3548,8/4/16,600519,67.25,66.7,68.73,64.62,21794,666165440,0.17,66.7,68.73,64.62,103.45,15.04,22.26,14.54,21.52,21.65,30.71
3549,8/5/16,600519,66.89,66.33,68.77,65.43,20308,622324416,0.16,66.33,68.77,65.43,102.95,13.61,22.26,13.22,21.62,19.76,28.62
3550,8/8/16,600519,66.55,68.5,68.7,63.46,22007,672724160,0.18,68.5,68.7,63.46,97.44,13.61,14.12,13.97,14.49,17.26,24.27
3551,8/9/16,600519,68.57,76.15,78.07,66.82,39290,1230571984,0.31,76.15,78.07,66.82,105.32,22.98,14.12,21.82,13.41,18.55,22.26
3552,8/10/16,600519,75.45,74.21,76.9,73.73,20945,659451040,0.17,74.21,76.9,73.73,99.45,16.25,14.12,16.34,14.2,16.21,19.46
3553,8/11/16,600519,74.78,77.17,81.97,74.41,31940,1016399248,0.25,77.17,81.97,74.41,99.39,21.32,12.5,21.45,12.58,17.05,19.17
3554,8/12/16,600519,77.8,77.37,77.8,74.41,23353,737487488,0.19,77.37,77.8,74.41,95.59,21.32,12.12,22.3,12.68,18.41,20.03
3555,8/15/16,600519,76.2,79.18,82.09,74.55,34110,1084418384,0.27,79.18,82.09,74.55,92.13,20.3,12.12,22.03,13.16,18.59,19.18
3556,8/16/16,600519,82.4,69.92,82.88,68.4,88379,2755749504,0.7,69.92,82.88,68.4,94.31,19.2,18.27,20.36,19.37,18.7,17.98
3557,8/17/16,600519,70.0,68.56,71.37,66.9,43754,1347397792,0.35,68.56,71.37,66.9,90.98,19.2,19.77,21.1,21.73,14.96,16.76
3558,8/18/16,600519,68.35,66.83,70.05,65.53,31006,951674784,0.25,66.83,70.05,65.53,89.62,19.2,21.14,21.42,23.59,14.6,15.4
3559,8/19/16,600519,66.2,66.88,67.85,65.2,19141,585467696,0.15,66.88,67.85,65.2,83.32,19.2,13.47,23.04,16.17,13.17,15.11
3560,8/22/16,600519,66.53,67.72,69.98,66.4,20813,640455200,0.17,67.72,69.98,66.4,79.25,21.33,11.32,26.91,14.28,13.7,16.05
3561,8/23/16,600519,67.73,67.28,69.44,66.2,19914,612752800,0.16,67.28,69.44,66.2,78.74,21.33,11.52,27.09,14.63,14.47,16.53
3562,8/24/16,600519,67.42,65.68,67.89,64.23,22779,695005296,0.18,65.68,67.89,64.23,78.29,20.9,13.49,26.7,17.23,17.65,18.17
3563,8/25/16,600519,65.6,63.41,65.78,60.47,25363,766099104,0.2,63.41,65.78,60.47,80.26,20.86,17.25,25.99,21.49,18.98,16.97
3564,8/26/16,600519,63.54,61.85,64.95,60.8,21436,648346752,0.17,61.85,64.95,60.8,79.17,20.86,15.28,26.35,19.3,20.75,17.67
3565,8/29/16,600519,68.4,67.93,69.2,65.6,38056,1169052448,0.3,67.93,69.2,65.6,75.27,15.74,15.28,20.91,20.3,18.08,15.63
3566,8/30/16,600519,67.4,66.26,68.9,65.07,21171,649198656,0.17,66.26,68.9,65.07,75.93,15.74,15.81,20.73,20.82,13.0,13.35
3567,8/31/16,600519,67.1,70.59,71.16,65.94,40401,1250762224,0.32,70.59,71.16,65.94,73.39,12.93,15.81,17.62,21.54,9.7,12.08
3568,9/1/16,600519,70.1,69.11,72.4,68.65,17186,532785264,0.14,69.11,72.4,68.65,73.75,14.17,15.81,19.21,21.44,7.02,12.33
3569,9/2/16,600519,68.4,66.18,69.85,65.28,18572,570909568,0.15,66.18,69.85,65.28,70.78,9.88,19.18,13.96,27.1,10.77,14.88
3570,9/5/16,600519,66.6,68.9,69.4,66.21,19139,589626256,0.15,68.9,69.4,66.21,59.52,9.88,13.03,16.6,21.89,10.49,15.62
3571,9/6/16,600519,68.9,70.34,70.76,68.75,20626,638681584,0.16,70.34,70.76,68.75,57.06,11.24,11.53,19.7,20.21,10.46,14.27
3572,9/7/16,600519,70.08,67.0,70.08,65.9,29645,908976240,0.24,67.0,70.08,65.9,56.98,11.24,13.01,19.73,22.83,11.64,12.32
3573,9/8/16,600519,65.61,66.22,66.9,64.81,16706,509979664,0.13,66.22,66.9,64.81,56.52,11.24,13.77,19.89,24.36,11.65,10.67
3574,9/9/16,600519,67.05,65.03,67.26,64.4,16223,494663728,0.13,65.03,67.26,64.4,55.8,9.11,14.18,16.33,25.41,14.37,10.69
3575,9/12/16,600519,62.4,58.46,64.4,58.17,38239,1148690128,0.3,58.46,64.4,58.17,59.42,9.11,20.21,15.33,34.01,15.34,13.06
3576,9/13/16,600519,60.35,60.83,61.37,59.7,16256,488095088,0.13,60.83,61.37,59.7,58.67,9.11,18.24,15.53,31.09,18.62,14.55
3577,9/14/16,600519,60.5,59.97,62.6,58.41,18528,556106064,0.15,59.97,62.6,58.41,57.55,9.11,15.77,15.83,27.4,22.87,16.66
3578,9/19/16,600519,60.45,60.53,61.97,60.28,12852,385804384,0.1,60.53,61.97,60.28,55.4,9.11,15.77,16.44,28.47,26.11,18.87
3579,9/20/16,600519,61.18,55.36,61.2,54.4,34893,1031649952,0.28,55.36,61.2,54.4,54.85,4.86,21.65,8.86,39.47,34.98,23.32
3580,9/21/16,600519,55.46,54.45,55.79,49.51,39037,1139374176,0.31,54.45,55.79,49.51,57.3,4.86,26.01,8.48,45.39,42.77,28.57
3581,9/22/16,600519,54.7,57.38,60.38,54.41,29606,879666032,0.24,57.38,60.38,54.41,58.05,7.19,26.01,12.39,44.81,45.91,30.63
3582,9/23/16,600519,57.42,58.08,59.35,55.8,12672,376554080,0.1,58.08,59.35,55.8,57.85,5.95,26.01,10.29,44.96,50.81,34.71
3583,9/26/16,600519,57.4,49.13,57.41,48.95,37176,1080278320,0.3,49.13,57.41,48.95,62.41,5.95,29.49,9.53,47.25,57.42,40.14
3584,9/27/16,600519,49.28,51.57,52.38,49.16,17916,520513712,0.14,51.57,52.38,49.16,62.44,5.95,29.49,9.53,47.23,64.02,45.07
3585,9/28/16,600519,52.19,48.81,52.19,47.96,22360,648736320,0.18,48.81,52.19,47.96,64.66,4.59,30.69,7.1,47.46,65.8,50.39
3586,9/29/16,600519,48.25,51.38,53.4,48.25,23706,688873472,0.19,51.38,53.4,48.25,65.37,5.8,27.84,8.87,42.59,65.3,54.03
3587,9/30/16,600519,50.4,58.31,60.03,50.4,29604,880477808,0.24,58.31,60.03,50.4,72.81,12.43,26.75,17.07,36.74,61.94,53.93
3588,10/10/16,600519,58.91,63.36,64.26,58.91,21104,637178864,0.17,63.36,64.26,58.91,75.9,16.66,26.34,21.95,34.7,55.23,53.02
3589,10/11/16,600519,64.4,69.32,69.4,63.4,41737,1279755344,0.33,69.32,69.4,63.4,75.08,21.8,20.11,29.04,26.78,44.84,51.13
3590,10/12/16,600519,68.9,66.22,68.9,65.3,19286,590793824,0.15,66.22,68.9,65.3,76.19,21.8,20.11,28.61,26.39,34.44,49.23
3591,10/13/16,600519,67.2,64.29,67.34,63.91,16144,491591616,0.13,64.29,67.34,63.91,75.43,21.8,20.21,28.9,26.79,22.74,44.27
3592,10/14/16,600519,63.87,66.0,66.4,63.6,12691,386317904,0.1,66.0,66.4,63.6,76.23,21.8,20.52,28.6,26.92,12.32,38.81
3593,10/17/16,600519,65.85,62.85,65.9,61.9,18957,574503344,0.15,62.85,65.9,61.9,73.53,21.8,16.34,29.65,22.22,8.62,35.28
3594,10/18/16,600519,62.9,67.56,68.9,62.4,30389,932443504,0.24,67.56,68.9,62.4,73.75,24.8,11.45,33.63,15.53,11.0,33.12
3595,10/19/16,600519,68.9,66.85,69.15,65.5,14123,433658688,0.11,66.85,69.15,65.5,71.43,20.46,11.45,28.64,16.03,15.04,29.94
3596,10/20/16,600519,67.79,65.88,67.79,65.2,14080,429896208,0.11,65.88,67.79,65.2,70.47,20.46,11.75,29.03,16.67,18.87,26.65
3597,10/21/16,600519,65.48,64.59,65.88,62.99,11483,349209696,0.09,64.59,65.88,62.99,64.23,20.46,7.11,31.85,11.07,26.31,24.52
3598,10/24/16,600519,63.0,67.33,67.4,63.0,26247,802002336,0.21,67.33,67.4,63.0,65.38,21.98,7.11,33.62,10.87,34.33,23.32
3599,10/25/16,600519,67.79,73.34,73.4,67.79,43762,1363211040,0.35,73.34,73.4,67.79,67.22,27.98,5.91,41.62,8.79,42.79,25.71
3600,10/26/16,600519,73.4,74.08,78.71,72.05,46813,1475976848,0.37,74.08,78.71,72.05,68.73,32.08,5.91,46.68,8.6,48.14,29.57
3601,10/27/16,600519,73.39,77.27,78.62,71.41,32952,1039017328,0.26,77.27,78.62,71.41,66.31,25.45,6.55,38.38,9.88,53.28,34.16
3602,10/28/16,600519,77.9,77.45,78.83,74.4,20137,637478016,0.16,77.45,78.83,74.4,64.79,21.43,6.55,33.08,10.11,57.63,38.25
3603,10/31/16,600519,79.4,78.35,83.2,77.2,43596,1394967920,0.35,78.35,83.2,77.2,64.75,20.66,6.55,31.91,10.12,58.2,42.26
3604,11/1/16,600519,78.35,77.08,79.4,75.95,19512,617880128,0.16,77.08,79.4,75.95,64.18,20.66,7.8,32.19,12.15,57.22,45.77
3605,11/2/16,600519,76.49,75.58,77.56,74.08,20636,650629056,0.16,75.58,77.56,74.08,64.23,20.66,8.28,32.17,12.89,53.49,48.14
3606,11/3/16,600519,75.4,76.26,76.86,74.55,18691,589861360,0.15,76.26,76.86,74.55,63.74,20.66,7.97,32.41,12.5,49.4,48.77
3607,11/4/16,600519,76.39,75.22,78.65,74.38,20619,650490000,0.16,75.22,78.65,74.38,63.91,22.45,6.27,35.13,9.81,48.94,51.11
3608,11/7/16,600519,75.4,75.73,77.4,73.6,16048,505304912,0.13,75.73,77.4,73.6,61.21,19.45,7.05,31.78,11.52,47.88,52.76
3609,11/8/16,600519,76.9,80.4,82.58,76.08,34194,1093003616,0.27,80.4,82.58,76.08,64.41,24.38,7.05,37.85,10.95,48.43,53.32
3610,11/9/16,600519,80.4,77.21,82.37,74.2,30004,951077200,0.24,77.21,82.37,74.2,69.99,24.38,8.63,34.83,12.33,48.85,53.03
3611,11/10/16,600519,79.5,79.53,81.4,78.13,17805,568571584,0.14,79.53,81.4,78.13,71.29,24.38,6.42,34.2,9.01,51.44,52.46
3612,11/11/16,600519,78.39,75.48,78.7,75.2,35903,1133744320,0.29,75.48,78.7,75.2,71.22,22.86,9.35,32.1,13.13,51.04,50.22
3613,11/14/16,600519,75.95,71.39,76.27,70.39,39920,1246340880,0.32,71.39,76.27,70.39,71.03,16.86,14.16,23.74,19.94,43.1,46.02
3614,11/15/16,600519,70.43,74.41,76.05,70.43,24471,766112496,0.19,74.41,76.05,70.43,69.99,11.55,14.16,16.5,20.23,36.99,42.44
3615,11/16/16,600519,74.21,73.55,75.8,72.4,13400,419672480,0.11,73.55,75.8,72.4,66.18,11.55,13.52,17.45,20.43,29.11,38.77
3616,11/17/16,600519,72.48,71.44,73.4,70.93,18338,570642080,0.15,71.44,73.4,70.93,64.37,11.34,14.99,17.62,23.29,23.47,36.16
3617,11/18/16,600519,71.56,70.4,72.2,70.28,19378,601883504,0.15,70.4,72.2,70.28,60.29,6.97,15.64,11.56,25.94,20.14,35.79
3618,11/21/16,600519,71.42,69.9,72.06,68.77,26084,807014528,0.21,69.9,72.06,68.77,60.13,6.97,15.9,11.59,26.44,19.66,35.35
3619,11/22/16,600519,70.7,69.27,70.85,68.77,26424,816561744,0.21,69.27,70.85,68.77,58.73,6.97,14.03,11.87,23.89,23.81,33.46
3620,11/23/16,600519,71.4,73.35,73.4,69.51,34015,1058266304,0.27,73.35,73.4,69.51,60.55,9.52,14.03,15.72,23.17,25.31,31.15
3621,11/24/16,600519,73.6,77.33,77.4,71.82,39079,1227937712,0.31,77.33,77.4,71.82,61.86,11.73,14.03,18.96,22.68,25.49,27.3
3622,11/25/16,600519,77.44,77.29,78.4,73.82,22370,706042464,0.18,77.29,78.4,73.82,62.64,12.73,13.25,20.32,21.15,23.52,23.49
3623,11/28/16,600519,77.95,79.9,80.58,77.0,49253,1568882896,0.39,79.9,80.58,77.0,59.37,9.73,13.25,16.39,22.32,19.68,19.91
3624,11/29/16,600519,81.1,84.36,90.85,79.81,58831,1911874432,0.47,84.36,90.85,79.81,62.24,20.0,11.37,32.13,18.27,17.75,18.71
3625,11/30/16,600519,81.62,79.48,83.7,78.85,26752,855564592,0.21,79.48,83.7,78.85,63.56,20.0,12.33,31.47,19.4,16.11,19.96
3626,12/1/16,600519,80.4,81.42,84.99,79.08,27942,896065024,0.22,81.42,84.99,79.08,65.14,21.29,9.4,32.68,14.43,19.37,22.34
3627,12/2/16,600519,81.4,82.17,83.6,79.4,30628,984836864,0.24,82.17,83.6,79.4,63.46,21.29,4.59,33.55,7.23,28.64,27.06
3628,12/5/16,600519,79.6,76.33,84.94,76.22,42061,1342647360,0.33,76.33,84.94,76.22,66.56,21.29,7.77,31.99,11.67,36.06,29.79
3629,12/6/16,600519,76.63,86.82,86.98,76.63,38923,1251764480,0.31,86.82,86.98,76.63,73.81,23.33,7.77,31.61,10.53,41.84,30.76
3630,12/7/16,600519,87.52,87.85,88.9,84.37,25272,825849248,0.2,87.85,88.9,84.37,75.72,25.25,6.3,33.35,8.32,47.27,32.51
3631,12/8/16,600519,88.41,98.11,100.4,87.4,54476,1825332448,0.43,98.11,100.4,87.4,86.8,36.75,5.65,42.34,6.51,55.54,35.82
3632,12/9/16,600519,97.6,98.16,99.82,94.42,34496,1162079792,0.27,98.16,99.82,94.42,88.91,36.75,4.14,41.33,4.66,62.37,40.87
3633,12/12/16,600519,98.1,87.26,100.4,86.1,50332,1667557008,0.4,87.26,100.4,86.1,101.13,36.75,12.46,36.34,12.32,59.85,44.24
3634,12/13/16,600519,87.24,93.41,95.4,85.9,41780,1384533792,0.33,93.41,95.4,85.9,106.5,34.2,12.66,32.11,11.89,59.75,47.91
3635,12/14/16,600519,93.4,92.67,94.47,88.9,32029,1062697136,0.25,92.67,94.47,88.9,106.49,30.2,12.66,28.36,11.89,58.24,50.04
3636,12/15/16,600519,92.86,88.45,93.39,85.98,39203,1285279904,0.31,88.45,93.39,85.98,109.32,29.2,15.58,26.71,14.25,53.29,50.28
3637,12/16/16,600519,87.4,87.98,90.28,83.98,25051,818412416,0.2,87.98,90.28,83.98,112.04,27.02,17.58,24.12,15.69,44.6,50.07
3638,12/19/16,600519,86.4,86.36,94.77,86.01,30472,1002365472,0.24,86.36,94.77,86.01,109.76,21.24,17.58,19.35,16.02,32.88,47.63
3639,12/20/16,600519,86.44,86.88,87.4,82.21,30832,1001345152,0.25,86.88,87.4,82.21,109.44,21.24,20.42,19.41,18.66,24.98,42.41
3640,12/21/16,600519,87.3,89.06,89.69,83.96,24711,807548096,0.2,89.06,89.69,83.96,109.26,22.24,20.42,20.36,18.69,18.03,38.89
3641,12/22/16,600519,88.4,85.6,88.86,85.28,14678,478750704,0.12,85.6,88.86,85.28,108.84,22.24,20.42,20.43,18.76,11.92,35.08
3642,12/23/16,600519,83.95,80.43,84.9,79.53,31096,1001068080,0.25,80.43,84.9,79.53,106.19,22.24,22.99,20.94,21.65,7.13,30.21
3643,12/26/16,600519,79.43,84.88,85.39,76.6,26001,835811088,0.21,84.88,85.39,76.6,104.33,20.2,25.92,19.36,24.84,5.66,25.13
3644,12/27/16,600519,84.91,86.56,89.2,83.9,20062,655887936,0.16,86.56,89.2,83.9,105.1,22.09,25.92,21.02,24.66,5.42,19.15
3645,12/28/16,600519,87.39,84.12,88.4,83.73,17878,581648976,0.14,84.12,88.4,83.73,96.77,10.59,26.09,10.94,26.96,12.14,18.56
3646,12/29/16,600519,84.4,87.71,88.27,83.4,21225,690986080,0.17,87.71,88.27,83.4,96.24,10.59,26.42,11.0,27.45,18.56,18.29
3647,12/30/16,600519,87.01,94.55,95.69,87.01,34688,1152982240,0.28,94.55,95.69,87.01,90.62,18.01,18.1,19.87,19.97,17.89,14.9
3648,1/3/17,600519,94.68,94.96,97.4,93.21,20764,695005296,0.17,94.96,97.4,93.21,85.31,19.72,17.9,23.12,20.98,18.42,12.77
3649,1/4/17,600519,95.02,112.31,112.57,95.0,65257,2245051872,0.52,112.31,112.57,95.0,97.35,34.89,17.9,35.84,18.39,21.71,13.69
3650,1/5/17,600519,110.4,107.14,111.85,105.84,41704,1449077680,0.33,107.14,111.85,105.84,96.41,34.89,14.98,36.19,15.54,27.04,16.23
3651,1/6/17,600519,107.04,111.16,120.18,106.5,68096,2402546304,0.54,111.16,120.18,106.5,103.79,43.22,12.98,41.64,12.51,28.96,20.55
3652,1/9/17,600519,108.2,108.91,113.28,106.94,35405,1233977968,0.28,108.91,113.28,106.94,101.37,38.73,12.98,38.21,12.8,30.13,24.34
3653,1/10/17,600519,108.85,109.4,112.4,107.0,31728,1108100800,0.25,109.4,112.4,107.0,101.58,38.73,9.18,38.13,9.04,40.37,29.13
3654,1/11/17,600519,108.4,105.85,108.4,103.9,23599,814074640,0.19,105.85,108.4,103.9,101.35,36.44,12.28,35.95,12.12,47.83,33.12
3655,1/12/17,600519,106.95,107.45,107.8,104.91,17779,614822048,0.14,107.45,107.8,104.91,100.46,36.44,12.28,36.27,12.22,50.73,36.22
3656,1/13/17,600519,107.38,105.27,107.79,104.28,18282,631734944,0.15,105.27,107.79,104.28,97.9,36.44,7.16,37.22,7.31,55.27,41.15
3657,1/16/17,600519,104.53,101.87,105.2,99.2,36855,1259384864,0.29,101.87,105.2,99.2,95.18,36.44,9.31,38.29,9.78,56.19,42.57
3658,1/17/17,600519,103.0,109.53,111.9,102.4,35188,1223967888,0.28,109.53,111.9,102.4,99.91,39.33,9.31,39.37,9.32,58.17,44.15
3659,1/18/17,600519,109.28,115.48,117.17,107.61,46006,1622110976,0.37,115.48,117.17,107.61,104.8,44.6,9.14,42.56,8.72,58.89,49.63
3660,1/19/17,600519,115.4,115.12,118.88,112.1,28524,1011320064,0.23,115.12,118.88,112.1,106.71,46.31,8.81,43.4,8.26,61.96,54.9
3661,1/20/17,600519,115.3,115.39,117.8,113.43,21344,758416000,0.17,115.39,117.8,113.43,102.4,38.89,8.81,37.98,8.6,64.21,57.47
3662,1/23/17,600519,117.28,111.62,120.2,109.86,32581,1151869296,0.26,111.62,120.2,109.86,108.55,37.18,12.38,34.25,11.4,61.36,58.31
3663,1/24/17,600519,111.67,110.71,113.2,107.15,26915,939129472,0.21,110.71,113.2,107.15,96.99,22.01,15.09,22.69,15.56,54.58,55.38
3664,1/25/17,600519,110.38,108.03,110.38,106.6,22990,799259968,0.18,108.03,110.38,106.6,94.63,22.01,15.64,23.26,16.53,47.12,52.64
3665,1/26/17,600519,108.54,104.82,109.2,101.7,37826,1303262144,0.3,104.82,109.2,101.7,88.45,13.68,20.54,15.47,23.22,39.46,49.17
3666,2/3/17,600519,106.4,107.25,109.58,105.4,20936,727140784,0.17,107.25,109.58,105.4,86.87,14.06,20.54,16.19,23.64,31.24,46.6
3667,2/6/17,600519,108.89,107.25,109.29,105.36,15681,543401904,0.12,107.25,109.29,105.36,85.4,14.06,20.58,16.46,24.1,23.87,44.04
3668,2/7/17,600519,107.24,103.98,107.8,103.54,20520,707114112,0.16,103.98,107.8,103.54,84.16,14.06,19.3,16.71,22.93,18.15,39.75
3669,2/8/17,600519,104.16,104.61,105.9,103.07,19089,656786320,0.15,104.61,105.9,103.07,84.1,14.06,19.77,16.72,23.51,17.85,36.22
3670,2/9/17,600519,105.4,108.01,109.19,105.01,23324,808958176,0.19,108.01,109.19,105.01,85.17,17.35,19.14,20.37,22.47,15.85,31.48
3671,2/10/17,600519,109.02,105.48,110.22,105.4,24057,835679328,0.19,105.48,110.22,105.4,83.92,18.38,14.06,21.9,16.75,14.73,27.09
3672,2/13/17,600519,104.4,110.15,112.3,102.32,53588,1869148352,0.43,110.15,112.3,102.32,83.87,11.68,17.14,13.93,20.44,14.76,23.0
3673,2/14/17,600519,109.94,110.61,113.0,109.5,26559,931733728,0.21,110.61,113.0,109.5,77.81,7.11,17.14,9.14,22.03,18.52,21.19
3674,2/15/17,600519,111.9,108.93,112.84,107.6,26257,917475856,0.21,108.93,112.84,107.6,76.27,5.4,19.04,7.08,24.96,25.2,21.67
3675,2/16/17,600519,108.9,108.49,109.02,105.91,17642,612607280,0.14,108.49,109.02,105.91,75.01,5.4,20.73,7.2,27.64,32.17,25.01
3676,2/17/17,600519,109.3,110.96,114.84,107.9,29102,1022647968,0.23,110.96,114.84,107.9,71.61,11.22,17.16,15.67,23.96,34.84,25.34
3677,2/20/17,600519,110.81,121.69,122.72,110.41,61853,2215563600,0.49,121.69,122.72,110.41,77.87,19.1,14.45,24.53,18.56,34.93,24.83
3678,2/21/17,600519,122.28,119.14,122.83,117.58,27706,994112864,0.22,119.14,122.83,117.58,79.01,19.21,13.9,24.31,17.59,34.44,24.6
3679,2/22/17,600519,121.01,122.29,126.92,120.4,37130,1347469104,0.3,122.29,126.92,120.4,79.29,23.3,9.0,29.39,11.35,34.93,26.72
3680,2/23/17,600519,121.37,122.1,125.88,120.16,23328,844123200,0.19,122.1,125.88,120.16,80.25,22.92,9.24,28.56,11.51,32.72,28.96
3681,2/24/17,600519,122.4,123.02,123.29,120.45,17693,639123200,0.14,123.02,123.29,120.45,79.16,22.92,9.2,28.95,11.62,30.06,31.11
3682,2/27/17,600519,122.89,117.6,123.25,117.2,25400,912927184,0.2,117.6,123.25,117.2,80.95,22.92,10.63,28.31,13.13,32.68,33.76
3683,2/28/17,600519,117.4,115.06,119.6,113.98,27474,975788672,0.22,115.06,119.6,113.98,83.74,22.92,13.38,27.37,15.98,34.75,34.84
3684,3/1/17,600519,115.5,117.01,118.6,115.4,21944,782349008,0.17,117.01,118.6,115.4,82.7,19.63,13.38,23.74,16.18,35.23,34.84
3685,3/2/17,600519,117.11,117.22,117.4,114.93,22104,785560416,0.18,117.22,117.4,114.93,80.35,18.6,13.85,23.15,17.24,30.29,32.61
3686,3/3/17,600519,115.4,116.94,118.62,115.4,14154,505108560,0.11,116.94,118.62,115.4,73.59,19.82,10.77,26.93,14.64,28.13,30.42
3687,3/6/17,600519,118.06,119.36,119.94,116.95,22819,818625872,0.18,119.36,119.94,116.95,73.09,20.44,10.77,27.97,14.74,26.18,28.12
3688,3/7/17,600519,118.43,127.6,129.28,118.43,46287,1694198544,0.37,127.6,129.28,118.43,78.7,29.78,8.87,37.84,11.27,29.09,30.88
3689,3/8/17,600519,127.58,127.68,128.89,125.9,16038,588667680,0.13,127.68,128.89,125.9,78.58,29.78,7.18,37.9,9.14,34.9,34.82
3690,3/9/17,600519,127.4,130.3,130.38,125.96,23406,860084032,0.19,130.3,130.38,125.96,76.06,25.45,7.18,33.46,9.44,41.07,38.15
3691,3/10/17,600519,130.32,130.25,137.4,128.76,40951,1524343088,0.33,130.25,137.4,128.76,72.39,24.59,7.18,33.97,9.92,47.77,39.03
3692,3/13/17,600519,130.45,131.95,134.73,127.93,27674,1027592800,0.22,131.95,134.73,127.93,73.94,24.48,8.01,33.11,10.83,51.29,39.71
3693,3/14/17,600519,131.95,129.9,134.25,128.74,20416,756359632,0.16,129.9,134.25,128.74,71.67,20.39,8.01,28.45,11.18,53.39,39.78
3694,3/15/17,600519,129.9,135.08,135.55,129.41,25155,935994832,0.2,135.08,135.55,129.41,72.09,21.69,7.77,30.09,10.78,52.25,40.67
3695,3/16/17,600519,136.96,135.17,138.7,133.2,25023,938231440,0.2,135.17,138.7,133.2,74.75,24.84,7.77,33.23,10.39,50.78,42.84
3696,3/17/17,600519,133.5,138.88,144.85,133.5,34700,1315336848,0.28,138.88,144.85,133.5,80.05,30.99,4.52,38.71,5.65,53.87,47.47
3697,3/20/17,600519,140.9,146.81,147.11,139.28,31546,1209603920,0.25,146.81,147.11,139.28,82.66,33.25,1.3,40.23,1.57,60.15,53.96
3698,3/21/17,600519,146.95,154.41,156.9,146.9,48461,1901883744,0.39,154.41,156.9,146.9,89.21,43.04,1.3,48.25,1.46,67.39,59.34
3699,3/22/17,600519,150.93,154.88,155.0,145.4,45533,1775217760,0.36,154.88,155.0,145.4,96.34,43.04,2.33,44.68,2.42,75.08,64.23
3700,3/23/17,600519,152.43,150.19,154.39,147.0,34505,1345058752,0.27,150.19,154.39,147.0,101.0,41.82,2.33,41.41,2.31,82.11,67.18
3701,3/24/17,600519,152.72,147.22,153.62,145.4,33288,1292313392,0.26,147.22,153.62,145.4,106.22,40.5,3.93,38.13,3.7,87.11,68.94
3702,3/27/17,600519,146.43,139.22,149.66,138.79,53690,2054742976,0.43,139.22,149.66,138.79,106.24,31.16,10.54,29.33,9.92,82.92,68.4
3703,3/28/17,600519,140.35,140.66,141.55,137.06,41187,1558258560,0.33,140.66,141.55,137.06,107.74,31.16,12.27,28.92,11.39,74.76,67.46
3704,3/29/17,600519,141.41,144.05,146.2,140.3,37300,1429610960,0.3,144.05,146.2,140.3,109.22,34.32,12.27,31.42,11.23,66.96,67.17
3705,3/30/17,600519,143.4,146.54,147.29,143.0,31613,1216016528,0.25,146.54,147.29,143.0,104.87,28.39,12.27,27.07,11.7,58.61,66.85
3706,3/31/17,600519,146.6,146.76,148.4,144.58,24474,945503280,0.19,146.76,148.4,144.58,101.89,29.5,11.44,28.95,11.23,51.06,66.58
3707,4/5/17,600519,146.06,150.06,155.39,145.4,40790,1594997312,0.32,150.06,155.39,145.4,106.37,36.49,11.44,34.3,10.75,46.05,66.58
3708,4/6/17,600519,149.41,152.31,153.4,147.03,28857,1125204240,0.23,152.31,153.4,147.03,106.6,35.19,11.44,33.01,10.73,46.3,64.61
3709,4/7/17,600519,153.39,153.27,154.4,150.0,24097,945589200,0.19,153.27,154.4,150.0,105.5,33.04,11.44,31.32,10.84,47.14,60.95
3710,4/10/17,600519,154.4,149.6,154.4,148.4,28869,1126296272,0.23,149.6,154.4,148.4,100.15,26.89,13.04,26.85,13.02,45.03,56.0
3711,4/11/17,600519,148.45,145.69,151.1,141.0,43531,1679537552,0.35,145.69,151.1,141.0,102.02,24.63,20.44,24.14,20.04,39.98,49.29
3712,4/12/17,600519,145.69,150.63,151.4,145.2,27003,1049245584,0.21,150.63,151.4,145.2,98.13,15.14,20.44,15.43,20.83,35.11,43.08
3713,4/13/17,600519,151.18,158.79,158.99,150.91,45648,1805008864,0.36,158.79,158.99,150.91,96.89,22.73,18.94,23.46,19.55,27.91,36.98
3714,4/14/17,600519,159.83,155.85,160.28,155.4,23647,938378992,0.19,155.85,160.28,155.4,93.89,24.02,18.94,25.58,20.17,21.39,33.84
3715,4/17/17,600519,151.4,156.19,158.68,148.95,28794,1136763712,0.23,156.19,158.68,148.95,95.4,24.02,23.79,25.18,24.94,13.38,30.26
3716,4/18/17,600519,155.0,165.05,166.95,155.0,49581,1987661264,0.39,165.05,166.95,155.0,96.48,32.29,17.18,33.47,17.81,12.69,28.86
3717,4/19/17,600519,163.4,166.14,169.5,163.26,37550,1521983648,0.3,166.14,169.5,163.26,98.23,34.84,15.45,35.47,15.73,17.57,28.77
3718,4/20/17,600519,166.49,175.71,180.83,166.49,50458,2091241456,0.4,175.71,180.83,166.49,107.02,41.52,15.45,38.8,14.44,22.71,28.91
3719,4/21/17,600519,175.4,160.93,176.0,160.4,49333,2015062640,0.39,160.93,176.0,160.4,118.33,40.43,21.54,34.17,18.2,26.27,27.09
3720,4/24/17,600519,161.02,158.95,165.4,149.4,50038,1986424992,0.4,158.95,165.4,149.4,130.51,39.32,32.54,30.13,24.93,25.88,23.63
3721,4/25/17,600519,165.2,179.29,180.57,165.2,76193,3143136336,0.61,179.29,180.57,165.2,142.14,47.5,32.54,33.42,22.89,28.91,21.15
3722,4/26/17,600519,179.25,178.36,189.08,173.41,56624,2384125120,0.45,178.36,189.08,173.41,151.44,56.01,32.54,36.98,21.49,28.24,20.46
3723,4/27/17,600519,175.93,181.84,182.37,170.83,28241,1180494896,0.22,181.84,182.37,170.83,158.58,55.01,35.12,34.69,22.15,25.49,21.53
3724,4/28/17,600519,182.39,173.88,183.4,170.3,49506,2052093808,0.39,173.88,183.4,170.3,165.68,56.04,33.52,33.82,20.23,22.05,22.38
3725,5/2/17,600519,172.0,172.48,175.4,169.58,23292,960137248,0.19,172.48,175.4,169.58,161.4,56.04,26.84,34.72,16.63,22.85,24.56
3726,5/3/17,600519,171.4,178.01,178.06,171.4,20268,842560352,0.16,178.01,178.06,171.4,161.86,58.4,26.84,36.08,16.58,27.44,26.66
3727,5/4/17,600519,175.03,176.4,178.88,175.03,26709,1111200112,0.21,176.4,178.88,175.03,157.35,51.63,26.84,32.81,17.06,29.59,29.25
3728,5/5/17,600519,176.6,176.59,183.18,175.5,37437,1566063424,0.3,176.59,183.18,175.5,160.15,54.64,26.84,34.12,16.76,30.86,29.55
3729,5/8/17,600519,176.58,165.88,177.4,165.12,40722,1671035536,0.32,165.88,177.4,165.12,162.7,54.64,30.77,33.58,18.91,31.84,28.67
3730,5/9/17,600519,164.84,169.16,170.28,158.4,52802,2126236512,0.42,169.16,170.28,158.4,162.63,46.37,37.49,28.51,23.05,29.42,25.74
3731,5/10/17,600519,168.8,170.49,174.84,167.42,26039,1070652720,0.21,170.49,174.84,167.42,163.81,48.38,37.49,29.53,22.89,25.66,24.25
3732,5/11/17,600519,168.8,172.56,175.1,166.91,30468,1254053008,0.24,172.56,175.1,166.91,157.31,37.05,38.0,23.55,24.16,19.7,23.57
3733,5/12/17,600519,173.99,173.87,175.7,170.41,22337,921621376,0.18,173.87,175.7,170.41,147.0,37.65,31.91,25.61,21.71,15.81,22.7
3734,5/15/17,600519,173.52,179.95,180.75,173.52,33447,1398908208,0.27,179.95,180.75,173.52,138.23,42.7,20.91,30.89,15.13,15.83,23.35
3735,5/16/17,600519,180.0,190.52,191.62,178.66,50165,2145037952,0.4,190.52,191.62,178.66,129.57,38.4,20.91,29.64,16.14,16.09,23.97
3736,5/17/17,600519,189.4,187.0,190.59,185.28,27515,1174696176,0.22,187.0,190.59,185.28,119.21,29.89,20.91,25.07,17.54,17.27,23.34
3737,5/18/17,600519,185.45,189.94,191.1,185.41,24301,1040535488,0.19,189.94,191.1,185.41,113.36,30.4,18.33,26.82,16.17,19.28,22.47
3738,5/19/17,600519,189.97,201.22,202.2,189.97,38311,1672948416,0.3,201.22,202.2,189.97,112.52,40.47,18.33,35.97,16.29,25.35,22.52
3739,5/22/17,600519,199.44,202.18,206.41,196.6,35321,1560087952,0.28,202.18,206.41,196.6,116.51,44.68,17.61,38.35,15.11,31.22,23.51
3740,5/23/17,600519,202.65,214.6,214.87,202.65,48454,2178738032,0.39,214.6,214.87,202.65,122.54,50.48,17.61,41.19,14.37,33.55,24.69
3741,5/24/17,600519,213.3,210.72,216.88,206.4,40226,1812513088,0.32,210.72,216.88,206.4,129.17,51.67,17.61,40.0,13.63,36.83,26.46
3742,5/25/17,600519,209.11,211.0,213.36,207.9,28898,1299628592,0.23,211.0,213.36,207.9,126.95,47.37,17.61,37.31,13.87,41.52,29.39
3743,5/26/17,600519,211.22,212.32,216.0,208.4,27387,1237323136,0.22,212.32,216.0,208.4,122.27,50.01,7.23,40.9,5.91,49.85,34.57
3744,5/31/17,600519,210.4,203.34,210.9,200.51,44312,1968887168,0.35,203.34,210.9,200.51,122.2,50.01,8.4,40.92,6.87,55.44,40.4
3745,6/1/17,600519,202.9,209.68,210.35,201.41,40605,1808305712,0.32,209.68,210.35,201.41,123.72,45.45,8.4,36.74,6.79,59.67,45.44
3746,6/2/17,600519,210.4,207.71,211.35,206.0,21785,974893312,0.17,207.71,211.35,206.0,120.88,46.45,7.89,38.43,6.53,63.45,48.5
3747,6/5/17,600519,208.44,204.81,209.4,202.75,19241,854876928,0.15,204.81,209.4,202.75,122.24,45.85,11.14,37.51,9.11,65.41,51.12
3748,6/6/17,600519,205.37,209.22,209.4,204.6,20402,912438704,0.16,209.22,209.4,204.6,119.81,40.8,11.14,34.05,9.3,67.29,54.41
3749,6/7/17,600519,209.52,219.77,220.4,209.52,38834,1774212480,0.31,219.77,220.4,209.52,118.03,40.93,11.14,34.68,9.44,64.37,57.11
3750,6/8/17,600519,221.72,224.71,224.8,218.9,28951,1338443408,0.23,224.71,224.8,218.9,118.62,45.33,11.14,38.21,9.39,62.59,59.02
3751,6/9/17,600519,224.64,226.14,231.2,223.4,31431,1467836832,0.25,226.14,231.2,223.4,120.73,51.22,11.14,42.43,9.23,61.83,60.75
3752,6/12/17,600519,227.4,233.28,235.84,225.4,35109,1654502000,0.28,233.28,235.84,225.4,118.91,44.76,11.14,37.64,9.37,60.03,61.74
3753,6/13/17,600519,233.45,233.44,234.9,227.4,24238,1141536368,0.19,233.44,234.9,227.4,116.6,40.55,11.14,34.78,9.55,59.36,62.38
3754,6/14/17,600519,233.19,234.79,237.9,230.88,33769,1600846624,0.27,234.79,237.9,230.88,110.93,35.09,11.14,31.63,10.04,58.48,62.89
3755,6/15/17,600519,235.4,224.7,235.88,224.4,50203,2347172384,0.4,224.7,235.88,224.4,111.93,33.08,17.62,29.55,15.74,54.03,59.2
3756,6/16/17,600519,221.9,223.03,227.89,221.66,33332,1544955952,0.27,223.03,227.89,221.66,112.7,33.08,20.36,29.35,18.07,47.9,55.25
3757,6/19/17,600519,222.36,230.57,230.79,222.36,38537,1803585248,0.31,230.57,230.79,222.36,113.53,33.34,20.36,29.37,17.93,41.22,51.53
3758,6/20/17,600519,233.4,226.7,235.28,226.06,34505,1614858144,0.27,226.7,235.28,226.06,110.94,37.83,12.47,34.1,11.24,39.6,49.81
3759,6/21/17,600519,229.95,233.11,233.4,226.43,42039,1974672848,0.33,233.11,233.4,226.43,108.97,37.83,12.47,34.72,11.44,38.52,48.94
3760,6/22/17,600519,233.42,233.15,238.33,231.6,38242,1815684368,0.3,233.15,238.33,231.6,110.35,41.76,12.47,37.84,11.3,38.89,48.68
3761,6/23/17,600519,233.26,233.13,235.28,228.73,31304,1473803776,0.25,233.13,235.28,228.73,110.25,41.76,12.09,37.88,10.97,42.99,48.51
3762,6/26/17,600519,233.41,245.08,245.4,232.4,52933,2536430496,0.42,245.08,245.4,232.4,118.45,51.88,12.09,43.8,10.21,49.39,48.64
3763,6/27/17,600519,243.22,244.5,245.4,241.25,27981,1350476768,0.22,244.5,245.4,241.25,111.42,40.88,12.09,36.69,10.85,54.42,47.82
3764,6/28/17,600519,244.49,235.7,244.49,233.4,37729,1799676816,0.3,235.7,244.49,233.4,116.62,36.48,19.94,31.28,17.1,50.9,45.25
3765,6/29/17,600519,236.7,233.41,237.75,230.4,35093,1657994400,0.28,233.41,237.75,230.4,116.17,30.08,22.94,25.89,19.75,44.74,41.63
3766,6/30/17,600519,231.91,232.25,234.56,228.2,22427,1056424784,0.18,232.25,234.56,228.2,112.09,25.44,25.14,22.7,22.43,35.84,37.36
3767,7/3/17,600519,234.6,220.77,234.6,218.3,49629,2298656464,0.4,220.77,234.6,218.3,120.89,25.44,35.04,21.04,28.99,29.3,36.14
3768,7/4/17,600519,219.36,212.32,220.4,209.4,56489,2563886384,0.45,212.32,220.4,209.4,125.24,22.44,43.94,17.92,35.08,24.33,36.86
3769,7/5/17,600519,213.41,220.53,220.73,213.41,37540,1718844528,0.3,220.53,220.73,213.41,122.17,22.77,37.46,18.64,30.66,19.34,36.88
3770,7/6/17,600519,218.51,216.38,220.6,211.0,42044,1913037504,0.33,216.38,220.6,211.0,125.54,22.77,37.13,18.14,29.58,18.45,34.67
3771,7/7/17,600519,218.23,213.15,218.28,208.38,37796,1681450720,0.3,213.15,218.28,208.38,127.01,19.87,39.75,15.64,31.3,21.76,33.25
3772,7/10/17,600519,214.06,221.65,222.08,210.15,36624,1648443664,0.29,221.65,222.08,210.15,129.72,19.18,39.75,14.79,30.64,27.48,31.66
3773,7/11/17,600519,221.68,230.31,231.76,221.18,44602,2054854496,0.36,230.31,231.76,221.18,133.33,28.86,39.75,21.65,29.81,27.48,28.39
3774,7/12/17,600519,232.98,224.65,233.17,222.18,28951,1330327920,0.23,224.65,233.17,222.18,137.59,25.34,39.75,18.42,28.89,25.77,25.05
3775,7/13/17,600519,222.53,223.34,229.09,220.86,25951,1183440448,0.21,223.34,229.09,220.86,139.27,25.34,38.2,18.19,27.43,25.08,22.21
3776,7/14/17,600519,223.43,223.59,225.94,220.23,17727,806510272,0.14,223.59,225.94,220.23,131.98,15.22,38.83,11.53,29.42,28.36,23.41
3777,7/17/17,600519,224.22,217.25,225.22,213.46,35264,1595292992,0.28,217.25,225.22,213.46,139.59,15.22,45.6,10.9,32.67,31.13,26.45
3778,7/18/17,600519,219.17,219.73,221.17,215.18,30684,1384468256,0.24,219.73,221.17,215.18,134.48,15.22,37.75,11.32,28.07,32.4,29.94
3779,7/19/17,600519,221.18,224.04,230.8,219.98,56260,2574934656,0.45,224.04,230.8,219.98,138.2,24.85,34.75,17.98,25.14,32.53,30.0
3780,7/20/17,600519,223.04,233.65,234.07,223.04,46635,2160731536,0.37,233.65,234.07,223.04,142.87,28.12,32.55,19.68,22.78,30.05,27.91
3781,7/21/17,600519,234.14,240.38,242.19,230.84,46792,2207195744,0.37,240.38,242.19,230.84,137.92,36.24,22.65,26.28,16.42,30.53,27.8
3782,7/24/17,600519,242.06,244.98,252.53,242.06,42716,2052709808,0.34,244.98,252.53,242.06,138.7,46.58,13.75,33.58,9.91,32.32,30.34
3783,7/25/17,600519,249.38,245.14,249.98,243.28,21930,1051446096,0.17,245.14,249.98,243.28,136.99,46.25,13.75,33.76,10.04,33.02,32.07
3784,7/26/17,600519,245.23,238.81,248.81,233.74,31470,1487729152,0.25,238.81,248.81,233.74,142.46,46.25,20.88,32.47,14.66,32.23,32.32
3785,7/27/17,600519,238.81,241.05,243.03,238.28,19595,928077232,0.16,241.05,243.03,238.28,137.31,46.25,18.26,33.68,13.3,36.69,34.61
3786,7/28/17,600519,238.18,251.1,251.25,234.89,46619,2235811536,0.37,251.1,251.25,234.89,141.74,50.67,18.26,35.75,12.88,43.31,36.68
3787,7/31/17,600519,251.18,248.4,255.14,248.18,38412,1861154800,0.31,248.4,255.14,248.18,138.12,44.88,18.26,32.49,13.22,46.49,38.51
3788,8/1/17,600519,248.18,247.42,250.18,244.58,27502,1318453664,0.22,247.42,250.18,244.58,132.73,43.47,21.86,32.75,16.47,42.93,37.62
3789,8/2/17,600519,247.22,250.02,252.06,245.69,26774,1289564016,0.21,250.02,252.06,245.69,130.87,45.35,20.54,34.65,15.69,40.18,36.6
3790,8/3/17,600519,250.86,244.4,254.03,242.81,31768,1522998144,0.25,244.4,254.03,242.81,136.38,45.35,22.79,33.25,16.71,39.4,35.81
3791,8/4/17,600519,244.18,240.82,246.16,239.78,18681,887074160,0.15,240.82,246.16,239.78,131.0,45.35,19.05,34.62,14.54,38.98,37.83
3792,8/7/17,600519,239.68,248.74,249.58,238.31,23099,1104715344,0.18,248.74,249.58,238.31,136.28,48.77,19.05,35.79,13.98,38.44,40.88
3793,8/8/17,600519,249.18,249.76,251.4,246.68,16052,773408192,0.13,249.76,251.4,246.68,129.93,40.96,19.05,31.52,14.66,37.5,42.0
3794,8/9/17,600519,252.02,258.03,260.16,249.21,41794,2045888048,0.33,258.03,260.16,249.21,129.85,46.45,19.05,35.77,14.67,38.96,40.95
3795,8/10/17,600519,258.27,258.81,266.78,256.18,35364,1747693648,0.28,258.81,266.78,256.18,129.1,44.95,19.05,34.82,14.76,39.43,39.81
3796,8/11/17,600519,256.18,251.24,263.73,250.66,36573,1785149168,0.29,251.24,263.73,250.66,130.02,34.61,24.57,26.62,18.9,36.74,38.07
3797,8/14/17,600519,252.39,267.01,267.28,252.39,39331,1952353920,0.31,267.01,267.28,252.39,139.36,38.16,24.57,27.38,17.63,33.54,36.26
3798,8/15/17,600519,267.29,263.15,268.28,262.19,27163,1350104672,0.22,263.15,268.28,262.19,130.38,39.16,15.03,30.04,11.53,33.66,36.05
3799,8/16/17,600519,265.18,263.67,265.98,260.18,18587,921412992,0.15,263.67,265.98,260.18,131.43,39.16,17.04,29.8,12.97,34.14,35.82
3800,8/17/17,600519,264.78,259.87,264.78,256.98,25847,1272341264,0.21,259.87,264.78,256.98,122.87,30.94,20.24,25.18,16.47,30.65,34.8
3801,8/18/17,600519,259.98,256.83,261.62,255.18,23858,1169732672,0.19,256.83,261.62,255.18,122.35,27.05,22.04,22.11,18.01,25.6,32.52
3802,8/21/17,600519,255.18,256.91,261.58,254.12,23547,1153168720,0.19,256.91,261.58,254.12,124.21,27.05,19.5,21.78,15.7,25.48,31.11
3803,8/22/17,600519,254.58,254.4,256.66,243.18,42457,2051271360,0.34,254.4,256.66,243.18,131.57,25.17,30.44,19.13,23.14,23.45,28.5
3804,8/23/17,600519,252.63,261.19,261.81,251.5,27215,1337347648,0.22,261.19,261.81,251.5,130.66,30.32,27.56,23.21,21.09,16.82,25.24
3805,8/24/17,600519,261.17,259.99,263.58,259.2,18157,896861680,0.14,259.99,263.58,259.2,128.66,32.09,24.53,24.94,19.07,12.49,23.31
3806,8/25/17,600519,260.63,260.17,261.43,256.5,17298,850598720,0.14,260.17,261.43,256.5,122.32,28.67,27.23,23.44,22.26,9.43,20.04
3807,8/28/17,600519,260.18,259.22,264.47,258.21,29021,1432545552,0.23,259.22,264.47,258.21,123.86,29.89,27.23,24.13,21.98,8.51,17.06
3808,8/29/17,600519,260.2,256.62,262.06,255.19,25177,1234431712,0.2,256.62,262.06,255.19,119.78,21.13,30.25,17.64,25.25,8.76,17.12
3809,8/30/17,600519,256.88,260.15,260.93,256.34,18504,910133936,0.15,260.15,260.93,256.34,113.77,14.51,30.25,12.75,26.59,13.04,18.25
3810,8/31/17,600519,261.22,258.33,262.06,256.98,18737,921659712,0.15,258.33,262.06,256.98,105.78,15.64,24.73,14.79,23.38,16.0,16.41
3811,9/1/17,600519,257.38,262.36,263.46,257.21,31451,1554634576,0.25,262.36,263.46,257.21,95.99,13.49,24.73,14.05,25.76,18.68,15.58
3812,9/4/17,600519,262.36,259.6,263.84,258.45,18932,932954816,0.15,259.6,263.84,258.45,95.29,12.87,24.73,13.51,25.95,23.51,16.47
3813,9/5/17,600519,260.06,257.17,261.17,256.68,22622,1112006400,0.18,257.17,261.17,256.68,93.98,12.87,24.49,13.69,26.06,27.91,18.21
3814,9/6/17,600519,257.18,252.16,259.95,252.02,33007,1608066096,0.26,252.16,259.95,252.02,94.11,12.87,25.95,13.68,27.57,30.57,19.67
3815,9/7/17,600519,252.49,248.45,254.08,247.24,33320,1605408576,0.27,248.45,254.08,247.24,94.51,12.87,28.93,13.62,30.61,31.11,22.08
3816,9/8/17,600519,245.43,241.55,247.68,241.18,41173,1962989424,0.33,241.55,247.68,241.18,94.32,12.87,33.93,13.65,35.97,34.86,25.43
3817,9/11/17,600519,238.27,245.5,249.4,237.16,45374,2161657248,0.36,245.5,249.4,237.16,92.83,12.87,27.01,13.86,29.1,35.87,27.27
3818,9/12/17,600519,246.68,252.09,253.18,245.58,34342,1661294224,0.27,252.09,253.18,245.58,90.2,11.5,27.01,12.75,29.94,37.32,30.42
3819,9/13/17,600519,252.18,258.81,259.38,248.56,33076,1618956528,0.26,258.81,259.38,248.56,96.64,15.93,27.01,16.48,27.95,36.44,32.18
3820,9/14/17,600519,260.17,257.89,261.21,256.17,19399,953145168,0.15,257.89,261.21,256.17,96.75,17.76,24.31,18.36,25.13,33.42,32.0
3821,9/15/17,600519,259.68,257.02,259.68,255.18,16039,786562208,0.13,257.02,259.68,255.18,94.99,14.72,25.3,15.5,26.63,31.42,31.27
3822,9/18/17,600519,257.32,266.15,267.68,257.32,42207,2101680384,0.34,266.15,267.68,257.32,98.78,22.72,22.28,23.0,22.56,24.09,29.47
3823,9/19/17,600519,267.48,264.13,269.68,263.19,23055,1151152848,0.18,264.13,269.68,263.19,100.68,24.72,22.28,24.55,22.13,19.04,27.46
3824,9/20/17,600519,264.08,263.38,267.2,263.18,17318,862024944,0.14,263.38,267.2,263.18,99.62,23.59,22.29,23.68,22.38,12.8,25.06
3825,9/21/17,600519,263.12,265.95,267.76,260.06,19403,963615280,0.15,265.95,267.76,260.06,101.07,22.19,25.41,21.96,25.14,9.63,23.04
3826,9/22/17,600519,264.08,267.11,267.36,262.98,16344,815718864,0.13,267.11,267.36,262.98,100.06,21.81,25.41,21.8,25.39,8.3,20.86
3827,9/25/17,600519,267.49,274.42,275.38,267.48,32698,1649582912,0.26,274.42,275.38,267.48,103.84,29.83,23.64,28.73,22.77,5.83,18.63
3828,9/26/17,600519,273.87,276.47,277.18,270.78,25470,1292872640,0.2,276.47,277.18,270.78,102.31,31.63,18.98,30.92,18.55,9.83,16.96
3829,9/27/17,600519,276.1,275.39,278.21,273.25,16671,847627360,0.13,275.39,278.21,273.25,100.43,32.66,14.2,32.52,14.14,15.53,17.29
3830,9/28/17,600519,274.38,285.64,287.38,274.33,25970,1340236080,0.21,285.64,287.38,274.33,106.21,41.83,8.14,39.38,7.66,26.3,19.55
3831,9/29/17,600519,283.18,284.82,293.06,282.68,22436,1166403120,0.18,284.82,293.06,282.68,104.35,47.51,4.12,45.53,3.95,39.18,24.4
3832,10/9/17,600519,291.72,294.95,302.73,287.28,34891,1844481600,0.28,294.95,302.73,287.28,114.58,53.4,4.12,46.6,3.6,52.18,30.24
3833,10/10/17,600519,294.23,307.24,307.67,294.19,31006,1662690448,0.25,307.24,307.67,294.19,117.24,52.14,4.12,44.47,3.51,64.48,35.15
3834,10/11/17,600519,305.28,312.72,318.43,305.28,33406,1824898704,0.27,312.72,318.43,305.28,125.35,61.07,4.12,48.72,3.29,74.87,42.35
3835,10/12/17,600519,312.18,311.27,314.68,307.36,19646,1067464512,0.16,311.27,314.68,307.36,128.17,61.07,3.13,47.65,2.44,83.35,49.44
3836,10/13/17,600519,312.18,323.33,323.78,309.19,27858,1534212912,0.22,323.33,323.78,309.19,132.1,62.17,3.13,47.06,2.37,87.18,56.74
3837,10/16/17,600519,327.17,327.87,333.84,323.05,29909,1676810000,0.24,327.87,333.84,323.05,136.4,70.23,3.13,51.49,2.29,88.42,63.8
3838,10/17/17,600519,328.15,323.91,328.15,321.18,20977,1168943280,0.17,323.91,328.15,321.18,139.35,70.23,4.99,50.4,3.58,88.6,70.39
3839,10/18/17,600519,321.38,327.9,329.77,321.38,19179,1072237536,0.15,327.9,329.77,321.38,140.04,71.85,1.87,51.31,1.34,90.19,77.34
3840,10/19/17,600519,328.18,349.78,352.33,327.9,40659,2338901856,0.32,349.78,352.33,327.9,160.09,94.41,1.87,58.97,1.17,91.65,83.26
3841,10/20/17,600519,348.18,341.51,348.18,338.94,31534,1812957248,0.25,341.51,348.18,338.94,162.66,86.39,1.87,53.11,1.15,92.57,87.96
3842,10/23/17,600519,342.1,340.59,347.68,335.18,23772,1362900416,0.19,340.59,347.68,335.18,168.76,84.59,5.63,50.12,3.34,92.09,89.63
3843,10/24/17,600519,339.18,334.51,340.98,330.79,31274,1775645968,0.25,334.51,340.98,330.79,173.99,83.56,10.02,48.03,5.76,89.94,89.18
3844,10/25/17,600519,336.93,332.85,338.86,329.24,25076,1418395216,0.2,332.85,338.86,329.24,170.56,74.39,11.57,43.62,6.78,87.66,88.13
3845,10/26/17,600519,372.18,372.27,380.18,359.09,115435,6957625344,0.92,372.27,380.18,359.09,207.51,110.03,11.57,53.02,5.58,85.34,87.77
3846,10/27/17,600519,369.29,416.81,422.18,367.21,84384,5284485888,0.67,416.81,422.18,367.21,244.57,142.36,11.57,58.21,4.73,83.48,87.57
3847,10/30/17,600519,410.23,389.26,411.18,388.18,81008,5099041792,0.64,389.26,411.18,388.18,259.72,137.42,11.57,52.91,4.45,81.6,87.08
3848,10/31/17,600519,389.19,385.21,394.78,379.06,51876,3206280608,0.41,385.21,394.78,379.06,262.29,126.66,20.69,48.29,7.89,79.0,85.54
3849,11/1/17,600519,388.06,390.19,398.72,386.4,43435,2712016944,0.35,390.19,398.72,386.4,268.48,130.6,20.69,48.64,7.71,78.01,83.97
3850,11/2/17,600519,394.13,394.1,396.96,388.18,34250,2144671936,0.27,394.1,396.96,388.18,262.67,121.5,20.69,46.26,7.88,77.65,82.66
3851,11/3/17,600519,395.83,406.35,410.62,395.83,48189,3075651168,0.38,406.35,410.62,395.83,268.4,125.1,20.69,46.61,7.71,76.09,80.71
3852,11/6/17,600519,408.68,420.24,424.8,407.38,48514,3153638704,0.39,420.24,424.8,407.38,279.88,139.28,18.82,49.76,6.72,74.62,79.05
3853,11/7/17,600519,417.76,409.25,424.33,405.36,55565,3592238400,0.44,409.25,424.33,405.36,290.46,137.66,20.84,47.39,7.17,72.83,77.21
3854,11/8/17,600519,409.51,417.56,421.68,409.51,43952,2855374064,0.35,417.56,421.68,409.51,278.46,115.1,20.84,41.33,7.48,72.4,75.7
3855,11/9/17,600519,415.18,417.25,421.33,411.79,33641,2183815392,0.27,417.25,421.33,411.79,277.16,115.1,20.84,41.53,7.52,71.85,74.93
3856,11/10/17,600519,417.61,445.13,450.58,417.61,74079,4967970816,0.59,445.13,450.58,417.61,297.99,144.35,17.08,48.44,5.73,73.17,75.41
3857,11/13/17,600519,447.18,455.06,459.96,442.98,49870,3402794000,0.4,455.06,459.96,442.98,304.78,153.73,12.69,50.44,4.16,75.36,75.72
3858,11/14/17,600519,454.32,445.93,454.4,444.53,46367,3159112672,0.37,445.93,454.4,444.53,305.69,153.73,11.14,50.29,3.64,77.08,75.85
3859,11/15/17,600519,445.93,455.26,457.17,441.18,45036,3074244080,0.36,455.26,457.17,441.18,274.35,112.41,14.49,40.97,5.28,77.65,75.24
3860,11/16/17,600519,453.19,486.29,487.14,453.19,60716,4299283200,0.48,486.29,487.14,453.19,253.33,100.38,14.49,39.62,5.72,78.56,75.48
3861,11/17/17,600519,463.18,457.43,476.18,444.95,123861,8548748032,0.99,457.43,476.18,444.95,266.04,100.38,22.73,37.73,8.54,77.51,74.68
3862,11/20/17,600519,443.98,446.33,452.78,427.18,88306,5954131968,0.7,446.33,452.78,427.18,280.57,100.38,31.38,35.78,11.18,73.1,73.14
3863,11/21/17,600519,436.18,444.43,455.98,429.2,96017,6491134464,0.76,444.43,455.98,429.2,293.84,99.64,31.38,33.91,10.68,67.66,71.51
3864,11/22/17,600519,444.18,417.7,455.18,417.18,128498,8528143360,1.02,417.7,455.18,417.18,323.06,99.64,43.4,30.84,13.43,59.8,68.44
3865,11/23/17,600519,409.18,400.91,413.18,397.4,109599,6984097536,0.87,400.91,413.18,397.4,326.84,85.98,63.18,26.31,19.33,49.49,63.57
3866,11/24/17,600519,403.08,397.22,409.68,389.41,76542,4835809024,0.61,397.22,409.68,389.41,328.66,71.8,71.17,21.85,21.65,37.1,57.83
3867,11/27/17,600519,401.18,388.47,403.51,380.19,63548,3975262032,0.51,388.47,403.51,380.19,333.01,71.8,78.37,21.56,23.53,27.31,52.41
3868,11/28/17,600519,392.24,415.41,416.06,391.18,70292,4491543552,0.56,415.41,416.06,391.18,348.17,84.35,78.37,24.23,22.51,19.2,46.15
3869,11/29/17,600519,417.12,405.3,419.15,401.19,46764,3005733408,0.37,405.3,419.15,401.19,356.59,87.44,78.37,24.52,21.98,11.43,39.54
3870,11/30/17,600519,402.69,398.18,415.66,393.18,38020,2419959856,0.3,398.18,415.66,393.18,345.74,58.19,86.38,16.83,24.98,8.12,33.96
3871,12/1/17,600519,405.19,389.53,406.17,387.31,47193,2959772016,0.38,389.53,406.17,387.31,347.62,48.81,92.25,14.04,26.54,10.71,30.1
3872,12/4/17,600519,391.13,404.97,411.28,383.9,54268,3436687376,0.43,404.97,411.28,383.9,364.47,53.92,92.25,14.79,25.31,15.01,26.05
3873,12/5/17,600519,401.18,400.14,414.58,397.31,47466,3026076464,0.38,400.14,414.58,397.31,365.75,57.22,88.9,15.64,24.31,17.89,22.6
3874,12/6/17,600519,398.68,392.19,411.28,387.18,58174,3657236576,0.46,392.19,411.28,387.18,355.9,27.25,99.03,7.66,27.83,26.75,22.98
3875,12/7/17,600519,392.13,383.87,392.17,382.44,51033,3155212016,0.41,383.87,392.17,382.44,324.31,27.25,95.53,8.4,29.46,35.11,23.27
3876,12/8/17,600519,382.6,394.46,396.03,382.6,45503,2842464432,0.36,394.46,396.03,382.6,307.49,31.11,77.76,10.12,25.29,39.0,23.56
3877,12/11/17,600519,398.18,418.17,419.13,398.18,72849,4702239232,0.58,418.17,419.13,398.18,305.38,51.01,77.76,16.7,25.46,37.33,24.02
3878,12/12/17,600519,425.88,418.5,425.95,418.2,47889,3138650304,0.38,418.5,425.95,418.2,275.16,57.83,65.74,21.02,23.89,34.03,24.52
3879,12/13/17,600519,422.17,435.39,437.18,417.9,48502,3197982048,0.39,435.39,437.18,417.9,274.14,69.06,45.96,25.19,16.77,33.76,25.83
3880,12/14/17,600519,437.16,431.73,438.48,427.68,31968,2126665888,0.25,431.73,438.48,427.68,264.67,70.36,37.97,26.58,14.35,29.27,28.01
3881,12/15/17,600519,431.18,420.97,435.13,417.96,32256,2126579408,0.26,420.97,435.13,417.96,258.52,70.36,38.47,27.22,14.88,24.88,30.0
3882,12/18/17,600519,427.18,432.95,436.98,425.76,39162,2599749872,0.31,432.95,436.98,425.76,246.94,59.66,38.47,24.16,15.58,21.34,30.17
3883,12/19/17,600519,430.18,434.27,439.62,428.18,44072,2944470864,0.35,434.27,439.62,428.18,240.42,59.21,38.47,24.63,16.0,21.42,29.37
3884,12/20/17,600519,437.08,452.09,454.04,431.21,63601,4321305856,0.51,452.09,454.04,431.21,240.77,73.63,30.46,30.58,12.65,27.26,30.65
3885,12/21/17,600519,450.18,448.92,454.6,442.68,46680,3178595840,0.37,448.92,454.6,442.68,233.83,74.19,24.59,31.73,10.52,32.29,33.02
3886,12/22/17,600519,447.18,450.1,453.08,444.19,28317,1930315472,0.23,450.1,453.08,444.19,215.34,69.08,24.59,32.08,11.42,35.22,32.24
3887,12/25/17,600519,453.18,455.3,463.48,450.9,36214,2497653984,0.29,455.3,463.48,450.9,211.45,76.18,24.59,36.03,11.63,38.87,31.88
3888,12/26/17,600519,455.36,447.99,460.17,443.68,31868,2174103280,0.25,447.99,460.17,443.68,203.84,76.18,21.68,37.37,10.64,44.55,32.95
3889,12/27/17,600519,452.04,431.36,452.04,429.68,37722,2539720704,0.3,431.36,452.04,429.68,216.45,76.18,30.94,35.2,14.29,48.05,34.73
3890,12/28/17,600519,454.18,485.87,487.08,438.5,124141,8656875776,0.99,485.87,487.08,438.5,258.74,107.36,30.94,41.49,11.96,50.35,38.81
3891,12/29/17,600519,485.18,464.67,493.68,458.78,76039,5372514560,0.61,464.67,493.68,458.78,268.97,90.86,30.94,33.78,11.5,50.18,41.23
3892,1/2/18,600519,467.18,471.03,477.34,457.07,49612,3482407648,0.39,471.03,477.34,457.07,281.46,84.04,32.65,29.86,11.6,49.6,42.41
3893,1/3/18,600519,468.68,483.04,488.58,466.92,52019,3713523696,0.41,483.04,488.58,466.92,283.84,84.05,32.65,29.61,11.5,48.41,43.64
3894,1/4/18,600519,488.58,504.25,510.68,486.51,72205,5309890304,0.57,504.25,510.68,486.51,300.68,104.85,32.65,34.87,10.86,47.88,46.22
3895,1/5/18,600519,508.18,505.54,513.21,495.4,39989,2946493008,0.32,505.54,513.21,495.4,301.32,107.38,22.93,35.64,7.61,51.64,49.85
3896,1/8/18,600519,502.2,519.31,523.68,502.2,52205,3899951728,0.42,519.31,523.68,502.2,306.79,116.0,22.93,37.81,7.47,53.6,51.97
3897,1/9/18,600519,519.39,549.7,550.18,519.39,64592,5001164544,0.51,549.7,550.18,519.39,326.22,139.86,22.93,42.87,7.03,57.37,53.77
3898,1/10/18,600519,552.18,552.89,556.06,540.66,47714,3731993152,0.38,552.89,556.06,540.66,318.79,131.32,22.93,41.19,7.19,61.74,55.67
3899,1/11/18,600519,554.18,541.99,555.18,539.18,50656,3942075856,0.4,541.99,555.18,539.18,322.87,130.76,24.41,40.5,7.56,65.82,57.12
3900,1/12/18,600519,540.95,555.6,555.98,534.2,45988,3577281776,0.37,555.6,555.98,534.2,335.76,130.76,29.39,38.94,8.75,67.62,57.75
3901,1/15/18,600519,560.64,552.55,566.24,546.2,52473,4136645488,0.42,552.55,566.24,546.2,342.42,130.62,29.39,38.15,8.58,67.36,59.5
3902,1/16/18,600519,547.66,540.12,555.79,535.18,65428,5084966144,0.52,540.12,555.79,535.18,346.54,130.62,33.19,37.69,9.58,66.11,59.86
3903,1/17/18,600519,537.18,515.11,541.18,505.69,90710,6835580416,0.72,515.11,541.18,505.69,359.67,130.62,48.68,36.32,13.53,61.76,59.56
3904,1/18/18,600519,515.11,517.92,532.18,511.27,58979,4443031296,0.47,517.92,532.18,511.27,324.86,95.58,48.68,29.42,14.98,55.46,58.6
3905,1/19/18,600519,520.08,517.36,526.08,506.2,50926,3818021984,0.41,517.36,526.08,506.2,309.84,88.98,53.75,28.72,17.35,48.16,56.99
3906,1/22/18,600519,518.99,540.82,541.18,518.99,67127,5129674752,0.53,540.82,541.18,518.99,313.39,104.08,52.04,33.21,16.61,43.16,55.39
3907,1/23/18,600519,544.99,540.96,547.18,535.78,49549,3836387696,0.39,540.96,547.18,535.78,303.13,98.84,52.04,32.61,17.17,37.79,52.58
3908,1/24/18,600519,543.62,531.64,543.64,525.78,43299,3311348768,0.34,531.64,543.64,525.78,293.35,76.74,62.04,26.16,21.15,29.64,47.88
3909,1/25/18,600519,528.18,536.34,543.18,518.18,50041,3821875040,0.4,536.34,543.18,518.18,300.54,74.21,69.64,24.69,23.17,22.55,42.16
3910,1/26/18,600519,534.42,544.4,544.58,531.18,43978,3389953776,0.35,544.4,544.58,531.18,292.46,65.14,69.64,22.27,23.81,17.69,36.58
3911,1/29/18,600519,545.94,503.5,546.85,502.18,74536,5637041920,0.59,503.5,546.85,502.18,306.26,38.64,98.64,12.62,32.21,20.86,34.51
3912,1/30/18,600519,503.18,509.26,515.95,497.2,51911,3852705104,0.41,509.26,515.95,497.2,309.61,32.76,103.62,10.58,33.47,23.97,33.56
3913,1/31/18,600519,506.18,531.72,538.89,506.18,60402,4601994752,0.48,531.72,538.89,506.18,326.32,55.7,102.14,17.07,31.3,23.7,30.74
3914,2/1/18,600519,534.18,524.91,534.48,520.1,50583,3846421616,0.4,524.91,534.48,520.1,318.92,55.7,97.16,17.47,30.47,26.45,28.05
3915,2/2/18,600519,519.4,507.58,520.41,492.18,75421,5583742720,0.6,507.58,520.41,492.18,331.61,45.44,125.08,13.7,37.72,33.71,28.13
3916,2/5/18,600519,494.4,485.41,497.14,472.78,98996,7104095744,0.79,485.41,497.14,472.78,345.8,45.44,133.46,13.14,38.59,41.35,29.52
3917,2/6/18,600519,470.18,476.04,489.78,470.18,88169,6270888704,0.7,476.04,489.78,470.18,329.91,45.44,106.57,13.77,32.3,40.77,30.82
3918,2/7/18,600519,487.18,450.61,491.06,449.19,88290,6231141120,0.7,450.61,491.06,449.19,350.87,45.44,127.56,12.95,36.36,40.02,31.99
3919,2/8/18,600519,449.38,468.17,485.18,449.38,83409,5860233472,0.66,468.17,485.18,449.38,366.79,45.44,122.49,12.39,33.4,42.77,33.23
3920,2/9/18,600519,447.18,450.61,457.07,425.18,105578,7160206336,0.84,450.61,457.07,425.18,385.96,30.34,146.69,7.86,38.01,49.2,37.83
3921,2/12/18,600519,458.18,464.66,472.68,452.38,64180,4466343168,0.51,464.66,472.68,452.38,396.63,39.95,146.69,10.07,36.98,50.95,42.33
3922,2/13/18,600519,472.2,479.16,482.0,471.68,53389,3793782384,0.43,479.16,482.0,471.68,396.11,49.27,136.69,12.44,34.51,50.58,45.97
3923,2/14/18,600519,487.18,485.63,487.18,479.4,30653,2198728704,0.24,485.63,487.18,479.4,379.13,54.45,129.09,14.36,34.05,50.66,45.71
3924,2/22/18,600519,494.48,509.63,511.18,490.42,50765,3717469264,0.4,509.63,511.18,490.42,391.28,77.05,129.09,19.69,32.99,46.95,43.49
3925,2/23/18,600519,514.18,509.66,523.74,504.18,38159,2844936752,0.3,509.66,523.74,504.18,366.17,89.61,100.09,24.47,27.33,40.23,41.5
3926,2/26/18,600519,514.06,510.69,519.23,500.2,43658,3243216352,0.35,510.69,519.23,500.2,366.45,89.61,99.09,24.45,27.04,30.11,39.65
3927,2/27/18,600519,516.18,505.16,523.18,504.4,42602,3181778848,0.34,505.16,523.18,504.4,352.52,70.62,99.09,20.03,28.11,23.37,37.16
3928,2/28/18,600519,499.18,492.8,509.48,486.18,48331,3522004688,0.38,492.8,509.48,486.18,361.44,70.62,117.31,19.54,32.46,19.68,35.13
3929,3/1/18,600519,495.18,509.15,514.03,490.95,44795,3303604160,0.36,509.15,514.03,490.95,351.79,75.17,89.39,21.37,25.41,14.34,32.5
3930,3/2/18,600519,505.18,503.59,510.74,497.18,25992,1912613824,0.21,503.59,510.74,497.18,330.55,75.17,69.99,22.74,21.17,10.73,28.84
3931,3/5/18,600519,505.36,487.29,509.18,484.21,37235,2703926960,0.3,487.29,509.18,484.21,335.92,75.17,80.36,22.38,23.92,10.37,25.3
3932,3/6/18,600519,492.18,485.44,494.78,464.31,64570,4581658624,0.51,485.44,494.78,464.31,324.52,75.17,79.27,23.16,24.43,9.97,20.04
3933,3/7/18,600519,482.18,477.22,491.18,476.17,34596,2480929040,0.28,477.22,491.18,476.17,303.73,75.17,79.27,24.75,26.1,7.62,15.5
3934,3/8/18,600519,481.18,489.94,491.18,475.18,35349,2540452000,0.28,489.94,491.18,475.18,276.74,75.17,56.06,27.16,20.26,5.9,12.79
3935,3/9/18,600519,494.73,495.38,499.75,490.68,30171,2199081680,0.24,495.38,499.75,490.68,264.48,68.13,56.06,25.76,21.2,6.08,10.21
3936,3/12/18,600519,496.73,491.13,501.1,489.95,39888,2900950560,0.32,491.13,501.1,489.95,258.29,60.16,56.06,23.29,21.7,6.08,8.4
3937,3/13/18,600519,490.18,477.53,493.78,477.18,38577,2764426992,0.31,477.53,493.78,477.18,266.87,54.98,68.83,20.6,25.79,7.38,8.87
3938,3/14/18,600519,476.85,494.06,495.26,474.4,37356,2683830112,0.3,494.06,495.26,474.4,262.18,30.98,71.61,11.82,27.31,13.54,11.76
3939,3/15/18,600519,495.2,513.65,514.18,495.2,56149,4161645760,0.45,513.65,514.18,495.2,262.74,37.34,71.61,14.21,27.26,18.34,12.98
3940,3/16/18,600519,514.78,507.03,521.16,506.06,35856,2676682528,0.29,507.03,521.16,506.06,258.81,44.32,67.63,17.12,26.13,19.39,12.64
3941,3/19/18,600519,511.15,520.66,521.17,506.18,38667,2897348544,0.31,520.66,521.17,506.18,255.02,40.38,67.63,15.83,26.52,21.97,14.03
3942,3/20/18,600519,517.18,514.91,519.18,507.18,28877,2154897792,0.23,514.91,519.18,507.18,245.2,40.38,49.41,16.47,20.15,23.06,14.57
3943,3/21/18,600519,517.29,509.18,520.29,507.18,26743,1996584256,0.21,509.18,520.29,507.18,235.23,36.94,49.41,15.7,21.0,23.6,15.49
3944,3/22/18,600519,511.18,493.26,515.18,491.19,37487,2748721664,0.3,493.26,515.18,491.19,245.66,36.94,65.4,15.04,26.62,21.64,17.59
3945,3/23/18,600519,468.18,478.24,490.67,467.26,52547,3727044976,0.42,478.24,490.67,467.26,246.69,36.94,76.36,14.97,30.95,22.19,20.27
3946,3/26/18,600519,475.18,480.67,482.24,469.06,46256,3276880064,0.37,480.67,482.24,469.06,229.4,36.94,56.46,16.1,24.61,22.2,20.8
3947,3/27/18,600519,490.18,481.92,493.06,471.18,47548,3399900240,0.38,481.92,493.06,471.18,236.27,47.76,56.46,20.21,23.9,19.39,20.68
3948,3/28/18,600519,467.15,449.23,470.18,436.18,113540,7786098176,0.9,449.23,470.18,436.18,266.01,47.76,90.47,17.95,34.01,22.86,22.96
3949,3/29/18,600519,449.38,456.28,465.03,425.59,79082,5362889984,0.63,456.28,465.03,425.59,295.64,39.19,101.06,13.26,34.18,27.81,25.71
3950,3/30/18,600519,453.18,450.8,460.68,447.06,36540,2502696336,0.29,450.8,460.68,447.06,298.11,37.84,101.06,12.69,33.9,30.76,26.2
3951,4/2/18,600519,447.18,447.24,458.18,441.29,32039,2185060768,0.26,447.24,458.18,441.29,298.4,37.84,94.06,12.68,31.52,32.07,27.13
3952,4/3/18,600519,445.18,445.09,454.18,442.57,40236,2737509488,0.32,445.09,454.18,442.57,289.15,37.84,91.28,13.09,31.57,35.48,28.84
3953,4/4/18,600519,449.18,461.19,467.61,447.56,56891,3948712784,0.45,461.19,467.61,447.56,291.55,32.35,91.28,11.1,31.31,42.03,30.71
3954,4/9/18,600519,464.28,465.48,472.61,457.33,30833,2149178944,0.25,465.48,472.61,457.33,291.73,30.37,91.28,10.41,31.29,45.23,34.05
3955,4/10/18,600519,471.98,475.2,475.68,465.64,32043,2252069680,0.26,475.2,475.68,465.64,286.94,33.43,91.28,11.65,31.81,45.61,36.71
3956,4/11/18,600519,477.18,472.54,481.96,470.2,25723,1822237888,0.2,472.54,481.96,470.2,285.22,39.71,91.28,13.92,32.0,44.58,37.67
3957,4/12/18,600519,471.18,461.38,474.06,459.4,30714,2139139504,0.24,461.38,474.06,459.4,286.77,38.6,102.08,13.46,35.6,45.0,38.53
3958,4/13/18,600519,465.68,454.04,468.18,452.26,27550,1904051056,0.22,454.04,468.18,452.26,278.7,38.6,93.23,13.85,33.45,45.01,40.25
3959,4/16/18,600519,447.76,448.56,454.03,444.18,32940,2241463088,0.26,448.56,454.03,444.18,262.56,38.6,77.38,14.7,29.47,42.64,42.34
3960,4/17/18,600519,452.18,433.38,452.56,432.78,35173,2377407824,0.28,433.38,452.56,432.78,269.16,38.6,88.78,14.34,32.98,40.86,43.04
3961,4/18/18,600519,438.18,422.82,438.18,412.18,62617,4104175824,0.5,422.82,438.18,412.18,273.28,27.78,109.38,10.17,40.02,43.04,44.33
3962,4/19/18,600519,427.03,447.14,447.18,423.84,44208,2976468496,0.35,447.14,447.18,423.84,251.9,36.78,74.38,14.6,29.53,42.12,43.35
3963,4/20/18,600519,448.18,437.44,461.18,435.41,41512,2831559744,0.33,437.44,461.18,435.41,238.23,50.78,63.79,21.32,26.78,36.49,40.75
3964,4/23/18,600519,433.19,441.19,447.51,433.19,32659,2196761040,0.26,441.19,447.51,433.19,238.93,50.78,66.01,21.25,27.63,31.76,38.38
3965,4/24/18,600519,443.18,457.06,460.68,442.18,47283,3252280976,0.38,457.06,460.68,442.18,241.53,63.95,60.24,26.48,24.94,26.68,34.66
3966,4/25/18,600519,456.18,458.15,459.18,450.2,25252,1738767072,0.2,458.15,459.18,450.2,238.9,63.95,60.24,26.77,25.22,20.61,30.74
3967,4/26/18,600519,459.18,445.41,459.46,440.18,35048,2378744480,0.28,445.41,459.46,440.18,235.66,50.52,70.26,21.44,29.81,13.42,28.23
3968,4/27/18,600519,452.43,429.71,455.54,422.18,57915,3866680416,0.46,429.71,455.54,422.18,253.74,45.52,88.26,17.94,34.78,13.11,27.61
3969,5/2/18,600519,427.18,435.01,436.17,412.24,70259,4589885696,0.56,435.01,436.17,412.24,267.47,42.45,98.2,15.87,36.71,17.82,27.16
3970,5/3/18,600519,433.18,438.06,440.86,425.18,36327,2426248240,0.29,438.06,440.86,425.18,271.39,40.86,98.2,15.06,36.18,22.52,27.14
3971,5/4/18,600519,438.16,430.05,442.01,427.75,37376,2492610224,0.3,430.05,442.01,427.75,270.99,42.01,87.4,15.5,32.25,27.87,27.28
3972,5/7/18,600519,427.13,465.35,469.06,424.95,85591,5858519296,0.68,465.35,469.06,424.95,299.18,69.06,80.26,23.08,26.83,28.62,24.62
3973,5/8/18,600519,465.21,476.01,479.31,465.21,62498,4414037760,0.5,476.01,479.31,465.21,303.42,79.31,72.18,26.14,23.79,26.68,20.05
3974,5/9/18,600519,476.26,469.13,479.48,464.3,32331,2267880032,0.26,469.13,479.48,464.3,298.82,79.31,61.69,26.54,20.64,23.44,18.28
3975,5/10/18,600519,470.68,481.37,483.18,470.68,39294,2794919584,0.31,481.37,483.18,470.68,286.87,83.01,41.09,28.94,14.32,22.47,20.14
3976,5/11/18,600519,485.87,485.2,497.68,482.88,39142,2826877200,0.31,485.2,497.68,482.88,278.82,88.51,41.09,31.74,14.74,21.69,22.11
3977,5/14/18,600519,491.18,509.59,510.18,491.18,51015,3753818032,0.41,509.59,510.18,491.18,278.03,87.01,41.09,31.3,14.78,21.82,24.85
3978,5/15/18,600519,513.18,510.24,513.62,501.18,38056,2811622720,0.3,510.24,513.62,501.18,276.15,90.45,38.87,32.75,14.08,27.22,27.92
3979,5/16/18,600519,507.18,501.7,512.84,500.46,30795,2275092448,0.25,501.7,512.84,500.46,269.04,77.28,39.59,28.72,14.72,31.81,29.25
3980,5/17/18,600519,502.3,494.56,504.68,491.18,28518,2077476640,0.23,494.56,504.68,491.18,273.56,77.28,48.87,28.25,17.86,33.48,28.46
3981,5/18/18,600519,491.17,506.5,508.18,488.37,29255,2140724032,0.23,506.5,508.18,488.37,274.09,80.78,38.85,29.47,14.17,33.69,28.08
3982,5/21/18,600519,511.18,502.0,514.48,499.66,29060,2150582000,0.23,502.0,514.48,499.66,255.55,87.08,20.85,34.08,8.16,37.82,29.76
3983,5/22/18,600519,502.4,506.75,507.02,497.2,16999,1250693952,0.14,506.75,507.02,497.2,241.44,87.08,13.37,36.07,5.54,44.07,32.95
3984,5/23/18,600519,507.18,490.96,507.18,490.76,28269,2061375200,0.23,490.96,507.18,490.76,242.18,82.39,19.81,34.02,8.18,47.63,37.43
3985,5/24/18,600519,487.18,482.58,495.84,480.18,30416,2191695808,0.24,482.58,495.84,480.18,243.58,81.24,30.39,33.35,12.48,49.85,40.83
3986,5/25/18,600519,479.18,484.04,494.18,479.18,26511,1908701136,0.21,484.04,494.18,479.18,214.47,54.19,31.39,25.27,14.64,50.54,42.01
3987,5/28/18,600519,485.18,507.58,507.84,482.3,42805,3129960288,0.34,507.58,507.84,482.3,225.91,57.6,31.39,25.5,13.89,49.6,41.65
3988,5/29/18,600519,505.98,498.61,517.18,498.46,40820,3029700816,0.32,498.61,517.18,498.46,229.45,66.94,30.48,29.17,13.28,45.61,41.72
3989,5/30/18,600519,494.4,493.05,504.48,487.23,37147,2706486800,0.3,493.05,504.48,487.23,232.65,63.24,41.71,27.18,17.93,36.8,40.44
3990,5/31/18,600519,497.43,518.31,518.8,497.42,71853,5356222464,0.57,518.31,518.8,497.42,242.09,63.06,41.71,26.05,17.23,29.99,38.81
3991,6/1/18,600519,518.31,512.29,522.16,505.94,36178,2694415008,0.29,512.29,522.16,505.94,233.33,53.92,41.71,23.11,17.88,24.53,37.19
3992,6/4/18,600519,519.53,549.15,550.08,513.06,73806,5697540352,0.59,549.15,550.08,513.06,258.68,78.4,41.71,30.31,16.12,25.18,37.86
3993,6/5/18,600519,553.68,555.23,561.88,544.41,52630,4136578576,0.42,555.23,561.88,544.41,263.77,90.2,40.99,34.2,15.54,26.52,38.06
3994,6/6/18,600519,555.18,552.93,568.13,549.48,48969,3870616720,0.39,552.93,568.13,549.48,268.92,96.45,31.71,35.87,11.79,28.71,37.16
3995,6/7/18,600519,557.16,548.15,562.73,546.08,39168,3078137472,0.31,548.15,562.73,546.08,265.76,92.95,35.11,34.98,13.21,32.81,34.81
3996,6/8/18,600519,547.18,545.13,553.08,537.18,34958,2712363712,0.28,545.13,553.08,537.18,266.84,86.65,44.01,32.47,16.49,34.86,32.43
3997,6/11/18,600519,543.23,542.91,553.18,535.51,36548,2837404000,0.29,542.91,553.18,535.51,274.69,86.65,43.22,31.54,15.73,38.3,31.42
3998,6/12/18,600519,545.18,566.37,570.68,543.68,55287,4385043200,0.44,566.37,570.68,543.68,286.04,104.15,36.78,36.41,12.86,41.18,33.18
3999,6/13/18,600519,567.18,557.51,569.8,556.06,35244,2803441680,0.28,557.51,569.8,556.06,284.12,104.15,26.2,36.66,9.22,44.89,35.71
4000,6/14/18,600519,557.18,553.31,560.98,542.36,36160,2830514224,0.29,553.31,560.98,542.36,287.74,104.15,38.9,36.2,13.52,44.08,36.39
4001,6/15/18,600519,551.38,551.51,556.76,547.28,31708,2455441872,0.25,551.51,556.76,547.28,271.68,90.49,38.9,33.31,14.32,43.19,38.0
4002,6/19/18,600519,547.18,516.18,547.18,515.18,60196,4535664128,0.48,516.18,547.18,515.18,289.29,81.15,71.0,28.05,24.54,38.87,36.86
4003,6/20/18,600519,519.18,541.77,543.18,519.18,45838,3454583696,0.36,541.77,543.18,519.18,299.04,81.15,59.77,27.14,19.99,35.82,37.06
4004,6/21/18,600519,543.4,537.5,557.07,536.95,39183,3013867648,0.31,537.5,557.07,536.95,293.41,80.72,59.77,27.51,20.37,30.34,35.76
4005,6/22/18,600519,532.18,544.71,545.18,528.18,28855,2190055872,0.23,544.71,545.18,528.18,294.19,77.36,68.54,26.3,23.3,21.38,33.14
4006,6/25/18,600519,544.18,543.74,557.15,543.08,32934,2543272256,0.26,543.74,557.15,543.08,270.47,61.41,68.54,22.7,25.34,14.69,29.38
4007,6/26/18,600519,543.49,532.98,548.06,525.18,46578,3516945440,0.37,532.98,548.06,525.18,275.88,49.61,86.44,17.98,31.33,12.56,27.88
4008,6/27/18,600519,530.18,500.62,535.18,499.18,57298,4194739088,0.46,500.62,535.18,499.18,293.23,43.36,112.44,14.79,38.35,18.84,28.85
4009,6/28/18,600519,492.18,489.11,497.18,475.18,50834,3610842736,0.4,489.11,497.18,475.18,302.02,43.36,133.04,14.36,44.05,24.78,30.3
4010,6/29/18,600519,490.48,509.64,510.48,483.18,32929,2378884224,0.26,509.64,510.48,483.18,313.42,56.66,124.14,18.08,39.61,28.52,29.43
4011,7/2/18,600519,512.7,489.73,517.51,481.18,37558,2709882032,0.3,489.73,517.51,481.18,332.08,63.69,122.47,19.18,36.88,32.77,27.08
4012,7/3/18,600519,487.94,473.1,493.96,456.41,82837,5743330304,0.66,473.1,493.96,456.41,341.86,46.19,147.24,13.51,43.07,40.56,27.63
4013,7/4/18,600519,470.18,469.09,478.18,466.18,37991,2637494704,0.3,469.09,478.18,466.18,340.12,46.19,147.24,13.58,43.29,44.76,28.66
4014,7/5/18,600519,478.18,480.57,494.38,478.18,47124,3333680080,0.38,480.57,494.38,478.18,346.79,62.39,133.54,17.99,38.51,43.42,31.13
4015,7/6/18,600519,485.18,492.3,499.11,477.44,44157,3140922352,0.35,492.3,499.11,477.44,358.98,67.12,133.54,18.7,37.2,40.47,32.62
4016,7/9/18,600519,498.21,505.42,508.04,497.91,40573,2944655280,0.32,505.42,508.04,497.91,338.39,76.05,101.44,22.47,29.98,36.63,32.57
4017,7/10/18,600519,507.18,503.94,509.68,491.51,29010,2096683488,0.23,503.94,509.68,491.51,329.56,76.05,107.84,23.08,32.72,34.25,33.51
4018,7/11/18,600519,488.18,497.76,502.18,480.4,24278,1736875984,0.19,497.76,502.18,480.4,332.98,62.16,118.95,18.67,35.72,30.77,35.67
4019,7/12/18,600519,496.18,515.72,519.35,496.18,40170,2947129136,0.32,515.72,519.35,496.18,339.15,79.33,110.18,23.39,32.49,24.77,34.77
4020,7/13/18,600519,520.48,525.17,526.28,513.3,28907,2152944608,0.23,525.17,526.28,513.3,338.06,74.29,110.18,21.98,32.59,21.96,32.69
4021,7/16/18,600519,530.48,532.86,542.29,529.21,32475,2454501600,0.26,532.86,542.29,529.21,332.3,90.3,92.28,27.17,27.77,16.63,28.55
4022,7/17/18,600519,535.18,520.61,535.18,514.2,27806,2064190608,0.22,520.61,535.18,514.2,317.28,90.3,81.29,28.46,25.62,15.12,25.87
4023,7/18/18,600519,520.61,515.62,527.87,513.18,24522,1818760400,0.2,515.62,527.87,513.18,306.53,90.3,58.31,29.46,19.02,15.83,25.04
4024,7/19/18,600519,517.18,519.13,522.13,513.2,18079,1337080016,0.14,519.13,522.13,513.2,288.16,77.0,58.31,26.72,20.24,12.9,21.83
4025,7/20/18,600519,519.68,519.31,521.31,506.18,30549,2249792128,0.24,519.31,521.31,506.18,266.96,69.97,65.33,26.21,24.47,10.76,17.77
4026,7/23/18,600519,514.18,510.25,519.33,498.19,35970,2621763712,0.29,510.25,519.33,498.19,250.55,69.97,48.55,27.93,19.38,10.53,16.25
4027,7/24/18,600519,510.86,523.58,525.48,501.18,41809,3091209136,0.33,523.58,525.48,501.18,262.85,76.12,48.55,28.96,18.47,14.03,15.33
4028,7/25/18,600519,525.13,521.99,528.06,518.19,21744,1618737616,0.17,521.99,528.06,518.19,247.43,62.5,48.55,25.26,19.62,15.25,15.19
4029,7/26/18,600519,527.08,513.8,527.08,512.41,23067,1707662624,0.18,513.8,527.08,512.41,240.43,57.77,54.33,24.03,22.6,12.18,14.0
4030,7/27/18,600519,514.18,516.74,522.48,508.18,20914,1546655264,0.17,516.74,522.48,508.18,238.99,48.84,58.56,20.44,24.5,11.38,12.14
4031,7/30/18,600519,517.08,497.39,518.84,493.18,42172,3058614528,0.34,497.39,518.84,493.18,246.48,48.84,67.16,19.81,27.25,13.44,12.1
4032,7/31/18,600519,498.48,504.62,506.06,497.39,20683,1499353472,0.16,504.62,506.06,497.39,231.61,48.84,56.05,21.09,24.2,11.58,11.05
4033,8/1/18,600519,509.58,493.12,510.48,492.29,25238,1821933664,0.2,493.12,510.48,492.29,226.63,31.67,61.15,13.97,26.98,13.18,13.61
4034,8/2/18,600519,494.15,474.02,494.15,466.06,55001,3840134512,0.44,474.02,494.15,466.06,241.74,24.74,87.38,10.23,36.15,20.4,17.83
4035,8/3/18,600519,473.18,457.17,473.18,454.38,47337,3230239088,0.38,457.17,473.18,454.38,244.26,8.73,99.06,3.57,40.56,33.86,23.02
4036,8/6/18,600519,455.18,447.86,462.18,440.43,45248,3039091104,0.36,447.86,462.18,440.43,245.03,8.73,98.0,3.56,40.0,46.29,28.84
4037,8/7/18,600519,450.48,464.46,466.01,440.2,39086,2645263312,0.31,464.46,466.01,440.2,256.15,12.56,96.98,4.9,37.86,56.5,34.97
4038,8/8/18,600519,465.2,454.4,467.18,450.05,29685,2016438672,0.24,454.4,467.18,450.05,264.35,13.73,96.98,5.19,36.69,67.89,39.73
4039,8/9/18,600519,449.18,470.06,472.68,448.3,34486,2368461344,0.27,470.06,472.68,448.3,273.6,19.23,89.96,7.03,32.88,73.39,43.29
4040,8/10/18,600519,470.06,465.36,472.95,462.38,23818,1643993568,0.19,465.36,472.95,462.38,263.03,19.5,81.97,7.41,31.16,74.34,47.37
4041,8/13/18,600519,461.18,457.4,461.18,444.86,34570,2329262064,0.28,457.4,461.18,444.86,259.23,13.35,99.49,5.15,38.38,73.1,53.48
4042,8/14/18,600519,457.4,458.31,462.68,451.69,21697,1474124256,0.17,458.31,462.68,451.69,260.35,12.27,99.49,4.71,38.21,72.16,59.23
4043,8/15/18,600519,457.98,440.98,458.18,439.18,34997,2336994704,0.28,440.98,458.18,439.18,264.81,12.27,106.22,4.63,40.11,72.53,64.52
4044,8/16/18,600519,430.18,426.62,446.68,418.18,59940,3908421568,0.48,426.62,446.68,418.18,279.01,12.27,122.99,4.4,44.08,73.64,70.77
4045,8/17/18,600519,435.68,413.04,435.68,408.19,46575,3001465856,0.37,413.04,435.68,408.19,280.84,12.27,117.98,4.37,42.01,76.38,74.88
4046,8/20/18,600519,410.63,422.97,423.73,395.04,48852,3081035728,0.39,422.97,423.73,395.04,300.86,12.27,131.13,4.08,43.59,79.93,77.14
4047,8/21/18,600519,425.18,449.67,450.48,425.18,52249,3460897968,0.42,449.67,450.48,425.18,310.18,39.02,126.03,12.58,40.63,75.99,74.54
4048,8/22/18,600519,449.18,445.88,451.38,441.18,20676,1381418416,0.16,445.88,451.38,441.18,292.29,39.92,99.8,13.66,34.14,70.13,71.15
4049,8/23/18,600519,449.88,448.39,456.68,443.36,27357,1836880240,0.22,448.39,456.68,443.36,285.97,45.22,88.12,15.81,30.81,62.28,67.4
4050,8/24/18,600519,447.18,438.48,447.18,434.64,26090,1725516320,0.21,438.48,447.18,434.64,277.97,45.22,82.89,16.27,29.82,53.53,63.59
4051,8/27/18,600519,440.18,465.48,465.48,440.18,48017,3261483984,0.38,465.48,465.48,440.18,279.16,59.69,82.89,21.38,29.69,42.72,59.55
4052,8/28/18,600519,471.18,459.18,471.96,456.73,32489,2222697904,0.26,459.18,471.96,456.73,277.26,65.0,82.89,23.44,29.9,30.92,55.42
4053,8/29/18,600519,460.18,464.03,467.06,457.28,27404,1877474368,0.22,464.03,467.06,457.28,262.66,59.5,82.89,22.65,31.56,24.87,50.43
4054,8/30/18,600519,466.39,458.58,470.78,457.19,33788,2312993216,0.27,458.58,470.78,457.19,265.68,62.95,82.89,23.69,31.2,20.01,45.07
4055,8/31/18,600519,454.43,437.37,455.18,434.68,58981,3911486176,0.47,437.37,455.18,434.68,269.08,62.95,87.88,23.39,32.66,17.4,39.84
4056,9/3/18,600519,430.18,444.39,445.85,428.98,30180,1992654928,0.24,444.39,445.85,428.98,274.96,61.45,93.58,22.35,34.03,15.95,34.74
4057,9/4/18,600519,444.98,453.22,454.18,439.78,21540,1441658192,0.17,453.22,454.18,439.78,270.23,69.78,81.07,25.82,30.0,14.49,28.6
4058,9/5/18,600519,453.18,435.97,455.17,435.18,28983,1927600144,0.23,435.97,455.17,435.18,261.72,69.78,64.67,26.66,24.71,13.11,22.01
4059,9/6/18,600519,430.18,422.18,437.44,418.18,42371,2744204064,0.34,422.18,437.44,418.18,253.49,69.78,71.68,27.53,28.28,10.59,17.73
4060,9/7/18,600519,423.68,429.15,436.21,423.32,29240,1903829728,0.23,429.15,436.21,423.32,238.83,69.78,58.53,29.22,24.51,9.77,14.89
4061,9/10/18,600519,430.38,422.98,431.99,418.88,21202,1369296448,0.17,422.98,431.99,418.88,224.43,43.03,62.97,19.17,28.06,10.16,13.78
4062,9/11/18,600519,423.75,424.18,429.15,418.81,19497,1258466304,0.16,424.18,429.15,418.81,224.57,42.13,63.04,18.76,28.07,10.01,12.98
4063,9/12/18,600519,421.18,408.18,423.05,406.19,41157,2612360000,0.33,408.18,423.05,406.19,229.24,36.83,75.66,16.07,33.0,14.52,14.5
4064,9/13/18,600519,416.18,410.16,420.18,398.18,47713,3004019088,0.38,410.16,420.18,398.18,237.49,36.83,74.95,15.51,31.56,19.57,16.34
4065,9/14/18,600519,412.16,421.08,427.96,406.71,40900,2617626832,0.33,421.08,427.96,406.71,231.74,26.31,74.95,11.35,32.34,27.35,18.97
4066,9/17/18,600519,423.18,423.99,431.14,419.24,29113,1884188496,0.23,423.99,431.14,419.24,228.41,23.01,74.95,10.07,32.81,34.73,22.25
4067,9/18/18,600519,421.18,444.88,446.18,420.4,37859,2480477392,0.3,444.88,446.18,420.4,244.41,38.05,74.95,15.57,30.67,37.04,23.6
4068,9/19/18,600519,444.76,459.6,464.18,444.18,48222,3277470608,0.38,459.6,464.18,444.18,250.82,52.33,74.95,20.86,29.88,36.68,23.35
4069,9/20/18,600519,463.38,456.73,465.08,455.54,27519,1878075360,0.22,456.73,465.08,455.54,236.46,53.23,52.44,22.51,22.18,31.06,22.79
4070,9/21/18,600519,460.18,478.19,478.19,458.19,42617,2945196256,0.34,478.19,478.19,458.19,241.05,66.34,46.74,27.52,19.39,28.26,23.92
4071,9/25/18,600519,473.18,475.2,483.95,471.44,30640,2142679104,0.24,475.2,483.95,471.44,239.16,63.77,46.74,26.66,19.54,22.82,25.09
4072,9/26/18,600519,480.28,503.11,510.86,480.17,72288,5200776960,0.58,503.11,510.86,480.17,254.83,90.68,42.14,35.58,16.54,20.08,27.4
4073,9/27/18,600519,505.68,502.18,506.18,493.58,40509,2918965008,0.32,502.18,506.18,493.58,248.17,90.68,25.14,36.54,10.13,24.07,30.55
4074,9/28/18,600519,504.88,508.18,511.38,497.06,35090,2551115840,0.28,508.18,511.38,497.06,248.46,95.88,25.14,38.59,10.12,30.85,33.77
4075,10/8/18,600519,493.59,464.33,497.18,464.33,82745,5798721536,0.66,464.33,497.18,464.33,279.2,95.88,53.43,34.34,19.14,35.46,33.26
4076,10/9/18,600519,465.08,473.18,476.89,464.08,40223,2785526960,0.32,473.18,476.89,464.08,281.67,95.88,53.61,34.04,19.03,37.28,32.77
4077,10/10/18,600519,475.44,449.1,476.18,447.87,63098,4288785952,0.5,449.1,476.18,447.87,291.99,95.88,57.2,32.84,19.59,38.93,30.88
4078,10/11/18,600519,413.19,423.17,447.12,413.19,91582,5953169152,0.73,423.17,447.12,413.19,305.9,95.88,83.87,31.34,27.42,33.95,27.01
4079,10/12/18,600519,429.18,446.18,450.86,428.76,54473,3599837216,0.43,446.18,450.86,428.76,312.34,91.84,83.87,29.4,26.85,25.27,24.67
4080,10/15/18,600519,447.67,445.08,450.13,438.21,35607,2372056688,0.28,445.08,450.13,438.21,312.36,88.66,83.87,28.38,26.85,15.99,23.42
4081,10/16/18,600519,444.16,445.32,457.71,440.19,26394,1766613792,0.21,445.32,457.71,440.19,304.1,81.2,83.87,26.7,27.58,11.53,23.49
4082,10/17/18,600519,453.18,443.9,455.48,428.08,43077,2846537056,0.34,443.9,455.48,428.08,311.5,63.2,95.98,20.29,30.81,10.25,23.76
4083,10/18/18,600519,438.18,424.12,438.18,423.15,52156,3394332720,0.42,424.12,438.18,423.15,322.71,62.3,100.91,19.31,31.27,9.98,24.45
4084,10/19/18,600519,416.18,448.18,453.18,413.26,76199,4973381120,0.61,448.18,453.18,413.26,341.17,64.19,100.91,18.81,29.58,12.57,23.26
4085,10/22/18,600519,453.18,471.18,480.2,453.18,73109,5036971520,0.58,471.18,480.2,453.18,360.68,85.45,100.91,23.69,27.98,13.2,19.24
4086,10/23/18,600519,467.18,419.92,467.18,413.18,123113,8076618496,0.98,419.92,467.18,413.18,383.02,58.54,140.91,15.28,36.79,19.62,17.81
4087,10/24/18,600519,406.29,415.17,428.18,398.18,76113,4818473472,0.61,415.17,428.18,398.18,400.42,58.54,155.91,14.62,38.94,26.91,19.22
4088,10/25/18,600519,398.18,397.18,400.68,386.76,75568,4657019136,0.6,397.18,400.68,386.76,414.51,53.34,167.33,12.87,40.37,32.09,21.17
4089,10/26/18,600519,397.18,388.28,403.18,386.16,55327,3388947808,0.44,388.28,403.18,386.16,387.68,55.84,134.6,14.4,34.72,35.04,22.51
4090,10/29/18,600519,327.27,327.27,327.27,327.27,49076,2694714080,0.39,327.27,327.27,327.27,435.88,55.84,193.24,12.81,44.33,40.53,26.55
4091,10/30/18,600519,288.18,302.18,321.18,287.2,204397,10663392512,1.63,302.18,321.18,287.2,447.64,55.84,217.1,12.47,48.5,48.99,31.1
4092,10/31/18,600519,305.18,327.08,333.18,300.18,96885,5239853056,0.77,327.08,333.18,300.18,444.73,67.84,182.42,15.25,41.02,49.74,34.68
4093,11/1/18,600519,333.18,341.18,363.68,329.43,98107,5581027328,0.78,341.18,363.68,329.43,453.64,94.6,182.42,20.85,40.21,47.46,37.19
4094,11/2/18,600519,363.18,378.08,378.18,350.42,89157,5227695104,0.71,378.08,378.18,350.42,478.72,109.1,182.42,22.79,38.11,43.04,37.57
4095,11/5/18,600519,371.18,353.98,371.18,349.95,75517,4373994240,0.6,353.98,371.18,349.95,489.33,101.52,182.89,20.75,37.38,40.92,37.98
4096,11/6/18,600519,352.18,344.18,352.34,336.19,45566,2572068928,0.36,344.18,352.34,336.19,479.72,101.52,184.54,21.16,38.47,36.56,38.54
4097,11/7/18,600519,347.18,344.58,353.13,340.19,38108,2165679712,0.3,344.58,353.13,340.19,471.91,102.31,179.61,21.68,38.06,31.28,40.14
4098,11/8/18,600519,352.18,348.52,355.18,346.18,33764,1933594960,0.27,348.52,355.18,346.18,442.59,89.36,179.61,20.19,40.58,29.24,39.49
4099,11/9/18,600519,345.4,340.18,347.18,340.18,24337,1374731696,0.19,340.18,347.18,340.18,418.91,62.34,185.61,14.88,44.31,32.25,39.85
4100,11/12/18,600519,331.18,330.18,332.38,314.98,67824,3709848784,0.54,330.18,332.38,314.98,386.11,62.34,170.81,16.15,44.24,35.81,39.42
4101,11/13/18,600519,324.3,348.18,348.18,321.18,66429,3695850096,0.53,348.18,348.18,321.18,383.11,78.14,155.81,20.4,40.67,36.57,38.74
4102,11/14/18,600519,348.14,333.28,348.14,330.73,41767,2331999888,0.33,333.28,348.14,330.73,372.15,78.14,144.39,21.0,38.8,36.7,36.63
4103,11/15/18,600519,336.98,337.88,342.98,333.68,30833,1728199008,0.25,337.88,342.98,333.68,364.83,75.64,144.39,20.73,39.58,37.33,34.31
4104,11/16/18,600519,339.18,338.18,344.18,336.21,28939,1625453520,0.23,338.18,344.18,336.21,311.79,76.84,85.5,24.64,27.42,32.63,30.94
4105,11/19/18,600519,338.48,347.2,350.18,337.29,36179,2052509536,0.29,347.2,350.18,337.29,284.61,82.84,45.43,29.11,15.96,29.21,30.73
4106,11/20/18,600519,343.18,339.78,346.18,338.18,26943,1514353120,0.21,339.78,346.18,338.18,260.63,70.84,45.43,27.18,17.43,25.1,30.45
4107,11/21/18,600519,332.18,342.88,347.08,331.86,27107,1527915056,0.22,342.88,347.08,331.86,239.25,40.34,51.75,16.86,21.63,21.63,29.1
4108,11/22/18,600519,343.33,342.68,345.51,336.18,21213,1193347568,0.17,342.68,345.51,336.18,211.58,25.84,51.75,12.21,24.46,22.23,29.46
4109,11/23/18,600519,342.18,335.08,345.48,335.08,20126,1126652928,0.16,335.08,345.48,335.08,193.85,25.84,52.38,13.33,27.02,22.68,30.01
4110,11/26/18,600519,336.18,330.29,338.38,330.18,19120,1063536976,0.15,330.29,338.38,330.18,184.26,25.84,43.52,14.02,23.62,26.04,29.33
4111,11/27/18,600519,330.18,326.28,333.17,324.68,20234,1112920624,0.16,326.28,333.17,324.68,179.81,25.05,49.02,13.93,27.26,26.57,27.89
4112,11/28/18,600519,329.03,335.18,337.37,323.68,27738,1535544368,0.22,335.18,337.37,323.68,182.9,27.2,49.02,14.87,26.8,27.7,26.4
4113,11/29/18,600519,344.21,329.78,347.98,327.19,45069,2524752304,0.36,329.78,347.98,327.19,195.35,37.81,43.02,19.36,22.02,26.71,24.17
4114,11/30/18,600519,335.18,343.18,347.07,331.18,49010,2762808224,0.39,343.18,347.07,331.18,187.44,37.81,17.82,20.17,9.51,27.13,24.68
4115,12/3/18,600519,367.18,379.38,383.18,362.95,83415,4964130048,0.66,379.38,383.18,362.95,200.44,58.12,17.82,29.0,8.89,30.32,26.5
4116,12/4/18,600519,381.17,380.41,382.44,373.18,31474,1888148736,0.25,380.41,382.44,373.18,192.25,58.12,17.82,30.23,9.27,34.92,30.48
4117,12/5/18,600519,375.68,388.28,394.68,373.18,41588,2523641856,0.33,388.28,394.68,373.18,204.05,70.36,17.82,34.48,8.73,39.45,33.01
4118,12/6/18,600519,378.18,369.98,384.16,368.54,37758,2250440656,0.3,369.98,384.16,368.54,215.82,69.16,22.46,32.05,10.41,43.18,35.44
4119,12/7/18,600519,373.78,365.18,377.04,362.88,26842,1583970320,0.21,365.18,377.04,362.88,217.09,63.16,28.12,29.09,12.95,48.5,37.6
4120,12/10/18,600519,354.18,355.41,365.68,352.36,24641,1427993216,0.2,355.41,365.68,352.36,221.39,63.16,38.64,28.53,17.45,46.53,36.83
4121,12/11/18,600519,355.18,361.17,364.73,355.18,16317,949962160,0.13,361.17,364.73,355.18,215.72,63.16,32.32,29.28,14.98,43.07,36.69
4122,12/12/18,600519,366.97,367.18,367.38,360.98,19922,1168089520,0.16,367.18,367.38,360.98,212.79,65.81,32.32,30.93,15.19,39.91,37.41
4123,12/13/18,600519,368.18,379.93,385.06,367.78,40399,2427823200,0.32,379.93,385.06,367.78,220.27,83.49,31.22,37.9,14.17,37.57,38.51
4124,12/14/18,600519,376.19,371.14,377.98,370.18,24554,1461585120,0.2,371.14,377.98,370.18,221.82,83.49,26.32,37.64,11.87,37.76,40.47
4125,12/17/18,600519,370.75,368.7,374.15,363.19,24896,1466942960,0.2,368.7,374.15,363.19,224.29,83.49,27.81,37.22,12.4,39.7,44.1
4126,12/18/18,600519,364.06,369.12,369.72,363.18,19222,1130221280,0.15,369.12,369.72,363.18,217.14,79.29,27.82,36.52,12.81,43.69,45.11
4127,12/19/18,600519,367.18,355.98,369.17,354.21,25716,1501321344,0.2,355.98,369.17,354.21,211.31,68.68,36.79,32.5,17.41,43.35,43.21
4128,12/20/18,600519,354.4,352.68,359.68,347.07,26941,1549600768,0.21,352.68,359.68,347.07,206.63,68.68,43.93,33.24,21.26,41.32,40.62
4129,12/21/18,600519,349.18,345.59,351.63,340.39,30640,1736537280,0.24,345.59,351.63,340.39,178.92,32.57,50.61,18.2,28.29,37.34,37.46
4130,12/24/18,600519,341.68,346.18,349.09,336.18,19110,1080787424,0.15,346.18,349.09,336.18,182.57,32.57,54.82,17.84,30.03,32.91,35.33
4131,12/25/18,600519,340.4,343.97,345.68,331.79,26593,1490157584,0.21,343.97,345.68,331.79,175.46,20.33,59.21,11.59,33.75,32.72,36.21
4132,12/26/18,600519,341.99,338.26,346.58,336.18,17866,1005617680,0.14,338.26,346.58,336.18,166.12,21.23,54.57,12.78,32.85,32.04,37.86
4133,12/27/18,600519,348.18,341.18,350.03,340.4,29494,1670211280,0.23,341.18,350.03,340.4,163.73,24.68,48.91,15.07,29.87,32.49,37.92
4134,12/28/18,600519,341.48,368.19,374.58,338.18,63678,3705150496,0.51,368.19,374.58,338.18,186.81,49.23,38.39,26.35,20.55,30.89,36.1
4135,1/2/19,600519,388.16,377.16,390.18,373.19,62286,3754387984,0.5,377.16,390.18,373.19,199.25,64.83,38.39,32.54,19.27,31.54,34.44
4136,1/3/19,600519,378.15,368.18,379.84,363.98,30977,1838179168,0.25,368.18,379.84,363.98,208.71,62.18,47.6,29.79,22.81,29.51,31.21
4137,1/4/19,600519,365.46,380.18,385.85,360.2,37683,2258501488,0.3,380.18,385.85,360.2,216.48,50.51,47.6,23.33,21.99,21.86,27.29
4138,1/7/19,600519,386.18,383.67,390.18,380.4,34750,2105981456,0.28,383.67,390.18,380.4,216.73,54.84,47.6,25.3,21.96,15.7,23.87
4139,1/8/19,600519,383.68,382.97,390.18,378.46,28838,1750413216,0.23,382.97,390.18,378.46,217.49,54.84,42.55,25.21,19.56,12.32,22.4
4140,1/9/19,600519,388.17,394.3,404.34,387.22,49892,3084214784,0.4,394.3,404.34,387.22,232.32,69.0,42.54,29.7,18.31,14.21,22.55
4141,1/10/19,600519,395.31,396.95,403.06,388.43,29044,1797683136,0.23,396.95,403.06,388.43,231.99,69.0,33.57,29.74,14.47,15.7,23.62
4142,1/11/19,600519,403.18,414.06,415.18,396.93,38884,2445929488,0.31,414.06,415.18,396.93,237.63,81.12,26.43,34.14,11.12,21.96,25.74
4143,1/14/19,600519,411.18,402.78,414.07,399.73,25649,1606308128,0.2,402.78,414.07,399.73,239.68,81.12,19.75,33.85,8.24,31.61,26.73
4144,1/15/19,600519,406.04,438.16,439.68,403.18,55765,3613919072,0.44,438.16,439.68,403.18,263.67,106.73,15.54,40.48,5.89,42.86,29.28
4145,1/16/19,600519,436.18,439.28,443.83,431.78,42084,2775103936,0.34,439.28,443.83,431.78,261.33,110.88,11.15,42.43,4.27,54.38,33.35
4146,1/17/19,600519,441.18,437.43,447.88,433.98,30285,2004454112,0.24,437.43,447.88,433.98,264.83,114.03,11.15,43.06,4.21,64.12,39.17
4147,1/18/19,600519,443.18,461.79,468.38,439.68,68609,4647515904,0.55,461.79,468.38,439.68,284.01,131.08,11.15,46.15,3.93,72.42,44.06
4148,1/21/19,600519,468.18,465.16,477.06,460.06,47052,3242615728,0.37,465.16,477.06,460.06,264.61,115.21,11.15,43.54,4.21,77.67,49.81
4149,1/22/19,600519,464.18,449.18,464.18,443.4,42122,2834735024,0.34,449.18,464.18,443.4,264.38,99.61,27.81,37.68,10.52,76.92,54.26
4150,1/23/19,600519,445.4,443.84,452.68,441.31,33625,2247371216,0.27,443.84,452.68,441.31,259.89,99.61,20.69,38.33,7.96,75.42,59.14
4151,1/24/19,600519,448.48,450.68,456.01,442.86,29155,1960227056,0.23,450.68,456.01,442.86,247.39,96.93,20.69,39.18,8.36,72.6,63.49
4152,1/25/19,600519,454.06,457.88,463.08,448.11,28986,1966232096,0.23,457.88,463.08,448.11,252.36,99.67,20.69,39.5,8.2,69.84,66.98
4153,1/28/19,600519,462.18,455.18,472.16,454.21,36103,2476277968,0.29,455.18,472.16,454.21,258.59,108.75,18.75,42.05,7.25,67.56,69.99
4154,1/29/19,600519,455.68,463.18,466.18,446.18,30343,2069407520,0.24,463.18,466.18,446.18,257.22,94.59,26.78,36.77,10.41,63.14,70.4
4155,1/30/19,600519,463.17,454.18,464.4,454.18,22700,1545353568,0.18,454.18,464.4,454.18,252.81,94.59,26.78,37.42,10.59,63.06,69.99
4156,1/31/19,600519,458.18,467.78,467.78,455.74,36697,2515374976,0.29,467.78,467.78,455.74,248.16,85.85,26.78,34.59,10.79,60.87,68.15
4157,2/1/19,600519,475.22,470.85,477.18,467.79,30521,2121326144,0.24,470.85,477.18,467.79,243.22,95.25,26.78,39.16,11.01,59.42,66.01
4158,2/11/19,600519,473.18,503.48,507.68,466.36,58141,4143849808,0.46,503.48,507.68,466.36,247.64,100.14,26.78,40.44,10.81,58.11,63.98
4159,2/12/19,600519,501.18,496.1,503.67,493.38,35091,2521840128,0.28,496.1,503.67,493.38,245.88,95.99,26.78,39.04,10.89,55.75,61.65
4160,2/13/19,600519,501.18,513.43,514.34,495.4,35677,2589623536,0.28,513.43,514.34,495.4,250.92,102.61,26.78,40.89,10.67,56.2,59.67
4161,2/14/19,600519,509.38,515.34,521.84,508.32,32258,2375987072,0.26,515.34,521.84,508.32,233.49,89.61,26.78,38.38,11.47,55.89,59.47
4162,2/15/19,600519,513.06,502.96,513.06,501.2,23238,1691515520,0.18,502.96,513.06,501.2,230.63,80.93,33.9,35.09,14.7,53.97,57.42
4163,2/18/19,600519,509.18,518.18,523.13,509.18,37746,2787522992,0.3,518.18,523.13,509.18,229.04,91.0,17.24,39.73,7.53,55.98,57.7
4164,2/19/19,600519,519.14,508.94,520.68,504.84,29502,2164408784,0.23,508.94,520.68,504.84,233.51,91.0,19.49,38.97,8.35,57.13,57.62
4165,2/20/19,600519,513.18,500.18,513.18,494.24,37882,2742919648,0.3,500.18,513.18,494.24,239.3,87.67,30.09,36.64,12.57,55.88,55.81
4166,2/21/19,600519,498.18,498.43,508.66,495.18,29850,2163554336,0.24,498.43,508.66,495.18,237.81,80.6,30.09,33.89,12.65,53.72,54.96
4167,2/22/19,600519,495.18,504.19,506.67,492.28,25909,1867253936,0.21,504.19,506.67,492.28,234.25,71.52,32.99,30.53,14.08,50.87,53.38
4168,2/25/19,600519,508.93,520.51,522.62,496.17,82623,6034261248,0.66,520.51,522.62,496.17,240.7,87.47,24.96,36.34,10.37,53.31,53.64
4169,2/26/19,600519,525.98,505.53,527.36,504.18,57965,4265279120,0.46,505.53,527.36,504.18,253.66,92.21,24.96,36.35,9.84,51.52,53.75
4170,2/27/19,600519,511.18,518.88,536.2,509.18,65942,4908445184,0.52,518.88,536.2,509.18,270.73,97.67,24.96,36.08,9.22,50.61,53.87
4171,2/28/19,600519,516.08,533.19,541.6,515.13,56986,4289145216,0.45,533.19,541.6,515.13,287.8,93.67,24.96,32.55,8.67,52.12,54.0
4172,3/1/19,600519,539.68,567.48,568.18,539.18,63840,4952509184,0.51,567.48,568.18,539.18,281.47,89.75,24.96,31.89,8.87,53.93,53.82
4173,3/4/19,600519,573.18,560.04,576.51,555.4,84586,6661386496,0.67,560.04,576.51,555.4,292.29,98.08,24.96,33.56,8.54,57.69,54.28
4174,3/5/19,600519,563.18,557.96,567.73,554.06,44831,3501155936,0.36,557.96,567.73,554.06,287.02,87.41,26.3,30.45,9.16,57.38,55.34
4175,3/6/19,600519,553.18,546.18,557.68,544.06,46731,3602140480,0.37,546.18,557.68,544.06,287.4,79.91,36.3,27.8,12.63,54.07,52.79
4176,3/7/19,600519,540.4,526.78,540.4,523.74,60181,4526351872,0.48,526.78,540.4,523.74,295.7,79.91,49.5,27.02,16.74,48.1,49.36
4177,3/8/19,600519,516.08,515.68,525.01,511.83,52275,3868415488,0.42,515.68,525.01,511.83,290.48,69.84,61.41,24.04,21.14,39.52,45.82
4178,3/11/19,600519,518.22,536.72,545.13,518.22,53057,4001728736,0.42,536.72,545.13,518.22,304.09,89.96,57.07,29.58,18.77,33.83,43.88
4179,3/12/19,600519,542.0,523.19,542.01,517.18,52510,3946382128,0.42,523.19,542.01,517.18,309.98,89.96,47.51,29.02,15.33,29.07,43.38
4180,3/13/19,600519,523.68,532.18,538.93,523.68,40561,3058080912,0.32,532.18,538.93,523.68,312.24,89.96,47.51,28.81,15.22,25.26,41.32
4181,3/14/19,600519,535.18,556.18,563.18,532.18,62173,4808607744,0.49,556.18,563.18,532.18,328.85,114.21,44.61,34.73,13.57,26.31,40.19
4182,3/15/19,600519,554.18,555.48,565.68,543.03,52401,4084798336,0.42,555.48,565.68,543.03,325.05,100.76,44.61,31.0,13.72,28.83,38.47
4183,3/18/19,600519,556.98,588.27,592.71,555.18,81319,6499567104,0.65,588.27,592.71,555.18,339.4,123.05,44.61,36.26,13.14,35.56,37.54
4184,3/19/19,600519,581.18,570.79,586.1,570.48,40635,3244967392,0.32,570.79,586.1,570.48,326.52,114.21,44.61,34.98,13.66,39.14,36.48
4185,3/20/19,600519,568.18,570.98,580.48,563.18,31118,2470811136,0.25,570.98,580.48,563.18,317.35,108.81,51.91,34.29,16.36,39.89,34.48
4186,3/21/19,600519,566.18,563.93,570.98,559.68,32573,2558222912,0.26,563.93,570.98,559.68,293.66,82.23,55.41,28.0,18.87,37.99,31.63
4187,3/22/19,600519,566.4,572.18,578.16,563.18,30518,2420497824,0.24,572.18,578.16,563.18,287.53,81.08,55.41,28.2,19.27,33.82,30.07
4188,3/25/19,600519,564.18,553.78,566.18,551.48,37270,2903744160,0.3,553.78,566.18,551.48,294.56,81.08,65.77,27.53,22.33,29.12,28.98
4189,3/26/19,600519,558.18,551.18,564.12,542.28,37596,2914112992,0.3,551.18,564.12,542.28,302.5,81.08,64.97,26.8,21.48,23.16,29.36
4190,3/27/19,600519,559.18,566.68,572.06,553.18,42807,3366132240,0.34,566.68,572.06,553.18,300.94,89.02,44.65,29.58,14.84,21.39,30.26
4191,3/28/19,600519,571.61,584.98,592.66,563.86,57567,4615969792,0.46,584.98,592.66,563.86,314.79,109.62,32.74,34.82,10.4,24.49,32.19
4192,3/29/19,600519,613.18,632.17,644.86,608.35,90934,7702154752,0.72,632.17,644.86,608.35,345.22,141.7,32.74,41.05,9.48,31.65,34.82
4193,4/1/19,600519,638.18,637.18,647.13,629.18,60935,5228521984,0.49,637.18,647.13,629.18,338.34,143.97,31.7,42.55,9.37,39.17,36.5
4194,4/2/19,600519,638.17,628.18,638.17,614.24,53227,4496538880,0.42,628.18,638.17,614.24,346.53,143.97,46.64,41.55,13.46,45.94,37.53
4195,4/3/19,600519,618.3,622.68,629.92,612.39,43057,3629854320,0.34,622.68,629.92,612.39,333.06,119.72,48.49,35.95,14.56,51.16,37.16
4196,4/4/19,600519,618.18,643.18,643.98,614.38,55772,4763897856,0.44,643.18,643.98,614.38,340.01,131.28,48.49,38.61,14.26,53.31,37.35
4197,4/8/19,600519,678.18,678.38,686.18,668.3,66252,5944780544,0.53,678.38,686.18,668.3,345.48,146.45,48.49,42.39,14.04,52.68,38.59
4198,4/9/19,600519,681.18,683.18,686.38,670.69,47990,4308645632,0.38,683.18,686.38,670.69,343.38,146.65,48.49,42.71,14.12,50.65,41.15
4199,4/10/19,600519,681.18,726.17,730.08,678.18,67814,6331858688,0.54,726.17,730.08,678.18,377.98,190.35,41.19,50.36,10.9,50.74,44.96
4200,4/11/19,600519,726.18,703.38,728.18,683.73,61103,5643817472,0.49,703.38,728.18,683.73,411.13,190.35,37.69,46.3,9.17,53.39,49.67
4201,4/12/19,600519,687.18,692.18,698.17,678.19,48612,4419350016,0.39,692.18,698.17,678.19,421.34,183.17,43.23,43.47,10.26,56.63,53.9
4202,4/15/19,600519,709.18,685.18,717.18,685.18,45523,4205548304,0.36,685.18,717.18,685.18,432.64,202.18,31.53,46.73,7.29,61.12,57.22
4203,4/16/19,600519,683.08,718.08,718.08,679.4,46423,4297385216,0.37,718.08,718.08,679.4,449.48,202.18,28.11,44.98,6.25,65.35,59.01
4204,4/17/19,600519,716.18,730.18,733.69,703.18,40761,3848216560,0.32,730.18,733.69,703.18,459.11,209.85,28.11,45.71,6.12,69.69,60.17
4205,4/18/19,600519,723.59,723.68,732.86,714.4,19599,1853076080,0.16,723.68,732.86,714.4,448.77,189.25,28.11,42.17,6.26,71.31,61.03
4206,4/19/19,600519,722.14,730.74,739.13,709.49,32380,3064971040,0.26,730.74,739.13,709.49,418.53,143.32,28.11,34.24,6.72,71.36,62.37
4207,4/22/19,600519,737.68,727.38,757.07,718.79,40628,3897168688,0.32,727.38,757.07,718.79,438.86,158.99,28.11,36.23,6.41,72.71,64.67
4208,4/23/19,600519,729.18,753.13,759.4,727.38,48852,4725480192,0.39,753.13,759.4,727.38,446.95,161.32,13.17,36.09,2.95,74.69,67.91
4209,4/24/19,600519,758.06,748.18,768.18,729.4,45227,4383873024,0.36,748.18,768.18,729.4,468.2,170.1,11.32,36.33,2.42,76.68,71.01
4210,4/25/19,600519,746.97,730.55,752.17,729.4,39801,3822767520,0.32,730.55,752.17,729.4,461.37,156.04,11.32,33.82,2.45,78.36,74.03
4211,4/26/19,600519,724.48,723.18,738.06,723.18,43278,4119727296,0.34,723.18,738.06,723.18,433.25,113.84,17.54,26.28,4.05,78.23,74.77
4212,4/29/19,600519,723.18,750.15,767.18,713.18,52572,5086408448,0.42,750.15,767.18,713.18,471.56,142.76,17.54,30.27,3.72,80.04,75.7
4213,4/30/19,600519,746.18,752.18,763.14,741.29,35943,3503937520,0.29,752.18,763.14,741.29,441.51,99.06,17.54,22.44,3.97,80.04,76.37
4214,5/6/19,600519,703.68,684.18,713.18,671.18,135100,12299395840,1.08,684.18,713.18,671.18,478.06,99.06,87.65,20.72,18.33,66.91,70.8
4215,5/7/19,600519,671.46,668.18,692.12,648.4,100837,9045117696,0.8,668.18,692.12,648.4,496.59,99.06,104.89,19.95,21.12,52.8,64.74
4216,5/8/19,600519,638.18,662.58,679.98,638.18,81883,7217709568,0.65,662.58,679.98,638.18,506.39,80.05,115.11,15.81,22.73,41.38,59.87
4217,5/9/19,600519,653.18,636.99,658.05,620.68,91545,7863312128,0.73,636.99,658.05,620.68,509.61,80.05,126.83,15.71,24.89,32.93,55.58
4218,5/10/19,600519,653.84,685.3,688.96,646.37,79907,7121198848,0.64,685.3,688.96,646.37,531.07,95.35,126.83,17.95,23.88,22.27,51.16
4219,5/13/19,600519,677.04,670.18,689.16,662.18,46637,4179329440,0.37,670.18,689.16,662.18,539.59,95.55,126.83,17.71,23.5,12.96,46.5
4220,5/14/19,600519,663.18,664.75,684.18,651.18,59983,5349455616,0.48,664.75,684.18,651.18,542.95,89.28,137.83,16.44,25.39,15.51,41.21
4221,5/15/19,600519,668.42,705.18,711.18,668.42,63124,5778791936,0.5,705.18,711.18,668.42,551.1,98.34,137.83,17.84,25.01,17.82,35.31
4222,5/16/19,600519,697.18,708.09,710.18,683.18,44540,4108281952,0.35,708.09,710.18,683.18,546.08,96.01,137.83,17.58,25.24,17.8,29.59
4223,5/17/19,600519,705.2,684.97,710.48,678.28,49842,4551116800,0.4,684.97,710.48,678.28,539.5,87.23,142.73,16.17,26.46,18.06,25.49
4224,5/20/19,600519,678.18,663.14,678.18,649.18,44408,3931645936,0.35,663.14,678.18,649.18,552.52,87.23,171.83,15.79,31.1,21.14,21.71
4225,5/21/19,600519,663.18,673.18,688.18,650.2,42386,3791406208,0.34,673.18,688.18,650.2,575.62,97.23,165.61,16.89,28.77,23.13,18.05
4226,5/22/19,600519,673.16,666.18,682.18,658.18,32042,2853872832,0.26,666.18,682.18,658.18,545.62,68.11,165.61,12.48,30.35,26.52,21.01
4227,5/23/19,600519,659.18,639.18,662.16,634.4,58059,5062812416,0.46,639.18,662.16,634.4,555.55,68.11,189.39,12.26,34.09,31.58,24.7
4228,5/24/19,600519,643.18,656.68,663.18,642.62,44034,3858962208,0.35,656.68,663.18,642.62,498.55,69.13,119.28,13.87,23.93,33.04,25.42
4229,5/27/19,600519,657.28,657.18,661.17,638.23,39162,3417213664,0.31,657.18,661.17,638.23,477.77,69.13,100.89,14.47,21.12,32.13,25.09
4230,5/28/19,600519,656.17,666.18,685.67,653.2,74773,6670856192,0.6,666.18,685.67,653.2,468.44,93.63,90.67,19.99,19.36,26.96,24.05
4231,5/29/19,600519,666.19,690.09,703.13,666.19,65647,5963755520,0.52,690.09,703.13,666.19,463.49,111.09,73.17,23.97,15.79,26.05,24.59
4232,5/30/19,600519,688.18,683.48,698.17,669.4,40247,3634187680,0.32,683.48,698.17,669.4,440.29,80.18,73.17,18.21,16.62,19.86,23.19
4233,5/31/19,600519,678.71,668.18,685.17,668.18,35794,3211384928,0.28,668.18,685.17,668.18,430.3,79.98,74.39,18.59,17.29,12.61,22.1
4234,6/3/19,600519,670.18,670.18,679.53,664.46,34479,3076922336,0.27,670.18,679.53,664.46,412.37,79.98,67.11,19.4,16.27,9.63,21.34
4235,6/4/19,600519,673.18,653.48,673.61,649.18,39689,3481384256,0.32,653.48,673.61,649.18,390.37,52.98,82.39,13.57,21.11,10.14,21.14
4236,6/5/19,600519,662.18,649.78,664.44,648.18,34067,2988114672,0.27,649.78,664.44,648.18,379.63,52.98,83.39,13.96,21.97,13.59,20.27
4237,6/6/19,600519,653.8,640.31,653.95,636.18,34787,3009567792,0.28,640.31,653.95,636.18,365.2,52.98,90.49,14.51,24.78,14.52,20.28
4238,6/10/19,600519,636.16,649.26,657.13,618.18,55502,4790052608,0.44,649.26,657.13,618.18,368.36,52.98,79.39,14.38,21.55,17.08,18.47
4239,6/11/19,600519,654.18,689.07,693.79,653.18,80106,7209086976,0.64,689.07,693.79,653.18,374.91,79.64,79.39,21.24,21.18,16.5,14.56
4240,6/12/19,600519,684.4,684.88,689.17,672.18,37747,3420899280,0.3,684.88,689.17,672.18,367.9,79.64,79.39,21.65,21.58,15.07,12.35
4241,6/13/19,600519,688.18,688.18,690.48,675.18,32917,2984741680,0.26,688.18,690.48,675.18,351.42,80.95,55.61,23.04,15.82,14.54,12.34
4242,6/14/19,600519,689.18,691.18,710.48,688.2,42455,3905679104,0.34,691.18,710.48,688.2,349.72,99.93,55.61,28.57,15.9,15.58,14.58
4243,6/17/19,600519,685.18,689.78,705.12,684.2,32769,3001512192,0.26,689.78,705.12,684.2,347.7,99.93,55.22,28.74,15.88,16.02,15.27
4244,6/18/19,600519,695.18,695.18,698.18,680.78,29441,2687679920,0.23,695.18,698.18,680.78,332.63,75.43,58.64,22.68,17.63,14.78,15.93
4245,6/19/19,600519,718.18,710.19,724.88,710.19,53726,5051192576,0.43,710.19,724.88,710.19,325.38,84.67,58.64,26.02,18.02,17.79,17.15
4246,6/20/19,600519,710.68,753.18,753.68,710.38,67272,6468666112,0.54,753.18,753.68,710.38,340.1,113.47,58.64,33.36,17.24,23.07,19.07
4247,6/21/19,600519,748.15,754.48,762.67,742.68,45927,4482726912,0.37,754.48,762.67,742.68,343.1,122.46,57.42,35.69,16.74,26.0,20.27
4248,6/24/19,600519,756.48,765.28,777.87,753.18,45779,4532527104,0.36,765.28,777.87,753.18,352.72,137.66,53.7,39.03,15.22,28.57,22.07
4249,6/25/19,600519,770.18,761.16,777.18,745.18,51296,5035624448,0.41,761.16,777.18,745.18,360.29,137.66,46.42,38.21,12.88,32.02,24.02
4250,6/26/19,600519,763.18,758.04,763.18,749.4,29588,2896585584,0.24,758.04,763.18,749.4,357.81,137.66,45.42,38.47,12.69,38.33,26.56
4251,6/27/19,600519,763.18,774.53,779.18,759.3,47978,4772724224,0.38,774.53,779.18,759.3,361.18,153.66,33.42,42.54,9.25,46.02,31.9
4252,6/28/19,600519,778.71,776.72,781.6,764.05,31088,3050739280,0.25,776.72,781.6,764.05,339.78,156.08,15.42,45.94,4.54,54.38,38.72
4253,7/1/19,600519,797.24,824.58,828.32,792.94,52337,5325575936,0.42,824.58,828.32,792.94,346.85,166.14,15.42,47.9,4.45,62.19,44.09
4254,7/2/19,600519,817.72,817.72,822.22,808.72,39061,3989722048,0.31,817.72,822.22,808.72,345.72,166.14,15.42,48.06,4.46,68.71,48.64
4255,7/3/19,600519,812.72,780.62,815.72,774.22,67139,6717755648,0.53,780.62,815.72,774.22,373.92,164.83,49.92,44.08,13.35,69.37,50.7
4256,7/4/19,600519,778.52,773.92,783.52,763.94,46217,4531685888,0.37,773.92,783.52,763.94,371.2,144.83,60.2,39.02,16.22,67.85,53.09
4257,7/5/19,600519,778.72,792.54,798.72,769.02,50033,4968920576,0.4,792.54,798.72,769.02,379.98,160.03,56.2,42.12,14.79,65.14,55.58
4258,7/8/19,600519,787.77,777.58,790.62,767.72,33614,3313713088,0.27,777.58,790.62,767.72,387.4,160.03,54.08,41.31,13.96,59.72,57.05
4259,7/9/19,600519,772.02,768.78,781.72,761.07,31723,3103986400,0.25,768.78,781.72,761.07,378.35,133.33,60.73,35.24,16.05,52.12,57.15
4260,7/10/19,600519,773.65,775.24,783.3,769.72,28167,2774054720,0.22,775.24,783.3,769.72,349.38,106.11,60.73,30.37,17.38,42.82,55.76
4261,7/11/19,600519,782.68,774.22,791.1,768.72,30514,3011117072,0.24,774.22,791.1,768.72,351.77,104.92,60.73,29.83,17.26,38.34,53.86
4262,7/12/19,600519,774.02,778.81,784.22,772.73,28174,2778937968,0.22,778.81,784.22,772.73,338.57,89.72,60.73,26.5,17.94,34.68,51.26
4263,7/15/19,600519,760.52,768.65,772.82,743.85,59870,5785726720,0.48,768.65,772.82,743.85,341.53,89.72,81.61,26.27,23.9,27.46,46.3
4264,7/16/19,600519,768.17,760.72,775.02,757.72,33245,3226755648,0.26,760.72,775.02,757.72,345.05,91.92,81.61,26.64,23.65,20.21,39.96
4265,7/17/19,600519,760.72,756.22,765.71,754.85,25469,2459954480,0.2,756.22,765.71,754.85,334.77,75.92,84.48,22.68,25.24,14.86,33.49
4266,7/18/19,600519,754.22,740.22,755.72,739.9,39253,3748507472,0.31,740.22,755.72,739.9,333.54,73.5,99.43,22.04,29.81,12.83,27.82
4267,7/19/19,600519,747.72,748.59,753.52,740.72,28015,2679887456,0.22,748.59,753.52,740.72,295.24,26.78,99.43,9.07,33.68,17.97,28.16
4268,7/22/19,600519,752.72,749.74,756.72,742.97,28125,2695084032,0.22,749.74,756.72,742.97,293.13,29.98,99.43,10.23,33.92,23.71,29.19
4269,7/23/19,600519,755.02,746.7,755.31,736.58,32484,3087319264,0.26,746.7,755.31,736.58,268.36,29.98,71.32,11.17,26.58,29.72,28.59
4270,7/24/19,600519,751.03,739.08,752.62,737.41,46771,4450509824,0.37,739.08,752.62,737.41,263.99,29.98,61.04,11.36,23.12,34.42,27.31
4271,7/25/19,600519,738.69,755.72,756.08,730.87,38256,3633246144,0.3,755.72,756.08,730.87,259.5,14.78,67.58,5.7,26.04,44.21,29.54
4272,7/26/19,600519,754.69,757.75,763.72,751.27,26468,2556208816,0.21,757.75,763.72,751.27,247.13,22.42,66.28,9.07,26.82,49.95,31.39
4273,7/29/19,600519,754.75,769.13,772.22,752.73,26981,2626793552,0.21,769.13,772.22,752.73,245.97,30.92,59.63,12.57,24.24,45.64,31.81
4274,7/30/19,600519,769.22,771.65,775.72,763.72,19538,1911965184,0.16,771.65,775.72,763.72,243.45,32.84,59.63,13.49,24.49,41.53,32.62
4275,7/31/19,600519,767.72,765.32,774.49,759.31,22526,2191909984,0.18,765.32,774.49,759.31,236.25,25.04,64.04,10.6,27.11,42.02,35.87
4276,8/1/19,600519,769.23,752.02,769.72,745.74,35090,3385045856,0.28,752.02,769.72,745.74,248.74,25.04,77.61,10.07,31.2,44.87,39.64
4277,8/2/19,600519,736.72,747.17,750.7,735.72,39719,3772328944,0.32,747.17,750.7,735.72,230.08,25.04,58.75,10.88,25.53,40.89,42.55
4278,8/5/19,600519,737.72,735.15,746.72,732.72,36774,3473341312,0.29,735.15,746.72,732.72,227.23,22.84,61.75,10.05,27.18,40.32,45.14
4279,8/6/19,600519,723.72,739.02,740.72,716.52,43991,4121445008,0.35,739.02,740.72,716.52,240.57,22.84,75.08,9.49,31.21,43.92,44.78
4280,8/7/19,600519,742.22,737.72,748.25,737.72,26870,2553463424,0.21,737.72,748.25,737.72,234.78,30.37,60.13,12.94,25.61,44.58,43.05
4281,8/8/19,600519,746.22,764.4,766.72,744.72,38808,3755086992,0.31,764.4,766.72,744.72,250.48,48.84,60.13,19.5,24.01,39.01,40.51
4282,8/9/19,600519,771.22,754.75,773.67,751.71,28462,2760764352,0.23,754.75,773.67,751.71,258.69,52.59,60.13,20.33,23.24,31.59,38.23
4283,8/12/19,600519,803.03,811.35,812.82,787.73,81499,8208540672,0.65,811.35,812.82,787.73,298.03,91.74,53.74,30.78,18.03,29.23,35.06
4284,8/13/19,600519,808.88,810.67,818.72,803.4,30330,3088013760,0.24,810.67,818.72,803.4,298.14,97.64,53.74,32.75,18.03,26.4,33.36
4285,8/14/19,600519,822.74,836.05,844.62,822.74,41411,4327071232,0.33,836.05,844.62,822.74,306.88,123.54,47.2,40.26,15.38,24.96,34.44
4286,8/15/19,600519,820.72,837.62,839.2,820.72,27237,2821331120,0.22,837.62,839.2,820.72,312.91,115.9,49.22,37.04,15.73,26.21,35.39
4287,8/16/19,600519,842.56,847.32,868.3,833.72,36087,3822488368,0.29,847.32,868.3,833.72,328.0,136.5,49.22,41.62,15.01,32.32,35.66
4288,8/19/19,600519,853.72,848.6,862.7,841.77,32868,3471558016,0.26,848.6,862.7,841.77,336.93,133.0,49.22,39.47,14.61,38.86,35.23
4289,8/20/19,600519,847.72,862.72,866.4,842.72,28602,3038219264,0.23,862.72,866.4,842.72,345.43,136.7,44.81,39.57,12.97,42.95,36.09
4290,8/21/19,600519,862.82,858.72,869.69,854.38,25067,2678841888,0.2,858.72,869.69,854.38,336.76,139.99,31.24,41.57,9.28,48.7,37.55
4291,8/22/19,600519,865.71,896.72,896.72,862.72,37591,4099045120,0.3,896.72,896.72,862.72,358.46,167.02,21.22,46.59,5.92,54.16,39.56
4292,8/23/19,600519,897.72,922.82,926.28,888.34,40192,4495782912,0.32,922.82,926.28,888.34,381.95,196.58,18.22,51.47,4.77,61.27,43.74
4293,8/26/19,600519,905.72,895.67,920.72,889.4,48498,5382792448,0.39,895.67,920.72,889.4,391.17,196.58,2.02,50.25,0.52,69.76,51.04
4294,8/27/19,600519,909.72,901.72,924.03,901.72,52164,5830617856,0.42,901.72,924.03,901.72,409.0,192.36,2.02,47.03,0.49,78.42,58.64
4295,8/28/19,600519,901.72,892.83,915.91,875.73,47010,5169778944,0.37,892.83,915.91,875.73,420.18,173.89,28.01,41.38,6.67,82.02,62.49
4296,8/29/19,600519,897.72,905.82,910.9,885.22,29330,3247704304,0.23,905.82,910.9,885.22,423.9,166.94,28.01,39.38,6.61,83.32,66.01
4297,8/30/19,600519,917.72,934.72,938.72,915.72,44891,5093877248,0.36,934.72,938.72,915.72,398.73,155.61,28.01,39.03,7.02,81.99,68.07
4298,9/2/19,600519,932.71,931.48,937.7,921.72,28234,3210850608,0.22,931.48,937.7,921.72,399.39,149.71,28.01,37.48,7.01,79.56,70.41
4299,9/3/19,600519,932.72,932.72,943.74,921.28,29485,3358578416,0.23,932.72,943.74,921.28,387.9,129.85,28.01,33.48,7.22,73.99,71.87
4300,9/4/19,600519,933.52,917.73,935.63,912.83,33600,3785904736,0.27,917.73,935.63,912.83,392.22,129.85,34.44,33.11,8.78,67.35,72.88
4301,9/5/19,600519,921.72,936.72,937.62,920.72,32931,3746608080,0.26,936.72,937.62,920.72,377.53,102.74,34.44,27.21,9.12,63.6,72.81
4302,9/6/19,600519,937.22,935.21,938.87,923.72,26177,2978155824,0.21,935.21,938.87,923.72,371.75,103.99,34.44,27.97,9.26,60.1,71.71
4303,9/9/19,600519,937.72,929.24,940.72,927.72,29379,3346080768,0.23,929.24,940.72,927.72,361.07,102.14,34.44,28.29,9.54,56.78,69.38
4304,9/10/19,600519,927.02,916.57,927.72,912.73,26227,2952753648,0.21,916.57,927.72,912.73,362.27,98.85,49.43,27.29,13.64,50.92,65.24
4305,9/11/19,600519,911.94,862.24,912.69,860.72,81717,8904690688,0.65,862.24,912.69,860.72,380.12,71.82,101.44,18.89,26.69,43.02,58.5
4306,9/12/19,600519,858.72,891.72,902.7,858.72,41211,4498210304,0.33,891.72,902.7,858.72,386.16,42.26,103.44,10.94,26.79,40.34,53.84
4307,9/16/19,600519,875.72,891.72,896.67,875.72,31372,3432292112,0.25,891.72,896.67,875.72,373.69,42.26,103.44,11.31,27.68,39.04,51.32
4308,9/17/19,600519,886.72,886.73,899.38,879.72,25197,2767385776,0.2,886.73,899.38,879.72,364.99,41.66,103.44,11.41,28.34,37.76,48.93
4309,9/18/19,600519,901.22,941.62,942.72,900.9,69314,7899560192,0.55,941.62,942.72,900.9,380.8,85.0,77.45,22.32,20.34,30.27,43.52
4310,9/19/19,600519,940.72,937.72,942.72,929.82,24480,2800064432,0.19,937.72,942.72,929.82,368.02,85.0,77.45,23.1,21.05,25.49,38.21
4311,9/20/19,600519,943.72,950.14,952.72,940.31,37627,4346138368,0.3,950.14,952.72,940.31,350.12,67.18,77.45,19.19,22.12,23.83,33.42
4312,9/23/19,600519,949.72,941.72,949.72,923.72,30026,3431058976,0.24,941.72,949.72,923.72,360.56,67.18,94.04,18.63,26.08,19.6,29.97
4313,9/24/19,600519,947.72,976.72,977.62,944.72,36269,4259834000,0.29,976.72,977.62,944.72,374.0,89.04,94.04,23.81,25.14,13.06,26.05
4314,9/25/19,600519,972.72,966.72,981.59,963.22,24025,2832308416,0.19,966.72,981.59,963.22,369.57,93.01,85.59,25.17,23.16,6.66,22.21
4315,9/26/19,600519,967.66,959.72,976.07,951.53,26082,3050478320,0.21,959.72,976.07,951.53,374.22,91.02,97.28,24.32,26.0,6.44,18.35
4316,9/27/19,600519,956.72,967.47,975.72,945.72,22827,2671754320,0.18,967.47,975.72,945.72,389.07,89.77,103.09,23.07,26.5,6.81,16.15
4317,9/30/19,600519,955.72,942.72,962.15,942.72,30825,3565988672,0.25,942.72,962.15,942.72,400.82,87.92,106.09,21.94,26.47,7.19,15.51
4318,10/8/19,600519,945.72,959.82,972.72,944.73,31045,3631091488,0.25,959.82,972.72,944.73,414.31,98.49,91.1,23.77,21.99,5.06,12.33
4319,10/9/19,600519,958.92,939.53,958.92,927.77,35789,4105282384,0.28,939.53,958.92,927.77,390.51,98.49,56.05,25.22,14.35,9.19,11.12
4320,10/10/19,600519,919.72,947.72,951.65,901.74,41174,4685560576,0.33,947.72,951.65,901.74,396.44,98.49,80.08,24.84,20.2,10.21,8.43
4321,10/11/19,600519,949.72,967.32,967.72,944.93,28689,3343559808,0.23,967.32,967.72,944.93,398.28,114.56,80.08,28.76,20.11,12.61,9.52
4322,10/14/19,600519,978.72,972.72,980.38,962.72,27188,3209362992,0.22,972.72,980.38,962.72,396.28,124.51,80.08,31.42,20.21,15.08,10.95
4323,10/15/19,600519,972.72,1003.72,1008.4,969.75,40035,4806856448,0.32,1003.72,1008.4,969.75,378.94,109.19,80.08,28.81,21.13,16.08,11.64
4324,10/16/19,600519,960.72,962.72,980.22,952.72,59151,6935972608,0.47,962.72,980.22,952.72,417.04,109.19,97.11,26.18,23.29,16.41,10.73
4325,10/17/19,600519,968.72,976.05,979.38,955.22,30509,3578144112,0.24,976.05,979.38,955.22,426.2,99.19,97.11,23.27,22.79,12.01,10.6
4326,10/18/19,600519,971.72,968.51,982.71,964.41,28292,3335011088,0.23,968.51,982.71,964.41,418.08,102.52,80.52,24.52,19.26,12.29,11.25
4327,10/21/19,600519,964.58,961.22,971.62,956.02,25275,2955023936,0.2,961.22,971.62,956.02,397.78,74.62,88.91,18.76,22.35,10.79,11.7
4328,10/22/19,600519,970.72,963.52,974.22,956.61,19309,2262188256,0.15,963.52,974.22,956.61,397.02,73.25,88.91,18.45,22.39,8.79,11.93
4329,10/23/19,600519,960.72,951.63,970.72,948.83,23080,2684922176,0.18,951.63,970.72,948.83,394.37,73.25,85.0,18.57,21.55,7.46,11.77
4330,10/24/19,600519,957.67,942.99,958.72,939.88,26178,3025245584,0.21,942.99,958.72,939.88,383.21,73.25,88.14,19.11,23.0,8.02,12.21
4331,10/25/19,600519,946.02,964.07,965.22,935.75,25998,3015928992,0.21,964.07,965.22,935.75,387.93,79.75,85.14,20.56,21.95,8.39,10.2
4332,10/28/19,600519,958.73,971.01,973.73,957.72,22486,2644563040,0.18,971.01,973.73,957.72,373.94,77.69,85.14,20.78,22.77,7.15,9.72
4333,10/29/19,600519,973.83,985.72,992.68,970.49,27804,3314271728,0.22,985.72,992.68,970.49,364.08,96.64,68.18,26.54,18.73,8.57,9.68
4334,10/30/19,600519,982.72,976.52,985.42,968.72,21255,2516524160,0.17,976.52,985.42,968.72,331.17,96.64,43.92,29.18,13.26,13.21,11.0
4335,10/31/19,600519,988.72,972.73,990.72,968.87,25909,3068884880,0.21,972.73,990.72,968.87,330.23,85.87,43.92,26.0,13.3,17.36,12.41
4336,11/1/19,600519,973.72,977.72,984.67,965.22,22812,2697638368,0.18,977.72,984.67,965.22,332.02,73.21,47.57,22.05,14.33,19.36,13.69
4337,11/4/19,600519,982.72,992.31,1002.71,981.72,26738,3209264032,0.21,992.31,1002.71,981.72,318.36,63.23,47.57,19.86,14.94,21.17,14.78
4338,11/5/19,600519,992.22,991.72,997.72,984.72,22255,2667596016,0.18,991.72,997.72,984.72,280.36,63.23,30.54,22.55,10.89,26.22,16.68
4339,11/6/19,600519,989.72,985.72,996.72,981.6,19738,2362005424,0.16,985.72,996.72,981.6,271.32,63.23,33.66,23.3,12.41,28.43,18.5
4340,11/7/19,600519,989.23,994.09,994.6,981.72,16168,1933203872,0.13,994.09,994.6,981.72,265.9,59.9,33.66,22.53,12.66,26.85,20.03
4341,11/8/19,600519,997.72,997.72,1008.37,994.23,24512,2964133776,0.2,997.72,1008.37,994.23,264.58,73.67,25.27,27.84,9.55,29.62,23.49
4342,11/11/19,600519,994.22,991.72,998.92,986.23,17342,2082060832,0.14,991.72,998.92,986.23,259.66,71.07,33.27,27.37,12.81,32.12,25.74
4343,11/12/19,600519,996.72,994.32,1002.32,990.93,19151,2303205536,0.15,994.32,1002.32,990.93,249.16,74.47,25.49,29.89,10.23,37.93,29.55
4344,11/13/19,600519,999.72,1016.72,1020.52,992.72,31977,3890666576,0.25,1016.72,1020.52,992.72,258.12,92.67,16.54,35.9,6.41,43.74,34.98
4345,11/14/19,600519,1019.72,1022.72,1032.72,1014.72,23521,2898399696,0.19,1022.72,1032.72,1014.72,246.65,98.37,16.54,39.88,6.71,50.52,39.47
4346,11/15/19,600519,1022.72,1017.62,1025.63,1014.22,16341,2003665312,0.13,1017.62,1025.63,1014.22,242.05,89.86,17.04,37.12,7.04,57.2,42.02
4347,11/18/19,600519,1017.84,1020.0,1022.17,1010.72,18038,2204546128,0.14,1020.0,1022.17,1010.72,231.31,70.91,20.54,30.66,8.88,58.22,43.92
4348,11/19/19,600519,1020.72,1025.04,1034.33,1017.74,20624,2542105920,0.16,1025.04,1034.33,1017.74,230.9,83.07,18.77,35.98,8.13,62.71,47.41
4349,11/20/19,600519,1022.72,1026.47,1032.23,1020.78,15281,1884957280,0.12,1026.47,1032.23,1020.78,220.5,77.77,18.77,35.27,8.51,64.73,51.33
4350,11/21/19,600519,1023.72,1024.02,1028.23,1013.78,19187,2356277760,0.15,1024.02,1028.23,1013.78,215.5,77.77,22.12,36.09,10.26,62.4,53.07
4351,11/22/19,600519,1015.72,986.72,1021.72,977.72,47054,5677646592,0.37,986.72,1021.72,977.72,236.81,59.73,58.18,25.22,24.57,50.75,50.63
4352,11/25/19,600519,980.77,974.78,986.72,964.78,38282,4518778880,0.3,974.78,986.72,964.78,245.75,59.73,71.12,24.31,28.94,40.84,49.02
4353,11/26/19,600519,979.4,977.72,991.32,975.72,40240,4794179840,0.32,977.72,991.32,975.72,247.17,64.33,68.0,26.03,27.51,32.13,45.18
4354,11/27/19,600519,985.52,982.67,989.34,977.23,19849,2363839728,0.16,982.67,989.34,977.23,246.4,64.33,68.0,26.11,27.6,22.07,42.39
4355,11/28/19,600519,987.69,968.52,990.23,961.74,28845,3405325552,0.23,968.52,990.23,961.74,260.61,50.56,83.49,19.4,32.04,15.97,40.35
4356,11/29/19,600519,958.22,921.72,958.22,905.61,82397,9338326528,0.66,921.72,958.22,905.61,310.83,50.56,131.62,16.27,42.34,14.1,38.25
4357,12/2/19,600519,910.92,925.72,932.74,910.92,30784,3479717424,0.25,925.72,932.74,910.92,321.26,47.16,131.62,14.68,40.97,21.76,36.25
4358,12/3/19,600519,925.72,910.72,925.72,910.46,27341,3066695648,0.22,910.72,925.72,910.46,308.72,28.96,132.08,9.38,42.78,30.98,35.91
4359,12/4/19,600519,932.72,915.05,937.38,910.72,35283,3980511008,0.28,915.05,937.38,910.72,317.38,28.42,132.08,8.95,41.62,41.28,36.7
4360,12/5/19,600519,917.72,922.52,924.73,910.72,21339,2402503472,0.17,922.52,924.73,910.72,319.98,28.42,131.58,8.88,41.12,51.57,36.82
4361,12/6/19,600519,928.69,962.72,962.72,922.82,39506,4565643776,0.31,962.72,962.72,922.82,348.73,66.41,128.08,19.04,36.73,52.76,34.37
4362,12/9/19,600519,967.72,951.42,968.72,948.82,21824,2543532528,0.17,951.42,968.72,948.82,352.04,60.25,128.08,17.11,36.38,51.34,32.72
4363,12/10/19,600519,952.32,957.12,957.72,943.72,15087,1749356288,0.12,957.12,957.72,943.72,354.59,60.25,133.18,16.99,37.56,49.75,35.76
4364,12/11/19,600519,960.72,951.7,963.47,948.27,14568,1689987680,0.12,951.7,963.47,948.27,355.34,66.0,126.18,18.57,35.51,44.3,37.64
4365,12/12/19,600519,948.72,929.72,952.66,922.8,29409,3362699680,0.23,929.72,952.66,922.8,338.9,66.0,115.59,19.47,34.11,38.09,39.69
4366,12/13/19,600519,938.72,955.72,957.72,938.72,30001,3473927968,0.24,955.72,957.72,938.72,344.96,71.06,102.65,20.6,29.76,30.37,40.97
4367,12/16/19,600519,955.72,940.64,955.72,930.66,30936,3554133648,0.25,940.64,955.72,930.66,353.48,66.46,110.71,18.8,31.32,29.25,41.0
4368,12/17/19,600519,942.42,962.7,966.32,935.75,42617,4937041920,0.34,962.7,966.32,935.75,371.94,77.06,110.71,20.72,29.77,26.23,38.79
4369,12/18/19,600519,966.72,960.72,967.92,956.72,19640,2295963808,0.16,960.72,967.92,956.72,354.65,78.66,95.22,22.18,26.85,21.54,35.65
4370,12/19/19,600519,955.72,950.12,955.72,944.72,19552,2262598592,0.16,950.12,955.72,944.72,307.74,78.66,51.09,25.56,16.6,19.86,32.08
4371,12/20/19,600519,954.9,939.02,954.9,934.22,23564,2703612352,0.19,939.02,954.9,934.22,306.6,78.66,61.59,25.66,20.09,17.34,27.71
4372,12/23/19,600519,931.72,942.02,955.22,928.72,25919,2981937536,0.21,942.02,955.22,928.72,317.84,78.66,66.63,24.75,20.96,15.69,23.03
4373,12/24/19,600519,945.72,940.72,947.72,937.72,11823,1358536192,0.09,940.72,947.72,937.72,301.18,67.0,66.63,22.25,22.12,11.57,20.41
4374,12/25/19,600519,935.72,926.42,935.72,922.73,24306,2755735168,0.19,926.42,935.72,922.73,305.16,67.0,81.62,21.96,26.75,10.22,18.23
4375,12/26/19,600519,924.72,927.82,934.7,912.71,22877,2585996496,0.18,927.82,934.7,912.71,286.95,29.01,91.64,10.11,31.94,17.29,19.41
4376,12/27/19,600519,942.72,955.72,964.72,942.72,47066,5486452992,0.37,955.72,964.72,942.72,303.95,53.03,91.64,17.45,30.15,18.19,19.03
4377,12/30/19,600519,962.92,978.52,988.22,962.92,40761,4827682048,0.32,978.52,988.22,962.92,322.45,76.53,86.54,23.73,26.84,17.19,17.26
4378,12/31/19,600519,975.72,975.72,980.72,969.23,22589,2666705104,0.18,975.72,980.72,969.23,318.74,70.78,86.54,22.21,27.15,17.48,16.58
4379,1/2/20,600519,920.72,922.72,937.78,908.72,148099,16696837120,1.18,922.72,937.78,908.72,355.88,70.78,121.58,19.89,34.16,21.83,16.7
4380,1/3/20,600519,909.72,871.28,909.72,869.62,130319,14266380544,1.04,871.28,909.72,869.62,380.98,65.72,160.68,17.25,42.18,27.18,18.7
4381,1/6/20,600519,863.58,870.71,885.62,860.02,63415,6853917696,0.5,870.71,885.62,860.02,381.52,65.72,162.22,17.23,42.52,25.59,21.44
4382,1/7/20,600519,870.22,887.25,891.72,869.12,47854,5220697088,0.38,887.25,891.72,869.12,373.55,61.22,162.22,16.39,43.43,28.67,23.43
4383,1/8/20,600519,877.77,880.86,888.22,875.3,25008,2720371920,0.2,880.86,888.22,875.3,375.27,59.62,162.22,15.89,43.23,35.36,26.27
4384,1/9/20,600519,886.72,895.42,898.11,882.72,37406,4110949808,0.3,895.42,898.11,882.72,376.52,69.51,150.22,18.46,39.9,39.81,28.65
4385,1/10/20,600519,901.72,905.22,908.71,895.22,35976,3993457120,0.29,905.22,908.71,895.22,369.33,80.11,139.72,21.69,37.83,39.93,30.88
4386,1/13/20,600519,905.22,916.99,921.92,904.72,38516,4325688064,0.31,916.99,921.92,904.72,360.03,93.32,134.22,25.92,37.28,35.94,31.56
4387,1/14/20,600519,916.92,900.12,917.61,895.72,35145,3916300784,0.28,900.12,917.61,895.72,371.92,93.32,143.22,25.09,38.51,32.4,28.99
4388,1/15/20,600519,901.73,904.85,914.32,897.72,26029,2895603680,0.21,904.85,914.32,897.72,370.53,93.32,128.23,25.19,34.61,27.49,28.08
4389,1/16/20,600519,911.59,899.72,911.59,895.3,23192,2571593136,0.18,899.72,911.59,895.3,364.83,93.32,120.63,25.58,33.06,21.91,28.63
4390,1/17/20,600519,902.72,900.22,905.5,893.73,23473,2599645152,0.19,900.22,905.5,893.73,339.7,63.3,122.2,18.63,35.97,21.08,30.44
4391,1/20/20,600519,904.58,883.72,904.58,874.72,35391,3858246848,0.28,883.72,904.58,874.72,337.06,39.8,141.21,11.81,41.89,25.89,32.91
4392,1/21/20,600519,873.72,868.02,879.72,865.02,32874,3542441312,0.26,868.02,879.72,865.02,344.27,39.8,150.91,11.56,43.83,32.61,34.27
4393,1/22/20,600519,862.72,868.23,876.72,848.1,36200,3875275072,0.29,868.23,876.72,848.1,305.89,39.8,107.32,13.01,35.08,36.74,34.57
4394,1/23/20,600519,868.72,845.52,868.72,829.72,53468,5638945792,0.43,845.52,868.72,829.72,291.79,39.8,86.6,13.64,29.68,40.29,33.89
4395,2/3/20,600519,777.72,796.64,803.4,772.72,123443,12314991872,0.98,796.64,803.4,772.72,338.99,39.8,134.0,11.74,39.53,47.19,34.55
4396,2/4/20,600519,807.72,830.73,849.72,803.73,62624,6490469120,0.5,830.73,849.72,803.73,369.47,80.02,134.0,21.66,36.27,46.1,33.59
4397,2/5/20,600519,842.72,842.71,846.72,825.75,47418,4956355328,0.38,842.71,846.72,825.75,377.52,80.02,134.0,21.2,35.49,40.97,33.43
4398,2/6/20,600519,852.15,863.72,867.72,844.74,47171,5011246336,0.38,863.72,867.72,844.74,385.28,91.13,134.0,23.65,34.78,34.43,33.52
4399,2/7/20,600519,862.73,868.72,869.72,853.74,31279,3348894576,0.25,868.72,869.72,853.74,387.77,82.53,134.0,21.28,34.56,30.75,33.74
4400,2/10/20,600519,854.72,859.21,867.32,849.92,30533,3251908512,0.24,859.21,867.32,849.92,389.37,69.32,137.82,17.8,35.4,30.09,35.19
4401,2/11/20,600519,855.72,890.72,892.4,855.52,47918,5222918912,0.38,890.72,892.4,855.52,404.36,94.4,128.82,23.35,31.86,23.62,35.41
4402,2/12/20,600519,881.72,889.99,891.51,878.6,28125,3072293968,0.22,889.99,891.51,878.6,400.67,94.4,128.82,23.56,32.15,21.99,34.05
4403,2/13/20,600519,890.72,883.72,906.61,880.73,30357,3335277424,0.24,883.72,906.61,880.73,410.26,109.5,126.4,26.69,30.81,18.98,29.98
4404,2/14/20,600519,883.17,880.72,886.23,875.83,23288,2534568400,0.19,880.72,886.23,875.83,408.89,109.5,129.73,26.78,31.73,17.22,25.83
4405,2/17/20,600519,875.22,886.54,888.91,875.12,27028,2946182656,0.22,886.54,888.91,875.12,392.82,112.18,110.72,28.56,28.19,13.36,22.06
4406,2/18/20,600519,882.73,876.72,889.6,875.72,26665,2897729696,0.21,876.72,889.6,875.72,388.0,112.87,101.02,29.09,26.04,8.78,19.43
4407,2/19/20,600519,877.72,889.22,894.22,870.72,37051,4052365600,0.29,889.22,894.22,870.72,382.88,112.87,89.1,29.48,23.27,8.17,15.9
4408,2/20/20,600519,889.42,910.72,916.72,888.13,46803,5220660992,0.37,910.72,916.72,888.13,372.47,135.37,70.72,36.34,18.99,10.83,16.41
4409,2/21/20,600519,904.18,905.6,916.26,902.73,28940,3225337168,0.23,905.6,916.26,902.73,313.2,135.37,13.72,43.22,4.38,23.23,21.11
4410,2/24/20,600519,898.22,879.9,902.72,878.22,38650,4221857472,0.31,879.9,902.72,878.22,287.5,89.05,38.23,30.97,13.3,28.48,22.85
4411,2/25/20,600519,870.72,867.53,874.81,860.6,38386,4127432128,0.31,867.53,874.81,860.6,285.83,89.05,55.85,31.15,19.54,32.19,22.77
4412,2/26/20,600519,854.72,866.42,876.72,847.72,43561,4663278336,0.35,866.42,876.72,847.72,289.82,68.05,68.73,23.48,23.71,31.35,20.06
4413,2/27/20,600519,868.72,880.11,887.71,868.72,34498,3758783808,0.27,880.11,887.71,868.72,295.13,77.04,68.73,26.1,23.29,30.33,19.25
4414,2/28/20,600519,863.02,849.72,874.72,842.69,49947,5307929344,0.4,849.72,874.72,842.69,313.75,77.04,90.94,24.55,28.98,26.48,18.66
4415,3/2/20,600519,842.83,878.73,889.27,842.73,47663,5154329088,0.38,878.73,889.27,842.73,323.41,66.51,90.94,20.57,28.12,15.47,19.35
4416,3/3/20,600519,890.72,905.72,911.6,890.72,50250,5585227776,0.4,905.72,911.6,890.72,343.37,88.84,90.94,25.87,26.48,9.01,18.74
4417,3/4/20,600519,917.72,921.64,931.72,908.96,53793,6080149248,0.43,921.64,931.72,908.96,343.49,93.86,90.94,27.33,26.48,5.46,18.82
4418,3/5/20,600519,929.03,963.72,967.71,923.28,62426,7210484992,0.5,963.72,967.71,923.28,379.16,129.85,86.04,34.25,22.69,8.76,20.05
4419,3/6/20,600519,955.72,948.22,968.72,944.7,30641,3553622352,0.24,948.22,968.72,944.7,389.39,128.18,86.04,32.92,22.1,11.08,20.71
4420,3/9/20,600519,927.72,906.73,927.72,904.03,43404,4865288448,0.35,906.73,927.72,904.03,419.7,127.49,126.71,30.38,30.19,9.76,18.12
4421,3/10/20,600519,905.72,948.72,960.72,905.72,58063,6635936256,0.46,948.72,960.72,905.72,451.2,160.49,121.71,35.57,26.97,9.46,12.47
4422,3/11/20,600519,948.22,951.24,962.3,933.72,35548,4124607952,0.28,951.24,962.3,933.72,451.19,139.57,121.71,30.93,26.98,10.4,9.71
4423,3/12/20,600519,933.94,931.22,945.72,917.82,36631,4172606112,0.29,931.22,945.72,917.82,471.08,139.57,137.61,29.63,29.21,10.26,7.86
4424,3/13/20,600519,882.72,904.75,921.7,872.72,75885,8348496384,0.6,904.75,921.7,872.72,502.2,139.57,158.2,27.79,31.5,7.92,8.34
4425,3/16/20,600519,896.7,859.72,900.67,854.72,51233,5548946688,0.41,859.72,900.67,854.72,532.93,139.57,158.58,26.19,29.76,5.7,8.39
4426,3/17/20,600519,847.72,837.82,870.72,803.84,79359,8277472768,0.63,837.82,870.72,803.84,570.81,139.57,196.58,24.45,34.44,8.48,9.12
4427,3/18/20,600519,832.72,800.71,852.72,800.71,73460,7582762496,0.58,800.71,852.72,800.71,601.53,128.58,199.71,21.38,33.2,9.8,9.63
4428,3/19/20,600519,786.71,788.72,807.72,752.82,102265,10075880448,0.81,788.72,807.72,752.82,619.01,128.58,221.57,20.77,35.79,13.09,11.75
4429,3/20/20,600519,803.72,828.0,835.72,803.72,60139,6169094400,0.48,828.0,835.72,803.72,619.47,142.03,221.57,22.93,35.77,16.62,13.44
4430,3/23/20,600519,792.72,811.72,828.0,784.24,48472,4918121984,0.39,811.72,828.0,784.24,630.36,119.7,241.05,18.99,38.24,21.18,14.55
4431,3/24/20,600519,835.72,848.72,851.6,827.72,46651,4900364032,0.37,848.72,851.6,827.72,644.24,123.18,241.05,19.12,37.42,25.51,15.61
4432,3/25/20,600519,880.7,872.82,884.08,866.92,37049,4015061216,0.29,872.82,884.08,866.92,633.53,119.67,241.05,18.89,38.05,28.29,18.39
4433,3/26/20,600519,866.05,857.64,883.92,854.72,30049,3231754304,0.24,857.64,883.92,854.72,638.71,118.66,253.25,18.58,39.65,30.71,20.26
4434,3/27/20,600519,877.72,868.22,884.72,867.73,36261,3931759360,0.29,868.22,884.72,867.73,621.6,119.46,212.58,19.22,34.2,30.96,22.02
4435,3/30/20,600519,852.97,864.72,869.72,849.72,30687,3279823024,0.24,864.72,869.72,849.72,586.6,86.46,230.59,14.74,39.31,34.89,25.75
4436,3/31/20,600519,874.72,903.72,907.72,874.52,47984,5293170688,0.38,903.72,907.72,874.52,601.02,122.88,230.59,20.45,38.37,34.36,27.77
4437,4/1/20,600519,909.72,895.72,921.72,895.72,33205,3700184240,0.26,895.72,921.72,895.72,593.6,136.88,214.69,23.06,36.17,32.66,29.08
4438,4/2/20,600519,896.72,937.72,937.72,896.6,45206,5095167488,0.36,937.72,937.72,896.6,577.1,152.88,169.59,26.49,29.39,27.91,28.1
4439,4/3/20,600519,931.75,932.51,940.68,924.7,27618,3148421872,0.22,932.51,940.68,924.7,543.05,155.84,151.59,28.7,27.91,22.11,26.41
4440,4/7/20,600519,954.67,952.67,959.22,941.61,43488,5041525504,0.35,952.67,959.22,941.61,502.88,174.38,100.71,34.68,20.03,21.9,26.43
4441,4/8/20,600519,944.72,952.48,959.03,944.72,24224,2809422096,0.19,952.48,959.03,944.72,465.18,174.38,97.58,37.49,20.98,19.03,26.96
4442,4/9/20,600519,958.72,951.22,961.72,940.68,22817,2640230496,0.18,951.22,961.72,940.68,431.32,174.38,53.73,40.43,12.46,22.77,28.57
4443,4/10/20,600519,950.6,957.72,974.22,946.22,27804,3252600672,0.22,957.72,974.22,946.22,412.32,158.88,53.73,38.53,13.03,27.32,29.99
4444,4/13/20,600519,957.72,955.02,962.7,941.22,15981,1854563728,0.13,955.02,962.7,941.22,390.04,158.88,39.25,40.73,10.06,36.52,32.22
4445,4/14/20,600519,968.72,977.82,984.27,958.72,36800,4340858624,0.29,977.82,984.27,958.72,379.41,156.85,39.25,41.34,10.35,46.29,34.2
4446,4/15/20,600519,984.72,982.32,996.71,979.82,29332,3501318256,0.23,982.32,996.71,979.82,362.94,136.81,39.25,37.69,10.81,51.06,36.48
4447,4/16/20,600519,985.69,989.82,989.82,976.82,21728,2588431840,0.17,989.82,989.82,976.82,346.74,136.81,30.05,39.46,8.67,57.02,38.02
4448,4/17/20,600519,1002.72,1018.72,1027.28,997.73,38246,4676618240,0.3,1018.72,1027.28,997.73,357.12,173.47,30.05,48.57,8.41,59.95,41.36
4449,4/20/20,600519,1013.72,1020.02,1024.22,1009.52,24239,2963483328,0.19,1020.02,1024.22,1009.52,351.82,173.47,12.04,49.31,3.42,66.21,46.76
4450,4/21/20,600519,1013.74,992.72,1016.71,985.72,29224,3517018480,0.23,992.72,1016.71,985.72,343.12,135.47,35.84,39.48,10.45,65.84,51.18
4451,4/22/20,600519,998.72,1037.22,1042.22,994.94,44035,5430377728,0.35,1037.22,1042.22,994.94,366.62,146.98,35.84,40.09,9.78,65.97,56.13
4452,4/23/20,600519,1042.72,1044.98,1058.4,1040.49,26899,3377042464,0.21,1044.98,1058.4,1040.49,345.8,147.16,35.84,42.56,10.36,66.88,58.97
4453,4/24/20,600519,1040.72,1043.28,1052.61,1027.9,19122,2390444032,0.15,1043.28,1052.61,1027.9,354.53,144.2,48.43,40.67,13.66,64.5,60.76
4454,4/27/20,600519,1049.72,1068.72,1070.89,1043.68,25904,3284513344,0.21,1068.72,1070.89,1043.68,355.43,143.94,48.43,40.5,13.63,61.03,60.49
4455,4/28/20,600519,1078.03,1071.85,1092.66,1064.6,34662,4458549504,0.28,1071.85,1092.66,1064.6,369.18,165.71,48.43,44.89,13.12,55.65,60.93
4456,4/29/20,600519,1070.52,1067.62,1080.82,1050.72,23444,2976724960,0.19,1067.62,1080.82,1050.72,378.24,165.71,58.27,43.81,15.41,53.95,59.89
4457,4/30/20,600519,1063.72,1058.42,1077.73,1051.6,24661,3134408880,0.2,1058.42,1077.73,1051.6,376.37,153.21,58.27,40.71,15.48,51.3,58.64
4458,5/6/20,600519,1043.72,1092.72,1092.72,1042.72,35835,4598589696,0.29,1092.72,1092.72,1042.72,404.89,168.2,53.27,41.54,13.16,49.81,58.35
4459,5/7/20,600519,1092.12,1104.72,1107.71,1085.72,27935,3647628304,0.22,1104.72,1107.71,1085.72,397.63,161.62,53.27,40.65,13.4,49.93,57.22
4460,5/8/20,600519,1109.72,1107.33,1130.72,1101.23,29079,3839218032,0.23,1107.33,1130.72,1101.23,408.23,172.19,53.27,42.18,13.05,50.45,55.74
4461,5/11/20,600519,1112.72,1115.73,1127.72,1106.39,23671,3135990960,0.19,1115.73,1127.72,1106.39,416.56,172.19,50.27,41.34,12.07,50.45,53.05
4462,5/12/20,600519,1110.72,1125.72,1127.71,1108.72,19722,2621824688,0.16,1125.72,1127.71,1108.72,398.09,134.73,50.27,33.84,12.63,50.07,52.01
4463,5/13/20,600519,1125.72,1128.67,1130.71,1115.6,22014,2931464944,0.18,1128.67,1130.71,1115.6,398.5,137.73,50.27,34.56,12.61,50.34,50.82
4464,5/14/20,600519,1122.72,1119.31,1127.6,1117.83,18575,2467976352,0.15,1119.31,1127.6,1117.83,375.04,137.73,26.47,36.72,7.06,52.98,51.4
4465,5/15/20,600519,1121.72,1105.72,1126.22,1094.6,26398,3469736816,0.21,1105.72,1126.22,1094.6,357.16,112.22,49.7,31.42,13.92,51.02,50.47
4466,5/18/20,600519,1098.72,1138.93,1144.22,1097.85,34362,4587989760,0.27,1138.93,1144.22,1097.85,382.35,114.04,49.7,29.83,13.0,48.77,49.61
4467,5/19/20,600519,1156.72,1138.83,1156.72,1130.72,24787,3342210480,0.2,1138.83,1156.72,1130.72,383.64,126.54,37.11,32.98,9.67,48.75,49.6
4468,5/20/20,600519,1138.83,1143.72,1151.9,1129.53,21183,2859455104,0.17,1143.72,1151.9,1129.53,378.4,108.26,38.3,28.61,10.12,49.09,49.58
4469,5/21/20,600519,1147.72,1158.82,1164.68,1145.58,23052,3147105456,0.18,1158.82,1164.68,1145.58,371.3,99.27,38.3,26.74,10.32,48.73,49.53
4470,5/22/20,600519,1158.72,1120.92,1158.82,1115.6,34427,4608696064,0.27,1120.92,1158.82,1115.6,384.42,99.27,54.4,25.82,14.15,42.3,47.64
4471,5/25/20,600519,1122.72,1155.62,1159.3,1113.72,31561,4260387680,0.25,1155.62,1159.3,1113.72,403.87,99.27,56.28,24.58,13.94,40.47,45.74
4472,5/26/20,600519,1162.6,1150.72,1162.67,1147.72,22470,3056188320,0.18,1150.72,1162.67,1147.72,368.82,87.65,56.28,23.76,15.26,37.56,43.16
4473,5/27/20,600519,1151.72,1130.72,1152.72,1125.72,26777,3596654304,0.21,1130.72,1152.72,1125.72,373.83,72.66,78.28,19.44,20.94,29.07,38.91
4474,5/28/20,600519,1130.69,1136.72,1139.66,1113.85,26486,3536546896,0.21,1136.72,1139.66,1113.85,370.15,49.65,90.15,13.41,24.35,25.94,37.52
4475,5/29/20,600519,1124.82,1159.32,1162.7,1124.82,30444,4144247216,0.24,1159.32,1162.7,1124.82,386.7,72.69,90.15,18.8,23.31,20.34,34.53
4476,6/1/20,600519,1173.72,1212.22,1212.82,1173.72,35480,4986178816,0.28,1212.22,1212.82,1173.72,421.21,122.81,90.15,29.16,21.4,18.03,30.17
4477,6/2/20,600519,1208.73,1203.43,1220.62,1199.38,25960,3679210592,0.21,1203.43,1220.62,1199.38,427.34,127.61,90.15,29.86,21.1,16.29,28.38
4478,6/3/20,600519,1207.72,1192.02,1210.22,1188.49,23557,3308382800,0.19,1192.02,1210.22,1188.49,438.23,127.61,101.04,29.12,23.06,14.6,26.08
4479,6/4/20,600519,1188.72,1200.71,1203.72,1188.72,18037,2534459744,0.14,1200.71,1203.72,1188.72,421.61,127.61,77.81,30.27,18.46,18.02,23.54
4480,6/5/20,600519,1197.97,1217.72,1221.6,1193.8,18347,2597524608,0.15,1217.72,1221.6,1193.8,403.04,127.49,77.81,31.63,19.31,17.22,21.58
4481,6/8/20,600519,1217.72,1198.82,1227.72,1194.73,29300,4145298448,0.23,1198.82,1227.72,1194.73,410.03,121.11,77.81,29.54,18.98,19.06,19.7
4482,6/9/20,600519,1200.72,1209.27,1217.72,1193.4,22612,3199849664,0.18,1209.27,1217.72,1193.4,411.98,121.11,77.95,29.4,18.92,20.12,19.07
4483,6/10/20,600519,1217.72,1216.38,1226.05,1209.72,22701,3234843856,0.18,1216.38,1226.05,1209.72,407.8,116.66,77.95,28.61,19.11,20.57,18.43
4484,6/11/20,600519,1203.73,1193.18,1210.71,1189.71,30712,4314846208,0.24,1193.18,1210.71,1189.71,391.25,116.66,67.98,29.82,17.38,23.02,18.81
4485,6/12/20,600519,1179.89,1209.09,1209.09,1176.03,28427,3992323392,0.23,1209.09,1209.09,1176.03,378.73,116.66,79.78,30.8,21.07,22.11,20.06
4486,6/15/20,600519,1194.72,1175.72,1204.32,1173.72,34615,4819512320,0.28,1175.72,1204.32,1173.72,399.15,113.29,82.09,28.38,20.57,20.74,18.98
4487,6/16/20,600519,1191.22,1196.6,1206.72,1185.85,29207,4099718928,0.23,1196.6,1206.72,1185.85,403.15,115.69,60.09,28.7,14.91,22.39,20.72
4488,6/17/20,600519,1204.58,1197.72,1204.62,1187.74,19453,2730097120,0.15,1197.72,1204.62,1187.74,394.22,115.69,48.22,29.35,12.23,25.63,22.88
4489,6/18/20,600519,1197.62,1205.72,1205.92,1192.82,21010,2956800080,0.17,1205.72,1205.92,1192.82,369.44,93.95,48.22,25.43,13.05,27.68,24.12
4490,6/19/20,600519,1212.72,1232.56,1237.92,1207.82,38958,5603232768,0.31,1232.56,1237.92,1207.82,348.14,75.83,48.22,21.78,13.85,26.99,25.01
4491,6/22/20,600519,1227.82,1231.72,1236.61,1225.92,23247,3343536640,0.19,1231.72,1236.61,1225.92,337.59,68.03,48.22,20.15,14.28,26.7,24.41
4492,6/23/20,600519,1227.72,1267.22,1274.72,1226.24,33934,4963194624,0.27,1267.22,1274.72,1226.24,364.34,106.14,37.33,29.13,10.25,32.04,26.39
4493,6/24/20,600519,1273.35,1269.76,1275.46,1254.75,25139,3663537120,0.2,1269.76,1275.46,1254.75,370.05,106.88,37.33,28.88,10.09,34.8,28.59
4494,6/29/20,600519,1257.75,1272.92,1275.75,1246.76,28081,4064048240,0.22,1272.92,1275.75,1246.76,371.24,89.0,45.32,23.97,12.21,33.36,29.5
4495,6/30/20,600519,1272.87,1272.63,1278.73,1264.87,22446,3281641200,0.18,1272.63,1278.73,1264.87,352.11,85.86,45.32,24.38,12.87,33.15,30.41
4496,7/1/20,600519,1277.75,1304.02,1315.85,1273.77,38682,5759640320,0.31,1304.02,1315.85,1273.77,371.01,122.98,43.99,33.15,11.86,37.33,32.16
4497,7/2/20,600519,1308.75,1353.75,1360.65,1304.75,45884,7014289664,0.37,1353.75,1360.65,1304.75,410.86,159.45,43.99,38.81,10.71,43.95,35.33
4498,7/3/20,600519,1359.75,1351.54,1362.25,1326.63,35126,5395636992,0.28,1351.54,1362.25,1326.63,419.81,161.05,23.98,38.36,5.71,48.3,40.17
4499,7/6/20,600519,1347.75,1409.75,1425.75,1341.56,51822,8228069120,0.41,1409.75,1425.75,1341.56,470.94,224.55,10.3,47.68,2.19,55.47,45.13
4500,7/7/20,600519,1412.84,1497.75,1554.57,1410.75,66664,11219852032,0.53,1497.75,1554.57,1410.75,580.39,353.37,7.99,60.88,1.38,65.98,49.67
4501,7/8/20,600519,1489.75,1491.09,1528.75,1469.75,53170,8963188992,0.42,1491.09,1528.75,1469.75,608.39,350.97,7.99,57.69,1.31,76.75,54.95
4502,7/9/20,600519,1500.75,1515.75,1521.75,1491.75,35033,5951732736,0.28,1515.75,1521.75,1491.75,622.17,350.97,7.99,56.41,1.28,84.79,61.06
4503,7/10/20,600519,1498.75,1523.6,1546.35,1498.69,37100,6352507392,0.3,1523.6,1546.35,1498.69,656.73,374.27,7.99,56.99,1.22,91.3,67.62
4504,7/13/20,600519,1524.43,1591.74,1596.75,1524.43,60727,10679460352,0.48,1591.74,1596.75,1524.43,697.68,392.67,7.99,56.28,1.15,94.96,71.63
4505,7/14/20,600519,1591.74,1571.75,1591.78,1558.15,46094,8135834880,0.37,1571.75,1591.78,1558.15,720.62,392.67,7.99,54.49,1.11,95.75,75.61
4506,7/15/20,600519,1554.63,1562.28,1592.35,1554.46,40713,7176560640,0.32,1562.28,1592.35,1554.46,710.03,354.56,11.68,49.94,1.65,95.43,80.7
4507,7/16/20,600519,1539.66,1423.75,1539.66,1409.75,102242,16901373184,0.81,1423.75,1539.66,1409.75,841.85,353.82,156.39,42.03,18.58,85.95,81.35
4508,7/17/20,600519,1429.75,1457.8,1482.34,1429.75,65902,10863420160,0.52,1457.8,1482.34,1429.75,871.45,353.82,148.4,40.6,17.03,76.84,80.82
4509,7/20/20,600519,1462.25,1446.71,1473.74,1398.63,45280,7363823104,0.36,1446.71,1473.74,1398.63,932.7,350.84,179.52,37.62,19.25,66.26,78.78
4510,7/21/20,600519,1456.39,1477.75,1512.55,1440.74,41970,7026353152,0.33,1477.75,1512.55,1440.74,961.29,352.53,179.52,36.67,18.67,55.68,75.32
4511,7/22/20,600519,1467.75,1487.83,1519.75,1467.75,39201,6637265408,0.31,1487.83,1519.75,1467.75,956.66,314.93,179.52,32.92,18.77,44.24,70.0
4512,7/23/20,600519,1481.75,1485.75,1500.75,1459.75,34321,5739050240,0.27,1485.75,1500.75,1459.75,962.04,313.33,187.52,32.57,19.49,32.82,64.12
4513,7/24/20,600519,1464.6,1405.05,1475.75,1394.75,78752,12705942016,0.63,1405.05,1475.75,1394.75,968.85,249.83,252.52,25.79,26.06,26.46,56.21
4514,7/27/20,600519,1425.76,1432.3,1439.55,1409.75,38788,6279664384,0.31,1432.3,1439.55,1409.75,858.53,121.01,252.52,14.1,29.41,25.51,51.18
4515,7/28/20,600519,1439.75,1479.75,1489.75,1439.75,54912,9133721856,0.44,1479.75,1489.75,1439.75,856.98,171.21,252.52,19.98,29.47,23.33,44.79
4516,7/29/20,600519,1499.75,1481.75,1499.75,1442.75,50748,8411790080,0.4,1481.75,1499.75,1442.75,883.32,181.21,252.52,20.51,28.59,20.65,38.16
4517,7/30/20,600519,1480.95,1489.75,1510.34,1480.25,38373,6486855424,0.31,1489.75,1510.34,1480.25,865.75,167.2,252.52,19.31,29.17,19.47,31.85
4518,7/31/20,600519,1494.75,1487.93,1514.75,1455.75,40685,6846747392,0.32,1487.93,1514.75,1455.75,851.6,116.8,277.02,13.72,32.53,22.06,27.44
4519,8/3/20,600519,1496.63,1477.75,1506.33,1469.75,34661,5790041344,0.28,1477.75,1506.33,1469.75,854.55,116.8,277.02,13.67,32.42,28.76,27.61
4520,8/4/20,600519,1484.75,1479.74,1492.74,1469.75,31941,5337185792,0.25,1479.74,1492.74,1469.75,839.65,116.8,273.33,13.91,32.55,29.57,27.54
4521,8/5/20,600519,1471.84,1477.75,1482.84,1453.06,25522,4236612464,0.2,1477.75,1482.84,1453.06,716.9,116.8,145.31,16.29,20.27,28.19,25.76
4522,8/6/20,600519,1479.75,1447.71,1483.78,1439.75,32649,5372942592,0.26,1447.71,1483.78,1439.75,702.34,116.8,158.62,16.63,22.58,27.98,24.31
4523,8/7/20,600519,1454.52,1440.75,1459.42,1408.25,34242,5560065792,0.27,1440.75,1459.42,1408.25,678.4,116.8,159.0,17.22,23.44,27.14,23.31
4524,8/10/20,600519,1437.72,1443.74,1454.71,1417.86,23624,3857721120,0.19,1443.74,1454.71,1417.86,643.44,77.99,159.0,12.12,24.71,26.06,24.06
4525,8/11/20,600519,1449.75,1452.26,1476.18,1449.75,35818,5936904960,0.29,1452.26,1476.18,1449.75,623.88,92.26,159.0,14.79,25.49,23.7,26.23
4526,8/12/20,600519,1442.75,1436.7,1450.75,1415.0,27934,4529267456,0.22,1436.7,1450.75,1415.0,620.14,92.26,185.75,14.88,29.95,22.62,26.1
4527,8/13/20,600519,1439.75,1444.75,1448.63,1418.75,20541,3341652192,0.16,1444.75,1448.63,1418.75,559.02,92.26,120.75,16.5,21.6,23.04,25.61
4528,8/14/20,600519,1449.65,1470.75,1475.45,1440.75,37653,6230475520,0.3,1470.75,1475.45,1440.75,559.22,119.08,120.75,21.29,21.59,20.62,24.3
4529,8/17/20,600519,1483.75,1499.75,1514.1,1479.75,43572,7363610880,0.35,1499.75,1514.1,1479.75,545.12,107.53,120.75,19.73,22.15,19.04,23.09
4530,8/18/20,600519,1507.13,1514.75,1529.75,1500.75,30423,5192751872,0.24,1514.75,1529.75,1500.75,518.12,113.18,120.75,21.84,23.31,13.88,19.97
4531,8/19/20,600519,1509.75,1496.75,1526.75,1492.74,26915,4578143744,0.21,1496.75,1526.75,1492.74,522.04,102.59,128.76,19.65,24.66,11.34,17.52
4532,8/20/20,600519,1483.75,1473.75,1488.75,1465.75,22382,3727183936,0.18,1473.75,1488.75,1465.75,494.04,102.59,131.25,20.77,26.57,7.78,15.2
4533,8/21/20,600519,1482.75,1485.75,1507.75,1480.75,25082,4217048416,0.2,1485.75,1507.75,1480.75,491.46,121.59,131.25,24.74,26.71,6.19,14.61
4534,8/24/20,600519,1509.75,1506.1,1517.75,1500.76,30933,5260286464,0.25,1506.1,1517.75,1500.76,500.47,131.59,131.25,26.29,26.23,6.09,13.36
4535,8/25/20,600519,1514.55,1536.75,1556.53,1508.38,41872,7227309824,0.33,1536.75,1556.53,1508.38,521.12,170.37,114.56,32.69,21.98,8.39,13.71
4536,8/26/20,600519,1543.75,1536.75,1554.75,1524.77,26216,4530374144,0.21,1536.75,1554.75,1524.77,507.07,170.37,101.25,33.6,19.97,12.09,12.99
4537,8/27/20,600519,1541.74,1540.75,1543.73,1514.75,22636,3896759440,0.18,1540.75,1543.73,1514.75,484.88,170.37,79.77,35.14,16.45,16.24,13.79
4538,8/28/20,600519,1540.75,1566.75,1573.75,1531.25,42300,7389242368,0.34,1566.75,1573.75,1531.25,490.53,200.39,79.77,40.85,16.26,21.38,14.58
4539,8/31/20,600519,1580.33,1596.25,1625.75,1580.33,47810,8608932608,0.38,1596.25,1625.75,1580.33,517.09,230.92,79.77,44.66,15.43,28.85,17.52
4540,9/1/20,600519,1601.75,1611.73,1611.75,1584.76,31640,5661594368,0.25,1611.73,1611.75,1584.76,506.82,230.92,45.02,45.56,8.88,40.05,23.07
4541,9/2/20,600519,1634.75,1604.75,1637.75,1579.75,32009,5746351872,0.25,1604.75,1637.75,1579.75,534.94,256.92,45.02,48.03,8.42,48.49,28.44
4542,9/3/20,600519,1604.75,1602.75,1621.75,1589.45,30437,5471333888,0.24,1602.75,1621.75,1589.45,532.54,230.1,45.02,43.21,8.45,55.46,33.77
4543,9/4/20,600519,1575.75,1579.75,1586.74,1555.75,30858,5433479424,0.25,1579.75,1586.74,1555.75,536.19,191.45,78.72,35.71,14.68,56.38,36.31
4544,9/7/20,600519,1569.75,1533.25,1587.74,1513.72,31112,5446354688,0.25,1533.25,1587.74,1513.72,580.21,175.8,120.75,30.3,20.81,52.29,36.83
4545,9/8/20,600519,1541.75,1521.15,1547.55,1486.82,34472,5865962752,0.27,1521.15,1547.55,1486.82,606.93,175.8,139.64,28.97,23.01,46.1,37.47
4546,9/9/20,600519,1509.42,1497.75,1520.75,1489.79,25964,4401806080,0.21,1497.75,1520.75,1489.79,607.29,175.8,112.65,28.95,18.55,38.52,39.29
4547,9/10/20,600519,1513.49,1515.55,1529.75,1509.75,24778,4236694400,0.2,1515.55,1529.75,1509.75,605.29,165.8,112.65,27.39,18.61,30.0,39.24
4548,9/11/20,600519,1497.75,1542.75,1545.75,1497.75,31088,5339883520,0.25,1542.75,1545.75,1497.75,621.29,171.8,112.65,27.65,18.13,22.25,38.86
4549,9/14/20,600519,1554.75,1575.75,1578.75,1540.33,31056,5448188928,0.25,1575.75,1578.75,1540.33,609.28,166.02,112.65,27.25,18.49,18.49,37.43
4550,9/15/20,600519,1579.74,1569.75,1579.74,1557.5,20821,3654872016,0.17,1569.75,1579.74,1557.5,601.54,167.01,112.65,27.76,18.73,18.64,35.47
4551,9/16/20,600519,1569.75,1534.85,1574.56,1528.75,22516,3916457760,0.18,1534.85,1574.56,1528.75,618.37,167.01,131.38,27.01,21.25,18.72,32.41
4552,9/17/20,600519,1509.75,1480.27,1509.75,1467.75,63680,10683350272,0.51,1480.27,1509.75,1467.75,642.97,136.99,192.38,21.31,29.92,17.87,28.19
4553,9/18/20,600519,1474.75,1504.75,1504.75,1444.76,47201,7853673216,0.38,1504.75,1504.75,1444.76,643.96,84.99,215.37,13.2,33.44,21.92,25.96
4554,9/21/20,600519,1502.51,1476.55,1502.51,1476.41,22444,3756765104,0.18,1476.55,1502.51,1476.41,645.31,84.99,215.37,13.17,33.37,25.69,23.97
4555,9/22/20,600519,1459.75,1475.44,1496.73,1459.75,23265,3890070208,0.19,1475.44,1496.73,1459.75,624.29,58.99,232.03,9.45,37.17,32.41,25.45
4556,9/23/20,600519,1444.75,1459.73,1475.76,1430.77,35726,5878691072,0.28,1459.73,1475.76,1430.77,636.98,58.99,261.01,9.26,40.98,39.69,29.17
4557,9/24/20,600519,1445.72,1439.07,1468.63,1436.55,30051,4915392256,0.24,1439.07,1468.63,1436.55,622.06,58.99,227.31,9.48,36.54,47.5,33.11
4558,9/25/20,600519,1439.75,1444.86,1459.75,1434.75,22583,3700843488,0.18,1444.86,1459.75,1434.75,573.04,58.99,187.08,10.29,32.65,53.38,35.62
4559,9/28/20,600519,1444.94,1470.75,1478.25,1444.94,24232,4019640144,0.19,1470.75,1478.25,1444.94,545.7,77.49,160.18,14.2,29.35,51.94,36.93
4560,9/29/20,600519,1479.08,1462.05,1479.15,1462.05,17431,2895081360,0.14,1462.05,1479.15,1462.05,531.44,78.39,160.18,14.75,30.14,50.42,38.06
4561,9/30/20,600519,1469.75,1478.25,1501.65,1469.75,27088,4536012544,0.22,1478.25,1501.65,1469.75,539.04,91.89,160.18,17.05,29.72,45.02,38.72
4562,10/9/20,600519,1501.75,1505.75,1516.17,1497.75,34240,5817280512,0.27,1505.75,1516.17,1497.75,528.96,90.41,160.18,17.09,30.28,39.14,39.42
4563,10/12/20,600519,1509.75,1560.36,1560.36,1509.75,43729,7597987840,0.35,1560.36,1560.36,1509.75,545.15,101.6,160.18,18.64,29.38,33.07,40.29
4564,10/13/20,600519,1560.37,1548.75,1560.37,1544.75,22944,3995560512,0.18,1548.75,1560.37,1544.75,538.53,100.62,160.18,18.68,29.74,28.2,40.79
4565,10/14/20,600519,1549.75,1538.75,1556.73,1535.75,20481,3554316592,0.16,1538.75,1556.73,1535.75,513.7,100.62,140.43,19.59,27.34,25.16,38.55
4566,10/15/20,600519,1530.88,1534.75,1544.75,1530.75,16204,2801250560,0.13,1534.75,1544.75,1530.75,460.6,100.62,84.43,21.85,18.33,20.9,35.66
4567,10/16/20,600519,1534.75,1521.75,1544.33,1512.75,17377,2991246896,0.14,1521.75,1544.33,1512.75,432.19,100.62,79.44,23.28,18.38,18.35,31.69
4568,10/19/20,600519,1534.75,1508.75,1543.73,1501.65,19226,3284383408,0.15,1508.75,1543.73,1501.65,445.93,100.62,90.54,22.56,20.3,14.59,26.86
4569,10/20/20,600519,1509.74,1543.75,1544.72,1504.75,27735,4787807488,0.22,1543.75,1544.72,1504.75,448.92,101.61,73.88,22.63,16.46,13.49,23.28
4570,10/21/20,600519,1543.85,1543.08,1551.9,1532.75,18901,3275357440,0.15,1543.08,1551.9,1532.75,423.08,108.79,44.9,25.71,10.61,16.61,22.41
4571,10/22/20,600519,1539.75,1552.25,1554.75,1525.26,22481,3897729792,0.18,1552.25,1554.75,1525.26,420.49,108.79,52.39,25.87,12.46,19.69,22.42
4572,10/23/20,600519,1550.53,1525.08,1557.34,1523.75,19292,3339987456,0.15,1525.08,1557.34,1523.75,429.08,111.38,50.59,25.96,11.79,24.49,22.7
4573,10/26/20,600519,1428.75,1452.75,1472.67,1409.75,66015,10821908224,0.53,1452.75,1472.67,1409.75,511.02,92.88,164.59,18.18,32.21,27.17,22.76
4574,10/27/20,600519,1452.75,1434.75,1453.75,1425.87,43944,7156688384,0.35,1434.75,1453.75,1425.87,521.8,91.98,164.59,17.63,31.54,31.01,22.8
4575,10/28/20,600519,1435.75,1474.56,1486.75,1434.83,34637,5739452160,0.28,1474.56,1486.75,1434.83,534.2,102.48,164.59,19.18,30.81,32.25,22.87
4576,10/29/20,600519,1464.59,1485.75,1517.75,1456.75,39374,6633168640,0.31,1485.75,1517.75,1456.75,557.28,118.96,164.59,21.35,29.53,28.0,22.31
4577,10/30/20,600519,1487.75,1479.77,1505.75,1474.75,26055,4379602176,0.21,1479.77,1505.75,1474.75,533.67,74.77,164.59,14.01,30.84,28.43,24.06
4578,11/2/20,600519,1484.75,1483.76,1504.75,1481.75,21066,3544422240,0.17,1483.76,1504.75,1481.75,543.03,74.76,164.59,13.77,30.31,28.43,26.46
4579,11/3/20,600519,1494.74,1504.75,1515.65,1485.25,23497,3976621216,0.19,1504.75,1515.65,1485.25,553.94,85.66,155.59,15.46,28.09,28.62,27.89
4580,11/4/20,600519,1509.75,1509.33,1513.75,1494.75,16444,2788396256,0.13,1509.33,1513.75,1494.75,558.94,85.66,150.59,15.33,26.94,28.48,29.74
4581,11/5/20,600519,1526.75,1531.65,1542.23,1521.85,23524,4053043264,0.19,1531.65,1542.23,1521.85,560.26,114.14,132.59,20.37,23.67,25.85,29.05
4582,11/6/20,600519,1540.3,1510.37,1541.34,1499.75,23052,3932702368,0.18,1510.37,1541.34,1499.75,559.77,114.14,143.59,20.39,25.65,25.07,26.54
4583,11/9/20,600519,1511.13,1552.32,1560.43,1510.37,41470,7198679808,0.33,1552.32,1560.43,1510.37,569.86,132.24,143.59,23.21,25.2,19.5,23.96
4584,11/10/20,600519,1562.67,1554.75,1574.23,1545.75,30189,5287968256,0.24,1554.75,1574.23,1545.75,579.19,138.86,143.59,23.97,24.79,13.53,20.98
4585,11/11/20,600519,1554.75,1541.1,1587.25,1540.75,34851,6122365440,0.28,1541.1,1587.25,1540.75,596.2,151.88,136.1,25.47,22.83,9.61,19.11
4586,11/12/20,600519,1539.76,1544.54,1559.75,1532.02,23473,4071729792,0.19,1544.54,1559.75,1532.02,590.34,149.29,144.83,25.29,24.53,5.28,16.88
4587,11/13/20,600519,1533.75,1514.75,1538.63,1500.75,28155,4791276544,0.22,1514.75,1538.63,1500.75,518.8,149.29,62.1,28.78,11.97,10.91,18.38
4588,11/16/20,600519,1520.75,1539.8,1539.8,1507.01,30613,5247897088,0.24,1539.8,1539.8,1507.01,523.71,150.46,62.1,28.73,11.86,15.93,20.5
4589,11/17/20,600519,1549.75,1525.55,1552.1,1510.82,25224,4355288064,0.2,1525.55,1552.1,1510.82,512.99,129.76,62.1,25.29,12.11,21.13,20.31
4590,11/18/20,600519,1524.75,1503.4,1530.28,1492.91,35179,5973146880,0.28,1503.4,1530.28,1492.91,489.36,98.76,80.01,20.18,16.35,22.59,18.06
4591,11/19/20,600519,1494.25,1529.94,1534.75,1490.35,27816,4767508736,0.22,1529.94,1534.75,1490.35,502.76,103.23,80.01,20.53,15.91,23.79,16.7
4592,11/20/20,600519,1529.75,1529.71,1545.75,1522.4,21875,3771894864,0.17,1529.71,1545.75,1522.4,501.13,114.23,80.01,22.79,15.97,26.48,15.88
4593,11/23/20,600519,1580.76,1599.96,1619.65,1580.76,66637,11926870528,0.53,1599.96,1619.65,1580.76,559.18,177.23,80.01,31.69,14.31,25.9,18.41
4594,11/24/20,600519,1579.74,1573.25,1592.25,1561.22,32465,5736960256,0.26,1573.25,1592.25,1561.22,578.92,177.23,99.55,30.61,17.2,23.65,19.79
4595,11/25/20,600519,1571.25,1536.63,1578.63,1533.75,28226,4910540800,0.22,1536.63,1578.63,1533.75,590.9,148.75,127.02,25.17,21.5,19.09,20.11
4596,11/26/20,600519,1535.75,1544.14,1549.74,1534.93,23228,4027749312,0.18,1544.14,1549.74,1534.93,564.12,148.75,104.92,26.37,18.6,20.22,21.41
4597,11/27/20,600519,1542.41,1547.65,1549.78,1527.75,21569,3737697984,0.17,1547.65,1549.78,1527.75,536.09,129.66,112.1,24.19,20.91,19.32,21.55
4598,11/30/20,600519,1544.75,1523.66,1548.65,1523.66,31940,5520322304,0.25,1523.66,1548.65,1523.66,532.6,115.86,116.19,21.75,21.82,16.4,21.44
4599,12/1/20,600519,1535.75,1546.75,1548.74,1529.76,28196,4891829248,0.22,1546.75,1548.74,1529.76,511.18,102.93,116.19,20.14,22.73,11.11,18.51
4600,12/2/20,600519,1555.75,1547.76,1558.75,1540.75,23572,4101369312,0.19,1547.76,1558.75,1540.75,501.45,112.94,107.46,22.52,21.43,6.85,15.25
4601,12/3/20,600519,1547.76,1558.75,1565.41,1541.85,29506,5147357696,0.23,1558.75,1565.41,1541.85,481.22,119.6,76.19,24.85,15.83,9.23,14.16
4602,12/4/20,600519,1561.75,1602.86,1609.85,1561.75,62491,11176048896,0.5,1602.86,1609.85,1561.75,499.53,162.87,76.19,32.6,15.25,12.4,16.31
4603,12/7/20,600519,1612.45,1622.15,1650.14,1610.3,58331,10617305088,0.46,1622.15,1650.14,1610.3,505.53,190.86,76.19,37.75,15.07,18.34,18.83
4604,12/8/20,600519,1624.75,1659.75,1684.75,1622.75,61454,11333352192,0.49,1659.75,1684.75,1622.75,530.76,225.47,58.28,42.48,10.98,28.14,22.27
4605,12/9/20,600519,1675.7,1649.75,1675.75,1648.75,31152,5766037504,0.25,1649.75,1675.75,1648.75,513.36,221.0,58.28,43.05,11.35,36.84,23.98
4606,12/10/20,600519,1649.75,1642.65,1659.52,1637.75,32654,6009239808,0.26,1642.65,1659.52,1637.75,511.78,210.0,69.28,41.03,13.54,44.82,25.84
4607,12/11/20,600519,1644.53,1629.75,1647.07,1614.56,30776,5595359744,0.24,1629.75,1647.07,1614.56,454.35,136.1,92.47,29.95,20.35,44.31,26.77
4608,12/14/20,600519,1637.52,1638.75,1639.73,1624.75,33052,6026813440,0.26,1638.75,1639.73,1624.75,430.59,136.1,72.93,31.61,16.94,43.3,27.85
4609,12/15/20,600519,1643.25,1625.76,1646.97,1614.75,29605,5383582208,0.24,1625.76,1646.97,1614.75,417.93,136.1,55.46,32.57,13.27,43.16,30.75
4610,12/16/20,600519,1640.25,1649.75,1655.42,1629.96,32150,5901298176,0.26,1649.75,1655.42,1629.96,432.78,144.55,55.46,33.4,12.81,40.77,34.45
4611,12/17/20,600519,1655.25,1675.26,1677.75,1649.75,36031,6683421952,0.29,1675.26,1677.75,1649.75,438.75,166.88,48.28,38.04,11.0,40.24,38.54
4612,12/18/20,600519,1661.56,1654.75,1678.76,1650.83,27077,5020968960,0.22,1654.75,1678.76,1650.83,441.69,167.89,44.19,38.01,10.0,41.57,43.19
4613,12/21/20,600519,1649.75,1652.25,1660.98,1647.35,30697,5663526912,0.24,1652.25,1660.98,1647.35,430.24,167.8,47.67,39.0,11.08,47.68,45.99
4614,12/22/20,600519,1659.72,1690.75,1708.74,1652.26,40651,7618583552,0.32,1690.75,1708.74,1652.26,468.73,205.55,47.67,43.85,10.17,53.03,48.17
4615,12/23/20,600519,1707.74,1651.4,1715.95,1630.77,47706,8901002240,0.38,1651.4,1715.95,1630.77,530.35,198.89,69.16,37.5,13.04,54.08,48.62
4616,12/24/20,600519,1627.75,1640.09,1668.63,1604.77,37857,6921989376,0.3,1640.09,1668.63,1604.77,543.11,154.45,95.16,28.44,17.52,50.62,45.69
4617,12/25/20,600519,1612.74,1639.75,1656.75,1609.75,23088,4218997632,0.18,1639.75,1656.75,1609.75,542.83,114.16,95.16,21.03,17.53,42.94,41.59
4618,12/28/20,600519,1636.35,1682.75,1698.55,1635.8,30080,5616528640,0.24,1682.75,1698.55,1635.8,542.98,121.35,95.16,22.35,17.53,35.24,38.4
4619,12/29/20,600519,1682.75,1676.75,1696.55,1664.75,22868,4275994832,0.18,1676.75,1696.55,1664.75,547.78,121.35,95.16,22.15,17.37,27.96,37.82
4620,12/30/20,600519,1679.75,1742.75,1742.75,1679.74,34452,6604461312,0.27,1742.75,1742.75,1679.74,592.01,167.55,84.16,28.3,14.22,23.09,38.06
4621,12/31/20,600519,1750.75,1807.75,1808.73,1748.75,38860,7682300672,0.31,1807.75,1808.73,1748.75,625.48,233.53,60.97,37.34,9.75,24.79,39.44
4622,1/4/21,600519,1809.73,1806.75,1814.74,1793.56,43514,8686920192,0.35,1806.75,1814.74,1793.56,631.68,239.54,60.97,37.92,9.65,30.74,40.68
4623,1/5/21,600519,1799.75,1869.2,1869.2,1792.21,52116,10592557312,0.41,1869.2,1869.2,1792.21,676.45,294.0,50.97,43.46,7.53,40.96,41.95
4624,1/6/21,600519,1874.55,1909.75,1934.75,1845.78,47410,9882593792,0.38,1909.75,1934.75,1845.78,735.76,351.1,50.97,47.72,6.93,51.39,43.31
4625,1/7/21,600519,1906.75,1949.75,1949.75,1884.75,37931,7991178752,0.3,1949.75,1949.75,1884.75,772.76,343.77,50.97,44.49,6.6,61.74,44.85
4626,1/8/21,600519,1951.75,1899.75,1960.63,1872.77,53862,11345202944,0.43,1899.75,1960.63,1872.77,832.69,342.76,62.95,41.16,7.56,67.71,45.4
4627,1/11/21,600519,1899.75,1909.48,1960.25,1868.35,51080,10768565504,0.41,1909.48,1960.25,1868.35,910.96,342.76,63.89,37.63,7.01,69.37,47.08
4628,1/12/21,600519,1897.75,1970.65,1970.65,1894.75,41059,8800558336,0.33,1970.65,1970.65,1894.75,930.37,305.4,63.89,32.83,6.87,70.37,50.55
4629,1/13/21,600519,1973.75,1973.75,1983.08,1944.75,34390,7418330880,0.27,1973.75,1983.08,1944.75,883.52,317.83,42.4,35.97,4.8,71.37,56.17
4630,1/14/21,600519,1965.75,1943.75,1972.75,1925.86,36152,7722089728,0.29,1943.75,1972.75,1925.86,867.55,317.83,35.29,36.64,4.07,72.27,61.83
4631,1/15/21,600519,1924.75,1891.75,1944.1,1838.75,59509,12372103168,0.47,1891.75,1944.1,1838.75,925.9,317.83,122.4,34.33,13.22,67.3,64.52
4632,1/18/21,600519,1870.81,1872.75,1901.23,1850.02,39144,8076715776,0.31,1872.75,1901.23,1850.02,914.36,276.03,122.4,30.19,13.39,62.23,64.97
4633,1/19/21,600519,1882.86,1819.16,1906.05,1816.6,46345,9479278592,0.37,1819.16,1906.05,1816.6,972.01,276.03,155.82,28.4,16.03,55.44,62.41
4634,1/20/21,600519,1817.75,1850.38,1865.24,1792.25,45082,9126453248,0.36,1850.38,1865.24,1792.25,979.0,229.83,180.17,23.48,18.4,46.56,58.47
4635,1/21/21,600519,1857.75,1879.75,1899.77,1850.75,38310,7953455872,0.3,1879.75,1899.77,1850.75,962.41,198.38,180.17,20.61,18.72,34.62,53.0
4636,1/22/21,600519,1878.75,1889.7,1909.75,1869.85,29248,6090260480,0.23,1889.7,1909.75,1869.85,981.13,202.35,180.17,20.62,18.36,22.25,47.26
4637,1/25/21,600519,1892.75,1984.75,1989.25,1892.75,55957,12029474560,0.45,1984.75,1989.25,1892.75,1003.69,227.39,180.17,22.66,17.95,16.78,42.04
4638,1/26/21,600519,1994.75,1951.64,1996.75,1934.86,31747,6820173312,0.25,1951.64,1996.75,1934.86,976.61,169.34,180.17,17.34,18.45,10.87,36.55
4639,1/27/21,600519,1951.64,1898.75,1951.64,1894.75,37120,7809446400,0.3,1898.75,1951.64,1894.75,968.5,154.34,220.28,15.94,22.74,9.17,32.31
4640,1/28/21,600519,1889.75,1897.75,1919.41,1869.77,35129,7337084416,0.28,1897.75,1919.41,1869.77,930.28,154.34,233.28,16.59,25.08,10.54,28.55
4641,1/29/21,600519,1910.94,1925.93,1959.23,1899.97,33701,7166179328,0.27,1925.93,1959.23,1899.97,899.86,194.16,228.86,21.58,25.43,11.11,22.86
4642,2/1/21,600519,1939.75,1919.07,1969.75,1904.75,29341,6219639040,0.23,1919.07,1969.75,1904.75,888.96,194.28,228.86,21.85,25.74,11.5,16.88
4643,2/2/21,600519,1921.97,1954.75,1959.74,1911.85,34582,7372233472,0.28,1954.75,1959.74,1911.85,898.52,181.85,228.86,20.24,25.47,11.48,14.13
4644,2/3/21,600519,1959.75,1999.66,2008.02,1949.75,38714,8384049408,0.31,1999.66,2008.02,1949.75,908.9,230.13,209.97,25.32,23.1,11.73,11.3
4645,2/4/21,600519,2000.75,2130.6,2139.75,2000.75,63851,14596930304,0.51,2130.6,2139.75,2000.75,943.64,361.86,122.86,38.35,13.02,17.01,13.09
4646,2/5/21,600519,2134.75,2122.75,2174.35,2100.75,39729,9253566208,0.32,2122.75,2174.35,2100.75,966.03,396.46,122.86,41.04,12.72,22.4,16.47
4647,2/8/21,600519,2146.75,2178.55,2188.63,2122.75,35786,8420758528,0.28,2178.55,2188.63,2122.75,942.46,410.74,89.44,43.58,9.49,31.74,21.42
4648,2/9/21,600519,2178.55,2266.18,2266.18,2159.75,33297,7972930048,0.27,2266.18,2266.18,2159.75,975.9,488.29,65.09,50.03,6.67,43.12,27.31
4649,2/10/21,600519,2294.75,2410.75,2410.95,2294.75,61371,15675929600,0.49,2410.75,2410.95,2294.75,1071.28,598.53,65.09,55.87,6.08,54.61,33.05
4650,2/18/21,600519,2397.73,2280.75,2437.63,2274.75,65912,16704135168,0.52,2280.75,2437.63,2274.75,1194.26,615.23,65.09,51.52,5.45,67.33,39.53
4651,2/19/21,600519,2260.91,2269.75,2306.41,2191.35,59385,14525164544,0.47,2269.75,2306.41,2191.35,1209.77,535.73,148.49,44.28,12.27,68.54,42.78
4652,2/22/21,600519,2264.75,2097.77,2264.75,2087.97,78935,18498777344,0.63,2097.77,2264.75,2087.97,1329.66,528.23,251.87,39.73,18.94,65.66,44.03
4653,2/23/21,600519,2074.89,2116.75,2154.64,2074.75,57455,13316110848,0.46,2116.75,2154.64,2074.75,1352.66,528.23,224.98,39.05,16.63,61.67,46.7
4654,2/24/21,600519,2117.74,1998.75,2127.75,1970.25,82116,18195034368,0.65,1998.75,2127.75,1970.25,1460.52,528.23,304.5,36.17,20.85,53.4,48.26
4655,2/25/21,600519,2018.75,1959.75,2034.25,1930.96,59726,12982145792,0.48,1959.75,2034.25,1930.96,1502.33,488.41,343.79,32.51,22.88,42.9,48.76
4656,2/26/21,600519,1909.75,1932.53,1989.7,1877.05,66525,14097015552,0.53,1932.53,1989.7,1877.05,1549.98,477.89,397.7,30.83,25.66,30.95,49.14
4657,3/1/21,600519,1988.75,1967.75,1988.75,1929.75,44916,9686945536,0.36,1967.75,1988.75,1929.75,1561.09,477.89,397.7,30.61,25.48,23.04,45.79
4658,3/2/21,600519,1989.75,1867.75,1989.75,1842.75,70765,14796698624,0.56,1867.75,1989.75,1842.75,1649.82,429.61,484.7,26.04,29.38,18.14,41.9
4659,3/3/21,600519,1849.75,1949.75,1959.52,1842.75,54215,11366685440,0.43,1949.75,1959.52,1842.75,1626.5,297.88,484.7,18.31,29.8,15.41,38.54
4660,3/4/21,600519,1904.75,1842.75,1905.75,1819.85,65088,13297304320,0.52,1842.75,1905.75,1819.85,1682.8,263.28,507.6,15.65,30.16,16.21,34.81
4661,3/5/21,600519,1809.75,1869.86,1904.75,1797.75,63779,13100315904,0.51,1869.86,1904.75,1797.75,1723.92,249.0,529.7,14.44,30.73,19.33,31.11
4662,3/8/21,600519,1884.71,1769.75,1894.75,1769.75,63100,12724246016,0.5,1769.75,1894.75,1769.75,1742.49,171.45,557.7,9.84,32.01,26.63,28.79
4663,3/9/21,600519,1764.75,1746.74,1809.75,1709.93,82266,16100769536,0.65,1746.74,1809.75,1709.93,1697.54,26.68,617.52,1.57,36.38,40.39,31.71
4664,3/10/21,600519,1786.75,1779.76,1809.62,1776.75,51172,10136910336,0.41,1779.76,1809.62,1776.75,1597.54,0.0,617.52,0.0,38.65,56.05,37.1
4665,3/11/21,600519,1784.75,1857.75,1889.74,1771.23,56769,11521736448,0.45,1857.75,1889.74,1771.23,1600.99,80.12,534.12,5.0,33.36,64.39,39.9
4666,3/12/21,600519,1879.75,1835.75,1886.75,1811.76,40323,8181594624,0.32,1835.75,1886.75,1811.76,1494.2,80.12,430.74,5.36,28.83,70.55,43.38
4667,3/15/21,600519,1859.75,1785.2,1879.55,1760.9,62485,12459955712,0.5,1785.2,1879.55,1760.9,1532.96,80.12,468.38,5.23,30.55,76.34,47.83
4668,3/16/21,600519,1784.68,1820.25,1829.74,1774.75,34649,6918600704,0.28,1820.25,1829.74,1774.75,1430.45,80.12,363.88,5.6,25.44,78.16,52.39
4669,3/17/21,600519,1809.75,1840.11,1859.75,1785.76,31375,6352656640,0.25,1840.11,1859.75,1785.76,1401.15,110.13,324.59,7.86,23.17,71.1,55.74
4670,3/18/21,600519,1844.75,1879.45,1896.11,1844.75,33865,6997030400,0.27,1879.45,1896.11,1844.75,1344.5,146.49,270.68,10.9,20.13,59.39,57.72
4671,3/19/21,600519,1844.75,1819.75,1852.75,1801.98,35781,7211521792,0.28,1819.75,1852.75,1801.98,1362.97,146.49,313.45,10.75,23.0,53.12,58.76
4672,3/22/21,600519,1809.85,1799.74,1835.84,1765.3,36914,7323391232,0.29,1799.74,1835.84,1765.3,1286.51,146.49,263.13,11.39,20.45,46.43,58.49
4673,3/23/21,600519,1808.63,1805.75,1818.55,1779.75,27446,5459520768,0.22,1805.75,1818.55,1779.75,1208.54,146.49,263.13,12.12,21.77,39.38,57.86
4674,3/24/21,600519,1790.75,1798.75,1822.75,1790.75,29357,5857848064,0.23,1798.75,1822.75,1790.75,1110.64,150.69,240.23,13.57,21.63,32.54,55.35
4675,3/25/21,600519,1779.76,1780.75,1798.63,1756.55,31575,6216733184,0.25,1780.75,1798.63,1756.55,1045.84,150.69,252.33,14.41,24.13,28.52,49.81
4676,3/26/21,600519,1794.75,1822.75,1831.75,1767.75,50016,9987629568,0.4,1822.75,1831.75,1767.75,984.84,183.81,224.33,18.66,22.78,25.22,42.3
4677,3/29/21,600519,1852.95,1843.85,1906.1,1835.9,56992,11740129536,0.45,1843.85,1906.1,1835.9,968.37,258.16,164.51,26.66,16.99,22.86,37.99
4678,3/30/21,600519,1849.75,1865.8,1895.75,1844.83,32627,6717493248,0.26,1865.8,1895.75,1844.83,957.39,258.16,164.51,26.96,17.18,21.81,34.12
4679,3/31/21,600519,1854.85,1818.75,1855.77,1809.75,37154,7489086208,0.3,1818.75,1855.77,1809.75,894.93,178.04,199.59,19.89,22.3,18.01,28.69
4680,4/1/21,600519,1830.75,1854.25,1856.55,1810.97,26588,5379776000,0.21,1854.25,1856.55,1810.97,865.52,178.82,199.59,20.66,23.06,15.11,23.83
4681,4/2/21,600519,1865.75,1971.75,1974.75,1865.75,52028,10981752576,0.41,1971.75,1974.75,1865.75,867.37,297.02,148.73,34.24,17.15,16.45,22.49
4682,4/6/21,600519,1970.75,1935.78,1971.73,1912.05,32742,6967525120,0.26,1935.78,1971.73,1912.05,872.08,297.02,148.73,34.06,17.05,20.34,22.78
4683,4/7/21,600519,1913.81,1870.75,1927.05,1859.75,40201,8317799936,0.32,1870.75,1927.05,1859.75,874.12,267.01,201.03,30.55,23.0,19.0,20.93
4684,4/8/21,600519,1856.78,1879.75,1888.75,1853.75,28548,5893307648,0.23,1879.75,1888.75,1853.75,853.12,230.65,207.03,27.04,24.27,16.2,19.01
4685,4/9/21,600519,1851.75,1829.75,1863.75,1814.76,28809,5832453888,0.23,1829.75,1863.75,1814.76,840.64,230.65,203.25,27.44,24.18,16.31,17.16
4686,4/12/21,600519,1820.75,1818.64,1839.75,1801.45,31943,6409917440,0.25,1818.64,1839.75,1801.45,808.4,230.65,179.88,28.53,22.25,17.45,16.28
4687,4/13/21,600519,1829.75,1830.75,1859.55,1818.75,28992,5883787264,0.23,1830.75,1859.55,1818.75,810.51,250.45,179.88,30.9,22.19,14.64,15.55
4688,4/14/21,600519,1844.75,1856.75,1857.75,1825.75,24115,4908790016,0.19,1856.75,1857.75,1825.75,810.51,246.25,179.88,30.38,22.19,11.69,16.02
4689,4/15/21,600519,1840.65,1825.35,1856.65,1799.75,34366,6903769600,0.27,1825.35,1856.65,1799.75,825.31,246.25,171.68,29.84,20.8,12.32,15.66
4690,4/16/21,600519,1834.83,1864.73,1877.75,1821.75,30294,6183895040,0.24,1864.73,1877.75,1821.75,817.31,234.23,171.68,28.66,21.01,13.98,15.09
4691,4/19/21,600519,1864.75,1897.75,1908.11,1842.75,31754,6610577920,0.25,1897.75,1908.11,1842.75,799.32,190.24,171.68,23.8,21.48,13.79,15.05
4692,4/20/21,600519,1880.85,1904.55,1938.75,1879.75,28290,5949669888,0.23,1904.55,1938.75,1879.75,806.42,220.88,171.68,27.39,21.29,13.81,15.63
4693,4/21/21,600519,1885.75,1889.75,1907.55,1874.85,26150,5446146048,0.21,1889.75,1907.55,1874.85,783.07,220.88,141.5,28.21,18.07,14.73,14.69
4694,4/22/21,600519,1899.65,1865.25,1908.75,1861.25,26850,5539295744,0.21,1865.25,1908.75,1861.25,784.99,220.1,155.1,28.04,19.76,15.02,13.36
4695,4/23/21,600519,1865.72,1918.69,1929.63,1862.25,33463,7002695424,0.27,1918.69,1929.63,1862.25,731.87,122.78,155.1,16.78,21.19,13.99,13.15
4696,4/26/21,600519,1941.75,1887.57,1944.75,1883.35,34045,7160836864,0.27,1887.57,1944.75,1883.35,733.57,137.9,155.1,18.8,21.14,12.4,13.19
4697,4/27/21,600519,1896.83,1904.19,1905.0,1874.84,22108,4607779072,0.18,1904.19,1905.0,1874.84,687.7,137.9,111.31,20.05,16.19,13.32,13.55
4698,4/28/21,600519,1819.75,1851.75,1857.25,1812.75,81343,16463574528,0.65,1851.75,1857.25,1812.75,744.14,137.9,167.4,18.53,22.5,12.84,13.33
4699,4/29/21,600519,1856.79,1836.11,1859.69,1823.75,41284,8370431232,0.33,1836.11,1859.69,1823.75,715.09,140.34,128.41,19.63,17.96,9.93,12.33
4700,4/30/21,600519,1835.75,1816.53,1845.75,1813.46,38401,7723747072,0.31,1816.53,1845.75,1813.46,709.08,140.34,125.39,19.79,17.68,7.98,11.5
4701,5/6/21,600519,1809.75,1768.75,1816.59,1762.75,53546,10584968960,0.43,1768.75,1816.59,1762.75,722.01,120.54,176.1,16.7,24.39,9.17,11.58
4702,5/7/21,600519,1774.75,1712.75,1777.73,1710.75,52493,10101703424,0.42,1712.75,1777.73,1710.75,756.99,120.54,228.1,15.92,30.13,13.33,12.86
4703,5/10/21,600519,1709.75,1688.78,1718.75,1675.76,46003,8677753600,0.37,1688.78,1718.75,1675.76,742.98,120.54,237.09,16.22,31.91,16.98,15.15
4704,5/11/21,600519,1685.75,1768.75,1775.75,1683.05,42494,8209251840,0.34,1768.75,1775.75,1683.05,779.68,156.44,237.09,20.06,30.41,18.79,15.82
4705,5/12/21,600519,1758.83,1793.75,1808.75,1758.75,32699,6473203200,0.26,1793.75,1808.75,1758.75,764.32,159.08,237.09,20.81,31.02,21.33,15.63
4706,5/13/21,600519,1775.5,1781.25,1794.8,1762.75,25078,4934955008,0.2,1781.25,1794.8,1762.75,737.37,128.44,237.09,17.42,32.15,25.35,16.66
4707,5/14/21,600519,1791.75,1819.6,1840.25,1785.75,35611,7150301952,0.28,1819.6,1840.25,1785.75,763.67,173.89,232.19,22.77,30.4,24.62,16.89
4708,5/17/21,600519,1834.85,1867.71,1894.95,1834.85,44524,9178510080,0.35,1867.71,1894.95,1834.85,791.52,228.59,218.59,28.88,27.62,19.85,16.59
4709,5/18/21,600519,1874.75,1869.06,1886.75,1854.81,17504,3595891744,0.14,1869.06,1886.75,1854.81,756.08,207.71,218.59,27.47,28.91,14.84,15.91
4710,5/19/21,600519,1868.75,1858.75,1884.56,1849.75,22410,4606452480,0.18,1858.75,1884.56,1849.75,729.49,192.59,223.65,26.4,30.66,12.67,15.73
4711,5/20/21,600519,1883.75,1868.63,1883.85,1855.11,21857,4500663296,0.17,1868.63,1883.85,1855.11,728.07,192.59,215.14,26.45,29.55,10.31,15.82
4712,5/21/21,600519,1864.83,1851.85,1889.63,1846.77,24248,4976601344,0.19,1851.85,1889.63,1846.77,679.49,192.59,161.39,28.34,23.75,6.83,16.09
4713,5/24/21,600519,1860.75,1881.04,1889.81,1840.75,32548,6705879296,0.26,1881.04,1889.81,1840.75,692.61,190.15,167.41,27.45,24.17,5.49,15.06
4714,5/25/21,600519,1894.75,2004.25,2009.85,1894.75,67757,14636718848,0.54,2004.25,2009.85,1894.75,789.13,310.19,157.12,39.31,19.91,10.58,15.21
4715,5/26/21,600519,2017.73,2029.75,2051.55,2002.83,38604,8558038272,0.31,2029.75,2051.55,2002.83,784.01,351.89,106.41,44.88,13.57,19.08,16.96
4716,5/27/21,600519,2020.77,2054.75,2129.75,2010.85,45373,10240368896,0.36,2054.75,2129.75,2010.85,835.93,430.09,54.41,51.45,6.51,30.76,21.72
4717,5/28/21,600519,2050.72,2039.75,2059.75,2015.26,25807,5741331968,0.21,2039.75,2059.75,2015.26,837.43,430.09,19.42,51.36,2.32,45.07,27.69
4718,5/31/21,600519,2025.25,2027.75,2028.1,1981.75,31739,6960864256,0.25,2027.75,2028.1,1981.75,802.73,373.09,52.93,46.48,6.59,56.12,31.47
4719,6/1/21,600519,2031.75,2050.7,2058.7,2015.75,30616,6832594432,0.24,2050.7,2058.7,2015.75,795.68,370.69,52.93,46.59,6.65,67.56,36.53
4720,6/2/21,600519,2059.75,2031.75,2073.75,2017.93,22863,5088908288,0.18,2031.75,2073.75,2017.93,819.45,385.74,52.93,47.07,6.46,74.75,42.66
4721,6/3/21,600519,2029.75,2031.97,2070.09,2019.83,23450,5242452992,0.19,2031.97,2070.09,2019.83,810.71,340.29,52.93,41.97,6.53,78.0,48.54
4722,6/4/21,600519,2024.75,2061.25,2097.75,2023.79,31422,7058715136,0.25,2061.25,2097.75,2023.79,809.32,313.25,52.93,38.71,6.54,76.93,53.84
4723,6/7/21,600519,2074.75,2080.75,2088.75,2049.76,25466,5756592640,0.2,2080.75,2088.75,2049.76,816.37,313.25,52.93,38.37,6.48,73.55,59.31
4724,6/8/21,600519,2069.75,2000.75,2089.74,1970.9,47314,10479943168,0.38,2000.75,2089.74,1970.9,900.4,313.25,126.73,34.79,14.07,68.09,62.11
4725,6/9/21,600519,2001.75,2009.25,2023.75,1969.86,25502,5591378944,0.2,2009.25,2023.75,1969.86,925.55,313.25,127.77,33.84,13.8,62.6,65.08
4726,6/10/21,600519,2004.75,2048.23,2061.12,1999.83,25567,5707338496,0.2,2048.23,2061.12,1999.83,943.98,350.62,119.43,37.14,12.65,58.15,66.45
4727,6/11/21,600519,2048.75,1988.56,2053.75,1988.56,33971,7513797120,0.27,1988.56,2053.75,1988.56,960.11,350.62,124.68,36.52,12.99,53.89,65.95
4728,6/15/21,600519,2004.85,2002.75,2018.63,1957.75,29361,6412821504,0.23,2002.75,2018.63,1957.75,892.18,230.58,155.49,25.84,17.43,45.29,61.11
4729,6/16/21,600519,2001.75,1967.75,2004.75,1957.75,27593,5978924544,0.22,1967.75,2004.75,1957.75,890.46,188.88,155.49,21.21,17.46,35.05,54.3
4730,6/17/21,600519,1965.4,1966.66,1997.75,1954.11,21068,4558702592,0.17,1966.66,1997.75,1954.11,815.2,110.68,159.13,13.58,19.52,30.98,49.53
4731,6/18/21,600519,1956.75,1900.69,1966.25,1874.75,54028,11329180928,0.43,1900.69,1966.25,1874.75,862.62,110.68,238.49,12.83,27.65,30.07,46.33
4732,6/21/21,600519,1894.75,1891.39,1909.44,1859.75,35488,7367986432,0.28,1891.39,1909.44,1859.75,854.31,110.68,219.98,12.96,25.75,27.38,42.77
4733,6/22/21,600519,1901.75,1884.72,1907.75,1863.64,33228,6900830720,0.26,1884.72,1907.75,1863.64,855.47,80.08,219.98,9.36,25.71,27.23,40.56
4734,6/23/21,600519,1889.75,1847.75,1892.75,1843.9,37079,7596735744,0.3,1847.75,1892.75,1843.9,848.5,65.03,239.72,7.66,28.25,33.54,39.41
4735,6/24/21,600519,1849.76,1877.8,1889.75,1830.75,31474,6452557056,0.25,1877.8,1889.75,1830.75,857.24,65.03,252.87,7.59,29.5,41.78,38.41
4736,6/25/21,600519,1879.0,1921.04,1938.04,1871.64,35875,7459680512,0.29,1921.04,1938.04,1871.64,849.68,85.66,252.87,10.08,29.76,47.01,39.0
4737,6/28/21,600519,1929.04,1932.05,1947.04,1902.04,27452,5750241280,0.22,1932.05,1947.04,1902.04,855.69,94.66,252.87,11.06,29.55,48.5,39.29
4738,6/29/21,600519,1937.04,1891.04,1944.04,1880.04,33031,6835635200,0.26,1891.04,1944.04,1880.04,800.85,94.66,196.01,11.82,24.48,48.8,38.09
4739,6/30/21,600519,1894.04,1885.74,1903.04,1875.34,21916,4511484160,0.17,1885.74,1903.04,1875.34,774.66,94.66,199.67,12.22,25.78,46.98,37.1
4740,7/1/21,600519,1889.01,1934.04,1939.04,1860.64,33701,6970731008,0.27,1934.04,1939.04,1860.64,791.77,93.29,199.67,11.78,25.22,43.48,38.51
4741,7/2/21,600519,1904.04,1842.04,1904.04,1840.54,46275,9388640256,0.37,1842.04,1904.04,1840.54,820.08,93.29,208.5,11.38,25.42,39.99,40.88
4742,7/5/21,600519,1829.04,1823.04,1848.92,1814.04,34421,6872797696,0.27,1823.04,1848.92,1814.04,794.08,93.29,204.19,11.75,25.71,37.97,42.49
4743,7/6/21,600519,1824.04,1841.94,1843.04,1789.05,35283,7015883008,0.28,1841.94,1843.04,1789.05,801.07,93.29,229.18,11.65,28.61,37.41,42.95
4744,7/7/21,600519,1839.04,1833.04,1857.92,1828.05,28122,5658210816,0.22,1833.04,1857.92,1828.05,787.3,108.17,225.54,13.74,28.65,37.46,43.13
4745,7/8/21,600519,1829.14,1814.04,1833.04,1797.04,35517,7027713792,0.28,1814.04,1833.04,1797.04,731.39,108.17,177.19,14.79,24.23,35.54,41.26
4746,7/9/21,600519,1793.56,1801.15,1814.95,1774.04,30908,6072340992,0.25,1801.15,1814.95,1774.04,722.61,108.17,185.19,14.97,25.63,33.87,38.67
4747,7/12/21,600519,1804.59,1790.04,1827.82,1769.54,39010,7658786304,0.31,1790.04,1827.82,1769.54,736.78,121.04,185.19,16.43,25.14,31.0,35.49
4748,7/13/21,600519,1797.04,1811.94,1834.54,1794.04,29925,5946287360,0.24,1811.94,1834.54,1794.04,732.43,127.76,165.45,17.44,22.59,26.93,32.45
4749,7/14/21,600519,1803.04,1791.04,1803.54,1774.04,30771,6011814912,0.24,1791.04,1803.54,1774.04,711.33,127.76,172.3,17.96,24.22,22.38,29.89
4750,7/15/21,600519,1784.06,1827.03,1842.04,1779.64,42190,8391506176,0.34,1827.03,1842.04,1779.64,707.33,117.97,172.3,16.68,24.36,19.63,28.55
4751,7/16/21,600519,1809.04,1784.94,1825.64,1779.04,35408,6958296832,0.28,1784.94,1825.64,1779.04,710.32,108.97,172.9,15.34,24.34,19.38,27.46
4752,7/19/21,600519,1784.93,1804.04,1815.04,1770.04,30052,5900348160,0.24,1804.04,1815.04,1770.04,691.32,108.97,159.9,15.76,23.13,18.16,26.02
4753,7/20/21,600519,1804.04,1809.04,1817.97,1790.45,23475,4639300864,0.19,1809.04,1817.97,1790.45,691.14,111.9,155.2,16.19,22.46,17.37,24.19
4754,7/21/21,600519,1818.04,1798.04,1835.04,1791.05,29780,5902656256,0.24,1798.04,1835.04,1791.05,656.73,92.97,155.2,14.16,23.63,19.41,23.17
4755,7/22/21,600519,1789.04,1769.05,1802.94,1768.0,39090,7619076864,0.31,1769.05,1802.94,1768.0,598.17,92.97,158.15,15.54,26.44,21.26,21.82
4756,7/23/21,600519,1766.86,1729.04,1766.86,1724.13,47585,9057761792,0.38,1729.04,1766.86,1724.13,608.21,92.97,175.52,15.29,28.86,23.27,21.45
4757,7/26/21,600519,1708.04,1633.15,1708.04,1609.04,98619,17894360832,0.79,1633.15,1708.04,1609.04,674.22,92.97,265.62,13.79,39.4,27.51,23.45
4758,7/27/21,600519,1632.04,1541.93,1639.04,1532.04,86577,15230805760,0.69,1541.93,1639.04,1532.04,751.35,78.09,342.62,10.39,45.6,34.84,26.5
4759,7/28/21,600519,1532.04,1597.94,1617.24,1511.16,85369,14792471040,0.68,1597.94,1617.24,1511.16,821.43,78.09,332.49,9.51,40.48,42.46,29.92
4760,7/29/21,600519,1639.05,1578.83,1652.04,1563.38,63864,11299569920,0.51,1578.83,1652.04,1563.38,869.18,112.89,309.49,12.99,35.61,46.04,32.73
4761,7/30/21,600519,1554.04,1508.03,1554.04,1486.8,77736,13109724928,0.62,1508.03,1554.04,1486.8,902.93,100.02,386.07,11.08,42.76,51.52,36.39
4762,8/2/21,600519,1493.04,1584.04,1585.02,1449.76,97401,16515259136,0.78,1584.04,1585.02,1449.76,993.69,93.3,423.11,9.39,42.58,57.04,40.15
4763,8/3/21,600519,1559.04,1578.34,1598.03,1517.84,54375,9447823360,0.43,1578.34,1598.03,1517.84,1035.98,106.31,403.11,10.26,38.91,58.73,43.12
4764,8/4/21,600519,1563.1,1553.04,1589.04,1547.04,38175,6614683392,0.3,1553.04,1589.04,1547.04,1015.58,67.81,403.11,6.68,39.69,60.11,47.47
4765,8/5/21,600519,1521.92,1528.04,1574.04,1505.4,48060,8177369856,0.38,1528.04,1574.04,1505.4,1036.23,67.81,444.15,6.54,42.86,62.04,52.25
4766,8/6/21,600519,1518.04,1500.04,1523.05,1475.64,45686,7616109568,0.36,1500.04,1523.05,1475.64,1043.63,67.81,464.91,6.5,44.55,66.7,56.37
4767,8/9/21,600519,1480.04,1522.84,1538.04,1479.04,47698,8028155392,0.38,1522.84,1538.04,1479.04,1075.11,79.87,464.91,7.43,43.24,68.68,60.1
4768,8/10/21,600519,1529.04,1628.04,1631.92,1504.04,83285,14549496576,0.66,1628.04,1631.92,1504.04,1159.0,156.68,464.91,13.52,40.11,66.3,61.67
4769,8/11/21,600519,1609.05,1579.54,1614.05,1579.05,38663,6821292800,0.31,1579.54,1614.05,1579.05,1173.05,156.68,441.86,13.36,37.67,64.53,61.63
4770,8/12/21,600519,1561.04,1519.04,1578.04,1515.23,47551,8130692608,0.38,1519.04,1578.04,1515.23,1192.44,156.68,461.81,13.14,38.73,60.88,60.5
4771,8/13/21,600519,1519.04,1529.08,1542.04,1508.04,37905,6418412544,0.3,1529.08,1542.04,1508.04,1106.44,156.68,353.91,14.16,31.99,55.07,58.55
4772,8/16/21,600519,1525.04,1528.24,1542.64,1514.12,28057,4773049856,0.22,1528.24,1542.64,1514.12,1027.96,157.28,276.91,15.3,26.94,47.24,56.97
4773,8/17/21,600519,1529.04,1464.04,1529.04,1457.92,61201,10140292096,0.49,1464.04,1529.04,1457.92,993.0,157.28,312.23,15.84,31.44,40.96,54.82
4774,8/18/21,600519,1453.7,1449.04,1472.03,1429.04,59970,9701556224,0.48,1449.04,1472.03,1429.04,947.33,122.48,341.11,12.93,36.01,40.55,53.43
4775,8/19/21,600519,1451.26,1449.01,1472.24,1429.04,41292,6682355712,0.33,1449.01,1472.24,1429.04,898.5,122.69,264.53,13.65,29.44,38.72,51.62
4776,8/20/21,600519,1384.21,1377.04,1426.59,1354.54,114545,17825198336,0.91,1377.04,1426.59,1354.54,857.71,122.69,301.99,14.3,35.21,37.53,49.21
4777,8/23/21,600519,1366.92,1399.23,1428.04,1365.81,71597,11218832896,0.57,1399.23,1428.04,1365.81,839.75,111.13,301.99,13.23,35.96,38.79,46.93
4778,8/24/21,600519,1404.04,1454.22,1471.59,1394.81,72594,11703813888,0.58,1454.22,1471.59,1394.81,874.53,154.68,301.99,17.69,34.53,39.58,43.41
4779,8/25/21,600519,1476.68,1494.06,1509.91,1472.04,54239,9037626368,0.43,1494.06,1509.91,1472.04,861.58,193.0,260.35,22.4,30.22,36.55,38.76
4780,8/26/21,600519,1494.03,1424.04,1494.03,1423.76,54020,8722233088,0.43,1424.04,1494.03,1423.76,879.48,193.0,278.87,21.94,31.71,31.73,36.14
4781,8/27/21,600519,1418.04,1425.07,1454.04,1413.14,36095,5791426304,0.29,1425.07,1454.04,1413.14,861.38,178.01,289.49,20.67,33.61,29.6,34.16
4782,8/30/21,600519,1434.04,1415.04,1442.04,1374.99,51588,8098190336,0.41,1415.04,1442.04,1374.99,800.55,84.13,327.64,10.51,40.93,32.42,34.97
4783,8/31/21,600519,1418.84,1387.04,1445.39,1384.14,43677,6888080896,0.35,1387.04,1445.39,1384.14,812.81,87.48,327.64,10.76,40.31,34.36,36.58
4784,9/1/21,600519,1388.04,1451.05,1464.03,1360.14,77316,12370243328,0.62,1451.05,1464.03,1360.14,852.39,87.48,287.82,10.26,33.77,37.88,38.73
4785,9/2/21,600519,1462.03,1447.84,1472.04,1429.93,42837,6939707392,0.34,1447.84,1472.04,1429.93,860.5,95.49,280.63,11.1,32.61,43.61,40.08
4786,9/3/21,600519,1439.06,1487.26,1488.83,1411.04,52835,8631165696,0.42,1487.26,1488.83,1411.04,909.77,94.89,299.52,10.43,32.92,49.22,40.47
4787,9/6/21,600519,1478.04,1499.71,1537.2,1455.19,55338,9306030592,0.44,1499.71,1537.2,1455.19,920.66,143.26,243.32,15.56,26.43,49.56,39.58
4788,9/7/21,600519,1490.07,1498.04,1513.52,1480.04,31211,5204051712,0.25,1498.04,1513.52,1480.04,911.15,143.26,214.44,15.72,23.54,43.02,37.72
4789,9/8/21,600519,1489.04,1462.14,1500.22,1457.12,33064,5428265728,0.26,1462.14,1500.22,1457.12,911.05,143.05,237.36,15.7,26.05,37.51,35.93
4790,9/9/21,600519,1455.04,1463.12,1474.04,1453.05,19950,3257785760,0.16,1463.12,1474.04,1453.05,837.57,143.05,166.93,17.08,19.93,29.9,33.89
4791,9/10/21,600519,1463.12,1491.62,1497.84,1462.04,33388,5528034048,0.27,1491.62,1497.84,1462.04,811.14,165.4,166.93,20.39,20.58,21.77,32.69
4792,9/13/21,600519,1494.04,1483.04,1513.04,1469.14,27720,4605031680,0.22,1483.04,1513.04,1469.14,778.26,137.05,166.93,17.61,21.45,14.76,31.99
4793,9/14/21,600519,1488.04,1486.04,1512.04,1482.04,33761,5638962688,0.27,1486.04,1512.04,1482.04,752.57,98.73,166.93,13.12,22.18,14.73,32.14
4794,9/15/21,600519,1479.04,1444.78,1489.04,1439.04,41570,6781755392,0.33,1444.78,1489.04,1439.04,732.27,98.73,161.65,13.48,22.08,15.44,29.23
4795,9/16/21,600519,1432.04,1467.11,1473.04,1414.04,45968,7458455040,0.37,1467.11,1473.04,1414.04,750.37,98.73,176.03,13.16,23.46,15.99,26.75
4796,9/17/21,600519,1449.04,1515.04,1534.64,1449.04,55130,9242101504,0.44,1515.04,1534.64,1449.04,768.92,160.33,137.88,20.85,17.93,15.96,22.93
4797,9/22/21,600519,1487.87,1466.73,1517.04,1464.04,31743,5227723008,0.25,1466.73,1517.04,1464.04,760.67,156.98,137.88,20.64,18.13,16.97,19.37
4798,9/23/21,600519,1467.04,1464.04,1484.92,1454.12,30342,4964210176,0.24,1464.04,1484.92,1454.12,687.58,156.98,123.8,22.83,18.01,17.3,16.03
4799,9/24/21,600519,1457.04,1523.04,1549.02,1457.04,69537,11756596224,0.55,1523.04,1549.02,1457.04,737.45,213.07,123.8,28.89,16.79,17.44,16.08
4800,9/27/21,600519,1579.04,1684.04,1692.44,1579.04,126869,23270689792,1.01,1684.04,1692.44,1579.04,829.06,356.49,104.91,43.0,12.65,22.5,18.97
4801,9/28/21,600519,1677.04,1651.1,1689.04,1624.04,49221,8973408768,0.39,1651.1,1689.04,1624.04,812.05,308.12,104.91,37.94,12.92,26.01,21.0
4802,9/29/21,600519,1638.04,1649.04,1674.05,1614.94,43291,7870151680,0.34,1649.04,1674.05,1614.94,837.68,308.12,114.01,36.78,13.61,32.42,24.19
4803,9/30/21,600519,1647.22,1659.04,1679.26,1632.44,40539,7411735808,0.32,1659.04,1679.26,1632.44,841.4,313.33,91.09,37.24,10.83,40.5,28.73
4804,10/8/21,600519,1651.46,1668.64,1707.04,1636.27,47452,8780381184,0.38,1668.64,1707.04,1636.27,891.18,341.11,87.02,38.28,9.76,48.42,32.86
4805,10/11/21,600519,1668.55,1696.16,1718.94,1660.05,37676,7040475392,0.3,1696.16,1718.94,1660.05,914.27,329.21,87.02,36.01,9.52,53.7,35.57
4806,10/12/21,600519,1695.04,1700.03,1706.04,1671.46,30606,5688160768,0.24,1700.03,1706.04,1671.46,904.95,314.01,87.02,34.7,9.62,54.05,38.27
4807,10/13/21,600519,1699.04,1758.94,1778.99,1691.04,50143,9625769216,0.4,1758.94,1778.99,1691.04,962.9,386.96,87.02,40.19,9.04,56.39,41.2
4808,10/14/21,600519,1757.97,1740.04,1770.84,1725.04,26623,5097602304,0.21,1740.04,1770.84,1725.04,958.7,386.96,44.02,40.36,4.59,61.99,47.2
4809,10/15/21,600519,1719.14,1746.01,1759.03,1719.14,28561,5452953856,0.23,1746.01,1759.03,1719.14,939.59,386.96,24.92,41.18,2.65,67.48,53.99
4810,10/18/21,600519,1717.04,1629.04,1717.04,1616.04,69652,12651498496,0.55,1629.04,1717.04,1616.04,983.96,325.36,128.02,33.07,13.01,64.84,56.63
4811,10/19/21,600519,1629.04,1641.22,1667.84,1628.92,40315,7330114048,0.32,1641.22,1667.84,1628.92,969.88,325.36,128.02,33.55,13.2,62.4,58.05
4812,10/20/21,600519,1662.04,1670.04,1678.84,1635.05,28663,5246404608,0.23,1670.04,1678.84,1635.05,982.87,336.36,118.1,34.22,12.02,60.97,57.51
4813,10/21/21,600519,1670.14,1673.04,1689.04,1658.04,23019,4238584288,0.18,1673.04,1689.04,1658.04,921.89,282.46,118.1,30.64,12.81,57.26,56.83
4814,10/22/21,600519,1684.04,1730.04,1750.05,1683.04,35963,6794850048,0.29,1730.04,1750.05,1683.04,829.5,200.05,118.1,24.12,14.24,48.29,55.14
4815,10/25/21,600519,1709.04,1702.07,1714.05,1687.04,32461,6076219904,0.26,1702.07,1714.05,1687.04,807.5,200.05,118.1,24.77,14.63,37.94,52.71
4816,10/26/21,600519,1693.07,1690.09,1708.03,1673.04,21130,3934223712,0.17,1690.09,1708.03,1673.04,783.38,200.05,123.0,25.54,15.7,34.66,49.75
4817,10/27/21,600519,1681.34,1648.04,1687.34,1629.14,34647,6302270976,0.28,1648.04,1687.34,1629.14,797.51,194.84,166.9,24.43,20.93,28.69,45.55
4818,10/28/21,600519,1654.24,1654.53,1672.82,1631.04,29491,5383196160,0.23,1654.53,1672.82,1631.04,768.52,167.06,166.9,21.74,21.72,20.7,40.83
4819,10/29/21,600519,1654.04,1655.12,1677.04,1642.04,28776,5266898944,0.23,1655.12,1677.04,1642.04,744.63,159.38,166.9,21.4,22.41,14.24,35.75
4820,11/1/21,600519,1609.04,1632.04,1655.34,1589.04,41690,7486936320,0.33,1632.04,1655.34,1589.04,776.35,159.38,219.9,20.53,28.32,12.61,30.45
4821,11/2/21,600519,1625.74,1633.68,1673.26,1617.04,32500,5875341312,0.26,1633.68,1673.26,1617.04,744.62,104.35,219.9,14.01,29.53,14.25,26.1
4822,11/3/21,600519,1629.04,1594.04,1639.02,1590.23,27829,4958314496,0.22,1594.04,1639.02,1590.23,747.61,104.35,246.71,13.96,33.0,17.04,25.85
4823,11/4/21,600519,1606.98,1633.24,1645.04,1598.46,31130,5592211712,0.25,1633.24,1645.04,1598.46,758.72,110.37,240.81,14.55,31.74,21.94,25.32
4824,11/5/21,600519,1633.25,1648.98,1674.03,1633.25,27077,4956331264,0.22,1648.98,1674.03,1633.25,669.54,139.36,137.71,20.81,20.57,22.03,21.36
4825,11/8/21,600519,1649.04,1649.14,1659.84,1631.09,17706,3220439328,0.14,1649.14,1659.84,1631.09,659.37,139.36,139.87,21.14,21.21,21.68,17.96
4826,11/9/21,600519,1649.02,1619.05,1656.91,1611.04,27352,4915170048,0.22,1619.05,1656.91,1611.04,661.45,128.36,159.92,19.41,24.18,20.84,16.72
4827,11/10/21,600519,1619.05,1583.03,1624.04,1564.04,35349,6204803328,0.28,1583.03,1624.04,1564.04,690.45,118.16,206.92,17.11,29.97,19.45,16.85
4828,11/11/21,600519,1581.97,1598.64,1598.64,1570.54,22652,3987243280,0.18,1598.64,1598.64,1570.54,641.54,57.15,206.92,8.91,32.25,22.15,19.59
4829,11/12/21,600519,1607.04,1602.82,1614.09,1595.7,17607,3124400976,0.14,1602.82,1614.09,1595.7,616.93,72.6,206.92,11.77,33.54,23.97,22.95
4830,11/15/21,600519,1602.72,1590.18,1613.04,1579.04,24947,4410975488,0.2,1590.18,1613.04,1579.04,615.94,72.6,209.58,11.79,34.03,31.96,26.99
4831,11/16/21,600519,1597.04,1637.04,1647.04,1594.04,33526,6033536256,0.27,1637.04,1647.04,1594.04,611.85,106.6,165.68,17.42,27.08,35.54,28.61
4832,11/17/21,600519,1634.04,1624.04,1649.54,1619.05,24505,4411450880,0.2,1624.04,1649.54,1619.05,600.56,109.1,165.68,18.17,27.59,37.15,29.0
4833,11/18/21,600519,1610.26,1621.04,1636.04,1599.04,19521,3485674960,0.16,1621.04,1636.04,1599.04,602.56,104.88,185.69,17.41,30.82,37.24,28.34
4834,11/19/21,600519,1623.23,1657.45,1678.04,1617.24,31156,5699883776,0.25,1657.45,1678.04,1617.24,597.06,146.88,132.69,24.6,22.22,28.63,25.39
4835,11/22/21,600519,1678.04,1683.31,1738.04,1677.04,42573,7994018304,0.34,1683.31,1738.04,1677.04,621.43,188.96,132.69,30.41,21.35,23.54,23.75
4836,11/23/21,600519,1681.04,1725.47,1746.04,1681.04,45782,8676297728,0.36,1725.47,1746.04,1681.04,637.64,196.96,105.88,30.89,16.6,20.46,26.21
4837,11/24/21,600519,1729.04,1770.04,1795.04,1726.04,54512,10555736832,0.43,1770.04,1795.04,1726.04,656.21,239.94,105.88,36.56,16.14,23.3,29.42
4838,11/25/21,600519,1782.04,1785.07,1815.24,1775.29,39753,7803035392,0.32,1785.07,1815.24,1775.29,660.62,231.15,105.88,34.99,16.03,26.07,31.61
4839,11/26/21,600519,1793.87,1770.05,1796.04,1754.04,32656,6337346304,0.26,1770.05,1796.04,1754.04,673.87,231.15,124.97,34.3,18.55,26.4,31.82
4840,11/29/21,600519,1789.04,1814.04,1819.04,1780.12,42399,8372476160,0.34,1814.04,1819.04,1780.12,676.99,254.15,104.92,37.54,15.5,32.48,30.55
4841,11/30/21,600519,1814.44,1759.81,1818.94,1756.54,36925,7192172544,0.29,1759.81,1818.94,1756.54,679.39,254.15,81.5,37.41,12.0,38.14,30.84
4842,12/1/21,600519,1779.04,1762.03,1788.99,1748.06,26254,5071457024,0.21,1762.03,1788.99,1748.06,692.22,254.15,89.98,36.72,13.0,41.08,30.77
4843,12/2/21,600519,1769.04,1763.04,1771.19,1748.64,20422,3939731536,0.16,1763.04,1771.19,1748.64,696.38,238.7,89.98,34.28,12.92,42.16,32.73
4844,12/3/21,600519,1761.04,1800.92,1817.66,1760.09,35818,7045848064,0.29,1800.92,1817.66,1760.09,719.95,285.17,73.32,39.61,10.18,45.81,35.94
4845,12/6/21,600519,1812.04,1796.34,1819.04,1779.04,31064,6122543872,0.25,1796.34,1819.04,1779.04,703.09,252.55,73.32,35.92,10.43,50.01,38.2
4846,12/7/21,600519,1809.78,1784.91,1816.91,1775.77,36980,7286659584,0.29,1784.91,1816.91,1775.77,713.74,250.05,76.59,35.03,10.73,51.93,42.21
4847,12/8/21,600519,1793.92,1872.04,1874.04,1779.04,61048,12285102080,0.49,1872.04,1874.04,1779.04,771.74,307.18,56.58,39.8,7.33,54.84,46.49
4848,12/9/21,600519,1883.98,1915.59,1945.96,1874.04,64239,13404724480,0.51,1915.59,1945.96,1874.04,784.86,337.1,56.58,42.95,7.21,58.77,49.92
4849,12/10/21,600519,1889.04,1919.04,1924.82,1885.04,43148,8944582400,0.34,1919.04,1924.82,1885.04,744.05,277.1,56.58,37.24,7.6,62.24,52.2
4850,12/13/21,600519,1983.04,1947.24,2009.04,1947.04,65807,14139012352,0.52,1947.24,2009.04,1947.04,769.05,353.32,56.58,45.94,7.36,64.46,55.13
4851,12/14/21,600519,1947.24,1979.04,1996.94,1929.04,40449,8673733632,0.32,1979.04,1996.94,1929.04,767.38,304.32,74.58,39.66,9.72,65.39,57.7
4852,12/15/21,600519,1971.19,1964.04,1993.99,1954.06,30078,6444715008,0.24,1964.04,1993.99,1954.06,762.11,284.12,74.58,37.28,9.79,66.28,59.11
4853,12/16/21,600519,1944.04,1948.03,1973.09,1915.27,37211,7865499392,0.3,1948.03,1973.09,1915.27,777.93,284.12,92.12,36.52,11.84,63.3,59.07
4854,12/17/21,600519,1929.54,1879.74,1937.04,1865.04,48403,9988869888,0.39,1879.74,1937.04,1865.04,811.93,261.12,142.35,32.16,17.53,56.33,57.55
4855,12/20/21,600519,1879.74,1888.0,1914.7,1870.04,32258,6654596608,0.26,1888.0,1914.7,1870.04,794.19,261.12,118.77,32.88,14.95,51.56,56.9
4856,12/21/21,600519,1874.04,1867.24,1898.17,1841.87,26286,5354186496,0.21,1867.24,1898.17,1841.87,809.56,261.12,138.46,32.25,17.1,44.61,54.53
4857,12/22/21,600519,1869.04,1877.04,1892.04,1869.04,17431,3570928368,0.14,1877.04,1892.04,1869.04,811.81,261.12,138.46,32.17,17.06,39.63,52.51
4858,12/23/21,600519,1882.04,1949.04,1949.04,1854.04,39099,8126298112,0.31,1949.04,1949.04,1854.04,849.24,271.65,138.46,31.99,16.3,35.3,50.79
4859,12/24/21,600519,1977.92,2023.13,2046.0,1977.92,56130,12295953408,0.45,2023.13,2046.0,1977.92,906.2,367.23,138.46,40.52,15.28,34.34,48.82
4860,12/27/21,600519,1997.04,1960.86,1997.04,1941.04,37556,8020677632,0.3,1960.86,1997.04,1941.04,947.15,367.23,172.07,38.77,18.17,35.46,45.9
4861,12/28/21,600519,1962.04,1967.22,1984.54,1945.64,27651,5901940736,0.22,1967.22,1984.54,1945.64,891.05,310.1,172.07,34.8,19.31,33.99,42.78
4862,12/29/21,600519,1979.04,1870.04,1983.29,1870.04,54049,11195625216,0.43,1870.04,1983.29,1870.04,930.38,238.18,247.67,25.6,26.62,29.2,36.91
4863,12/30/21,600519,1870.04,1904.04,1918.02,1857.04,35261,7272866560,0.28,1904.04,1918.02,1857.04,951.58,238.18,260.67,25.03,27.39,24.83,32.23
4864,12/31/21,600519,1899.04,1879.04,1902.02,1857.04,29665,6061415424,0.24,1879.04,1902.02,1857.04,908.58,153.96,260.67,16.95,28.69,23.71,29.51
4865,1/4/22,600519,1884.04,1880.27,1897.99,1843.04,33843,6913653248,0.27,1880.27,1897.99,1843.04,895.63,153.96,256.67,17.19,28.66,20.34,27.34
4866,1/5/22,600519,1874.04,1853.04,1894.04,1847.04,28396,5774992128,0.23,1853.04,1894.04,1847.04,902.7,153.96,256.67,17.06,28.43,18.48,26.97
4867,1/6/22,600519,1851.05,1811.26,1865.04,1767.55,51795,10226933760,0.41,1811.26,1865.04,1767.55,942.37,153.96,297.37,16.34,31.56,19.0,26.49
4868,1/7/22,600519,1804.04,1771.04,1817.92,1768.36,29817,5831695360,0.24,1771.04,1817.92,1768.36,908.94,153.96,247.14,16.94,27.19,22.55,25.87
4869,1/10/22,600519,1757.05,1795.04,1806.04,1746.59,29627,5792738048,0.24,1795.04,1806.04,1746.59,923.73,153.96,268.91,16.67,29.11,26.33,25.58
4870,1/11/22,600519,1777.04,1769.59,1794.04,1760.21,22277,4332180736,0.18,1769.59,1794.04,1760.21,902.26,153.96,240.74,17.06,26.68,25.7,24.7
4871,1/12/22,600519,1777.04,1796.04,1807.84,1777.04,27474,5384359680,0.22,1796.04,1807.84,1777.04,915.71,167.76,240.74,18.32,26.29,24.51,22.42
4872,1/13/22,600519,1793.86,1706.43,1797.03,1694.6,56747,10781720576,0.45,1706.43,1797.03,1694.6,923.14,110.76,323.18,12.0,35.01,28.5,23.49
4873,1/14/22,600519,1706.43,1696.04,1722.04,1692.04,29322,5506185984,0.23,1696.04,1722.04,1692.04,856.18,13.8,325.74,1.61,38.05,38.51,28.76
4874,1/17/22,600519,1697.04,1690.65,1707.34,1664.38,27354,5074077696,0.22,1690.65,1707.34,1664.38,817.05,13.8,316.52,1.69,38.74,49.92,36.23
4875,1/18/22,600519,1690.72,1721.31,1737.89,1681.04,31216,5906705920,0.25,1721.31,1737.89,1681.04,835.0,44.35,316.52,5.31,37.91,57.96,42.14
4876,1/19/22,600519,1748.04,1741.04,1748.04,1717.92,26371,5026993408,0.21,1741.04,1748.04,1717.92,751.87,54.5,240.92,7.25,32.04,64.81,45.25
4877,1/20/22,600519,1745.04,1798.56,1809.03,1745.04,34014,6665294848,0.27,1798.56,1809.03,1745.04,758.88,115.49,227.92,15.22,30.03,67.29,45.9
4878,1/21/22,600519,1789.04,1814.03,1822.53,1780.05,30813,6091427584,0.25,1814.03,1822.53,1780.05,754.36,128.99,227.92,17.1,30.21,63.75,46.12
4879,1/24/22,600519,1784.04,1779.24,1813.04,1760.48,23986,4685441792,0.19,1779.24,1813.04,1760.48,752.96,128.99,233.49,17.13,31.01,53.24,45.88
4880,1/25/22,600519,1772.04,1772.04,1795.04,1760.04,25510,4971078400,0.2,1772.04,1795.04,1760.04,740.96,128.99,233.93,17.41,31.57,42.79,46.35
4881,1/26/22,600519,1771.08,1784.04,1798.04,1748.04,23905,4655706624,0.19,1784.04,1798.04,1748.04,693.47,128.99,166.44,18.6,24.0,32.33,45.14
4882,1/27/22,600519,1830.05,1794.04,1839.86,1781.04,42665,8450329088,0.34,1794.04,1839.86,1781.04,702.73,170.81,166.44,24.31,23.68,22.03,43.42
4883,1/28/22,600519,1784.04,1716.04,1797.04,1709.05,41020,7889492992,0.33,1716.04,1797.04,1709.05,731.27,170.81,216.66,23.36,29.63,18.54,42.92
4884,2/7/22,600519,1730.03,1697.0,1742.6,1679.04,35150,6601799680,0.28,1697.0,1742.6,1679.04,760.0,170.81,246.67,22.48,32.46,16.95,40.35
4885,2/8/22,600519,1697.92,1668.04,1701.91,1619.04,41713,7585130496,0.33,1668.04,1701.91,1619.04,804.62,157.01,306.67,19.51,38.11,17.53,35.39
4886,2/9/22,600519,1668.13,1725.02,1737.04,1656.01,33885,6346699776,0.27,1725.02,1737.04,1656.01,783.22,192.14,224.23,24.53,28.63,13.99,28.39
4887,2/10/22,600519,1729.04,1702.04,1734.94,1686.43,23032,4315456768,0.18,1702.04,1734.94,1686.43,801.73,192.14,221.67,23.97,27.65,13.07,22.7
4888,2/11/22,600519,1686.04,1679.01,1729.83,1670.04,33746,6296909568,0.27,1679.01,1729.83,1670.04,818.56,192.14,210.4,23.47,25.7,13.61,17.82
4889,2/14/22,600519,1669.04,1697.71,1706.04,1666.35,20196,3762313344,0.16,1697.71,1706.04,1666.35,801.4,161.59,214.09,20.16,26.71,13.97,16.26
4890,2/15/22,600519,1697.84,1719.66,1740.04,1688.04,27106,5131842048,0.22,1719.66,1740.04,1688.04,823.28,185.44,214.09,22.52,26.0,12.13,14.54
4891,2/16/22,600519,1729.04,1721.59,1736.04,1717.04,14587,2769034320,0.12,1721.59,1736.04,1717.04,774.29,124.45,214.09,16.07,27.65,11.17,14.35
4892,2/17/22,600519,1729.65,1716.03,1740.52,1710.04,18214,3450265040,0.14,1716.03,1740.52,1710.04,762.29,110.95,221.09,14.55,29.0,15.41,14.7
4893,2/18/22,600519,1706.67,1736.04,1737.02,1694.7,19385,3670339744,0.15,1736.04,1737.02,1694.7,751.06,110.95,216.86,14.77,28.87,19.61,16.34
4894,2/21/22,600519,1729.04,1706.03,1735.94,1697.99,20816,3920377360,0.17,1706.03,1735.94,1697.99,754.11,110.95,216.42,14.71,28.7,24.22,18.92
4895,2/22/22,600519,1689.05,1636.91,1690.04,1629.06,52299,9473992704,0.42,1636.91,1690.04,1629.06,781.08,110.95,273.35,14.2,35.0,28.93,21.45
4896,2/23/22,600519,1640.45,1656.05,1663.04,1629.12,28112,5118197760,0.22,1656.05,1663.04,1629.12,756.18,69.13,273.35,9.14,36.15,37.68,24.91
4897,2/24/22,600519,1637.04,1593.15,1643.03,1577.14,65359,11578557184,0.52,1593.15,1643.03,1577.14,747.1,69.13,253.34,9.25,33.91,42.78,26.98
4898,2/25/22,600519,1604.04,1628.1,1637.32,1604.04,38979,6999524096,0.31,1628.1,1637.32,1604.04,727.71,69.13,223.33,9.5,30.69,46.04,30.73
4899,2/28/22,600519,1616.1,1619.44,1626.04,1596.04,28923,5158148352,0.23,1619.44,1626.04,1596.04,676.9,69.13,171.33,10.21,25.31,47.74,33.67
4900,3/1/22,600519,1631.04,1687.52,1692.61,1631.04,47379,8721229312,0.38,1687.52,1692.61,1631.04,669.04,100.57,171.33,15.03,25.61,46.71,35.47
4901,3/2/22,600519,1669.04,1673.92,1680.03,1654.04,20074,3690612336,0.16,1673.92,1680.03,1654.04,654.01,100.57,171.33,15.38,26.2,44.01,36.47
4902,3/3/22,600519,1674.84,1629.04,1679.29,1623.04,31547,5703580672,0.25,1629.04,1679.29,1623.04,650.47,100.57,185.94,15.46,28.59,39.03,38.36
4903,3/4/22,600519,1601.04,1609.54,1621.93,1584.14,31047,5509157632,0.25,1609.54,1621.93,1584.14,655.68,100.57,221.15,15.34,33.73,35.76,39.27
4904,3/7/22,600519,1589.24,1536.04,1597.04,1532.84,49156,8487507456,0.39,1536.04,1597.04,1532.84,680.38,66.57,272.45,9.78,40.04,37.09,41.57
4905,3/8/22,600519,1589.02,1582.24,1615.7,1561.04,57215,10087484416,0.46,1582.24,1615.7,1561.04,741.04,85.23,272.45,11.5,36.77,38.73,43.24
4906,3/9/22,600519,1593.14,1608.22,1634.04,1550.15,56434,10018589952,0.45,1608.22,1634.04,1550.15,794.45,103.57,265.45,13.04,33.41,41.71,44.21
4907,3/10/22,600519,1637.04,1623.47,1650.04,1620.04,36462,6587438848,0.29,1623.47,1650.04,1620.04,793.95,119.57,250.11,15.06,31.5,43.25,43.63
4908,3/11/22,600519,1595.04,1598.05,1606.04,1547.12,47727,8335618304,0.38,1598.05,1606.04,1547.12,832.25,119.57,323.03,14.37,38.81,45.95,42.49
4909,3/14/22,600519,1559.04,1529.04,1579.04,1529.04,49007,8416841984,0.39,1529.04,1579.04,1529.04,824.29,119.57,272.18,14.51,33.02,46.2,40.98
4910,3/15/22,600519,1479.04,1432.04,1514.04,1432.04,89056,14567142656,0.71,1432.04,1514.04,1432.04,887.37,119.57,369.18,13.47,41.6,44.59,40.84
4911,3/16/22,600519,1463.04,1503.99,1512.94,1422.04,77593,12753010176,0.62,1503.99,1512.94,1422.04,899.36,119.57,327.2,13.3,36.38,43.61,41.17
4912,3/17/22,600519,1549.04,1549.19,1584.04,1540.7,68352,11843531776,0.54,1549.19,1584.04,1540.7,935.24,190.67,327.2,20.39,34.99,40.69,41.2
4913,3/18/22,600519,1547.04,1536.83,1574.04,1521.32,38349,6564085504,0.31,1536.83,1574.04,1521.32,955.9,190.67,338.58,19.95,35.42,39.46,41.36
4914,3/21/22,600519,1553.04,1533.34,1554.69,1524.05,27877,4763083264,0.22,1533.34,1554.69,1524.05,913.37,124.1,338.58,13.59,37.07,39.53,42.74
4915,3/22/22,600519,1552.92,1524.04,1552.92,1515.37,21054,3578291200,0.17,1524.04,1552.92,1515.37,917.44,124.1,347.26,13.53,37.85,40.93,43.56
4916,3/23/22,600519,1534.04,1581.23,1599.04,1526.04,58067,10096341504,0.46,1581.23,1599.04,1526.04,936.19,170.22,316.26,18.18,33.78,37.42,41.0
4917,3/24/22,600519,1567.04,1549.97,1569.04,1546.39,25815,4457504512,0.21,1549.97,1569.04,1546.39,926.13,170.22,277.36,18.38,29.95,33.66,38.63
4918,3/25/22,600519,1541.04,1519.04,1563.04,1514.04,29709,5054831360,0.24,1519.04,1563.04,1514.04,898.43,170.22,258.41,18.95,28.76,32.7,36.69
4919,3/28/22,600519,1454.04,1489.84,1493.84,1433.04,57542,9392007936,0.46,1489.84,1493.84,1433.04,904.77,151.56,339.41,16.75,37.51,34.42,36.94
4920,3/29/22,600519,1490.54,1496.04,1520.54,1490.54,25935,4343365376,0.21,1496.04,1520.54,1490.54,851.58,159.92,339.41,18.78,39.86,32.68,36.1
4921,3/30/22,600519,1527.04,1559.14,1559.14,1524.04,42433,7276379136,0.34,1559.14,1559.14,1524.04,872.86,182.52,339.41,20.91,38.88,29.8,35.36
4922,3/31/22,600519,1549.04,1548.04,1567.64,1537.84,25174,4338022912,0.2,1548.04,1567.64,1537.84,826.31,191.02,266.49,23.12,32.25,27.55,32.48
4923,4/1/22,600519,1558.98,1609.05,1622.04,1550.73,44862,7936957184,0.36,1609.05,1622.04,1550.73,831.3,245.42,248.41,29.52,29.88,23.66,28.66
4924,4/6/22,600519,1582.04,1594.04,1617.77,1582.04,27820,4910792448,0.22,1594.04,1617.77,1582.04,770.03,245.42,151.41,31.87,19.66,24.18,28.44
4925,4/7/22,600519,1587.04,1594.04,1614.04,1579.14,20196,3568182336,0.16,1594.04,1614.04,1579.14,714.03,245.42,144.31,34.37,20.21,22.12,28.27
4926,4/8/22,600519,1597.04,1613.04,1617.74,1595.58,22941,4081618544,0.18,1613.04,1617.74,1595.58,657.68,178.02,144.31,27.07,21.94,17.88,25.28
4927,4/11/22,600519,1599.04,1549.04,1599.04,1535.07,43864,7568782592,0.35,1549.04,1599.04,1535.07,682.93,178.02,185.44,26.07,27.15,13.21,21.5
4928,4/12/22,600519,1558.04,1611.04,1617.01,1537.04,41630,7284546304,0.33,1611.04,1617.01,1537.04,732.26,195.99,185.44,26.77,25.32,10.92,19.23
4929,4/13/22,600519,1596.04,1598.04,1624.04,1580.12,31148,5534915840,0.25,1598.04,1624.04,1580.12,738.63,203.02,176.76,27.49,23.93,11.97,17.81
4930,4/14/22,600519,1617.04,1638.04,1664.94,1609.24,37650,6834657280,0.3,1638.04,1664.94,1609.24,730.53,197.8,176.76,27.08,24.2,8.96,16.57
4931,4/15/22,600519,1631.24,1635.03,1647.04,1624.93,21041,3800797632,0.17,1635.03,1647.04,1624.93,717.8,197.8,176.76,27.56,24.63,5.57,13.85
4932,4/18/22,600519,1610.17,1619.86,1627.04,1597.04,19793,3525102976,0.16,1619.86,1627.04,1597.04,706.79,197.8,172.3,27.99,24.38,4.97,11.42
4933,4/19/22,600519,1629.04,1619.34,1662.03,1604.54,24205,4359852032,0.19,1619.34,1662.03,1604.54,678.28,232.79,91.3,34.32,13.46,11.91,12.56
4934,4/20/22,600519,1630.73,1626.04,1649.04,1597.72,24156,4342043392,0.19,1626.04,1649.04,1597.72,698.9,206.09,98.12,29.49,14.04,17.36,14.14
4935,4/21/22,600519,1619.24,1609.02,1635.04,1599.04,28953,5160787968,0.23,1609.02,1635.04,1599.04,671.8,167.49,98.12,24.93,14.61,20.57,16.27
4936,4/22/22,600519,1592.04,1602.04,1616.92,1589.22,27900,4955360768,0.22,1602.04,1616.92,1589.22,669.7,158.99,107.94,23.74,16.12,22.82,15.89
4937,4/25/22,600519,1579.04,1537.04,1605.54,1531.04,53658,9352986880,0.43,1537.04,1605.54,1531.04,670.2,104.59,166.12,15.61,24.79,25.67,15.62
4938,4/26/22,600519,1532.37,1561.52,1578.02,1529.04,44564,7692845312,0.35,1561.52,1578.02,1529.04,683.45,104.59,168.12,15.3,24.6,28.4,16.69
4939,4/27/22,600519,1596.16,1623.96,1639.04,1596.16,57402,10289893120,0.46,1623.96,1639.04,1596.16,726.07,165.61,165.22,22.81,22.76,21.15,16.53
4940,4/28/22,600519,1622.04,1664.04,1674.04,1615.54,44010,8038681856,0.35,1664.04,1674.04,1615.54,760.87,196.91,165.22,25.88,21.71,16.69,17.03
4941,4/29/22,600519,1665.04,1657.42,1678.04,1640.02,34885,6384066560,0.28,1657.42,1678.04,1640.02,720.92,200.91,104.71,27.87,14.52,17.58,19.07
4942,5/5/22,600519,1659.04,1666.04,1699.04,1658.02,33661,6235017472,0.27,1666.04,1699.04,1658.02,682.57,203.94,104.71,29.88,15.34,19.75,21.28
4943,5/6/22,600519,1644.03,1622.04,1648.04,1610.04,28596,5138176768,0.23,1622.04,1648.04,1610.04,694.65,196.91,152.69,28.35,21.98,18.07,21.87
4944,5/9/22,600519,1609.04,1581.04,1609.04,1567.04,30352,5324616192,0.24,1581.04,1609.04,1567.04,682.75,156.01,195.69,22.85,28.66,16.07,22.24
4945,5/10/22,600519,1549.04,1595.23,1614.0,1534.05,40119,7018451200,0.32,1595.23,1614.0,1534.05,740.59,156.01,228.68,21.07,30.88,19.2,20.17
4946,5/11/22,600519,1584.04,1597.04,1617.52,1581.04,30313,5372950016,0.24,1597.04,1617.52,1581.04,739.08,159.53,200.79,21.58,27.17,19.65,18.17
4947,5/12/22,600519,1582.04,1591.71,1607.04,1579.04,22038,3888480080,0.18,1591.71,1607.04,1579.04,709.59,124.54,202.79,17.55,28.58,18.39,17.99
4948,5/13/22,600519,1609.04,1607.28,1626.98,1595.04,20731,3690141232,0.17,1607.28,1626.98,1595.04,693.54,144.48,195.97,20.83,28.26,15.55,17.65
4949,5/16/22,600519,1626.04,1587.04,1626.04,1571.71,27765,4881208576,0.22,1587.04,1626.04,1571.71,711.87,144.48,219.3,20.3,30.81,16.87,17.47
4950,5/17/22,600519,1598.92,1597.04,1604.04,1584.04,20145,3557048800,0.16,1597.04,1604.04,1584.04,704.17,144.48,209.48,20.52,29.75,18.05,17.06
4951,5/18/22,600519,1602.7,1590.04,1602.96,1572.06,24850,4362487040,0.2,1590.04,1602.96,1572.06,660.57,144.48,163.28,21.87,24.72,15.92,17.56
4952,5/19/22,600519,1574.04,1585.04,1586.04,1568.04,19776,3459059184,0.16,1585.04,1586.04,1568.04,633.59,144.48,165.3,22.8,26.09,15.13,17.39
4953,5/20/22,600519,1589.03,1629.05,1630.19,1581.04,41950,7493460224,0.33,1629.05,1630.19,1581.04,605.22,127.61,165.3,21.08,27.31,13.29,15.84
4954,5/23/22,600519,1629.04,1610.04,1632.93,1601.04,22157,3950856592,0.18,1610.04,1632.93,1601.04,578.61,95.35,165.3,16.48,28.57,15.24,15.4
4955,5/24/22,600519,1615.04,1589.04,1616.04,1584.54,27342,4824599808,0.22,1589.04,1616.04,1584.54,572.09,91.35,181.8,15.97,31.78,17.34,17.1
4956,5/25/22,600519,1594.31,1584.55,1601.04,1576.04,22389,3929477104,0.18,1584.55,1601.04,1576.04,555.47,70.35,190.3,12.66,34.26,21.94,20.0
4957,5/26/22,600519,1590.04,1571.84,1590.04,1559.04,28053,4888109312,0.22,1571.84,1590.04,1559.04,530.47,70.35,159.32,13.26,30.03,27.38,21.65
4958,5/27/22,600519,1589.03,1584.2,1609.04,1582.05,25120,4436904960,0.2,1584.2,1609.04,1582.05,512.67,89.35,116.32,17.43,22.69,28.45,21.79
4959,5/30/22,600519,1595.04,1607.45,1619.59,1595.04,34466,6135631360,0.27,1607.45,1619.59,1595.04,468.11,99.9,83.33,21.34,17.8,27.81,20.55
4960,5/31/22,600519,1603.81,1633.07,1643.94,1596.02,40751,7329201152,0.32,1633.07,1643.94,1596.02,479.55,120.73,83.33,25.18,17.38,26.39,20.82
4961,6/1/22,600519,1631.04,1617.29,1643.82,1608.04,21760,3897858992,0.17,1617.29,1643.82,1608.04,487.33,120.73,81.33,24.77,16.69,24.12,20.73
4962,6/2/22,600519,1617.01,1615.04,1624.84,1609.04,16915,3019718032,0.13,1615.04,1624.84,1609.04,467.86,100.79,81.33,21.54,17.38,18.23,20.09
4963,6/6/22,600519,1619.04,1617.04,1624.04,1587.04,36741,6535329280,0.29,1617.04,1624.04,1587.04,450.53,100.79,80.0,22.37,17.76,13.69,20.54
4964,6/7/22,600519,1613.18,1646.94,1654.04,1599.35,35049,6356030976,0.28,1646.94,1654.04,1599.35,485.22,130.79,80.0,26.95,16.49,15.53,21.99
4965,6/8/22,600519,1654.04,1694.64,1711.04,1654.04,44354,8236953856,0.35,1694.64,1711.04,1654.04,518.42,187.79,68.02,36.22,13.12,21.82,24.82
4966,6/9/22,600519,1701.04,1682.04,1717.39,1678.04,26329,4897066752,0.21,1682.04,1717.39,1678.04,535.77,194.14,64.0,36.24,11.95,27.17,26.78
4967,6/10/22,600519,1674.05,1729.64,1736.04,1664.04,47345,8882462720,0.38,1729.64,1736.04,1664.04,558.62,168.64,64.0,30.19,11.46,31.42,27.77
4968,6/13/22,600519,1719.04,1685.04,1721.04,1677.12,36755,6847248896,0.29,1685.04,1721.04,1677.12,579.25,165.9,64.0,28.64,11.05,37.02,27.63
4969,6/14/22,600519,1663.04,1700.04,1704.46,1661.04,29416,5467949312,0.23,1700.04,1704.46,1661.04,591.17,165.9,63.58,28.06,10.75,42.54,28.12
4970,6/15/22,600519,1699.04,1704.14,1734.04,1692.03,33664,6354868992,0.27,1704.14,1734.04,1692.03,608.18,195.48,55.08,32.14,9.06,47.86,31.69
4971,6/16/22,600519,1723.63,1706.04,1736.67,1704.37,26887,5087605504,0.21,1706.04,1736.67,1704.37,609.71,198.11,38.08,32.49,6.25,51.35,36.59
4972,6/17/22,600519,1707.13,1780.04,1781.04,1707.13,50542,9749530880,0.4,1780.04,1781.04,1707.13,647.51,223.48,38.08,34.51,5.88,54.76,40.96
4973,6/20/22,600519,1779.04,1771.06,1799.04,1759.04,34975,6802792448,0.28,1771.06,1799.04,1759.04,652.12,230.93,38.08,35.41,5.84,59.21,45.31
4974,6/21/22,600519,1778.04,1774.78,1796.03,1757.04,23717,4617805056,0.19,1774.78,1796.03,1757.04,643.19,206.58,40.08,32.12,6.23,63.08,50.05
4975,6/22/22,600519,1784.04,1765.04,1787.04,1761.04,19647,3813775296,0.16,1765.04,1787.04,1761.04,633.41,206.58,40.08,32.61,6.33,66.89,54.72
4976,6/23/22,600519,1771.74,1786.14,1794.08,1769.04,26844,5239860480,0.21,1786.14,1794.08,1769.04,646.65,213.62,40.08,33.03,6.2,68.96,58.41
4977,6/24/22,600519,1799.04,1838.05,1849.04,1794.04,39635,7921199872,0.32,1838.05,1849.04,1794.04,672.55,268.58,18.08,39.93,2.69,72.23,61.79
4978,6/27/22,600519,1848.98,1839.59,1878.98,1829.34,40115,8124449024,0.32,1839.59,1878.98,1829.34,667.5,268.52,18.08,40.23,2.71,74.98,64.87
4979,6/28/22,600519,1848.78,1865.04,1870.04,1830.04,25246,5112298752,0.2,1865.04,1870.04,1830.04,643.4,211.52,18.08,32.88,2.81,77.07,68.14
4980,6/29/22,600519,1857.04,1859.04,1871.04,1840.05,30360,6142508544,0.24,1859.04,1871.04,1840.05,635.04,206.17,18.08,32.47,2.85,79.8,71.44
4981,6/30/22,600519,1850.72,1895.72,1927.72,1850.71,38982,7984019456,0.31,1895.72,1927.72,1850.71,640.05,244.2,18.08,38.15,2.82,82.92,74.91
4982,7/1/22,600519,1905.72,1879.77,1918.49,1865.93,21596,4385555200,0.17,1879.77,1918.49,1865.93,640.09,244.2,18.08,38.15,2.82,85.89,77.42
4983,7/4/22,600519,1870.73,1868.72,1875.01,1851.73,25076,5042804224,0.2,1868.72,1875.01,1851.73,624.71,244.2,16.2,39.09,2.59,85.92,79.07
4984,7/5/22,600519,1876.0,1883.73,1905.17,1860.72,26329,5345189888,0.21,1883.73,1905.17,1860.72,627.15,244.78,16.2,39.03,2.58,85.95,80.46
4985,7/6/22,600519,1882.72,1852.72,1889.72,1836.72,32752,6566374912,0.26,1852.72,1889.72,1836.72,647.62,242.15,40.2,37.39,6.21,83.83,80.45
4986,7/7/22,600519,1855.72,1840.72,1860.07,1835.73,20932,4179088240,0.17,1840.72,1860.07,1835.73,596.96,197.78,41.19,33.13,6.9,80.77,80.29
4987,7/8/22,600519,1855.72,1849.72,1865.61,1846.88,15644,3134903456,0.12,1849.72,1865.61,1846.88,581.85,185.32,41.19,31.85,7.08,77.01,79.96
4988,7/11/22,600519,1840.92,1814.32,1845.49,1801.22,23949,4709248256,0.19,1814.32,1845.49,1801.22,591.36,185.32,84.85,31.34,14.35,68.84,77.36
4989,7/12/22,600519,1815.72,1799.13,1823.52,1780.78,23447,4562731381,0.19,1799.13,1823.52,1780.78,608.1,185.32,105.29,30.48,17.31,58.83,72.37
4990,7/13/22,600519,1795.72,1809.61,1822.72,1791.39,19854,3893406034,0.16,1809.61,1822.72,1791.39,610.39,178.28,105.29,29.21,17.25,48.52,67.24
4991,7/14/22,600519,1810.72,1803.72,1827.52,1791.72,20527,4014985518,0.16,1803.72,1827.52,1791.72,583.29,128.12,105.29,21.97,18.05,38.23,61.03
4992,7/15/22,600519,1795.83,1800.22,1850.4,1795.23,33416,6588730699,0.27,1800.22,1850.4,1795.23,588.82,121.06,105.29,20.56,17.88,28.47,54.62
4993,7/18/22,600519,1803.08,1802.38,1809.72,1772.72,24221,4701936868,0.19,1802.38,1809.72,1772.72,585.82,121.06,127.8,20.67,21.82,18.32,47.66
4994,7/19/22,600519,1795.72,1793.82,1802.37,1776.72,21956,4250852886,0.17,1793.82,1802.37,1776.72,580.49,120.06,127.8,20.68,22.02,12.64,40.74
4995,7/20/22,600519,1809.47,1800.82,1820.72,1795.72,18705,3659970961,0.15,1800.82,1820.72,1795.72,530.38,81.73,127.8,15.41,24.1,11.72,35.28
4996,7/21/22,600519,1793.82,1789.72,1806.62,1785.23,14061,2735503093,0.11,1789.72,1806.62,1785.23,499.21,81.73,138.29,16.37,27.7,11.71,30.12
4997,7/22/22,600519,1799.94,1797.72,1812.72,1785.72,25114,4894378605,0.2,1797.72,1812.72,1785.72,498.17,87.83,124.09,17.63,24.91,12.93,25.58
4998,7/25/22,600519,1800.23,1795.37,1803.02,1781.72,16912,3285451347,0.13,1795.37,1803.02,1781.72,475.02,57.67,128.09,12.14,26.97,18.09,23.28
4999,7/26/22,600519,1803.71,1800.93,1815.69,1797.74,20685,4041100077,0.16,1800.93,1815.69,1797.74,442.34,70.34,104.09,15.9,23.53,20.86,19.59
5000,7/27/22,600519,1792.72,1770.32,1798.72,1767.72,21490,4149807166,0.17,1770.32,1798.72,1767.72,451.21,70.34,133.12,15.59,29.5,25.49,19.06
5001,7/28/22,600519,1771.82,1748.72,1788.72,1743.38,34870,6669448409,0.28,1748.72,1788.72,1743.38,471.66,64.8,157.46,13.74,33.38,28.77,20.24
5002,7/29/22,600519,1745.82,1749.16,1769.71,1728.82,37032,7028415881,0.29,1749.16,1769.71,1728.82,464.05,64.8,126.36,13.96,27.23,29.85,20.78
5003,8/1/22,600519,1740.73,1741.02,1758.72,1731.9,21037,3988198590,0.17,1741.02,1758.72,1731.9,448.13,64.8,105.92,14.46,23.64,31.02,21.97
5004,8/2/22,600519,1730.72,1730.7,1738.7,1708.73,28221,5284516568,0.22,1730.7,1738.7,1708.73,449.09,64.8,129.09,14.43,28.74,30.22,24.16
5005,8/3/22,600519,1740.71,1735.72,1754.72,1727.72,24598,4642442196,0.2,1735.72,1754.72,1727.72,440.29,76.02,129.09,17.27,29.32,31.31,26.09
5006,8/4/22,600519,1740.72,1766.73,1773.82,1730.85,30357,5797110733,0.24,1766.73,1773.82,1730.85,428.09,72.24,129.09,16.87,30.15,30.87,28.18
5007,8/5/22,600519,1778.52,1774.68,1785.72,1755.62,20086,3857406327,0.16,1774.68,1785.72,1755.62,421.19,84.14,106.58,19.98,25.3,25.89,27.33
5008,8/8/22,600519,1765.87,1762.25,1783.6,1758.23,16799,3220702892,0.13,1762.25,1783.6,1758.23,420.9,84.14,106.58,19.99,25.32,22.48,26.17
5009,8/9/22,600519,1762.25,1760.72,1769.71,1755.72,13875,2651800008,0.11,1760.72,1769.71,1755.72,407.99,65.79,109.09,16.13,26.74,22.59,26.8
5010,8/10/22,600519,1760.7,1726.72,1768.72,1715.3,27927,5259452686,0.22,1726.72,1768.72,1715.3,440.02,65.79,139.02,14.95,31.59,23.03,26.63
5011,8/11/22,600519,1736.72,1757.62,1757.72,1728.73,26061,4940834195,0.21,1757.62,1757.72,1728.73,444.02,59.69,139.02,13.44,31.31,25.37,28.34
5012,8/12/22,600519,1757.62,1778.72,1780.72,1750.72,20260,3882570566,0.16,1778.72,1780.72,1750.72,452.72,82.69,135.02,18.27,29.82,24.67,27.77
5013,8/15/22,600519,1771.18,1770.61,1790.22,1766.27,19323,3717178491,0.15,1770.61,1790.22,1766.27,456.35,79.52,135.02,17.43,29.59,27.02,26.45
5014,8/16/22,600519,1774.66,1768.56,1784.51,1766.72,14836,2854189586,0.12,1768.56,1784.51,1766.72,440.93,79.52,105.0,18.03,23.81,27.36,24.92
5015,8/17/22,600519,1780.72,1768.72,1780.72,1745.72,18361,3508295541,0.15,1768.72,1780.72,1745.72,430.59,79.52,101.66,18.47,23.61,25.27,23.93
5016,8/18/22,600519,1758.72,1746.22,1763.8,1731.79,23168,4384060205,0.18,1746.22,1763.8,1731.79,426.63,79.52,101.03,18.64,23.68,21.3,22.16
5017,8/19/22,600519,1748.72,1745.73,1759.07,1738.72,13544,2572000762,0.11,1745.73,1759.07,1738.72,420.16,79.52,101.03,18.93,24.05,16.63,21.0
5018,8/22/22,600519,1735.73,1744.7,1757.72,1732.1,15427,2925285473,0.12,1744.7,1757.72,1732.1,413.49,79.52,84.48,19.23,20.43,13.12,18.9
5019,8/23/22,600519,1749.32,1720.73,1749.32,1717.72,23756,4452538978,0.19,1720.73,1749.32,1717.72,418.09,63.5,98.86,15.19,23.65,12.44,19.73
5020,8/24/22,600519,1720.71,1704.92,1725.95,1701.72,18728,3486382969,0.15,1704.92,1725.95,1701.72,399.35,44.4,114.86,11.12,28.76,17.52,22.44
5021,8/25/22,600519,1709.72,1735.72,1738.72,1704.92,21925,4107597895,0.17,1735.72,1738.72,1704.92,403.05,45.27,114.86,11.23,28.5,22.72,24.0
5022,8/26/22,600519,1750.72,1748.72,1762.72,1736.72,23142,4397161135,0.18,1748.72,1762.72,1736.72,404.68,69.27,114.86,17.12,28.38,24.86,23.08
5023,8/29/22,600519,1733.72,1729.54,1750.69,1724.72,13570,2555981192,0.11,1729.54,1750.69,1724.72,416.66,69.27,124.35,16.63,29.84,27.62,22.12
5024,8/30/22,600519,1733.07,1720.72,1735.72,1704.92,18235,3400091358,0.15,1720.72,1735.72,1704.92,394.04,69.27,103.73,17.58,26.32,30.43,21.78
5025,8/31/22,600519,1710.82,1774.72,1776.28,1710.73,44692,8518225337,0.36,1774.72,1776.28,1710.73,428.59,109.83,103.73,25.63,24.2,27.28,19.86
5026,9/1/22,600519,1762.87,1731.61,1766.72,1731.61,26845,5088658955,0.21,1731.61,1766.72,1731.61,441.7,86.83,103.73,19.66,23.48,21.38,19.45
5027,9/2/22,600519,1740.66,1725.72,1743.68,1716.89,19391,3635162804,0.15,1725.72,1743.68,1716.89,444.54,77.33,118.45,17.4,26.65,17.64,20.18
5028,9/5/22,600519,1713.36,1685.72,1719.72,1670.72,36822,6764549173,0.29,1685.72,1719.72,1670.72,481.75,77.33,164.62,16.05,34.17,19.53,22.2
5029,9/6/22,600519,1686.08,1695.72,1698.92,1675.72,20830,3832086313,0.17,1695.72,1698.92,1675.72,469.95,77.33,143.62,16.45,30.56,19.79,23.7
5030,9/7/22,600519,1685.75,1668.73,1688.38,1661.73,28306,5151537330,0.23,1668.73,1688.38,1661.73,467.01,77.33,143.68,16.56,30.77,21.47,25.95
5031,9/8/22,600519,1670.72,1665.72,1682.72,1665.72,16591,3026766448,0.13,1665.72,1682.72,1665.72,463.66,77.33,143.68,16.68,30.99,26.0,26.64
5032,9/9/22,600519,1675.72,1695.51,1702.72,1666.72,27090,4991679523,0.22,1695.51,1702.72,1666.72,475.04,97.33,137.06,20.49,28.85,27.35,24.37
5033,9/13/22,600519,1730.72,1729.72,1739.1,1708.95,28693,5387987148,0.23,1729.72,1739.1,1708.95,487.03,133.71,122.68,27.45,25.19,24.56,21.1
5034,9/14/22,600519,1714.73,1719.72,1730.72,1713.72,16042,3002693247,0.13,1719.72,1730.72,1713.72,479.8,133.71,106.68,27.87,22.23,20.42,19.98
5035,9/15/22,600519,1720.72,1730.72,1743.84,1720.68,20810,3917954256,0.17,1730.72,1743.84,1720.68,470.12,134.06,106.68,28.52,22.69,17.32,18.55
5036,9/16/22,600519,1722.52,1709.72,1736.32,1705.83,24121,4501527357,0.19,1709.72,1736.32,1705.83,473.61,110.06,121.53,23.24,25.66,13.14,17.31
5037,9/19/22,600519,1705.72,1722.36,1739.31,1703.6,18584,3479680771,0.15,1722.36,1739.31,1703.6,483.35,113.05,109.53,23.39,22.66,8.4,17.2
5038,9/20/22,600519,1720.7,1728.72,1735.32,1709.27,14116,2645281859,0.11,1728.72,1735.32,1709.27,478.6,113.05,89.73,23.62,18.75,7.49,17.42
5039,9/21/22,600519,1727.39,1698.72,1733.72,1698.72,20995,3904096421,0.17,1698.72,1733.72,1698.72,448.05,72.49,100.28,16.18,22.38,9.46,17.01
5040,9/22/22,600519,1690.72,1671.53,1691.74,1667.57,22704,4147900996,0.18,1671.53,1691.74,1667.57,436.09,72.49,131.43,16.62,30.14,12.4,16.41
5041,9/23/22,600519,1671.53,1685.15,1705.72,1671.53,28288,5191904760,0.23,1685.15,1705.72,1671.53,443.49,86.47,116.71,19.5,26.32,12.98,15.15
5042,9/26/22,600519,1670.72,1713.72,1738.72,1670.7,35135,6566771227,0.28,1713.72,1738.72,1670.7,456.51,119.47,70.54,26.17,15.45,16.45,14.8
5043,9/27/22,600519,1719.58,1738.72,1747.72,1701.83,28820,5422668135,0.23,1738.72,1747.72,1701.83,479.2,128.47,70.54,26.81,14.72,21.04,14.72
5044,9/28/22,600519,1731.22,1733.72,1750.12,1724.73,21446,4042506330,0.17,1733.72,1750.12,1724.73,470.6,130.87,56.55,27.81,12.02,25.73,16.61
5045,9/29/22,600519,1748.7,1731.07,1752.9,1721.85,21590,4075515187,0.17,1731.07,1752.9,1721.85,484.65,130.87,59.43,27.0,12.26,29.31,19.38
5046,9/30/22,600519,1749.34,1723.22,1752.71,1716.72,21289,4000917951,0.17,1723.22,1752.71,1716.72,483.64,110.87,64.56,22.92,13.35,28.89,20.64
5047,10/10/22,600519,1740.72,1636.72,1741.72,1630.92,48584,8865386496,0.39,1636.72,1741.72,1630.92,550.85,74.49,150.36,13.52,27.3,32.03,22.51
5048,10/11/22,600519,1639.72,1630.71,1656.72,1610.72,32047,5712249507,0.26,1630.71,1656.72,1610.72,579.85,74.49,170.56,12.85,29.41,34.27,25.36
5049,10/12/22,600519,1624.38,1610.72,1629.72,1558.72,48195,8372252823,0.38,1610.72,1629.72,1558.72,627.72,61.37,222.56,9.78,35.46,38.89,29.96
5050,10/13/22,600519,1571.18,1550.71,1585.72,1547.72,63969,10919727537,0.51,1550.71,1585.72,1547.72,660.23,61.37,218.71,9.3,33.13,41.64,33.68
5051,10/14/22,600519,1560.72,1588.33,1605.72,1552.66,46520,8045032623,0.37,1588.33,1605.72,1552.66,679.53,78.38,218.71,11.53,32.19,43.25,36.28
5052,10/17/22,600519,1576.72,1569.22,1578.71,1548.52,33550,5740146639,0.27,1569.22,1578.71,1548.52,693.29,78.38,222.85,11.31,32.14,46.85,37.87
5053,10/18/22,600519,1575.72,1556.55,1580.72,1551.72,28083,4800689502,0.22,1556.55,1580.72,1551.72,687.29,80.39,212.3,11.7,30.89,48.74,40.38
5054,10/19/22,600519,1552.7,1498.72,1552.7,1498.72,60121,9997656284,0.48,1498.72,1552.7,1498.72,713.97,80.39,234.15,11.26,32.8,50.35,42.31
5055,10/20/22,600519,1471.72,1494.22,1519.15,1461.72,42778,7020555512,0.34,1494.22,1519.15,1461.72,737.21,66.41,271.15,9.01,36.78,51.0,44.94
5056,10/21/22,600519,1490.72,1474.72,1498.52,1460.72,38907,6317945876,0.31,1474.72,1498.52,1460.72,706.99,33.41,272.15,4.73,38.49,54.66,48.15
5057,10/24/22,600519,1420.72,1352.0,1439.72,1338.73,132098,20217576174,1.05,1352.0,1439.72,1338.73,797.09,24.41,394.14,3.06,49.45,61.51,52.38
5058,10/25/22,600519,1330.14,1330.47,1365.72,1322.72,81362,12136909034,0.65,1330.47,1365.72,1322.72,814.7,22.01,410.15,2.7,50.34,68.48,57.66
5059,10/26/22,600519,1339.52,1314.8,1365.71,1310.72,81781,12120993864,0.65,1314.8,1365.71,1310.72,838.64,22.01,419.27,2.62,49.99,75.97,62.35
5060,10/27/22,600519,1330.72,1251.72,1338.7,1234.57,107106,15258551283,0.85,1251.72,1338.7,1234.57,906.78,22.01,490.29,2.43,54.07,83.06,66.71
5061,10/28/22,600519,1241.49,1210.72,1256.72,1209.43,93143,12823821843,0.74,1210.72,1256.72,1209.43,843.27,22.01,429.63,2.61,50.95,87.99,69.5
5062,10/31/22,600519,1200.72,1200.72,1232.73,1183.72,71847,9758303071,0.57,1200.72,1232.73,1183.72,846.28,22.01,435.14,2.6,51.42,90.03,72.34
5063,11/1/22,600519,1209.72,1312.73,1320.12,1209.72,118766,16859775304,0.95,1312.73,1320.12,1209.72,893.69,109.4,383.14,12.24,42.87,84.57,73.04
5064,11/2/22,600519,1310.72,1322.68,1356.72,1286.72,79777,11717204099,0.64,1322.68,1356.72,1286.72,900.69,146.0,372.14,16.21,41.32,76.88,72.68
5065,11/3/22,600519,1294.29,1290.22,1313.22,1278.82,45160,6509550787,0.36,1290.22,1313.22,1278.82,889.54,126.0,380.04,14.16,42.72,70.24,73.11
5066,11/4/22,600519,1288.68,1367.29,1378.49,1288.68,80008,11996968945,0.64,1367.29,1378.49,1288.68,939.54,191.27,375.9,20.36,40.01,60.43,71.75
5067,11/7/22,600519,1344.77,1357.83,1369.2,1337.31,42698,6414049133,0.34,1357.83,1369.2,1337.31,942.43,189.26,375.9,20.08,39.89,50.9,69.44
5068,11/8/22,600519,1358.72,1335.6,1368.71,1319.68,39325,5842320995,0.31,1335.6,1368.71,1319.68,933.63,189.26,340.53,20.27,36.47,40.59,65.31
5069,11/9/22,600519,1334.67,1310.62,1339.6,1300.72,36090,5276777530,0.29,1310.62,1339.6,1300.72,915.08,189.26,322.49,20.68,35.24,35.67,60.12
5070,11/10/22,600519,1294.72,1325.72,1335.72,1285.87,37720,5518325849,0.3,1325.72,1335.72,1285.87,927.13,189.26,336.34,20.41,36.28,33.06,54.97
5071,11/11/22,600519,1378.72,1378.87,1395.17,1345.7,73947,11252112275,0.59,1378.87,1395.17,1345.7,860.59,248.71,214.35,28.9,24.91,25.93,48.09
5072,11/14/22,600519,1394.22,1383.72,1414.25,1378.72,57370,8858049581,0.46,1383.72,1414.25,1378.72,853.12,267.79,198.34,31.39,23.25,22.99,41.71
5073,11/15/22,600519,1382.72,1438.72,1449.69,1371.72,56318,8858377894,0.45,1438.72,1449.69,1371.72,876.1,303.23,186.34,34.61,21.27,21.46,36.18
5074,11/16/22,600519,1431.72,1435.97,1448.72,1418.72,26848,4250886805,0.21,1435.97,1448.72,1418.72,801.97,303.23,110.19,37.81,13.74,24.48,32.54
5075,11/17/22,600519,1441.22,1417.72,1447.02,1403.6,30580,4793001162,0.24,1417.72,1447.02,1403.6,798.1,303.23,100.17,37.99,12.55,28.53,32.1
5076,11/18/22,600519,1426.72,1417.85,1434.72,1406.72,23609,3703793426,0.19,1417.85,1434.72,1406.72,777.09,303.23,74.46,39.02,9.58,33.97,33.51
5077,11/21/22,600519,1392.07,1370.7,1392.07,1349.25,39096,5917086070,0.31,1370.7,1392.07,1349.25,726.29,215.84,131.93,29.72,18.16,36.75,31.34
5078,11/22/22,600519,1368.16,1390.67,1410.46,1366.83,29901,4582790131,0.24,1390.67,1410.46,1366.83,699.92,197.63,131.93,28.24,18.85,37.59,30.29
5079,11/23/22,600519,1378.72,1399.72,1407.72,1371.76,22177,3428793052,0.18,1399.72,1407.72,1371.76,692.02,197.63,124.03,28.56,17.92,37.42,29.44
5080,11/24/22,600519,1409.72,1370.71,1419.6,1364.7,27687,4241974248,0.22,1370.71,1419.6,1364.7,657.11,144.24,124.03,21.95,18.88,30.9,27.69
5081,11/25/22,600519,1371.23,1372.73,1382.72,1360.72,18621,2833988373,0.15,1372.73,1382.72,1360.72,647.22,144.24,128.01,22.29,19.78,23.5,26.02
5082,11/28/22,600519,1335.5,1360.6,1365.72,1301.72,47723,7040991068,0.38,1360.6,1365.72,1301.72,669.2,144.24,169.38,21.55,25.31,14.74,24.35
5083,11/29/22,600519,1420.28,1449.72,1450.72,1401.72,73420,11587859176,0.58,1449.72,1450.72,1401.72,720.44,229.24,150.42,31.82,20.88,14.18,25.47
5084,11/30/22,600519,1437.84,1449.72,1454.72,1435.72,31497,5019450678,0.25,1449.72,1454.72,1435.72,689.59,233.24,135.57,33.82,19.66,15.27,26.43
5085,12/1/22,600519,1510.72,1481.52,1530.72,1481.51,51358,8480772923,0.41,1481.52,1530.72,1481.51,701.14,249.79,135.57,35.63,19.34,16.4,26.91
5086,12/2/22,600519,1485.72,1484.6,1503.71,1471.92,23884,3910860618,0.19,1484.6,1503.71,1471.92,697.4,230.71,145.16,33.08,20.81,18.94,24.92
5087,12/5/22,600519,1518.72,1515.62,1529.72,1499.72,36127,6018521304,0.29,1515.62,1529.72,1499.72,664.55,221.28,145.16,33.3,21.84,21.41,22.45
5088,12/6/22,600519,1505.72,1538.72,1577.62,1502.72,44147,7477917194,0.35,1538.72,1577.62,1502.72,709.45,269.18,145.16,37.94,20.46,25.06,19.9
5089,12/7/22,600519,1528.53,1534.72,1570.72,1520.75,35526,6012253045,0.28,1534.72,1570.72,1520.75,716.0,269.18,130.04,37.59,18.16,27.41,20.79
5090,12/8/22,600519,1532.72,1537.74,1545.72,1515.72,19730,3323420877,0.16,1537.74,1545.72,1515.72,718.0,269.18,135.07,37.49,18.81,28.52,21.9
5091,12/9/22,600519,1542.72,1580.72,1580.72,1532.72,39215,6716944493,0.31,1580.72,1580.72,1532.72,697.4,304.18,77.6,43.62,11.13,33.47,24.94
5092,12/12/22,600519,1566.58,1589.74,1616.72,1565.72,34755,6063957619,0.28,1589.74,1616.72,1565.72,704.77,321.79,77.6,45.66,11.01,39.87,29.4
5093,12/13/22,600519,1587.72,1600.72,1611.41,1580.72,21385,3735089152,0.17,1600.72,1611.41,1580.72,699.5,321.79,77.6,46.0,11.09,46.6,34.0
5094,12/14/22,600519,1593.72,1621.59,1631.52,1593.72,29098,5141262368,0.23,1621.59,1631.52,1593.72,682.4,330.02,77.6,48.36,11.37,51.93,38.49
5095,12/15/22,600519,1655.72,1637.71,1666.72,1630.72,30634,5497063390,0.24,1637.71,1666.72,1630.72,705.53,365.22,73.62,51.77,10.43,57.2,42.3
5096,12/16/22,600519,1623.97,1637.59,1641.72,1593.72,33303,5901587128,0.27,1637.59,1641.72,1593.72,682.52,365.22,51.62,53.51,7.56,64.21,46.36
5097,12/19/22,600519,1649.52,1623.72,1649.52,1610.89,24987,4447236356,0.2,1623.72,1649.52,1610.89,631.03,288.02,51.62,45.64,8.18,65.92,49.69
5098,12/20/22,600519,1616.05,1565.72,1616.05,1533.17,46198,7944120661,0.37,1565.72,1616.05,1533.17,702.58,284.02,129.34,40.43,18.41,61.96,50.92
5099,12/21/22,600519,1574.72,1589.72,1589.72,1568.37,22816,3948926227,0.18,1589.72,1589.72,1568.37,645.58,208.02,129.34,32.22,20.03,55.66,51.13
5100,12/22/22,600519,1607.42,1618.72,1633.72,1595.72,23175,4093861570,0.18,1618.72,1633.72,1595.72,657.79,252.02,119.75,38.31,18.2,51.27,51.6
5101,12/23/22,600519,1603.12,1621.72,1632.72,1595.72,17319,3063608409,0.14,1621.72,1632.72,1595.72,649.67,226.01,119.75,34.79,18.43,45.31,51.26
5102,12/26/22,600519,1621.72,1592.78,1621.72,1585.74,21384,3749121030,0.17,1592.78,1621.72,1585.74,610.75,178.11,129.73,29.16,21.24,35.4,49.8
5103,12/27/22,600519,1610.63,1605.63,1619.78,1598.13,17905,3109270166,0.14,1605.63,1619.78,1598.13,587.78,178.11,129.73,30.3,22.07,26.41,46.16
5104,12/28/22,600519,1618.51,1605.63,1619.63,1580.64,21438,3699948995,0.17,1605.63,1619.63,1580.64,596.77,178.11,142.19,29.85,23.83,22.05,42.0
5105,12/29/22,600519,1589.63,1591.63,1599.62,1573.68,22418,3844499655,0.18,1591.63,1599.62,1573.68,580.72,143.11,149.15,24.64,25.68,18.5,37.08
5106,12/30/22,600519,1608.63,1599.63,1625.62,1599.63,25333,4409544297,0.2,1599.63,1625.62,1599.63,563.71,133.11,149.15,23.61,26.46,13.52,32.39
5107,1/3/23,600519,1603.83,1602.64,1611.06,1578.64,26034,4487760231,0.21,1602.64,1611.06,1578.64,565.44,133.11,170.14,23.54,30.09,10.43,27.87
5108,1/4/23,600519,1602.63,1597.64,1611.33,1588.63,20416,3523582306,0.16,1597.64,1611.33,1588.63,550.34,113.27,170.14,20.58,30.92,11.16,23.28
5109,1/5/23,600519,1609.63,1673.63,1673.63,1605.63,47943,8541587089,0.38,1673.63,1673.63,1605.63,581.2,140.37,170.14,24.15,29.27,10.14,18.28
5110,1/6/23,600519,1678.75,1676.4,1684.53,1659.63,24904,4480838898,0.2,1676.4,1684.53,1659.63,558.1,151.27,133.14,27.1,23.86,9.33,15.69
5111,1/9/23,600519,1707.63,1713.83,1722.61,1680.45,30977,5684181147,0.25,1713.83,1722.61,1680.45,565.68,181.55,133.14,32.09,23.54,11.55,15.03
5112,1/10/23,600519,1711.69,1727.08,1737.13,1703.13,22732,4204783734,0.18,1727.08,1737.13,1703.13,509.13,196.07,55.42,38.51,10.89,19.92,16.72
5113,1/11/23,600519,1728.63,1717.58,1732.63,1709.47,22720,4201487773,0.18,1717.58,1732.63,1709.47,508.29,196.07,55.42,38.57,10.9,27.21,18.82
5114,1/12/23,600519,1720.63,1706.63,1728.63,1705.63,17193,3162637136,0.14,1706.63,1728.63,1705.63,487.29,152.07,59.26,31.21,12.16,31.19,21.17
5115,1/13/23,600519,1716.81,1759.63,1760.63,1712.63,31940,5969876222,0.25,1759.63,1760.63,1712.63,504.29,184.07,59.26,36.5,11.75,38.14,24.14
5116,1/16/23,600519,1758.63,1785.53,1807.63,1753.63,36848,7059982640,0.29,1785.53,1807.63,1753.63,522.31,231.07,49.28,44.24,9.44,47.88,28.61
5117,1/17/23,600519,1785.79,1780.63,1795.63,1767.63,21299,4068321409,0.17,1780.63,1795.63,1767.63,523.31,231.07,49.28,44.16,9.42,56.13,33.84
5118,1/18/23,600519,1786.63,1765.63,1797.93,1762.63,21063,4008665438,0.17,1765.63,1797.93,1762.63,519.62,231.07,36.79,44.47,7.08,58.89,39.41
5119,1/19/23,600519,1765.13,1752.84,1765.15,1738.63,23439,4401994437,0.19,1752.84,1765.15,1738.63,514.67,231.07,53.83,44.9,10.46,59.94,43.58
5120,1/20/23,600519,1761.82,1732.64,1770.88,1730.63,25609,4807356071,0.2,1732.64,1770.88,1730.63,520.93,205.07,61.83,39.37,11.87,61.57,46.38
5121,1/30/23,600519,1781.63,1760.63,1781.63,1752.63,35923,6799756571,0.29,1760.63,1781.63,1752.63,537.5,215.82,40.84,40.15,7.6,64.38,51.26
5122,1/31/23,600519,1769.13,1718.39,1772.58,1705.7,32991,6128311548,0.26,1718.39,1772.58,1705.7,581.68,215.55,87.77,37.06,15.09,60.59,54.24
5123,2/1/23,600519,1727.61,1717.6,1731.63,1684.03,33974,6244678925,0.27,1717.6,1731.63,1684.03,553.29,153.25,109.44,27.7,19.78,52.57,54.35
5124,2/2/23,600519,1721.01,1708.74,1731.63,1698.63,29759,5465509510,0.24,1708.74,1731.63,1698.63,561.39,142.35,109.44,25.36,19.49,42.66,50.77
5125,2/3/23,600519,1692.63,1690.63,1698.63,1668.31,34945,6324635031,0.28,1690.63,1698.63,1668.31,555.61,104.27,139.76,18.77,25.15,34.71,47.33
5126,2/6/23,600519,1652.63,1667.63,1667.63,1632.63,42661,7595739044,0.34,1667.63,1667.63,1632.63,579.61,89.75,175.44,15.48,30.27,31.15,46.36
5127,2/7/23,600519,1680.71,1669.63,1681.43,1660.36,24322,4373671735,0.19,1669.63,1681.43,1660.36,577.52,103.55,175.44,17.93,30.38,24.08,44.23
5128,2/8/23,600519,1672.64,1656.63,1678.6,1647.63,16676,2980574806,0.13,1656.63,1678.6,1647.63,585.49,103.55,184.33,17.69,31.48,21.74,41.17
5129,2/9/23,600519,1650.63,1690.63,1702.38,1647.64,29754,5401399088,0.24,1690.63,1702.38,1647.64,586.23,95.33,184.33,16.26,31.44,24.26,38.41
5130,2/10/23,600519,1682.73,1682.63,1691.12,1673.68,17985,3253859317,0.14,1682.63,1691.12,1673.68,549.67,48.33,184.33,8.79,33.53,31.83,37.24
5131,2/13/23,600519,1682.63,1728.98,1747.13,1682.63,38147,7058382498,0.3,1728.98,1747.13,1682.63,586.17,104.34,184.33,17.8,31.45,34.02,34.37
5132,2/14/23,600519,1729.09,1716.42,1730.03,1707.63,19566,3601769574,0.16,1716.42,1730.03,1707.63,573.27,104.34,179.33,18.2,31.28,33.04,32.1
5133,2/15/23,600519,1716.41,1713.63,1727.93,1708.44,18177,3351422211,0.14,1713.63,1727.93,1708.44,565.76,104.34,155.33,18.44,27.46,32.02,28.05
5134,2/16/23,600519,1713.97,1734.45,1759.63,1700.63,33246,6196915130,0.26,1734.45,1759.63,1700.63,584.51,136.04,147.33,23.27,25.21,28.01,24.87
5135,2/17/23,600519,1722.79,1693.41,1745.63,1692.68,26443,4880328952,0.21,1693.41,1745.63,1692.68,588.47,125.29,155.28,21.29,26.39,24.48,24.37
5136,2/20/23,600519,1693.63,1747.63,1751.43,1689.83,29669,5488800056,0.24,1747.63,1751.43,1689.83,583.19,131.09,108.35,22.48,18.58,16.33,24.08
5137,2/21/23,600519,1746.63,1739.63,1746.63,1723.63,18751,3491633510,0.15,1739.63,1746.63,1723.63,559.59,131.09,86.68,23.43,15.49,15.11,24.56
5138,2/22/23,600519,1727.64,1708.63,1736.53,1704.43,21869,4031016045,0.17,1708.63,1736.53,1704.43,561.79,131.09,105.88,23.33,18.85,12.47,22.76
5139,2/23/23,600519,1712.63,1690.63,1721.43,1677.88,21881,3983991208,0.17,1690.63,1721.43,1677.88,564.91,131.09,102.11,23.21,18.08,11.27,21.65
5140,2/24/23,600519,1682.74,1660.63,1682.82,1654.81,24635,4415621498,0.2,1660.63,1682.82,1654.81,542.73,131.09,89.5,24.15,16.49,13.75,20.88
5141,2/27/23,600519,1651.13,1683.04,1687.63,1647.65,22065,3978128676,0.18,1683.04,1687.63,1647.65,561.64,117.29,96.66,20.88,17.21,13.58,19.03
5142,2/28/23,600519,1691.63,1686.37,1694.64,1655.93,23952,4314877096,0.19,1686.37,1694.64,1655.93,569.38,124.3,83.93,21.83,14.74,15.22,15.77
5143,3/1/23,600519,1685.63,1711.16,1720.63,1675.86,24458,4475592195,0.19,1711.16,1720.63,1675.86,559.41,126.51,83.93,22.61,15.0,15.2,15.15
5144,3/2/23,600519,1701.63,1700.63,1711.62,1693.73,13144,2405292304,0.1,1700.63,1711.62,1693.73,559.86,126.51,83.93,22.6,14.99,16.8,14.63
5145,3/3/23,600519,1712.4,1690.67,1714.24,1675.11,16198,2946842659,0.13,1690.67,1714.24,1675.11,534.49,70.5,102.55,13.19,19.19,17.81,14.54
5146,3/6/23,600519,1690.81,1679.77,1691.13,1669.4,20646,3730079522,0.16,1679.77,1691.13,1669.4,533.82,70.5,108.26,13.21,20.28,18.19,15.97
5147,3/7/23,600519,1678.61,1660.93,1689.23,1660.63,22785,4101302456,0.18,1660.93,1689.23,1660.63,542.93,70.5,117.03,12.99,21.56,20.72,17.15
5148,3/8/23,600519,1652.65,1643.05,1658.57,1633.75,22764,4035787172,0.18,1643.05,1658.57,1633.75,511.11,38.8,143.91,7.59,28.16,27.08,21.15
5149,3/9/23,600519,1640.63,1642.65,1657.63,1612.63,27612,4881442710,0.22,1642.65,1657.63,1612.63,503.16,38.8,157.08,7.71,31.22,33.77,24.48
5150,3/10/23,600519,1624.2,1622.63,1653.63,1622.63,21161,3725139075,0.17,1622.63,1653.63,1622.63,472.56,33.0,157.08,6.98,33.24,41.27,29.04
5151,3/13/23,600519,1623.63,1634.63,1647.63,1621.63,20560,3626476291,0.16,1634.63,1647.63,1621.63,474.56,33.0,158.08,6.95,33.31,49.1,33.45
5152,3/14/23,600519,1636.41,1638.63,1652.51,1611.13,23705,4177289027,0.19,1638.63,1652.51,1611.13,480.74,33.0,149.38,6.86,31.07,56.21,37.2
5153,3/15/23,600519,1651.0,1623.55,1657.51,1622.75,19213,3392698490,0.15,1623.55,1657.51,1622.75,471.95,38.0,122.83,8.05,26.03,60.87,40.79
5154,3/16/23,600519,1612.63,1624.62,1642.63,1611.64,17646,3096791142,0.14,1624.62,1642.63,1611.64,467.12,38.0,110.87,8.13,23.73,59.44,43.26
5155,3/17/23,600519,1642.63,1614.63,1648.52,1608.63,27023,4744249369,0.22,1614.63,1648.52,1608.63,467.03,43.89,103.71,9.4,22.21,56.13,44.95
5156,3/20/23,600519,1623.63,1602.23,1627.63,1600.63,20491,3557872017,0.16,1602.23,1627.63,1600.63,455.32,36.88,111.71,8.1,24.53,53.64,47.46
5157,3/21/23,600519,1607.63,1647.63,1658.48,1596.6,31142,5491052284,0.25,1647.63,1658.48,1596.6,472.43,41.74,111.71,8.84,23.65,50.33,49.71
5158,3/22/23,600519,1652.63,1645.98,1665.63,1638.18,15330,2727648674,0.12,1645.98,1665.63,1638.18,481.99,48.89,111.71,10.14,23.18,46.22,51.21
5159,3/23/23,600519,1638.63,1647.49,1663.74,1637.64,17356,3082821551,0.14,1647.49,1663.74,1637.64,468.96,48.89,93.63,10.43,19.97,42.66,51.76
5160,3/24/23,600519,1641.71,1651.25,1656.23,1638.63,12770,2269649179,0.1,1651.25,1656.23,1638.63,464.83,48.89,87.92,10.52,18.91,39.25,49.35
5161,3/27/23,600519,1651.23,1640.42,1651.23,1628.63,15296,2700755933,0.12,1640.42,1651.23,1628.63,458.85,48.89,89.15,10.65,19.43,37.36,46.74
5162,3/28/23,600519,1642.63,1654.43,1662.63,1637.65,17261,3073113077,0.14,1654.43,1662.63,1637.65,456.65,60.29,62.27,13.2,13.64,29.24,41.44
5163,3/29/23,600519,1671.63,1662.63,1672.63,1657.7,15393,2761909333,0.12,1662.63,1672.63,1657.7,429.85,70.29,41.15,16.35,9.57,25.99,38.16
5164,3/30/23,600519,1665.63,1672.63,1677.63,1651.63,19257,3453573052,0.15,1672.63,1677.63,1651.63,424.85,70.29,47.22,16.54,11.11,22.75,34.48
5165,3/31/23,600519,1697.63,1692.63,1720.63,1691.63,27446,5024790356,0.22,1692.63,1720.63,1691.63,446.85,113.29,46.22,25.35,10.34,24.52,33.59
5166,4/3/23,600519,1697.63,1674.7,1700.4,1672.71,21417,3875811673,0.17,1674.7,1700.4,1672.71,433.16,113.29,54.64,26.15,12.61,25.59,32.42
5167,4/4/23,600519,1684.63,1687.22,1687.8,1659.63,20066,3614275263,0.16,1687.22,1687.8,1659.63,426.57,108.29,67.72,25.39,15.88,24.57,30.96
5168,4/6/23,600519,1677.63,1669.59,1688.53,1660.85,14874,2676251956,0.12,1669.59,1688.53,1660.85,423.26,109.02,56.61,25.76,13.37,29.57,29.41
5169,4/7/23,600519,1667.63,1663.62,1678.64,1660.97,13525,2428160574,0.11,1663.62,1678.64,1660.97,401.04,103.13,56.61,25.72,14.12,30.07,28.03
5170,4/10/23,600519,1663.51,1644.33,1663.51,1616.63,29418,5171150567,0.23,1644.33,1663.51,1616.63,421.03,103.13,92.95,24.49,22.08,27.66,25.21
5171,4/11/23,600519,1665.63,1618.13,1665.63,1616.63,29209,5138854627,0.23,1618.13,1665.63,1616.63,408.15,74.4,92.95,18.23,22.77,22.5,23.51
5172,4/12/23,600519,1619.89,1566.73,1622.63,1565.45,51105,8732657376,0.41,1566.73,1622.63,1565.45,437.88,67.25,144.13,15.36,32.92,22.74,24.17
5173,4/13/23,600519,1562.63,1595.63,1596.22,1556.64,29543,5049310126,0.24,1595.63,1596.22,1556.64,451.36,67.25,152.4,14.9,33.76,25.36,24.97
5174,4/14/23,600519,1598.63,1586.05,1605.63,1577.43,21232,3646526766,0.17,1586.05,1605.63,1577.43,461.96,76.66,152.4,16.59,32.99,25.6,27.59
5175,4/17/23,600519,1612.63,1625.63,1625.63,1600.63,30467,5303401395,0.24,1625.63,1625.63,1600.63,478.92,96.66,142.4,20.18,29.73,23.94,27.0
5176,4/18/23,600519,1625.63,1630.63,1641.63,1618.65,18314,3220107647,0.15,1630.63,1641.63,1618.65,476.92,101.26,142.4,21.23,29.86,25.88,26.77
5177,4/19/23,600519,1634.63,1631.63,1638.13,1622.63,14601,2568632845,0.12,1631.63,1638.13,1622.63,474.22,91.26,142.4,19.24,30.03,27.68,25.09
5178,4/20/23,600519,1632.74,1614.51,1637.63,1601.63,19885,3468366835,0.16,1614.51,1637.63,1601.63,484.22,91.26,157.33,18.85,32.49,26.05,24.4
5179,4/21/23,600519,1618.63,1598.1,1620.71,1593.91,18518,3210937222,0.15,1598.1,1620.71,1593.91,463.02,48.26,165.05,10.42,35.65,28.72,27.04
5180,4/24/23,600519,1593.63,1577.63,1594.63,1573.63,20231,3456728718,0.16,1577.63,1594.63,1573.63,459.8,48.26,166.41,10.5,36.19,32.38,28.99
5181,4/25/23,600519,1578.63,1603.01,1608.61,1574.63,20583,3534989917,0.16,1603.01,1608.61,1574.63,465.61,62.24,153.33,13.37,32.93,36.23,30.08
5182,4/26/23,600519,1616.63,1616.54,1633.63,1592.63,27892,4861477657,0.22,1616.54,1633.63,1592.63,478.93,86.53,153.33,18.07,32.02,38.06,31.97
5183,4/27/23,600519,1620.63,1630.55,1642.63,1602.63,25605,4489906864,0.2,1630.55,1642.63,1602.63,501.26,95.53,153.33,19.06,30.59,38.28,32.98
5184,4/28/23,600519,1635.64,1633.15,1655.4,1626.6,26225,4636084177,0.21,1633.15,1655.4,1626.6,483.07,108.3,108.99,22.42,22.56,33.91,29.98
5185,5/4/23,600519,1641.63,1622.53,1650.3,1608.63,27466,4818999650,0.22,1622.53,1650.3,1608.63,475.74,106.18,126.96,22.32,26.69,26.27,27.49
5186,5/5/23,600519,1638.63,1622.63,1638.63,1609.02,20714,3621305973,0.16,1622.63,1638.63,1609.02,448.17,106.18,75.78,23.69,16.91,19.88,26.13
5187,5/8/23,600519,1640.95,1593.15,1641.63,1589.8,33171,5742915994,0.26,1593.15,1641.63,1589.8,460.42,106.18,86.19,23.06,18.72,14.57,25.4
5188,5/9/23,600519,1587.63,1594.63,1612.61,1579.7,29378,5057346564,0.23,1594.63,1612.61,1579.7,465.13,96.77,96.29,20.8,20.7,9.97,24.01
5189,5/10/23,600519,1587.82,1597.63,1608.63,1587.63,20773,3588550877,0.17,1597.63,1608.63,1587.63,446.55,76.77,96.29,17.19,21.56,7.98,23.13
5190,5/11/23,600519,1603.63,1589.7,1607.63,1587.63,15246,2623835905,0.12,1589.7,1607.63,1587.63,443.57,60.77,96.29,13.7,21.71,11.69,22.8
5191,5/12/23,600519,1587.63,1579.03,1602.51,1577.64,19460,3335038590,0.15,1579.03,1602.51,1577.64,452.94,60.77,106.28,13.42,23.46,14.75,20.51
5192,5/15/23,600519,1574.63,1588.93,1589.63,1563.83,25740,4384647977,0.2,1588.93,1589.63,1563.83,442.74,60.77,99.09,13.73,22.38,15.96,17.92
5193,5/16/23,600519,1586.62,1575.92,1592.62,1569.63,22224,3785811907,0.18,1575.92,1592.62,1569.63,438.93,63.76,91.37,14.53,20.82,17.19,15.88
5194,5/17/23,600519,1580.63,1573.63,1585.63,1571.64,16777,2858697942,0.13,1573.63,1585.63,1571.64,428.45,63.76,71.09,14.88,16.59,18.06,14.01
5195,5/18/23,600519,1577.62,1563.63,1578.03,1562.63,19219,3260170684,0.15,1563.63,1578.03,1562.63,409.87,49.78,80.1,12.15,19.54,20.07,14.02
5196,5/19/23,600519,1543.63,1572.13,1576.96,1528.18,26741,4504022549,0.21,1572.13,1576.96,1528.18,417.65,24.76,114.55,5.93,27.43,27.04,19.37
5197,5/22/23,600519,1562.64,1618.63,1624.63,1562.63,41284,7165754129,0.33,1618.63,1624.63,1562.63,439.65,63.43,114.55,14.43,26.05,27.29,21.02
5198,5/23/23,600519,1626.62,1597.18,1626.63,1597.18,16894,2934118394,0.13,1597.18,1626.63,1597.18,440.3,52.66,114.55,11.96,26.02,29.46,22.71
5199,5/24/23,600519,1604.96,1583.53,1606.18,1582.74,18479,3182416491,0.15,1583.53,1606.18,1582.74,422.07,52.66,111.02,12.48,26.3,32.44,24.82
5200,5/25/23,600519,1578.62,1573.63,1582.63,1562.63,22466,3814504093,0.18,1573.63,1582.63,1562.63,413.36,52.66,131.13,12.74,31.72,38.65,28.35
5201,5/26/23,600519,1574.63,1563.19,1577.63,1547.64,18291,3090691546,0.15,1563.19,1577.63,1547.64,391.52,52.66,126.9,13.45,32.41,41.65,30.86
5202,5/29/23,600519,1569.63,1561.63,1570.98,1550.63,17771,2998147159,0.14,1561.63,1570.98,1550.63,378.96,52.66,116.8,13.9,30.82,37.21,32.13
5203,5/30/23,600519,1561.63,1540.92,1571.52,1531.19,26453,4424706688,0.21,1540.92,1571.52,1531.19,398.29,52.66,136.24,13.22,34.21,39.8,33.54
5204,5/31/23,600519,1533.64,1501.53,1538.35,1499.3,36957,6053737281,0.29,1501.53,1538.35,1499.3,419.91,52.66,168.13,12.54,40.04,42.35,35.9
5205,6/1/23,600519,1490.63,1508.55,1547.62,1490.63,28645,4708722933,0.23,1508.55,1547.62,1490.63,452.03,61.93,158.14,13.7,34.98,43.69,38.06
5206,6/2/23,600519,1517.63,1543.23,1545.78,1508.74,25058,4163116244,0.2,1543.23,1545.78,1508.74,463.46,61.93,144.33,13.36,31.14,43.23,40.94
5207,6/5/23,600519,1538.79,1537.63,1555.51,1535.63,16201,2704294313,0.13,1537.63,1555.51,1535.63,460.35,68.67,144.33,14.92,31.35,42.26,41.96
5208,6/6/23,600519,1542.63,1539.62,1556.63,1524.18,19914,3326778183,0.16,1539.62,1556.63,1524.18,478.81,68.67,155.78,14.34,32.53,42.42,39.82
5209,6/7/23,600519,1545.62,1523.53,1551.43,1522.63,17890,2971782064,0.14,1523.53,1551.43,1522.63,492.21,68.67,148.32,13.95,30.13,41.17,40.48
5210,6/8/23,600519,1528.46,1540.63,1547.63,1522.64,14703,2441569677,0.12,1540.63,1547.63,1522.64,468.42,68.67,113.87,14.66,24.31,36.58,39.46
5211,6/9/23,600519,1544.62,1538.63,1550.6,1538.63,17580,2938014322,0.14,1538.63,1550.6,1538.63,418.39,23.97,113.87,5.73,27.22,40.16,41.93
5212,6/12/23,600519,1538.65,1568.63,1580.63,1534.15,27029,4562308599,0.22,1568.63,1580.63,1534.15,435.42,52.0,113.87,11.94,26.15,39.72,41.48
5213,6/13/23,600519,1566.51,1571.63,1577.24,1557.63,14663,2485398902,0.12,1571.63,1577.24,1557.63,431.59,52.0,99.43,12.05,23.04,39.02,40.64
5214,6/14/23,600519,1591.63,1599.51,1606.87,1578.84,31506,5438040356,0.25,1599.51,1606.87,1578.84,445.93,81.63,79.32,18.31,17.79,32.79,37.61
5215,6/15/23,600519,1602.97,1627.63,1628.28,1595.63,25223,4395900802,0.2,1627.63,1628.28,1595.63,448.59,103.04,64.33,22.97,14.34,30.53,35.85
5216,6/16/23,600519,1629.63,1670.32,1672.63,1622.73,37918,6742301361,0.3,1670.32,1672.63,1622.73,478.14,147.39,64.33,30.83,13.45,32.94,34.76
5217,6/19/23,600519,1662.63,1616.63,1670.58,1610.63,31700,5584248725,0.25,1616.63,1670.58,1610.63,497.76,147.39,56.99,29.61,11.45,29.44,34.8
5218,6/20/23,600519,1612.63,1616.09,1637.63,1607.63,20947,3659824529,0.17,1616.09,1637.63,1607.63,486.14,147.39,28.1,30.32,5.78,34.55,37.14
5219,6/21/23,600519,1612.63,1608.46,1629.23,1607.63,17721,3088635934,0.14,1608.46,1629.23,1607.63,450.75,138.12,28.1,30.64,6.23,40.37,39.69
5220,6/26/23,600519,1592.74,1581.63,1602.63,1567.63,23993,4098619510,0.19,1581.63,1602.63,1567.63,454.35,138.12,68.1,30.4,14.99,45.78,39.29
5221,6/27/23,600519,1582.62,1583.68,1592.33,1572.72,15174,2598138744,0.12,1583.68,1592.33,1572.72,454.08,128.39,68.1,28.27,15.0,47.04,38.79
5222,6/28/23,600519,1585.81,1601.01,1606.63,1583.63,18574,3199294221,0.15,1601.01,1606.63,1583.63,444.63,142.69,56.65,32.09,12.74,47.7,40.32
5223,6/29/23,600519,1603.63,1586.34,1607.62,1585.64,14231,2446524134,0.11,1586.34,1607.62,1585.64,437.81,143.68,55.1,32.82,12.59,47.75,38.6
5224,6/30/23,600519,1598.54,1589.54,1607.53,1585.02,20459,3472586730,0.16,1589.54,1607.53,1585.02,435.33,143.68,55.72,33.0,12.8,43.78,39.17
5225,7/3/23,600519,1597.54,1622.64,1623.82,1590.54,19139,3286737792,0.15,1622.64,1623.82,1590.54,457.64,157.0,55.72,34.31,12.18,40.68,40.52
5226,7/4/23,600519,1622.74,1629.14,1632.98,1616.62,12472,2155553635,0.1,1629.14,1632.98,1616.62,427.52,136.13,55.72,31.84,13.03,42.01,43.9
5227,7/5/23,600519,1628.54,1613.92,1630.51,1598.54,14745,2523960725,0.12,1613.92,1630.51,1598.54,439.88,136.13,73.8,30.95,16.78,41.84,44.44
5228,7/6/23,600519,1607.7,1601.52,1631.54,1598.54,15141,2589459002,0.12,1601.52,1631.54,1598.54,437.64,107.53,73.8,24.57,16.86,37.75,42.72
5229,7/7/23,600519,1599.54,1588.57,1607.53,1588.54,15167,2571458553,0.12,1588.57,1607.53,1588.54,423.98,86.12,83.8,20.31,19.77,30.55,39.15
5230,7/10/23,600519,1603.54,1599.44,1613.5,1598.54,13477,2298241728,0.11,1599.44,1613.5,1598.54,399.01,47.74,83.8,11.96,21.0,27.77,35.77
5231,7/11/23,600519,1608.54,1608.54,1613.71,1600.64,12583,2151079270,0.1,1608.54,1613.71,1600.64,353.33,47.95,71.7,13.57,20.29,23.14,31.91
5232,7/12/23,600519,1611.58,1612.34,1621.54,1609.87,13285,2280785351,0.11,1612.34,1621.54,1609.87,336.33,55.78,68.7,16.58,20.43,17.88,29.95
5233,7/13/23,600519,1620.53,1636.94,1643.95,1617.55,25807,4479772500,0.21,1636.94,1643.95,1617.55,346.34,78.19,68.7,22.58,19.84,14.01,27.93
5234,7/14/23,600519,1654.54,1651.54,1657.04,1639.74,18550,3245530255,0.15,1651.54,1657.04,1639.74,325.61,91.28,28.7,28.03,8.81,19.6,28.68
5235,7/17/23,600519,1649.54,1628.51,1649.54,1625.14,14336,2482069846,0.11,1628.51,1649.54,1625.14,332.4,91.28,43.3,27.46,13.03,25.32,27.93
5236,7/18/23,600519,1632.12,1621.34,1633.05,1619.54,14738,2544005063,0.12,1621.34,1633.05,1619.54,322.91,76.98,48.9,23.84,15.14,24.47,26.12
5237,7/19/23,600519,1613.55,1621.54,1626.54,1612.34,12483,2147704435,0.1,1621.54,1626.54,1612.34,315.13,75.99,56.1,24.11,17.8,23.67,23.4
5238,7/20/23,600519,1626.53,1622.54,1647.52,1620.54,16693,2897176490,0.13,1622.54,1647.52,1620.54,319.6,96.97,55.48,30.34,17.36,26.48,22.18
5239,7/21/23,600519,1630.42,1669.84,1671.04,1624.54,39377,6931535726,0.31,1669.84,1671.04,1624.54,333.82,104.2,55.48,31.21,16.62,30.48,22.25
5240,7/24/23,600519,1649.06,1669.69,1669.69,1649.06,19713,3476648177,0.16,1669.69,1669.69,1649.06,338.24,95.04,55.48,28.1,16.4,26.17,22.89
5241,7/25/23,600519,1698.54,1727.09,1727.42,1698.53,43086,7837450019,0.34,1727.09,1727.42,1698.53,364.0,152.77,37.4,41.97,10.27,30.34,27.83
5242,7/26/23,600519,1727.09,1727.09,1734.53,1713.62,19611,3580171484,0.16,1727.09,1734.53,1713.62,351.91,158.85,37.4,45.14,10.63,36.94,30.7
5243,7/27/23,600519,1734.54,1736.57,1753.33,1727.24,20340,3749635290,0.16,1736.57,1753.33,1727.24,359.16,177.65,27.4,49.46,7.63,46.64,35.15
5244,7/28/23,600519,1730.54,1795.54,1798.54,1726.55,39018,7330314112,0.31,1795.54,1798.54,1726.55,406.22,216.89,27.4,53.39,6.75,55.03,40.75
5245,7/31/23,600519,1806.54,1779.12,1833.54,1772.54,45379,8615279839,0.36,1779.12,1833.54,1772.54,452.95,251.68,27.4,55.56,6.05,63.34,46.91
5246,8/1/23,600519,1776.55,1787.54,1805.49,1776.43,19231,3635857283,0.15,1787.54,1805.49,1776.43,469.01,243.85,27.4,51.99,5.84,72.26,49.22
5247,8/2/23,600519,1781.94,1778.54,1788.54,1765.34,18509,3478674239,0.15,1778.54,1788.54,1765.34,460.6,221.44,38.49,48.08,8.36,73.88,52.11
5248,8/3/23,600519,1768.54,1777.01,1788.54,1749.04,21543,4031087705,0.17,1777.01,1788.54,1749.04,480.0,208.35,54.79,43.41,11.41,73.29,55.11
5249,8/4/23,600519,1786.36,1792.01,1805.06,1780.54,24574,4655813751,0.2,1792.01,1805.06,1780.54,481.65,224.87,40.19,46.69,8.34,72.69,59.67
5250,8/7/23,600519,1779.49,1786.47,1796.54,1769.57,23892,4491893140,0.19,1786.47,1796.54,1769.57,495.11,224.87,45.56,45.42,9.2,70.81,62.92
5251,8/8/23,600519,1778.57,1788.54,1792.25,1762.62,17736,3333559505,0.14,1788.54,1792.25,1762.62,510.54,224.87,45.31,44.05,8.87,68.5,65.92
5252,8/9/23,600519,1788.54,1788.82,1803.54,1781.5,18523,3506306394,0.15,1788.82,1803.54,1781.5,505.6,215.18,45.31,42.56,8.96,66.07,69.16
5253,8/10/23,600519,1780.54,1773.54,1787.54,1760.84,18436,3454219140,0.15,1773.54,1787.54,1760.84,485.08,191.66,65.97,39.51,13.6,62.47,68.17
5254,8/11/23,600519,1783.54,1732.54,1783.94,1732.42,26786,4959166751,0.21,1732.54,1783.94,1732.42,515.82,191.66,94.39,37.16,18.3,58.41,65.85
5255,8/14/23,600519,1708.54,1701.54,1723.52,1694.54,23731,4285362053,0.19,1701.54,1723.52,1694.54,496.09,133.93,132.27,27.0,26.66,46.9,59.79
5256,8/15/23,600519,1707.54,1711.52,1716.54,1699.55,14818,2682125119,0.12,1711.52,1716.54,1699.55,492.17,126.82,132.27,25.77,26.87,36.2,53.51
5257,8/16/23,600519,1706.12,1718.54,1721.89,1704.54,13184,2396261791,0.1,1718.54,1721.89,1704.54,483.28,113.37,132.27,23.46,27.37,26.4,47.45
5258,8/17/23,600519,1704.62,1726.59,1732.54,1700.09,17290,3141408018,0.14,1726.59,1732.54,1700.09,443.74,78.81,132.27,17.76,29.81,19.76,42.91
5259,8/18/23,600519,1730.53,1701.13,1733.53,1701.13,17023,3084761577,0.14,1701.13,1733.53,1701.13,415.14,44.8,132.27,10.79,31.86,19.86,41.16
5260,8/21/23,600519,1691.54,1689.54,1712.53,1688.61,18912,3405415645,0.15,1689.54,1712.53,1688.61,410.0,44.8,144.79,10.93,35.31,22.98,40.69
5261,8/22/23,600519,1699.53,1686.54,1701.1,1669.56,26650,4763131152,0.21,1686.54,1701.1,1669.56,418.34,44.8,152.75,10.71,36.51,31.98,39.44
5262,8/23/23,600519,1695.54,1672.54,1698.54,1668.62,19912,3556178584,0.16,1672.54,1698.54,1668.62,408.76,44.8,137.39,10.96,33.61,40.1,38.15
5263,8/24/23,600519,1678.16,1714.84,1726.54,1673.54,26055,4703417600,0.21,1714.84,1726.54,1673.54,434.71,56.28,137.39,12.95,31.6,45.8,36.1
5264,8/25/23,600519,1707.33,1723.52,1736.31,1704.55,18831,3433296756,0.15,1723.52,1736.31,1704.55,439.5,66.05,126.42,15.03,28.76,46.81,33.28
5265,8/28/23,600519,1797.12,1733.51,1797.12,1730.42,41052,7633221012,0.33,1733.51,1797.12,1730.42,483.47,126.86,119.47,26.24,24.71,39.08,29.47
5266,8/29/23,600519,1726.54,1749.87,1767.62,1726.54,28950,5371260173,0.23,1749.87,1767.62,1726.54,502.51,115.57,123.35,23.0,24.55,30.83,26.9
5267,8/30/23,600519,1766.44,1754.54,1766.54,1742.2,19812,3672570260,0.16,1754.54,1766.54,1742.2,498.87,115.57,102.69,23.17,20.58,22.7,27.34
5268,8/31/23,600519,1758.54,1745.54,1758.54,1739.55,14820,2738445519,0.12,1745.54,1758.54,1739.55,466.34,115.57,76.92,24.78,16.49,17.58,28.84
5269,9/1/23,600519,1751.37,1749.59,1764.01,1744.57,13145,2438622738,0.1,1749.59,1764.01,1744.57,447.78,121.04,39.04,27.03,8.72,19.14,32.47
5270,9/4/23,600519,1761.14,1764.54,1778.48,1752.07,23871,4453823216,0.19,1764.54,1778.48,1752.07,459.68,135.51,39.04,29.48,8.49,23.12,34.96
5271,9/5/23,600519,1766.54,1757.24,1766.54,1755.34,15659,2915625961,0.12,1757.24,1766.54,1755.34,453.53,130.16,39.04,28.7,8.61,31.6,35.34
5272,9/6/23,600519,1756.54,1759.54,1765.2,1747.55,11121,2067605990,0.09,1759.54,1765.2,1747.55,438.73,119.51,46.83,27.24,10.67,38.34,34.58
5273,9/7/23,600519,1751.14,1736.54,1755.43,1729.73,16982,3128587116,0.14,1736.54,1755.43,1729.73,436.14,118.52,64.65,27.17,14.82,42.25,32.48
5274,9/8/23,600519,1733.48,1717.04,1733.48,1713.49,12212,2224338144,0.1,1717.04,1733.48,1713.49,435.27,118.52,68.37,27.23,15.71,43.38,30.48
5275,9/11/23,600519,1706.54,1720.71,1738.54,1706.54,15926,2902617736,0.13,1720.71,1738.54,1706.54,435.73,118.52,56.27,27.2,12.91,40.78,29.96
5276,9/12/23,600519,1725.14,1718.5,1725.52,1714.56,12168,2214514112,0.1,1718.5,1725.52,1714.56,416.77,118.52,55.33,28.44,13.28,37.63,30.37
5277,9/13/23,600519,1728.46,1718.45,1728.46,1698.59,19501,3540583633,0.16,1718.45,1728.46,1698.59,392.64,90.52,71.3,23.05,18.16,30.63,31.11
5278,9/14/23,600519,1721.07,1717.23,1725.52,1704.54,17505,3180447848,0.14,1717.23,1725.52,1704.54,381.86,80.75,71.3,21.15,18.67,24.38,31.36
5279,9/15/23,600519,1717.54,1680.53,1718.32,1679.84,28431,5105749077,0.23,1680.53,1718.32,1679.84,346.74,19.94,96.0,5.75,27.69,30.42,36.33
5280,9/18/23,600519,1674.85,1727.74,1728.04,1671.54,32559,5905121000,0.26,1727.74,1728.04,1671.54,362.16,29.66,92.12,8.19,25.44,34.49,38.94
5281,9/19/23,600519,1720.74,1725.48,1727.54,1706.54,14990,2727858953,0.12,1725.48,1727.54,1706.54,359.02,29.66,92.12,8.26,25.66,37.1,38.94
5282,9/20/23,600519,1720.54,1722.54,1728.54,1716.59,12502,2281583949,0.1,1722.54,1728.54,1716.59,351.98,30.66,89.47,8.71,25.42,39.2,38.42
5283,9/21/23,600519,1716.55,1696.93,1720.54,1696.93,19489,3521486755,0.16,1696.93,1720.54,1696.93,358.15,25.19,109.13,7.03,30.47,47.64,39.14
5284,9/22/23,600519,1704.17,1747.54,1748.5,1690.95,34390,6287832575,0.27,1747.54,1748.5,1690.95,386.81,38.68,109.13,10.0,28.21,54.55,39.47
5285,9/25/23,600519,1746.04,1730.92,1746.54,1725.13,13979,2565773541,0.11,1730.92,1746.54,1725.13,398.02,38.68,109.13,9.72,27.42,51.56,40.99
5286,9/26/23,600519,1726.54,1714.54,1733.42,1711.64,15762,2870852363,0.13,1714.54,1733.42,1711.64,402.15,38.68,114.83,9.62,28.55,51.28,42.88
5287,9/27/23,600519,1713.54,1712.54,1732.04,1701.34,20880,3791876119,0.17,1712.54,1732.04,1701.34,403.04,38.68,107.31,9.6,26.63,50.56,43.83
5288,9/28/23,600519,1723.52,1697.09,1723.52,1696.34,20538,3704812960,0.16,1697.09,1723.52,1696.34,407.17,38.68,96.07,9.5,23.59,49.5,44.35
5289,10/9/23,600519,1695.48,1675.54,1695.48,1663.44,29763,5279950406,0.24,1675.54,1695.48,1663.44,408.82,38.68,122.02,9.46,29.85,47.73,47.69
5290,10/10/23,600519,1681.43,1668.54,1697.52,1666.54,20284,3615557182,0.16,1668.54,1697.52,1666.54,428.84,40.72,122.02,9.5,28.45,48.11,51.33
5291,10/11/23,600519,1683.19,1677.04,1683.19,1666.54,21945,3896568648,0.17,1677.04,1683.19,1666.54,415.62,40.72,106.05,9.8,25.52,47.59,49.57
5292,10/12/23,600519,1696.44,1684.54,1696.77,1675.74,14865,2657095942,0.12,1684.54,1696.77,1675.74,415.67,54.3,106.05,13.06,25.51,44.7,47.99
5293,10/13/23,600519,1669.42,1649.54,1676.55,1636.73,25028,4387687934,0.2,1649.54,1676.55,1636.73,425.0,54.3,120.36,12.78,28.32,43.17,46.87
5294,10/16/23,600519,1649.52,1628.44,1654.54,1620.99,20790,3603604610,0.17,1628.44,1654.54,1620.99,402.05,44.58,136.1,11.09,33.85,44.51,47.01
5295,10/17/23,600519,1637.54,1624.54,1637.98,1614.54,14945,2577312288,0.12,1624.54,1637.98,1614.54,404.29,44.58,142.55,11.03,35.26,44.6,46.16
5296,10/18/23,600519,1617.34,1626.54,1640.54,1615.72,20318,3511987514,0.16,1626.54,1640.54,1615.72,417.16,46.14,142.55,11.06,34.17,44.78,46.45
5297,10/19/23,600519,1598.54,1528.54,1598.57,1524.57,73492,12146921769,0.59,1528.54,1598.57,1524.57,493.52,46.14,214.04,9.35,43.37,48.12,47.86
5298,10/20/23,600519,1528.54,1543.54,1553.54,1514.79,45376,7421390806,0.36,1543.54,1553.54,1514.79,474.72,18.18,223.82,3.83,47.15,56.91,50.8
5299,10/23/23,600519,1528.51,1542.52,1558.54,1520.14,25234,4138279588,0.2,1542.52,1558.54,1520.14,490.71,23.18,223.82,4.72,45.61,64.14,53.65
5300,10/24/23,600519,1546.54,1541.49,1551.9,1519.75,29861,4894807617,0.24,1541.49,1551.9,1519.75,501.08,23.18,210.72,4.63,42.05,69.06,56.79
5301,10/25/23,600519,1568.65,1576.04,1596.54,1565.56,36179,6075417064,0.29,1576.04,1596.54,1565.56,525.43,67.82,200.42,12.91,38.14,68.57,56.58
5302,10/26/23,600519,1565.54,1570.77,1586.54,1560.55,22386,3741418874,0.18,1570.77,1586.54,1560.55,524.24,67.82,200.43,12.94,38.23,68.3,56.54
5303,10/27/23,600519,1562.54,1575.25,1590.42,1559.14,34262,5754795486,0.27,1575.25,1590.42,1559.14,521.87,71.7,167.53,13.74,32.1,64.22,56.17
5304,10/30/23,600519,1567.54,1579.54,1587.42,1567.54,24086,4050573178,0.19,1579.54,1587.42,1567.54,510.77,69.66,167.53,13.64,32.8,56.93,56.92
5305,10/31/23,600519,1578.54,1583.12,1588.54,1566.39,19859,3335804699,0.16,1583.12,1588.54,1566.39,516.27,69.66,168.68,13.49,32.67,50.32,57.23
5306,11/1/23,600519,1748.54,1679.53,1748.54,1672.33,93143,16747292689,0.74,1679.53,1748.54,1672.33,660.66,216.08,168.68,32.71,25.53,39.01,54.03
5307,11/2/23,600519,1693.54,1678.04,1693.54,1674.6,27908,4982090753,0.22,1678.04,1693.54,1674.6,631.79,216.08,129.67,34.2,20.52,34.94,51.75
5308,11/3/23,600519,1678.54,1709.78,1713.43,1672.54,30176,5433116881,0.24,1709.78,1713.43,1672.54,639.13,235.97,113.93,36.92,17.83,32.51,50.4
5309,11/6/23,600519,1718.54,1710.54,1722.33,1699.66,25524,4624102375,0.2,1710.54,1722.33,1699.66,638.36,244.87,107.48,38.36,16.84,32.33,48.28
5310,11/7/23,600519,1703.54,1689.71,1708.54,1682.62,19582,3511590028,0.16,1689.71,1708.54,1682.62,641.46,242.31,124.52,37.77,19.41,30.81,43.87
5311,11/8/23,600519,1682.59,1696.88,1702.34,1681.41,14546,2610041959,0.12,1696.88,1702.34,1681.41,560.42,242.31,34.58,43.24,6.17,36.39,43.35
5312,11/9/23,600519,1688.65,1692.65,1697.54,1681.54,12800,2291996819,0.1,1692.65,1697.54,1681.54,537.67,242.31,24.8,45.07,4.61,47.9,43.46
5313,11/10/23,600519,1679.09,1674.38,1686.54,1671.64,16466,2928380668,0.13,1674.38,1686.54,1671.64,520.28,237.31,34.7,45.61,6.67,56.15,45.54
5314,11/13/23,600519,1670.82,1662.54,1683.42,1655.52,18370,3244573621,0.15,1662.54,1683.42,1655.52,516.03,237.31,50.43,45.99,9.77,61.16,46.84
5315,11/14/23,600519,1662.54,1663.81,1673.53,1658.55,12817,2263963957,0.1,1663.81,1673.53,1658.55,475.96,192.67,50.43,40.48,10.6,64.42,48.37
5316,11/15/23,600519,1677.54,1671.47,1681.43,1665.54,18435,3271230275,0.15,1671.47,1681.43,1665.54,467.59,200.57,45.42,42.89,9.71,69.58,50.19
5317,11/16/23,600519,1672.54,1658.59,1674.54,1658.59,12558,2215937273,0.1,1658.59,1674.54,1658.59,452.26,196.69,52.37,43.49,11.58,66.73,51.56
5318,11/17/23,600519,1650.54,1651.96,1657.54,1636.44,21714,3793781119,0.17,1651.96,1657.54,1636.44,454.53,196.69,74.52,43.27,16.39,60.67,54.29
5319,11/20/23,600519,1653.54,1661.04,1668.04,1635.2,18608,3265514010,0.15,1661.04,1668.04,1635.2,465.22,207.19,73.37,44.54,15.77,56.2,56.18
5320,11/21/23,600519,1681.96,1688.54,1696.54,1668.64,30098,5383107810,0.24,1688.54,1696.54,1668.64,335.3,75.69,73.37,22.57,21.88,45.64,53.4
5321,11/22/23,600519,1681.84,1680.05,1692.89,1679.08,12665,2263460167,0.1,1680.05,1692.89,1679.08,330.17,75.69,73.37,22.92,22.22,36.15,50.28
5322,11/23/23,600519,1676.84,1684.54,1686.54,1669.54,11550,2055272193,0.09,1684.54,1686.54,1669.54,306.28,55.8,82.91,18.22,27.07,28.89,49.23
5323,11/24/23,600519,1687.54,1675.54,1687.54,1673.54,13085,2329345658,0.1,1675.54,1687.54,1673.54,297.61,47.9,82.91,16.09,27.86,23.69,45.21
5324,11/27/23,600519,1671.84,1661.54,1671.84,1653.54,16261,2865075217,0.13,1661.54,1671.84,1653.54,291.69,47.9,85.87,16.42,29.44,20.92,40.79
5325,11/28/23,600519,1659.54,1667.58,1672.42,1656.54,14520,2562905659,0.12,1667.58,1672.42,1656.54,286.64,48.48,84.66,16.91,29.54,17.5,36.85
5326,11/29/23,600519,1666.54,1673.25,1674.54,1656.54,17149,3034175614,0.14,1673.25,1674.54,1656.54,288.64,50.6,84.66,17.53,29.33,21.43,33.54
5327,11/30/23,600519,1675.26,1690.04,1693.3,1669.62,21353,3817513545,0.17,1690.04,1693.3,1669.62,291.31,69.36,74.76,23.81,25.66,21.8,28.97
5328,12/1/23,600519,1687.85,1658.82,1688.24,1646.54,33051,5830850111,0.26,1658.82,1688.24,1646.54,306.91,69.36,81.72,22.6,26.63,19.91,24.4
5329,12/4/23,600519,1658.82,1649.25,1660.37,1643.82,18440,3233102118,0.15,1649.25,1660.37,1643.82,308.48,69.36,84.44,22.48,27.37,17.08,20.39
5330,12/5/23,600519,1647.32,1607.54,1647.42,1606.56,29903,5168983317,0.24,1607.54,1647.42,1606.56,333.55,61.46,121.7,18.43,36.49,17.83,19.37
5331,12/6/23,600519,1601.17,1601.54,1618.01,1599.67,23851,4078003022,0.19,1601.54,1618.01,1599.67,335.94,61.46,121.64,18.29,36.21,18.78,18.14
5332,12/7/23,600519,1602.54,1598.54,1607.62,1585.84,25042,4249170906,0.2,1598.54,1607.62,1585.84,335.57,61.46,113.32,18.32,33.77,19.53,20.48
5333,12/8/23,600519,1598.54,1603.46,1607.38,1590.76,26288,4474160126,0.21,1603.46,1607.38,1590.76,319.35,50.96,113.32,15.96,35.48,25.23,23.51
5334,12/11/23,600519,1588.54,1596.54,1602.54,1555.54,36831,6172810248,0.29,1596.54,1602.54,1555.54,331.77,22.46,148.54,6.77,44.77,36.15,28.03
5335,12/12/23,600519,1586.14,1608.53,1608.53,1582.54,21011,3564305866,0.17,1608.53,1608.53,1582.54,343.95,28.45,148.54,8.27,43.19,45.83,31.45
5336,12/13/23,600519,1603.76,1558.54,1604.26,1555.62,38789,6480807500,0.31,1558.54,1604.26,1555.62,379.86,28.45,165.92,7.49,43.68,52.13,34.98
5337,12/14/23,600519,1564.5,1534.44,1568.41,1533.56,40672,6703240107,0.32,1534.44,1568.41,1533.56,400.71,27.45,187.98,6.85,46.91,59.08,38.93
5338,12/15/23,600519,1546.77,1543.54,1576.31,1542.55,37093,6140791726,0.3,1543.54,1576.31,1542.55,420.58,35.35,167.98,8.41,39.94,65.0,42.26
5339,12/18/23,600519,1538.54,1560.54,1561.87,1533.54,19897,3292194757,0.16,1560.54,1561.87,1533.54,433.03,34.77,176.99,8.03,40.87,69.87,47.55
5340,12/19/23,600519,1563.54,1573.54,1578.41,1543.63,22207,3706057587,0.18,1573.54,1578.41,1543.63,449.81,49.19,176.99,10.94,39.35,67.0,51.58
5341,12/20/23,600519,1575.64,1567.43,1577.64,1560.64,23092,3816133219,0.18,1567.43,1577.64,1560.64,443.13,30.43,176.99,6.87,39.94,67.47,56.65
5342,12/21/23,600519,1557.65,1587.64,1589.96,1557.65,29012,4827827888,0.23,1587.64,1589.96,1557.65,431.94,42.75,153.91,9.9,35.63,65.1,58.62
5343,12/22/23,600519,1587.34,1588.29,1596.74,1575.65,21667,3613238325,0.17,1588.29,1596.74,1575.65,436.48,49.53,151.19,11.35,34.64,61.12,60.1
5344,12/25/23,600519,1588.64,1589.64,1596.24,1585.64,12471,2086014390,0.1,1589.64,1596.24,1585.64,404.39,49.53,113.93,12.25,28.17,56.82,60.91
5345,12/26/23,600519,1590.14,1587.64,1592.54,1575.14,14771,2457177339,0.12,1587.64,1592.54,1575.14,403.45,49.53,117.54,12.28,29.13,52.41,61.14
5346,12/27/23,600519,1585.64,1584.7,1594.79,1578.64,16056,2679221365,0.13,1584.7,1594.79,1578.64,397.82,51.78,103.71,13.02,26.07,48.56,57.78
5347,12/28/23,600519,1588.63,1642.63,1645.63,1584.7,38338,6537401380,0.31,1642.63,1645.63,1584.7,442.13,102.62,103.71,23.21,23.46,36.87,52.17
5348,12/29/23,600519,1637.64,1643.64,1667.22,1637.64,27539,4768857531,0.22,1643.64,1667.22,1637.64,423.79,124.21,68.49,29.31,16.16,32.27,48.68
5349,1/2/24,600519,1632.64,1602.65,1635.83,1595.74,32156,5440082548,0.26,1602.65,1635.83,1595.74,445.7,118.22,110.39,26.52,24.77,24.4,42.76
5350,1/3/24,600519,1598.75,1611.64,1612.86,1593.97,20229,3411400667,0.16,1611.64,1612.86,1593.97,411.68,118.22,85.24,28.72,20.71,20.53,38.67
5351,1/4/24,600519,1610.64,1586.64,1610.64,1580.57,21551,3603970147,0.17,1586.64,1610.64,1580.57,407.9,118.22,76.58,28.98,18.77,17.31,34.86
5352,1/5/24,600519,1578.97,1581.0,1596.3,1569.75,20243,3373155627,0.16,1581.0,1596.3,1569.75,392.58,110.32,87.4,28.1,22.26,13.67,31.11
5353,1/8/24,600519,1578.64,1561.63,1579.64,1557.65,25586,4211918629,0.2,1561.63,1579.64,1557.65,387.6,110.32,90.49,28.46,23.35,15.23,26.05
5354,1/9/24,600519,1558.65,1558.64,1569.96,1552.71,24412,4009826496,0.19,1558.64,1569.96,1552.71,370.07,93.78,95.43,25.34,25.79,10.56,21.41
5355,1/10/24,600519,1558.74,1559.14,1577.1,1555.64,17351,2856120718,0.14,1559.14,1577.1,1555.64,374.53,100.92,95.43,26.95,25.48,10.45,17.42
5356,1/11/24,600519,1557.74,1564.21,1575.58,1555.7,16441,2708764500,0.13,1564.21,1575.58,1555.7,362.1,88.6,95.43,24.47,26.35,8.37,14.45
5357,1/12/24,600519,1557.61,1560.7,1568.9,1557.04,11603,1908084612,0.09,1560.7,1568.9,1557.04,352.87,81.82,95.43,23.19,27.04,6.09,11.7
5358,1/15/24,600519,1552.64,1557.64,1572.61,1552.09,17854,2931202343,0.14,1557.64,1572.61,1552.09,362.79,81.82,100.38,22.55,27.67,5.85,9.76
5359,1/16/24,600519,1556.14,1557.07,1564.64,1542.58,25903,4236042960,0.21,1557.07,1564.64,1542.58,367.45,81.82,99.39,22.27,27.05,5.82,10.53
5360,1/17/24,600519,1547.64,1494.64,1553.12,1494.64,51633,8251735591,0.41,1494.64,1553.12,1494.64,413.73,79.57,147.33,19.23,35.61,10.66,10.61
5361,1/18/24,600519,1491.64,1528.51,1530.44,1473.19,60440,9566349514,0.48,1528.51,1530.44,1473.19,410.05,28.73,168.78,7.01,41.16,22.01,16.23
5362,1/19/24,600519,1526.51,1552.64,1555.65,1518.52,46378,7550144389,0.37,1552.64,1555.65,1518.52,417.6,32.35,168.78,7.75,40.42,32.69,20.53
5363,1/22/24,600519,1546.64,1559.64,1560.64,1536.52,46946,7678297836,0.37,1559.64,1560.64,1536.52,393.82,37.34,126.88,9.48,32.22,40.5,23.29
5364,1/23/24,600519,1549.65,1536.64,1557.59,1526.64,34835,5659457115,0.28,1536.64,1557.59,1526.64,407.93,37.34,134.99,9.15,33.09,48.25,27.05
5365,1/24/24,600519,1546.64,1543.64,1551.48,1521.2,33216,5373603703,0.26,1543.64,1551.48,1521.2,407.14,37.34,127.03,9.17,31.2,55.73,30.77
5366,1/25/24,600519,1544.46,1555.64,1558.64,1539.64,31206,5094508165,0.25,1555.64,1558.64,1539.64,399.59,44.5,116.21,11.14,29.08,58.19,34.42
5367,1/26/24,600519,1548.0,1554.96,1561.74,1540.64,26955,4402111882,0.21,1554.96,1561.74,1540.64,397.34,47.6,104.11,11.98,26.2,52.58,37.29
5368,1/29/24,600519,1557.94,1567.64,1578.22,1557.93,31421,5189014946,0.25,1567.64,1578.22,1557.93,403.35,64.08,99.17,15.89,24.59,44.85,38.77
5369,1/30/24,600519,1567.62,1530.64,1567.62,1527.64,30866,5010784454,0.25,1530.64,1567.62,1527.64,421.89,56.94,129.46,13.5,30.69,42.25,41.38
5370,1/31/24,600519,1530.64,1522.55,1537.61,1515.77,29649,4770104891,0.24,1522.55,1537.61,1515.77,423.85,56.94,141.33,13.43,33.34,39.9,44.07
5371,2/1/24,600519,1523.14,1527.67,1541.53,1518.64,26485,4272298576,0.21,1527.67,1541.53,1518.64,434.88,60.86,141.33,13.99,32.5,37.44,46.58
5372,2/2/24,600519,1532.64,1513.64,1545.42,1498.64,39382,6336691194,0.31,1513.64,1545.42,1498.64,461.14,60.86,156.38,13.2,33.91,37.33,47.76
5373,2/5/24,600519,1513.64,1547.65,1555.08,1512.89,53130,8590683071,0.42,1547.65,1555.08,1512.89,481.27,70.52,146.87,14.65,30.52,36.98,44.78
5374,2/6/24,600519,1547.65,1593.64,1603.12,1543.74,52472,8740646588,0.42,1593.64,1603.12,1543.74,478.22,118.56,98.93,24.79,20.69,34.9,39.88
5375,2/7/24,600519,1598.67,1628.63,1632.23,1579.25,52601,8899606867,0.42,1628.63,1632.23,1579.25,473.95,147.67,77.48,31.16,16.35,33.61,37.93
5376,2/8/24,600519,1637.65,1623.64,1642.64,1602.64,46757,7953438044,0.37,1623.64,1642.64,1602.64,476.82,132.87,77.48,27.87,16.25,30.9,35.4
5377,2/19/24,600519,1655.51,1613.07,1655.57,1605.64,36977,6288277980,0.29,1613.07,1655.57,1605.64,502.63,140.81,77.48,28.01,15.41,29.11,33.27
5378,2/20/24,600519,1615.0,1587.64,1615.0,1574.2,34470,5755266893,0.27,1587.64,1615.0,1574.2,510.43,140.81,99.04,27.59,19.4,24.68,31.01
5379,2/21/24,600519,1583.66,1635.3,1648.64,1579.64,46154,7868784082,0.37,1635.3,1648.64,1579.64,549.15,174.45,93.6,31.77,17.04,23.85,30.41
5380,2/22/24,600519,1625.14,1636.02,1640.65,1618.17,22794,3905984695,0.18,1636.02,1640.65,1618.17,552.63,167.29,93.6,30.27,16.94,27.06,30.98
5381,2/23/24,600519,1628.75,1631.73,1642.02,1617.66,27306,4670706950,0.22,1631.73,1642.02,1617.66,555.89,165.56,93.6,29.78,16.84,26.49,30.05
5382,2/26/24,600519,1625.64,1612.62,1626.38,1602.66,27318,4625594409,0.22,1612.62,1626.38,1602.66,561.7,149.08,108.6,26.54,19.33,24.72,27.81
5383,2/27/24,600519,1600.64,1607.14,1610.56,1595.64,22080,3718478358,0.18,1607.14,1610.56,1595.64,538.68,149.08,85.33,27.68,15.84,24.42,26.76
5384,2/28/24,600519,1606.56,1599.19,1614.21,1591.65,31867,5371312847,0.25,1599.19,1614.21,1591.65,539.4,149.08,77.45,27.64,14.36,26.78,25.73
5385,2/29/24,600519,1599.19,1612.64,1614.14,1596.84,24758,4184917973,0.2,1612.64,1614.14,1596.84,533.81,145.16,77.45,27.19,14.51,26.83,25.34
5386,3/1/24,600519,1607.64,1602.7,1612.61,1594.32,26868,4526845398,0.21,1602.7,1612.61,1594.32,505.35,145.16,59.97,28.72,11.87,29.04,28.05
5387,3/4/24,600519,1596.64,1593.94,1598.63,1587.69,26485,4434401015,0.21,1593.94,1598.63,1587.69,478.17,135.5,66.6,28.34,13.93,30.09,28.29
5388,3/5/24,600519,1588.45,1612.74,1614.64,1584.32,36238,6102136582,0.29,1612.74,1614.64,1584.32,449.11,103.47,66.6,23.04,14.83,31.09,27.9
5389,3/6/24,600519,1608.64,1598.19,1612.64,1595.66,22142,3725582802,0.18,1598.19,1612.64,1595.66,413.21,74.36,66.6,18.0,16.12,27.47,25.94
5390,3/7/24,600519,1597.64,1601.27,1607.44,1595.64,21599,3633934774,0.17,1601.27,1607.44,1595.64,385.01,63.95,66.62,16.61,17.3,22.54,24.66
5391,3/8/24,600519,1598.2,1589.07,1604.32,1587.69,22156,3710678522,0.18,1589.07,1604.32,1587.69,351.71,51.02,74.57,14.51,21.2,20.6,23.71
5392,3/11/24,600519,1592.64,1612.13,1616.52,1590.82,29895,5048394347,0.24,1612.13,1616.52,1590.82,338.36,63.22,43.13,18.68,12.75,16.83,22.93
5393,3/12/24,600519,1611.58,1662.64,1666.74,1608.14,54227,9393309052,0.43,1662.64,1666.74,1608.14,327.96,79.8,43.13,24.33,13.15,16.12,23.11
5394,3/13/24,600519,1657.61,1645.09,1665.64,1637.74,26500,4588879420,0.21,1645.09,1665.64,1637.74,333.38,79.8,43.13,23.94,12.94,17.48,24.28
5395,3/14/24,600519,1636.64,1634.27,1652.48,1629.14,19405,3338768308,0.15,1634.27,1652.48,1629.14,332.36,78.43,51.73,23.6,15.56,19.98,23.73
5396,3/15/24,600519,1630.14,1635.13,1650.04,1629.64,17834,3066692399,0.14,1635.13,1650.04,1629.64,323.69,78.43,36.73,24.23,11.35,25.67,24.11
5397,3/18/24,600519,1632.64,1625.9,1637.49,1616.64,26055,4446059130,0.21,1625.9,1637.49,1616.64,327.56,78.43,42.71,23.94,13.04,27.46,24.03
5398,3/19/24,600519,1620.64,1625.66,1637.58,1610.75,23948,4093701261,0.19,1625.66,1637.58,1610.75,331.83,78.43,44.61,23.64,13.44,28.89,22.86
5399,3/20/24,600519,1621.0,1627.24,1631.32,1617.87,15249,2604543856,0.12,1627.24,1631.32,1617.87,327.98,78.43,44.61,23.91,13.6,28.5,22.31
5400,3/21/24,600519,1625.74,1626.64,1636.64,1622.14,16596,2839332631,0.13,1626.64,1636.64,1622.14,324.16,83.75,42.09,25.84,12.98,29.05,23.26
5401,3/22/24,600519,1622.67,1618.99,1626.63,1605.64,25456,4318592818,0.2,1618.99,1626.63,1605.64,330.15,83.75,51.96,25.37,15.74,29.53,24.76
5402,3/25/24,600519,1616.18,1606.65,1616.41,1598.22,24473,4131446237,0.19,1606.65,1616.41,1598.22,320.6,67.74,59.38,21.13,18.52,24.59,25.13
5403,3/26/24,600519,1605.1,1626.93,1630.44,1605.1,28069,4782899074,0.22,1626.93,1630.44,1605.1,328.86,81.77,59.38,24.86,18.06,22.32,24.89
5404,3/27/24,600519,1622.64,1618.64,1629.64,1616.64,18113,3087792980,0.14,1618.64,1629.64,1616.64,330.06,81.77,59.36,24.77,17.98,20.39,24.64
5405,3/28/24,600519,1612.64,1619.28,1635.64,1610.84,24642,4201857059,0.2,1619.28,1635.64,1610.84,338.23,87.77,51.41,25.95,15.2,20.16,24.33
5406,3/29/24,600519,1619.28,1620.54,1628.63,1615.74,13457,2290584417,0.11,1620.54,1628.63,1615.74,323.67,75.57,51.41,23.35,15.88,17.82,23.43
5407,4/1/24,600519,1627.63,1638.97,1651.64,1626.34,27131,4679371035,0.22,1638.97,1651.64,1626.34,296.17,48.36,51.41,16.33,17.36,14.42,21.98
5408,4/2/24,600519,1639.64,1631.63,1642.63,1622.69,25449,4360973684,0.2,1631.63,1642.63,1622.69,288.21,48.36,55.06,16.78,19.1,14.4,19.5
5409,4/3/24,600519,1651.64,1632.75,1657.08,1627.66,29046,5002390042,0.23,1632.75,1657.08,1627.66,294.29,62.81,46.46,21.34,15.79,14.25,18.29
5410,4/8/24,600519,1612.64,1584.3,1613.64,1580.24,59167,9907355766,0.47,1584.3,1613.64,1580.24,326.4,62.81,93.88,19.24,28.76,14.91,17.65
5411,4/9/24,600519,1578.31,1579.86,1590.64,1576.09,25590,4256226333,0.2,1579.86,1590.64,1576.09,320.1,62.81,85.03,19.62,26.56,13.06,16.61
5412,4/10/24,600519,1579.91,1565.62,1582.63,1562.64,27631,4562853880,0.22,1565.62,1582.63,1562.64,313.26,62.81,92.59,20.05,29.56,13.09,15.45
5413,4/11/24,600519,1557.75,1565.64,1567.64,1552.33,22766,3736417595,0.18,1565.64,1567.64,1552.33,315.12,62.81,102.9,19.93,32.65,16.61,15.52
5414,4/12/24,600519,1568.64,1551.67,1581.64,1551.67,26744,4403968129,0.21,1551.67,1581.64,1551.67,330.59,71.49,102.9,21.62,31.13,18.53,16.47
5415,4/15/24,600519,1552.65,1590.62,1593.25,1552.62,35818,5960815532,0.29,1590.62,1593.25,1552.62,351.17,83.1,86.4,23.66,24.6,16.36,15.31
5416,4/16/24,600519,1583.13,1587.64,1597.2,1576.64,26266,4382796962,0.21,1587.64,1597.2,1576.64,350.96,87.05,78.98,24.8,22.5,13.87,14.39
5417,4/17/24,600519,1585.64,1584.64,1592.84,1575.64,24819,4130322018,0.2,1584.64,1592.84,1575.64,342.82,73.02,79.98,21.3,23.33,12.12,12.59
5418,4/18/24,600519,1576.65,1588.42,1600.62,1575.82,26568,4445487745,0.21,1588.42,1600.62,1575.82,354.62,80.8,79.98,22.78,22.55,9.01,11.05
5419,4/19/24,600519,1578.42,1564.28,1586.14,1558.92,23500,3879233242,0.19,1564.28,1586.14,1558.92,359.32,74.8,96.88,20.82,26.96,7.12,11.87
5420,4/22/24,600519,1571.64,1592.7,1596.52,1562.64,29951,5001684635,0.24,1592.7,1596.52,1562.64,380.31,85.18,96.88,22.4,25.47,5.19,11.86
5421,4/23/24,600519,1592.64,1609.92,1612.64,1592.64,24980,4217855279,0.2,1609.92,1612.64,1592.64,369.21,78.29,96.88,21.2,26.24,6.64,11.5
5422,4/24/24,600519,1614.62,1611.24,1617.55,1600.97,17086,2893555635,0.14,1611.24,1617.55,1600.97,365.85,83.2,93.23,22.74,25.48,6.77,10.32
5423,4/25/24,600519,1607.97,1610.68,1613.24,1599.89,14476,2447183879,0.12,1610.68,1613.24,1599.89,349.78,68.75,94.31,19.66,26.96,8.63,10.37
5424,4/26/24,600519,1611.64,1627.07,1631.64,1611.62,30996,5290248521,0.25,1627.07,1631.64,1611.62,318.23,87.15,46.89,27.39,14.73,13.55,11.28
5425,4/29/24,600519,1614.59,1621.64,1645.64,1611.46,41332,7072096590,0.33,1621.64,1645.64,1611.46,337.86,101.15,42.74,29.94,12.65,18.17,12.65
5426,4/30/24,600519,1622.65,1622.64,1647.52,1622.64,30760,5273902374,0.24,1622.64,1647.52,1622.64,343.75,103.03,29.29,29.97,8.52,26.39,15.79
5427,5/6/24,600519,1651.61,1677.84,1682.64,1644.64,59909,10504351712,0.48,1677.84,1682.64,1644.64,388.44,138.15,18.98,35.57,4.89,37.26,21.95
5428,5/7/24,600519,1683.43,1687.64,1695.44,1674.32,24925,4413196426,0.2,1687.64,1695.44,1674.32,379.59,136.95,18.98,36.08,5.0,48.92,27.85
5429,5/8/24,600519,1687.33,1681.61,1687.61,1673.31,14769,2603293863,0.12,1681.61,1687.61,1673.31,352.34,125.34,19.99,35.57,5.67,58.39,33.51
5430,5/9/24,600519,1675.64,1673.64,1682.62,1667.64,22387,3929804849,0.18,1673.64,1682.62,1667.64,346.76,121.39,25.66,35.01,7.4,64.23,38.89
5431,5/10/24,600519,1678.74,1656.62,1685.52,1651.63,26207,4571398242,0.21,1656.62,1685.52,1651.63,363.45,121.39,40.67,33.4,11.19,65.77,41.97
5432,5/13/24,600519,1649.66,1623.64,1650.3,1618.86,37662,6435415674,0.3,1623.64,1650.3,1618.86,376.41,113.61,73.44,30.18,19.51,60.06,43.23
5433,5/14/24,600519,1623.63,1619.62,1630.91,1617.65,21274,3623282672,0.17,1619.62,1630.91,1617.65,360.17,113.61,57.75,31.54,16.03,52.85,45.06
5434,5/15/24,600519,1620.22,1617.64,1625.64,1616.23,15739,2677203002,0.13,1617.64,1625.64,1616.23,335.7,103.23,59.17,30.75,17.63,44.77,46.84
5435,5/16/24,600519,1622.64,1622.14,1627.52,1607.64,29680,5048754769,0.24,1622.14,1627.52,1607.64,335.58,87.11,67.76,25.96,20.19,34.77,46.58
5436,5/17/24,600519,1617.65,1632.64,1634.22,1617.64,28924,4936920634,0.23,1632.64,1634.22,1617.64,335.58,88.9,67.76,26.49,20.19,26.17,45.2
5437,5/20/24,600519,1635.63,1626.64,1650.63,1625.75,31426,5401389335,0.25,1626.64,1650.63,1625.75,347.11,105.31,66.68,30.34,19.21,21.61,43.69
5438,5/21/24,600519,1625.64,1622.64,1627.37,1615.8,16293,2776847499,0.13,1622.64,1627.37,1615.8,337.72,86.91,76.63,25.73,22.69,19.08,39.57
5439,5/22/24,600519,1620.64,1615.35,1627.6,1608.64,20286,3443977767,0.16,1615.35,1627.6,1608.64,322.5,72.91,83.79,22.61,25.98,14.8,33.83
5440,5/23/24,600519,1617.64,1609.65,1624.02,1607.72,18885,3199923320,0.15,1609.65,1624.02,1607.72,312.92,71.03,84.71,22.7,27.07,11.74,28.26
5441,5/24/24,600519,1610.64,1594.72,1612.64,1594.64,20217,3401323915,0.16,1594.72,1612.64,1594.64,270.92,35.91,97.79,13.25,36.1,17.38,26.07
5442,5/27/24,600519,1595.64,1587.76,1605.09,1585.65,25098,4199001866,0.2,1587.76,1605.09,1585.65,269.24,23.11,106.78,8.58,39.66,25.86,26.01
5443,5/28/24,600519,1588.04,1582.28,1592.81,1580.64,23521,3923020375,0.19,1582.28,1592.81,1580.64,267.08,23.11,110.78,8.65,41.48,33.03,27.32
5444,5/29/24,600519,1583.64,1591.64,1597.64,1582.64,19651,3289173345,0.16,1591.64,1597.64,1582.64,267.46,27.94,105.11,10.45,39.3,41.65,30.36
5445,5/30/24,600519,1592.64,1566.64,1593.02,1566.64,32208,5333306808,0.26,1566.64,1593.02,1566.64,259.95,27.94,105.1,10.75,40.43,50.16,32.48
5446,5/31/24,600519,1568.14,1566.09,1581.14,1566.09,21857,3617654788,0.17,1566.09,1581.14,1566.09,237.24,27.94,72.88,11.78,30.72,56.13,33.93
5447,6/3/24,600519,1567.64,1557.03,1568.56,1552.75,30261,4966041477,0.24,1557.03,1568.56,1552.75,239.79,27.94,85.01,11.65,35.45,56.83,37.1
5448,6/4/24,600519,1558.14,1570.84,1573.64,1554.19,20841,3432497303,0.17,1570.84,1573.64,1554.19,249.83,33.02,83.59,13.22,33.46,53.32,39.59
5449,6/5/24,600519,1569.64,1561.64,1576.32,1560.67,19056,3140824328,0.15,1561.64,1576.32,1560.67,245.6,35.7,75.0,14.54,30.54,48.33,40.68
5450,6/6/24,600519,1561.3,1557.45,1569.63,1553.55,25610,4205700983,0.2,1557.45,1569.63,1553.55,245.1,29.0,82.12,11.83,33.5,46.63,44.14
5451,6/7/24,600519,1563.77,1536.82,1563.82,1536.65,33525,5453120695,0.27,1536.82,1563.82,1536.65,247.39,12.59,99.02,5.09,40.03,49.87,50.01
5452,6/11/24,600519,1520.63,1486.64,1522.64,1484.64,70247,11090577610,0.56,1486.64,1522.64,1484.64,288.0,12.59,141.08,4.37,48.99,56.38,56.25
5453,6/12/24,600519,1487.64,1489.32,1507.64,1487.64,33171,5230086503,0.26,1489.32,1507.64,1487.64,290.04,12.59,133.92,4.34,46.17,61.76,59.29
5454,6/13/24,600519,1494.41,1472.65,1494.53,1470.79,36186,5654938942,0.29,1472.65,1494.53,1470.79,297.48,12.59,149.85,4.23,50.37,68.61,60.97
5455,6/14/24,600519,1472.64,1472.64,1481.6,1438.1,59514,9177637168,0.47,1472.64,1481.6,1438.1,322.98,12.59,169.46,3.9,52.47,77.06,62.69
5456,6/17/24,600519,1449.93,1459.14,1466.41,1428.65,48318,7400883243,0.38,1459.14,1466.41,1428.65,347.53,12.59,169.92,3.62,48.89,83.46,65.04
5457,6/18/24,600519,1448.53,1439.14,1472.18,1434.32,41258,6317590943,0.33,1439.14,1472.18,1434.32,373.22,18.36,164.91,4.92,44.19,83.88,66.87
5458,6/19/24,600519,1446.51,1449.52,1452.52,1430.62,41262,6167728416,0.33,1449.52,1452.52,1430.62,379.76,13.53,168.61,3.56,44.4,84.13,70.25
5459,6/20/24,600519,1448.52,1448.62,1464.53,1446.52,24711,3715924984,0.2,1448.62,1464.53,1446.52,371.39,25.54,152.61,6.88,41.09,82.22,71.99
5460,6/21/24,600519,1449.02,1419.52,1453.5,1418.74,43320,6418543742,0.34,1419.52,1453.5,1418.74,391.1,25.54,179.84,6.53,45.98,80.66,74.63
5461,6/24/24,600519,1371.52,1425.07,1437.51,1362.53,63840,9319362390,0.51,1425.07,1437.51,1362.53,450.27,25.54,222.71,5.67,49.46,79.53,78.29
5462,6/25/24,600519,1425.52,1435.17,1451.51,1425.52,42098,6273919386,0.34,1435.17,1451.51,1425.52,457.26,34.46,222.71,7.54,48.71,77.36,80.41
5463,6/26/24,600519,1428.52,1437.74,1449.59,1426.32,29570,4414601922,0.24,1437.74,1449.59,1426.32,464.88,31.78,222.71,6.84,47.91,76.54,80.21
5464,6/27/24,600519,1440.52,1439.01,1442.49,1416.52,32822,4857959457,0.26,1439.01,1442.49,1416.52,474.77,31.78,225.39,6.69,47.47,74.9,79.52
5465,6/28/24,600519,1428.52,1415.91,1443.01,1412.52,38582,5699649047,0.31,1415.91,1443.01,1412.52,478.09,31.78,212.49,6.65,44.45,75.34,78.78
5466,7/1/24,600519,1417.4,1388.9,1421.51,1376.52,32161,4636689118,0.26,1388.9,1421.51,1376.52,470.9,31.78,196.48,6.75,41.72,74.84,77.75
5467,7/2/24,600519,1381.52,1439.22,1446.52,1381.52,51853,7659166816,0.41,1439.22,1446.52,1381.52,514.9,56.79,196.48,11.03,38.16,70.8,75.17
5468,7/3/24,600519,1447.52,1448.52,1461.53,1436.54,31573,4740808130,0.25,1448.52,1461.53,1436.54,516.15,71.8,179.63,13.91,34.8,65.75,71.56
5469,7/4/24,600519,1453.52,1434.26,1460.52,1429.65,24380,3637968895,0.19,1434.26,1460.52,1429.65,503.52,71.8,153.83,14.26,30.55,59.3,67.92
5470,7/5/24,600519,1427.52,1401.52,1441.7,1398.52,38829,5664477336,0.31,1401.52,1441.7,1398.52,502.71,71.8,175.51,14.28,34.91,53.74,64.32
5471,7/8/24,600519,1391.52,1368.52,1406.29,1367.66,39527,5657951348,0.31,1368.52,1406.29,1367.66,503.48,66.03,206.37,13.11,40.99,50.0,62.67
5472,7/9/24,600519,1368.52,1386.55,1403.41,1358.62,33621,4807957927,0.27,1386.55,1403.41,1358.62,526.37,66.03,211.71,12.54,40.22,46.72,60.78
5473,7/10/24,600519,1387.77,1386.11,1414.4,1383.52,23763,3436693365,0.19,1386.11,1414.4,1383.52,539.24,65.01,211.71,12.06,39.26,46.36,58.58
5474,7/11/24,600519,1398.49,1410.61,1417.52,1388.73,29020,4236960596,0.23,1410.61,1417.52,1388.73,535.89,68.13,183.93,12.71,34.32,46.87,56.31
5475,7/12/24,600519,1421.53,1427.34,1434.92,1413.97,23386,3451132648,0.19,1427.34,1434.92,1413.97,485.22,85.53,127.72,17.63,26.32,44.11,51.71
5476,7/15/24,600519,1418.52,1423.42,1436.52,1418.52,19176,2835374730,0.15,1423.42,1436.52,1418.52,476.78,73.13,127.72,15.34,26.79,41.65,47.7
5477,7/16/24,600519,1424.52,1424.52,1430.52,1413.57,20316,2998367128,0.16,1424.52,1430.52,1413.57,470.46,73.13,132.67,15.54,28.2,37.88,43.94
5478,7/17/24,600519,1424.62,1449.92,1451.52,1418.54,34311,5115680654,0.27,1449.92,1451.52,1418.54,477.47,94.13,122.87,19.71,25.73,31.35,39.03
5479,7/18/24,600519,1448.02,1446.03,1463.52,1441.05,28870,4337214601,0.23,1446.03,1463.52,1441.05,469.45,106.13,118.87,22.61,25.32,23.46,34.91
5480,7/19/24,600519,1439.33,1474.14,1477.7,1432.53,38943,5888615145,0.31,1474.14,1477.7,1432.53,469.63,120.31,82.87,25.62,17.65,18.87,32.87
5481,7/22/24,600519,1473.55,1447.52,1478.5,1440.17,28543,4300813310,0.23,1447.52,1478.5,1440.17,442.96,96.1,82.87,21.69,18.71,16.81,30.46
5482,7/23/24,600519,1447.52,1403.52,1449.52,1403.52,30944,4555460198,0.25,1403.52,1449.52,1403.52,463.97,81.09,119.52,17.48,25.76,15.47,28.56
5483,7/24/24,600519,1398.72,1388.54,1412.22,1383.52,24123,3490200973,0.19,1388.54,1412.22,1383.52,461.8,81.09,132.63,17.56,28.72,14.67,26.28
5484,7/25/24,600519,1388.54,1379.01,1396.52,1368.53,28347,4054086714,0.23,1379.01,1396.52,1368.53,446.61,81.09,116.49,18.16,26.08,15.45,23.4
5485,7/26/24,600519,1379.01,1370.71,1386.24,1359.42,32354,4594928574,0.26,1370.71,1386.24,1359.42,434.8,81.09,94.74,18.65,21.79,15.8,19.63
5486,7/29/24,600519,1363.52,1346.54,1370.51,1346.52,30869,4342610100,0.25,1346.54,1370.51,1346.52,414.2,81.09,98.6,19.58,23.8,14.35,16.61
5487,7/30/24,600519,1334.5,1328.51,1338.79,1309.82,51779,7103491566,0.41,1328.51,1338.79,1309.82,420.04,70.1,135.3,16.69,32.21,18.41,17.61
5488,7/31/24,600519,1321.62,1369.8,1375.79,1321.62,43272,6098149721,0.34,1369.8,1375.79,1321.62,442.8,103.98,135.3,23.48,30.56,17.4,16.43
5489,8/1/24,600519,1366.52,1334.68,1368.52,1333.22,32038,4470988088,0.26,1334.68,1368.52,1333.22,455.07,86.58,135.3,19.03,29.73,17.04,15.85
5490,8/2/24,600519,1322.12,1333.97,1345.49,1322.12,21928,3041726372,0.17,1333.97,1345.49,1322.12,460.44,84.98,146.4,18.46,31.8,18.47,16.96
5491,8/5/24,600519,1337.4,1358.53,1374.52,1334.04,37736,5327127147,0.3,1358.53,1374.52,1334.04,484.04,114.01,141.45,23.55,29.22,18.97,17.38
5492,8/6/24,600519,1370.52,1353.22,1372.52,1342.53,27444,3860735014,0.22,1353.22,1372.52,1342.53,481.05,93.01,141.45,19.33,29.4,20.79,17.57
5493,8/7/24,600519,1354.02,1364.02,1370.51,1346.82,20622,2910580747,0.16,1364.02,1370.51,1346.82,482.27,81.01,141.45,16.8,29.33,20.03,19.22
5494,8/8/24,600519,1359.52,1379.21,1396.7,1357.52,25131,3592705430,0.2,1379.21,1396.7,1357.52,476.28,93.02,141.45,19.53,29.7,21.29,19.34
5495,8/9/24,600519,1408.55,1385.32,1417.52,1385.32,30138,4368705515,0.24,1385.32,1417.52,1385.32,476.26,113.04,141.45,23.73,29.7,19.49,18.26
5496,8/12/24,600519,1378.52,1384.62,1391.52,1375.1,13632,1956573438,0.11,1384.62,1391.52,1375.1,446.68,113.04,115.02,25.31,25.75,15.21,16.84
5497,8/13/24,600519,1381.52,1371.53,1383.52,1360.53,16308,2317037756,0.13,1371.53,1383.52,1360.53,442.07,113.04,109.59,25.57,24.79,13.68,16.32
5498,8/14/24,600519,1371.53,1361.82,1373.42,1360.54,13414,1898377426,0.11,1361.82,1373.42,1360.54,426.96,113.04,94.6,26.48,22.16,11.71,16.25
5499,8/15/24,600519,1353.55,1375.41,1384.51,1352.47,23039,3275699572,0.18,1375.41,1384.51,1352.47,432.18,124.13,85.49,28.72,19.78,10.26,15.14
5500,8/16/24,600519,1375.31,1379.72,1384.44,1365.53,16455,2349825846,0.13,1379.72,1384.44,1365.53,426.9,124.13,72.59,29.08,17.0,11.18,16.24
5501,8/19/24,600519,1380.52,1373.96,1407.4,1373.52,20433,2942106435,0.16,1373.96,1407.4,1373.52,424.06,147.09,35.89,34.69,8.46,19.45,19.47
5502,8/20/24,600519,1378.42,1371.24,1378.45,1362.52,18591,2644814344,0.15,1371.24,1378.45,1362.52,385.82,110.09,46.89,28.53,12.15,26.02,20.61
5503,8/21/24,600519,1368.52,1366.1,1376.5,1364.21,15092,2144746551,0.12,1366.1,1376.5,1364.21,361.53,110.09,46.89,30.45,12.97,32.47,23.07
5504,8/22/24,600519,1364.52,1358.57,1368.52,1348.53,19527,2750868073,0.16,1358.57,1368.52,1348.53,358.15,110.09,51.47,30.74,14.37,37.03,24.37
5505,8/23/24,600519,1356.52,1363.51,1372.02,1354.64,15320,2166499202,0.12,1363.51,1372.02,1354.64,334.98,84.56,51.47,25.24,15.37,38.02,24.14
5506,8/26/24,600519,1365.52,1360.52,1372.38,1351.67,15628,2207595461,0.12,1360.52,1372.38,1351.67,325.7,84.56,54.44,25.96,16.71,37.26,24.22
5507,8/27/24,600519,1360.52,1352.59,1361.52,1349.63,13657,1920770570,0.11,1352.59,1361.52,1349.63,313.9,84.56,56.48,26.94,17.99,30.45,24.95
5508,8/28/24,600519,1352.59,1337.52,1354.52,1323.52,31664,4388025875,0.25,1337.52,1354.52,1323.52,305.72,58.37,82.59,19.09,27.01,26.6,26.31
5509,8/29/24,600519,1328.52,1361.82,1366.52,1328.52,27472,3864270621,0.22,1361.82,1366.52,1328.52,305.41,49.55,82.59,16.22,27.04,24.06,28.26
5510,8/30/24,600519,1361.52,1391.71,1406.59,1353.52,38739,5576118649,0.31,1391.71,1406.59,1353.52,342.06,89.62,72.37,26.2,21.16,19.79,28.41
5511,9/2/24,600519,1378.52,1343.52,1386.52,1343.52,34135,4801049927,0.27,1343.52,1386.52,1343.52,366.16,89.62,67.8,24.48,18.52,18.05,28.03
5512,9/3/24,600519,1346.52,1358.52,1363.5,1341.54,17888,2516125842,0.14,1358.52,1363.5,1341.54,375.24,89.62,69.78,23.88,18.6,16.51,26.89
5513,9/4/24,600519,1350.52,1348.52,1367.71,1348.26,14211,1995221417,0.11,1348.52,1367.71,1348.26,362.65,82.74,69.78,22.82,19.24,14.61,22.53
5514,9/5/24,600519,1349.02,1353.4,1355.52,1345.52,14503,2033680839,0.12,1353.4,1355.52,1345.52,353.74,82.74,72.52,23.39,20.5,12.84,19.72
5515,9/6/24,600519,1353.52,1346.52,1354.52,1346.52,10321,1445537257,0.08,1346.52,1354.52,1346.52,327.86,59.78,72.52,18.23,22.12,10.28,17.17
5516,9/9/24,600519,1328.53,1323.52,1342.23,1318.6,28638,3950086825,0.23,1323.52,1342.23,1318.6,339.85,59.78,89.44,17.59,26.32,11.82,15.8
5517,9/10/24,600519,1318.54,1326.52,1341.52,1318.54,19803,2737295644,0.16,1326.52,1341.52,1318.54,350.54,59.78,89.5,17.05,25.53,12.82,15.43
5518,9/11/24,600519,1324.12,1328.52,1334.4,1313.52,20996,2892932794,0.17,1328.52,1334.4,1313.52,351.43,59.78,78.84,17.01,22.43,13.04,14.77
5519,9/12/24,600519,1328.52,1283.58,1333.52,1283.43,47948,6482445000,0.38,1283.58,1333.52,1283.43,384.14,56.28,108.93,14.65,28.36,16.94,15.77
5520,9/13/24,600519,1279.52,1252.65,1280.52,1245.82,56005,7329376917,0.45,1252.65,1280.52,1245.82,401.19,56.28,143.57,14.03,35.79,23.12,17.98
5521,9/18/24,600519,1248.52,1215.42,1248.53,1215.18,46185,5895948011,0.37,1215.42,1248.53,1215.18,426.77,56.28,172.17,13.19,40.34,29.97,20.12
5522,9/19/24,600519,1210.52,1209.52,1241.4,1194.35,59988,7623739997,0.48,1209.52,1241.4,1194.35,442.82,56.28,166.89,12.71,37.69,34.92,23.37
5523,9/20/24,600519,1210.02,1212.44,1222.42,1198.55,39982,5038507835,0.32,1212.44,1222.42,1198.55,428.69,44.28,166.89,10.33,38.93,41.28,27.05
5524,9/23/24,600519,1216.52,1210.06,1242.02,1209.18,45550,5809791682,0.36,1210.06,1242.02,1209.18,408.46,23.81,166.89,5.83,40.86,51.49,32.26
5525,9/24/24,600519,1233.61,1321.12,1321.52,1213.61,100413,13297277523,0.8,1321.12,1321.52,1213.61,471.73,103.31,156.89,21.9,33.26,49.61,33.27
5526,9/25/24,600519,1348.57,1347.52,1375.52,1345.23,73954,10420109655,0.59,1347.52,1375.52,1345.23,504.17,157.31,154.91,31.2,30.73,42.46,32.79
5527,9/26/24,600519,1348.48,1477.52,1478.39,1344.52,97278,14269262657,0.77,1477.52,1478.39,1344.52,618.59,255.97,154.91,41.38,25.04,38.1,34.04
5528,9/27/24,600519,1548.52,1577.72,1577.72,1513.88,87922,14050260569,0.7,1577.72,1577.72,1513.88,708.79,355.3,152.17,50.13,21.47,36.51,35.71
5529,9/30/24,600519,1640.52,1696.52,1708.4,1600.52,157293,26982747037,1.25,1696.52,1708.4,1600.52,831.47,485.98,152.17,58.45,18.3,35.55,38.41
5530,10/8/24,600519,1858.52,1671.52,1858.52,1628.7,194709,35114075007,1.55,1671.52,1858.52,1628.7,1033.37,636.1,124.25,61.56,12.02,34.27,42.88
5531,10/9/24,600519,1648.52,1543.67,1648.52,1538.52,120197,19708432734,0.96,1543.67,1648.52,1538.52,1143.39,636.1,214.37,55.63,18.75,39.1,44.35
5532,10/10/24,600519,1570.78,1588.52,1616.6,1539.52,74603,12198964035,0.59,1588.52,1616.6,1539.52,1199.59,636.1,209.35,53.03,17.45,47.39,44.92
5533,10/11/24,600519,1563.92,1553.51,1588.48,1538.52,41915,6764982707,0.33,1553.51,1588.48,1538.52,1199.5,636.1,180.26,53.03,15.03,52.59,45.35
5534,10/14/24,600519,1561.52,1550.51,1569.15,1529.69,44812,7181350822,0.36,1550.51,1569.15,1529.69,1201.2,636.1,151.48,52.96,12.61,56.18,46.34
5535,10/15/24,600519,1547.52,1502.77,1549.51,1501.53,43571,6884141869,0.35,1502.77,1549.51,1501.53,1212.71,636.1,149.0,52.45,12.29,57.8,46.68
5536,10/16/24,600519,1489.4,1471.02,1498.32,1458.52,46664,7140169692,0.37,1471.02,1498.32,1458.52,1209.91,636.1,171.18,52.57,14.15,56.18,45.22
5537,10/17/24,600519,1485.52,1443.12,1486.18,1441.93,39460,5964778958,0.31,1443.12,1486.18,1441.93,1230.29,636.1,187.77,51.7,15.26,56.98,48.04
5538,10/18/24,600519,1441.52,1489.52,1516.36,1427.48,68619,10418043492,0.55,1489.52,1516.36,1427.48,1286.33,646.68,187.77,50.27,14.6,57.74,52.56
5539,10/21/24,600519,1489.73,1477.32,1498.49,1469.73,42008,6433918335,0.33,1477.32,1498.49,1469.73,1203.63,567.18,187.77,47.12,15.6,56.81,54.7
5540,10/22/24,600519,1475.08,1491.52,1508.7,1472.72,36269,5607826492,0.29,1491.52,1508.7,1472.72,1185.21,523.39,187.77,44.16,15.84,54.42,55.3
5541,10/23/24,600519,1492.63,1516.02,1525.47,1480.52,40088,6259600035,0.32,1516.02,1525.47,1480.52,1096.29,437.29,187.77,39.89,17.13,50.73,54.26
5542,10/24/24,600519,1509.52,1500.72,1523.52,1493.53,23923,3723973209,0.19,1500.72,1523.52,1493.53,1026.08,337.96,187.77,32.94,18.3,45.89,51.03
5543,10/25/24,600519,1495.52,1507.37,1523.31,1494.53,27745,4328271351,0.22,1507.37,1523.31,1494.53,924.18,207.28,187.77,22.43,20.32,37.65,47.31
5544,10/28/24,600519,1508.52,1513.52,1513.52,1470.75,39121,6064453668,0.31,1513.52,1513.52,1470.75,737.13,57.16,211.55,7.75,28.7,38.06,47.9
5545,10/29/24,600519,1508.52,1480.14,1528.52,1478.52,41166,6368105233,0.33,1480.14,1528.52,1478.52,654.13,72.16,121.37,11.03,18.55,33.92,45.36
5546,10/30/24,600519,1473.52,1480.52,1499.71,1471.93,32006,4913175983,0.25,1480.52,1499.71,1471.93,604.83,72.16,127.96,11.93,21.16,30.7,42.56
5547,10/31/24,600519,1480.67,1476.31,1488.52,1468.52,29957,4575545180,0.24,1476.31,1488.52,1468.52,574.83,72.16,130.37,12.55,22.68,28.84,39.78
5548,11/1/24,600519,1469.52,1482.27,1493.65,1469.32,32284,4954302212,0.26,1482.27,1493.65,1469.32,559.7,77.29,121.54,13.81,21.72,27.78,36.84
5549,11/4/24,600519,1493.45,1496.72,1498.52,1476.58,29093,4481761764,0.23,1496.72,1498.52,1476.58,532.66,82.16,93.38,15.42,17.53,28.03,32.84
5550,11/5/24,600519,1488.52,1525.51,1526.22,1484.53,45640,7134443464,0.36,1525.51,1526.22,1484.53,530.1,109.86,50.37,20.72,9.5,24.64,31.35
5551,11/6/24,600519,1523.52,1519.52,1537.51,1509.74,37631,5916917616,0.3,1519.52,1537.51,1509.74,513.62,121.15,33.78,23.59,6.58,29.8,31.86
5552,11/7/24,600519,1510.98,1597.66,1602.02,1510.82,74739,12074951757,0.59,1597.66,1602.02,1510.82,515.94,155.48,33.78,30.14,6.55,35.87,33.28
5553,11/8/24,600519,1609.41,1558.49,1615.63,1549.53,60771,9885645907,0.48,1558.49,1615.63,1549.53,553.28,169.09,33.78,30.56,6.11,42.19,35.52
5554,11/11/24,600519,1538.52,1546.53,1558.47,1515.71,43854,6957095385,0.35,1546.53,1558.47,1515.71,560.08,158.88,67.6,28.37,12.07,45.2,36.49
5555,11/12/24,600519,1537.52,1525.72,1571.52,1522.47,49223,7844798676,0.39,1525.72,1571.52,1522.47,564.18,155.16,67.6,27.5,11.98,50.69,39.36
5556,11/13/24,600519,1516.52,1527.02,1535.18,1509.8,29125,4594445032,0.23,1527.02,1535.18,1509.8,559.57,155.16,80.27,27.73,14.34,49.8,37.22
5557,11/14/24,600519,1518.52,1522.32,1542.97,1514.17,29248,4617144097,0.23,1522.32,1542.97,1514.17,559.59,162.95,80.27,29.12,14.34,46.07,37.93
5558,11/15/24,600519,1517.52,1507.52,1532.32,1501.52,33761,5295326892,0.27,1507.52,1532.32,1501.52,547.62,162.95,69.14,29.76,12.63,42.09,38.98
5559,11/18/24,600519,1510.52,1507.52,1524.51,1503.52,27092,4237197499,0.22,1507.52,1524.51,1503.52,518.61,147.95,69.14,28.53,13.33,37.02,39.61
5560,11/19/24,600519,1513.52,1490.44,1517.89,1473.52,33266,5138831155,0.26,1490.44,1517.89,1473.52,535.2,147.95,92.55,27.64,17.29,34.14,39.67
5561,11/20/24,600519,1491.52,1493.33,1502.49,1479.82,21345,3292675257,0.17,1493.33,1502.49,1479.82,537.87,147.95,89.14,27.51,16.57,31.73,41.21
5562,11/21/24,600519,1492.39,1493.65,1497.51,1480.52,18262,2810933515,0.15,1493.65,1497.51,1480.52,530.53,142.82,89.14,26.92,16.8,30.28,40.04
5563,11/22/24,600519,1489.67,1456.34,1496.29,1456.34,33436,5107288992,0.27,1456.34,1496.29,1456.34,548.54,137.95,113.32,25.15,20.66,26.25,36.16
5564,11/25/24,600519,1459.52,1447.09,1480.52,1445.19,33186,5011136234,0.26,1447.09,1480.52,1445.19,542.18,110.25,124.47,20.33,22.96,20.52,31.31
5565,11/26/24,600519,1447.09,1457.52,1467.4,1437.4,25745,3876885984,0.2,1457.52,1467.4,1437.4,544.41,98.96,132.26,18.18,24.29,16.87,26.95
5566,11/27/24,600519,1457.52,1467.57,1470.67,1453.52,25934,3927607772,0.21,1467.57,1470.67,1453.52,470.36,37.72,132.26,8.02,28.12,22.3,28.22
5567,11/28/24,600519,1470.52,1466.52,1473.51,1450.52,23952,3627662382,0.19,1466.52,1473.51,1450.52,427.25,24.11,135.26,5.64,31.66,29.79,30.76
5568,11/29/24,600519,1465.52,1474.26,1503.52,1461.73,36088,5534035503,0.29,1474.26,1503.52,1461.73,426.26,54.12,101.44,12.7,23.8,31.01,30.65
5569,12/2/24,600519,1474.52,1473.52,1478.51,1463.62,26820,4086609952,0.21,1473.52,1478.51,1463.62,392.1,41.07,101.44,10.47,25.87,36.43,31.34
5570,12/3/24,600519,1472.52,1475.26,1477.42,1464.6,24807,3777197199,0.2,1475.26,1477.42,1464.6,379.54,41.07,88.77,10.82,23.39,41.55,31.04
5571,12/4/24,600519,1468.59,1468.52,1472.18,1458.52,23924,3626565544,0.19,1468.52,1472.18,1458.52,367.48,33.28,94.85,9.06,25.81,47.16,32.01
5572,12/5/24,600519,1459.38,1459.52,1466.38,1458.52,16141,2441318387,0.13,1459.52,1466.38,1458.52,346.68,33.28,82.2,9.6,23.71,44.95,33.63
5573,12/6/24,600519,1461.52,1469.53,1487.42,1456.59,32040,4883148600,0.26,1469.53,1487.42,1456.59,356.52,54.32,82.2,15.24,23.06,36.73,33.26
5574,12/9/24,600519,1470.54,1467.32,1478.24,1461.72,19800,3008173586,0.16,1467.32,1478.24,1461.72,328.67,54.32,52.2,16.53,15.88,31.99,31.5
5575,12/10/24,600519,1518.52,1495.11,1528.25,1493.7,60312,9421340719,0.48,1495.11,1528.25,1493.7,366.93,104.33,52.2,28.43,14.23,30.48,33.46
5576,12/11/24,600519,1488.52,1484.12,1503.52,1479.5,29671,4569662604,0.24,1484.12,1503.52,1479.5,373.96,104.33,66.4,27.9,17.76,28.06,34.8
5577,12/12/24,600519,1480.54,1514.32,1514.52,1477.52,41937,6510547810,0.33,1514.32,1514.52,1477.52,371.01,115.33,42.22,31.09,11.38,27.78,37.47
5578,12/13/24,600519,1498.53,1467.52,1503.51,1467.4,49512,7580908315,0.39,1467.52,1503.51,1467.4,382.6,115.33,41.19,30.14,10.77,28.62,36.78
5579,12/16/24,600519,1469.52,1475.72,1477.52,1459.23,32537,4945298799,0.26,1475.72,1477.52,1459.23,370.89,115.33,41.57,31.1,11.21,33.05,34.89
5580,12/17/24,600519,1474.51,1506.52,1517.52,1469.53,54172,8398945449,0.43,1506.52,1517.52,1469.53,401.73,152.06,41.57,37.85,10.35,42.23,37.11
5581,12/18/24,600519,1506.49,1520.02,1525.52,1495.62,41162,6440801971,0.33,1520.02,1525.52,1495.62,408.64,160.06,38.57,39.17,9.44,46.87,38.67
5582,12/19/24,600519,1513.66,1499.53,1516.45,1498.85,24809,3862602665,0.2,1499.53,1516.45,1498.85,388.02,130.05,38.57,33.52,9.94,52.21,40.13
5583,12/20/24,600519,1503.53,1494.4,1514.2,1492.42,28158,4307425535,0.22,1494.4,1514.2,1492.42,394.91,130.05,45.0,32.93,11.4,52.57,40.18
5584,12/23/24,600519,1495.4,1498.85,1510.4,1489.4,21603,3300971424,0.17,1498.85,1510.4,1489.4,403.09,130.05,48.02,32.26,11.91,52.36,40.49
5585,12/24/24,600519,1497.4,1511.22,1516.4,1493.99,22105,3394160299,0.18,1511.22,1516.4,1493.99,408.76,136.05,41.94,33.28,10.26,53.33,43.19
5586,12/25/24,600519,1511.2,1502.4,1511.2,1498.5,17123,2621061878,0.14,1502.4,1511.2,1498.5,411.48,136.05,41.94,33.06,10.19,52.64,47.43
5587,12/26/24,600519,1506.4,1500.19,1511.18,1495.4,18287,2798840003,0.15,1500.19,1511.18,1495.4,396.43,115.01,45.04,29.01,11.36,49.73,48.3
5588,12/27/24,600519,1501.3,1501.37,1508.4,1491.9,20759,3170191445,0.17,1501.37,1508.4,1491.9,396.41,115.01,48.54,29.01,12.24,47.46,49.84
5589,12/30/24,600519,1506.37,1497.4,1516.36,1497.4,25130,3849542646,0.2,1497.4,1516.36,1497.4,354.44,72.96,48.54,20.58,13.69,42.71,47.64
5590,12/31/24,600519,1497.8,1496.4,1517.4,1494.41,39354,6033540366,0.31,1496.4,1517.4,1494.41,353.41,72.96,37.33,20.64,10.56,40.42,46.39
5591,1/2/25,600519,1496.4,1460.4,1496.89,1452.4,50029,7490883773,0.4,1460.4,1496.89,1452.4,360.9,61.96,79.34,17.17,21.98,33.66,43.5
5592,1/3/25,600519,1466.9,1447.4,1467.39,1439.41,32628,4836610288,0.26,1447.4,1467.39,1439.41,341.96,61.96,82.21,18.12,24.04,27.19,39.91
5593,1/6/25,600519,1425.4,1412.4,1435.06,1405.2,44255,6392479712,0.35,1412.4,1435.06,1405.2,365.87,61.96,108.25,16.93,29.59,24.43,37.08
5594,1/7/25,600519,1417.06,1412.6,1424.29,1411.4,24221,3494634227,0.19,1412.6,1424.29,1411.4,330.77,21.96,108.25,6.64,32.73,28.7,38.08
5595,1/8/25,600519,1412.4,1414.9,1424.22,1399.06,35258,5071821246,0.28,1414.9,1424.22,1399.06,326.03,13.96,120.59,4.28,36.99,38.56,40.64
5596,1/9/25,600519,1421.39,1416.4,1436.98,1405.38,29706,4295852736,0.24,1416.4,1436.98,1405.38,336.46,26.72,120.59,7.94,35.84,43.8,42.11
5597,1/10/25,600519,1419.5,1408.4,1424.35,1408.4,21872,3154677598,0.17,1408.4,1424.35,1408.4,330.63,26.72,114.16,8.08,34.53,52.09,42.87
5598,1/13/25,600519,1397.4,1416.38,1416.84,1394.41,21083,3030806870,0.17,1416.38,1416.84,1394.41,332.06,26.72,125.13,8.05,37.68,60.55,43.87
5599,1/14/25,600519,1417.35,1444.9,1451.08,1414.4,30957,4535651504,0.25,1444.9,1451.08,1414.4,346.33,54.96,125.13,15.87,36.13,62.51,43.47
5600,1/15/25,600519,1439.4,1443.67,1447.0,1432.41,18399,2701518712,0.15,1443.67,1447.0,1432.41,348.2,54.96,125.13,15.78,35.94,57.96,43.33
5601,1/16/25,600519,1446.4,1418.78,1455.06,1414.4,26342,3840411437,0.21,1418.78,1455.06,1414.4,373.08,54.96,140.04,14.73,37.54,52.03,45.29
5602,1/17/25,600519,1418.79,1427.15,1433.4,1418.78,18309,2663227309,0.15,1427.15,1433.4,1418.78,371.2,54.96,136.54,14.81,36.78,48.51,46.15
5603,1/20/25,600519,1433.4,1447.2,1462.19,1432.4,31410,4647626351,0.25,1447.2,1462.19,1432.4,387.28,75.79,136.54,19.57,35.26,42.93,47.51
5604,1/21/25,600519,1453.4,1440.55,1454.4,1437.4,16856,2481821229,0.13,1440.55,1454.4,1437.4,381.29,75.79,133.55,19.88,35.03,36.73,48.64
5605,1/22/25,600519,1435.67,1413.4,1440.35,1410.4,28294,4088101682,0.23,1413.4,1440.35,1410.4,366.95,75.79,118.54,20.65,32.3,33.9,48.21
5606,1/23/25,600519,1422.37,1415.4,1440.4,1410.4,27125,3932700850,0.22,1415.4,1440.4,1410.4,368.97,75.84,105.55,20.55,28.61,30.14,44.05
5607,1/24/25,600519,1414.4,1408.4,1420.19,1402.71,31360,4515322685,0.25,1408.4,1420.19,1402.71,344.25,75.84,79.03,22.03,22.96,23.21,37.62
5608,1/27/25,600519,1409.4,1407.39,1416.37,1399.42,29356,4213534543,0.23,1407.39,1416.37,1399.42,348.31,75.84,82.32,21.77,23.63,16.79,32.65
5609,2/5/25,600519,1412.4,1376.2,1415.4,1374.61,40757,5753730034,0.32,1376.2,1415.4,1374.61,363.94,75.84,94.79,20.84,26.05,13.87,28.4
5610,2/6/25,600519,1372.41,1385.24,1394.39,1372.41,27356,3859568163,0.22,1385.24,1394.39,1372.41,354.32,63.08,96.99,17.8,27.37,12.8,24.77
5611,2/7/25,600519,1386.08,1408.4,1415.08,1375.81,37242,5310850624,0.3,1408.4,1415.08,1375.81,377.64,83.77,96.99,22.18,25.68,10.36,22.13
5612,2/10/25,600519,1410.4,1403.91,1412.4,1399.49,20840,2988101756,0.17,1403.91,1412.4,1399.49,368.12,83.77,83.0,22.76,22.55,7.7,18.92
5613,2/11/25,600519,1407.35,1390.4,1408.36,1388.3,23573,3348668867,0.19,1390.4,1408.36,1388.3,351.5,49.53,94.19,14.09,26.8,12.54,17.87
5614,2/12/25,600519,1390.4,1415.4,1417.4,1389.28,25476,3644170477,0.2,1415.4,1417.4,1389.28,365.03,58.57,94.19,16.05,25.8,15.74,16.27
5615,2/13/25,600519,1415.42,1437.46,1447.65,1406.91,43385,6335985851,0.35,1437.46,1447.65,1406.91,365.11,88.82,76.18,24.33,20.86,15.17,14.52
5616,2/14/25,600519,1437.46,1447.4,1449.4,1430.62,27100,3978694098,0.22,1447.4,1449.4,1430.62,369.27,90.57,76.18,24.53,20.63,13.08,12.94
5617,2/17/25,600519,1453.4,1444.02,1467.38,1439.5,32471,4804663813,0.26,1444.02,1467.38,1439.5,362.11,79.76,76.18,22.03,21.04,12.24,11.3
5618,2/18/25,600519,1442.4,1447.4,1465.39,1434.48,27800,4113845397,0.22,1447.4,1465.39,1434.48,376.02,79.76,81.2,21.21,21.59,12.31,10.01
5619,2/19/25,600519,1447.45,1463.4,1466.84,1437.3,32393,4803378441,0.26,1463.4,1466.84,1437.3,375.41,81.21,54.2,21.63,14.44,10.46,11.5
5620,2/20/25,600519,1455.4,1446.4,1464.37,1445.79,23750,3513552984,0.19,1446.4,1464.37,1445.79,363.99,81.16,54.2,22.3,14.89,9.89,12.82
5621,2/21/25,600519,1452.4,1460.61,1469.13,1445.41,36418,5418169587,0.29,1460.61,1469.13,1445.41,370.23,85.92,46.51,23.21,12.56,13.57,14.37
5622,2/24/25,600519,1460.4,1451.47,1471.92,1446.4,34744,5157907322,0.28,1451.47,1471.92,1446.4,378.8,88.71,43.22,23.42,11.41,17.88,15.48
5623,2/25/25,600519,1442.41,1426.4,1445.79,1424.4,28387,4142814459,0.23,1426.4,1445.79,1424.4,365.08,88.71,40.41,24.3,11.07,23.73,17.99
5624,2/26/25,600519,1427.85,1432.41,1437.36,1417.4,26366,3835949041,0.21,1432.41,1437.36,1417.4,363.06,88.71,45.21,24.43,12.45,29.0,20.66
5625,2/27/25,600519,1432.42,1457.96,1462.3,1426.4,49762,7368002361,0.4,1457.96,1462.3,1426.4,359.69,92.96,45.21,25.84,12.57,31.43,20.95
5626,2/28/25,600519,1457.9,1473.19,1500.78,1454.4,56129,8475738166,0.45,1473.19,1500.78,1454.4,393.16,131.44,45.21,33.43,11.5,36.25,23.07
5627,3/3/25,600519,1475.0,1459.42,1493.39,1453.9,31596,4736679903,0.25,1459.42,1493.39,1453.9,412.59,131.44,34.52,31.86,8.37,41.02,27.3
5628,3/4/25,600519,1457.4,1442.51,1458.4,1437.61,25211,3710675863,0.2,1442.51,1458.4,1437.61,406.28,122.4,50.81,30.13,12.51,42.17,30.02
5629,3/5/25,600519,1444.4,1438.77,1446.4,1432.5,24605,3606932152,0.2,1438.77,1446.4,1432.5,379.44,92.15,55.92,24.29,14.74,40.01,31.87
5630,3/6/25,600519,1446.4,1478.38,1482.6,1444.48,42168,6297117400,0.34,1478.38,1482.6,1444.48,404.49,126.6,55.92,31.3,13.82,41.05,35.02
5631,3/7/25,600519,1475.4,1493.4,1500.76,1475.4,37991,5760608729,0.3,1493.4,1500.76,1475.4,401.97,126.78,55.92,31.54,13.91,41.75,36.59
5632,3/10/25,600519,1492.21,1495.3,1499.28,1478.54,31369,4758789260,0.25,1495.3,1499.28,1478.54,391.8,126.78,50.9,32.36,12.99,40.74,38.49
5633,3/11/25,600519,1489.4,1521.08,1521.08,1484.4,39776,6094007854,0.32,1521.08,1521.08,1484.4,398.94,147.13,50.9,36.88,12.76,39.1,40.06
5634,3/12/25,600519,1519.36,1514.98,1522.08,1498.75,29604,4552923644,0.24,1514.98,1522.08,1498.75,403.69,148.13,50.9,36.69,12.61,40.35,41.26
5635,3/13/25,600519,1516.4,1510.17,1527.9,1503.28,25724,3966369271,0.2,1510.17,1527.9,1503.28,404.59,149.19,50.9,36.87,12.58,44.46,42.24
5636,3/14/25,600519,1520.06,1600.41,1600.41,1513.4,92913,14882842708,0.74,1600.41,1600.41,1513.4,469.31,218.91,50.9,46.65,10.85,48.39,44.72
5637,3/17/25,600519,1629.4,1610.26,1630.39,1599.28,54689,8985138902,0.44,1610.26,1630.39,1599.28,473.35,248.89,28.9,52.58,6.11,55.12,48.44
5638,3/18/25,600519,1617.44,1596.4,1624.4,1594.1,31613,5153210436,0.25,1596.4,1624.4,1594.1,483.69,248.89,27.08,51.46,5.6,61.4,51.07
5639,3/19/25,600519,1596.69,1608.11,1620.4,1595.4,27390,4477128770,0.22,1608.11,1620.4,1595.4,472.79,223.95,27.08,47.37,5.73,66.37,52.74
5640,3/20/25,600519,1608.11,1576.4,1610.0,1567.47,36737,5903879207,0.29,1576.4,1610.0,1567.47,468.94,185.47,55.01,39.55,11.73,67.27,53.81
5641,3/21/25,600519,1571.4,1546.15,1584.6,1541.23,33614,5324973190,0.27,1546.15,1584.6,1541.23,472.82,185.47,80.75,39.23,17.08,65.64,55.05
5642,3/24/25,600519,1542.4,1555.4,1562.06,1534.78,25566,4032223482,0.2,1555.4,1562.06,1534.78,478.29,185.47,70.91,38.78,14.83,62.71,55.55
5643,3/25/25,600519,1560.4,1547.9,1565.2,1539.06,17674,2783286813,0.14,1547.9,1565.2,1539.06,490.53,188.61,65.8,38.45,13.41,57.56,56.34
5644,3/26/25,600519,1545.17,1548.4,1554.98,1543.4,14324,2257639750,0.11,1548.4,1554.98,1543.4,458.28,152.41,65.8,33.26,14.36,50.78,56.09
5645,3/27/25,600519,1548.4,1561.4,1570.65,1545.78,17956,2848889210,0.14,1561.4,1570.65,1545.78,457.79,149.92,65.8,32.75,14.37,44.2,55.29
5646,3/28/25,600519,1563.33,1557.61,1565.4,1548.4,16228,2569470015,0.13,1557.61,1565.4,1548.4,454.05,149.92,65.8,33.02,14.49,41.66,54.47
5647,3/31/25,600519,1553.38,1533.4,1559.36,1532.46,21085,3311857714,0.17,1533.4,1559.36,1532.46,444.27,128.12,81.74,28.84,18.4,38.79,52.22
5648,4/1/25,600519,1536.4,1528.42,1542.29,1524.61,18556,2893739955,0.15,1528.42,1542.29,1524.61,438.62,127.12,89.59,28.98,20.43,34.23,48.47
5649,4/2/25,600519,1530.4,1521.42,1540.2,1517.9,21674,3371883024,0.17,1521.42,1540.2,1517.9,436.3,121.3,96.3,27.8,22.07,28.1,42.83
5650,4/3/25,600519,1502.4,1541.28,1558.4,1501.41,35481,5557442052,0.28,1541.28,1558.4,1501.41,403.05,66.99,96.3,16.62,23.89,24.47,37.63
5651,4/7/25,600519,1492.41,1472.4,1509.25,1434.4,101953,15314738235,0.81,1472.4,1509.25,1434.4,478.82,37.01,163.31,7.73,34.11,28.48,36.34
5652,4/8/25,600519,1485.4,1517.4,1517.4,1467.4,73876,11226977557,0.59,1517.4,1517.4,1467.4,498.52,45.16,158.13,9.06,31.72,31.25,36.45
5653,4/9/25,600519,1497.42,1513.44,1529.2,1492.95,55630,8562928225,0.44,1513.44,1529.2,1492.95,509.77,56.96,158.13,11.17,31.02,35.4,37.1
5654,4/10/25,600519,1523.39,1521.4,1527.4,1500.4,38620,5963650791,0.31,1521.4,1527.4,1500.4,494.24,56.96,130.2,11.52,26.34,39.04,36.63
5655,4/11/25,600519,1552.37,1541.38,1552.37,1517.4,32634,5087359924,0.26,1541.38,1552.37,1517.4,485.84,81.93,103.96,16.86,21.4,39.1,33.6
5656,4/14/25,600519,1533.37,1524.39,1538.4,1523.93,21711,3379425640,0.17,1524.39,1538.4,1523.93,476.01,81.93,97.51,17.21,20.48,37.55,31.01
5657,4/15/25,600519,1524.4,1530.4,1537.4,1517.4,21489,3339942729,0.17,1530.4,1537.4,1517.4,469.87,78.79,104.04,16.77,22.14,29.35,28.92
5658,4/16/25,600519,1524.4,1531.57,1548.4,1509.4,31156,4834880596,0.25,1531.57,1548.4,1509.4,497.29,89.79,104.04,18.06,20.92,21.31,26.28
5659,4/17/25,600519,1526.4,1542.4,1548.9,1522.39,23846,3733924973,0.19,1542.4,1548.9,1522.39,498.93,74.62,104.04,14.96,20.85,16.22,25.81
5660,4/18/25,600519,1538.4,1538.34,1547.4,1528.4,20298,3179974340,0.16,1538.34,1547.4,1528.4,500.93,74.62,104.04,14.9,20.77,12.44,25.74
5661,4/21/25,600519,1537.9,1523.4,1537.9,1523.4,18057,2808158177,0.14,1523.4,1537.9,1523.4,488.97,74.62,93.1,15.26,19.04,12.3,25.7
5662,4/22/25,600519,1522.4,1521.2,1528.7,1515.61,18432,2857525967,0.15,1521.2,1528.7,1515.61,484.38,74.62,93.04,15.41,19.21,12.68,25.12
5663,4/23/25,600519,1531.4,1524.4,1531.62,1517.4,18669,2895468892,0.15,1524.4,1531.62,1517.4,476.3,77.54,86.33,16.28,18.13,11.28,20.31
5664,4/24/25,600519,1524.4,1524.65,1533.08,1521.38,14872,2313372072,0.12,1524.65,1533.08,1521.38,431.01,60.8,86.33,14.11,20.03,12.94,17.13
5665,4/25/25,600519,1529.5,1522.4,1533.6,1522.4,14765,2295029705,0.12,1522.4,1533.6,1522.4,335.33,61.32,19.32,18.29,5.76,18.88,17.55
5666,4/28/25,600519,1524.4,1522.4,1527.4,1519.0,14660,2274252465,0.12,1522.4,1527.4,1519.0,293.73,53.17,22.72,18.1,7.73,22.82,17.63
5667,4/29/25,600519,1522.4,1516.4,1524.94,1504.42,18922,2917422938,0.15,1516.4,1524.94,1504.42,278.0,41.37,37.3,14.88,13.42,21.85,17.07
5668,4/30/25,600519,1522.39,1519.4,1539.06,1518.7,25754,4005439429,0.21,1519.4,1539.06,1518.7,273.66,55.49,37.3,20.28,13.63,23.28,17.98
5669,5/6/25,600519,1531.4,1522.6,1531.4,1516.73,18300,2838614215,0.15,1522.6,1531.4,1516.73,253.36,30.52,39.27,12.05,15.5,24.48,17.88
5670,5/7/25,600519,1542.4,1527.4,1542.4,1522.6,27462,4275142569,0.22,1527.4,1542.4,1522.6,255.71,41.52,39.27,16.24,15.36,22.05,17.5
5671,5/8/25,600519,1525.4,1550.59,1565.18,1522.23,33481,5265446444,0.27,1550.59,1565.18,1522.23,278.66,64.3,32.74,23.07,11.75,18.79,18.83
5672,5/9/25,600519,1551.39,1563.58,1569.85,1547.45,23672,3757574546,0.19,1563.58,1569.85,1547.45,262.06,57.97,32.74,22.12,12.49,16.74,19.78
5673,5/12/25,600519,1570.4,1576.9,1591.33,1569.01,24735,3967785800,0.2,1576.9,1591.33,1569.01,263.3,78.95,32.74,29.98,12.43,22.77,22.31
5674,5/13/25,600519,1581.32,1562.7,1581.32,1557.51,21258,3386617848,0.17,1562.7,1581.32,1557.51,268.11,78.95,44.24,29.45,16.5,24.2,23.74
5675,5/14/25,600519,1562.4,1607.39,1617.4,1560.58,39460,6394735058,0.31,1607.39,1617.4,1560.58,309.99,115.03,39.24,37.11,12.66,30.3,27.39
5676,5/15/25,600519,1607.2,1604.41,1615.99,1596.53,24733,4043402636,0.2,1604.41,1615.99,1596.53,316.36,115.03,31.45,36.36,9.94,39.35,30.7
5677,5/16/25,600519,1606.39,1586.53,1609.39,1586.53,22935,3714508659,0.18,1586.53,1609.39,1586.53,325.0,112.11,41.45,34.5,12.75,41.59,30.19
5678,5/19/25,600519,1568.4,1551.38,1572.4,1546.28,38063,6021950010,0.3,1551.38,1572.4,1546.28,353.55,110.65,81.7,31.3,23.11,39.47,28.1
5679,5/20/25,600519,1552.4,1558.4,1567.2,1547.5,19522,3095742637,0.16,1558.4,1567.2,1547.5,362.05,110.13,81.7,30.42,22.57,35.04,28.91
5680,5/21/25,600519,1557.4,1553.37,1568.34,1553.37,19795,3143941416,0.16,1553.37,1568.34,1553.37,368.62,111.27,78.3,30.19,21.24,33.24,28.72
5681,5/22/25,600519,1553.39,1552.4,1557.39,1542.5,15090,2381236586,0.12,1552.4,1557.39,1542.5,362.99,111.27,74.59,30.65,20.55,28.35,29.32
5682,5/23/25,600519,1547.6,1545.0,1560.3,1544.06,21537,3399424961,0.17,1545.0,1560.3,1544.06,356.57,100.06,74.59,28.06,20.92,21.27,30.31
5683,5/26/25,600519,1542.4,1522.9,1547.03,1517.4,27087,4212944430,0.22,1522.9,1547.03,1517.4,371.53,100.06,99.28,26.93,26.72,13.66,27.63
5684,5/27/25,600519,1523.4,1516.3,1531.0,1515.91,17752,2748945675,0.14,1516.3,1531.0,1515.91,366.82,89.06,100.77,24.28,27.47,12.18,25.82
5685,5/28/25,600519,1516.39,1509.4,1518.86,1505.4,16266,2504624605,0.13,1509.4,1518.86,1505.4,337.33,66.28,111.28,19.65,32.99,13.94,24.49
5686,5/29/25,600519,1512.4,1512.4,1527.4,1504.4,21860,3375465796,0.17,1512.4,1527.4,1504.4,337.93,70.15,111.28,20.76,32.93,14.82,24.03
5687,5/30/25,600519,1512.55,1494.4,1517.4,1487.64,31239,4764875947,0.25,1494.4,1517.4,1487.64,339.94,48.67,128.04,14.32,37.67,19.01,23.68
5688,6/3/25,600519,1480.41,1481.4,1491.4,1477.42,28979,4377892799,0.23,1481.4,1491.4,1477.42,333.11,48.67,126.76,14.61,38.05,24.0,22.63
5689,6/4/25,600519,1482.9,1482.36,1495.4,1481.62,23008,3480363797,0.18,1482.36,1495.4,1481.62,290.29,16.59,126.76,5.71,43.67,36.74,25.2
5690,6/5/25,600519,1486.4,1486.4,1488.4,1474.6,23214,3504925524,0.18,1486.4,1488.4,1474.6,284.63,16.59,133.78,5.83,47.0,48.71,30.44
5691,6/6/25,600519,1486.2,1478.79,1491.37,1475.4,25023,3777727616,0.2,1478.79,1491.37,1475.4,277.74,19.56,123.78,7.04,44.57,56.6,35.27
5692,6/9/25,600519,1477.42,1458.51,1481.1,1458.08,44959,6723839138,0.36,1458.51,1481.1,1458.08,260.51,19.56,100.85,7.51,38.71,64.07,39.44
5693,6/10/25,600519,1458.4,1447.41,1464.4,1447.2,30492,4511934584,0.24,1447.41,1464.4,1447.2,258.01,19.56,111.73,7.58,43.3,68.29,43.65
5694,6/11/25,600519,1449.2,1452.4,1466.4,1448.5,30893,4585522755,0.25,1452.4,1466.4,1448.5,262.03,20.42,111.73,7.79,42.64,72.38,48.19
5695,6/12/25,600519,1452.4,1431.4,1456.27,1426.5,49904,7306800800,0.4,1431.4,1456.27,1426.5,276.91,20.42,122.86,7.37,44.37,71.49,54.12
5696,6/13/25,600519,1416.81,1399.35,1422.37,1397.46,59113,8466515559,0.47,1399.35,1422.37,1397.46,294.61,17.51,151.9,5.94,51.56,71.72,60.21
5697,6/16/25,600519,1373.6,1394.69,1397.44,1373.58,42888,6060448438,0.34,1394.69,1397.44,1373.58,290.75,17.51,149.12,6.02,51.29,72.77,64.68
5698,6/17/25,600519,1392.4,1399.4,1399.4,1384.58,27232,3868364671,0.22,1399.4,1399.4,1384.58,290.48,19.47,147.63,6.7,50.82,74.3,69.19
5699,6/18/25,600519,1412.4,1397.4,1415.84,1393.41,30761,4404131364,0.24,1397.4,1415.84,1393.41,299.45,35.91,137.12,11.99,45.79,72.35,70.32
5700,6/19/25,600519,1398.4,1398.4,1406.07,1389.58,24501,3490268568,0.2,1398.4,1406.07,1389.58,292.94,27.37,140.95,9.34,48.12,72.08,72.23
5701,6/20/25,600519,1395.98,1401.06,1413.54,1392.6,34816,4990683314,0.28,1401.06,1413.54,1392.6,284.12,34.84,124.19,12.26,43.71,69.53,70.51
5702,6/23/25,600519,1392.4,1392.4,1405.4,1377.58,26723,3794012343,0.21,1392.4,1405.4,1377.58,294.96,34.84,128.99,11.81,43.73,65.88,68.8
5703,6/24/25,600519,1395.75,1409.6,1424.08,1395.75,36312,5229183514,0.29,1409.6,1424.08,1395.75,312.64,49.52,128.99,15.84,41.26,60.14,66.45
5704,6/25/25,600519,1411.51,1408.26,1421.6,1392.91,41050,5869292227,0.33,1408.26,1421.6,1392.91,327.53,49.52,124.81,15.12,38.11,54.56,64.43
5705,6/26/25,600519,1415.0,1420.0,1428.0,1410.08,34860,4955829982,0.28,1420.0,1428.0,1410.08,331.3,52.95,124.81,15.98,37.67,51.54,61.95
5706,6/27/25,600519,1420.01,1403.09,1423.0,1403.09,38250,5404312675,0.3,1403.09,1423.0,1403.09,328.19,52.95,114.48,16.13,34.88,46.42,59.25
5707,6/30/25,600519,1403.5,1409.52,1413.23,1402.0,30457,4287373691,0.24,1409.52,1413.23,1402.0,322.22,52.95,104.69,16.43,32.49,42.53,56.03
5708,7/1/25,600519,1409.0,1405.1,1411.94,1403.31,19878,2794423203,0.16,1405.1,1411.94,1403.31,311.86,50.95,104.69,16.34,33.57,38.71,52.29
5709,7/2/25,600519,1409.5,1409.6,1414.8,1400.0,26218,3689246316,0.21,1409.6,1414.8,1400.0,296.89,50.95,86.0,17.16,28.97,35.55,47.85
5710,7/3/25,600519,1412.0,1415.6,1422.69,1408.0,24413,3456733002,0.19,1415.6,1422.69,1408.0,277.64,58.84,56.96,21.19,20.52,28.62,41.59
5711,7/4/25,600519,1415.7,1422.22,1431.89,1410.01,28767,4086547268,0.23,1422.22,1431.89,1410.01,273.75,68.04,33.08,24.85,12.08,27.65,39.6
5712,7/7/25,600519,1422.28,1410.7,1423.5,1410.01,23855,3370562659,0.19,1410.7,1423.5,1410.01,272.42,66.08,33.08,24.26,12.14,27.07,36.75
5713,7/8/25,600519,1410.71,1416.11,1420.0,1410.7,18674,2643302691,0.15,1416.11,1420.0,1410.7,259.29,49.64,33.08,19.14,12.76,24.94,33.73
5714,7/9/25,600519,1415.0,1418.88,1429.97,1414.17,27745,3950810723,0.22,1418.88,1429.97,1414.17,258.6,59.61,29.25,23.05,11.31,24.88,31.79
5715,7/10/25,600519,1418.97,1426.5,1436.18,1410.4,38725,5503329754,0.31,1426.5,1436.18,1410.4,263.44,58.35,29.25,22.15,11.1,26.15,30.85
5716,7/11/25,600519,1423.16,1427.0,1458.0,1423.16,57243,8239010390,0.46,1427.0,1458.0,1423.16,270.46,80.17,14.23,29.64,5.26,37.52,33.07
5717,7/14/25,600519,1430.0,1423.6,1434.98,1421.6,27781,3961736006,0.22,1423.6,1434.98,1421.6,252.16,61.49,15.79,24.39,6.26,41.61,34.63
5718,7/15/25,600519,1420.98,1411.0,1422.93,1408.32,35406,5005150165,0.28,1411.0,1422.93,1408.32,238.75,61.49,26.23,25.75,10.99,42.76,34.92
5719,7/16/25,600519,1410.01,1411.03,1417.49,1409.95,21286,3006882579,0.17,1411.03,1417.49,1409.95,226.55,55.09,26.23,24.32,11.58,45.34,35.14
5720,7/17/25,600519,1413.98,1416.35,1423.01,1412.88,23106,3273100406,0.18,1416.35,1423.01,1412.88,218.62,60.61,19.24,27.72,8.8,48.28,36.58
5721,7/18/25,600519,1420.0,1437.0,1437.81,1416.38,41823,5984949774,0.33,1437.0,1437.81,1416.38,228.85,75.41,18.15,32.95,7.93,52.95,39.55
5722,7/21/25,600519,1436.99,1443.0,1446.8,1435.0,26203,3779891829,0.21,1443.0,1446.8,1435.0,232.02,84.4,18.15,36.38,7.82,52.07,44.8
5723,7/22/25,600519,1444.0,1464.98,1466.6,1440.68,42119,6127636851,0.34,1464.98,1466.6,1440.68,243.14,104.2,14.84,42.86,6.1,54.73,48.17
5724,7/23/25,600519,1469.0,1475.5,1495.0,1468.95,45045,6676301462,0.36,1475.5,1495.0,1468.95,258.47,124.71,14.84,48.25,5.74,61.15,51.96
5725,7/24/25,600519,1476.0,1491.5,1499.0,1475.0,38804,5786337377,0.31,1491.5,1499.0,1475.0,260.59,119.51,14.84,45.86,5.69,68.22,56.78
5726,7/25/25,600519,1491.4,1455.0,1491.4,1453.0,41911,6140078741,0.33,1455.0,1491.4,1453.0,285.6,119.51,36.84,41.85,12.9,68.4,58.34
5727,7/28/25,600519,1453.0,1438.66,1454.99,1436.3,38586,5560966386,0.31,1438.66,1454.99,1436.3,295.0,119.51,53.54,40.51,18.15,64.55,58.75
5728,7/29/25,600519,1439.6,1439.0,1448.79,1435.01,26304,3785848102,0.21,1439.0,1448.79,1435.01,292.98,109.54,54.83,37.39,18.71,59.33,55.7
5729,7/30/25,600519,1444.0,1449.44,1457.16,1437.0,31868,4612883040,0.25,1449.44,1457.16,1437.0,287.36,111.7,54.83,38.87,19.08,52.51,53.62
5730,7/31/25,600519,1443.0,1421.67,1444.87,1418.0,51798,7386302758,0.41,1421.67,1444.87,1418.0,283.96,89.88,73.83,31.65,26.0,41.02,51.09
5731,8/1/25,600519,1421.87,1417.0,1425.96,1414.0,29636,4200850790,0.24,1417.0,1425.96,1414.0,282.54,89.88,76.27,31.81,26.99,29.4,48.81
5732,8/4/25,600519,1415.0,1419.0,1419.8,1414.0,18688,2647105740,0.15,1419.0,1419.8,1414.0,273.06,89.88,62.99,32.92,23.07,23.52,45.96
5733,8/5/25,600519,1421.0,1427.74,1429.94,1417.11,25342,3607931488,0.2,1427.74,1429.94,1417.11,278.35,100.02,62.99,35.93,22.63,20.96,42.75
5734,8/6/25,600519,1429.0,1423.88,1429.0,1419.3,23699,3372334940,0.19,1423.88,1429.0,1419.3,276.07,94.5,62.99,34.23,22.82,18.74,39.04
5735,8/7/25,600519,1423.88,1422.35,1427.7,1420.06,28001,3988765795,0.22,1422.35,1427.7,1420.06,262.25,79.7,62.99,30.39,24.02,15.0,33.76
5736,8/8/25,600519,1423.05,1420.97,1426.5,1418.0,18655,2651478118,0.15,1420.97,1426.5,1418.0,258.95,70.71,65.05,27.31,25.12,14.06,27.54
