,Date,code,Open,Close,High,Low,Vol,VoT,振幅,涨跌幅,涨跌额,exchange,CLOSE,HIGH,LOW,CCI
0,2001-08-27,600519,34.51,35.55,37.78,32.85,406318,1410347000.0,15.71,13.25,4.16,56.83,35.55,37.78,32.85,
1,2001-08-28,600519,34.99,36.86,37.0,34.61,129647,463463000.0,6.72,3.68,1.31,18.13,36.86,37.0,34.61,
2,2001-08-29,600519,36.98,36.38,37.0,36.1,53252,194689000.0,2.44,-1.3,-0.48,7.45,36.38,37.0,36.1,
3,2001-08-30,600519,36.28,37.1,37.51,36.0,48013,177558000.0,4.15,1.98,0.72,6.72,37.1,37.51,36.0,
4,2001-08-31,600519,37.15,37.01,37.62,36.8,23231,86231000.0,2.21,-0.24,-0.09,3.25,37.01,37.62,36.8,
5,2001-09-03,600519,37.2,36.99,37.57,36.85,22112,82129000.0,1.95,-0.05,-0.02,3.09,36.99,37.57,36.85,
6,2001-09-04,600519,37.01,37.46,38.08,36.88,37006,139204000.0,3.24,1.27,0.47,5.18,37.46,38.08,36.88,
7,2001-09-05,600519,37.61,37.44,37.92,37.21,26066,97796000.0,1.9,-0.05,-0.02,3.65,37.44,37.92,37.21,
8,2001-09-06,600519,37.35,36.7,37.47,36.51,28997,107078000.0,2.56,-1.98,-0.74,4.06,36.7,37.47,36.51,
9,2001-09-07,600519,36.5,35.68,36.95,35.65,31552,113868000.0,3.54,-2.78,-1.02,4.41,35.68,36.95,35.65,
10,2001-09-10,600519,35.4,36.7,36.85,35.01,18878,68406000.0,5.16,2.86,1.02,2.64,36.7,36.85,35.01,
11,2001-09-11,600519,36.8,36.29,36.95,36.2,11390,41579000.0,2.04,-1.12,-0.41,1.59,36.29,36.95,36.2,
12,2001-09-12,600519,35.33,35.98,36.2,35.3,25045,89421000.0,2.48,-0.85,-0.31,3.5,35.98,36.2,35.3,
13,2001-09-13,600519,36.01,35.89,36.3,35.7,10986,39512000.0,1.67,-0.25,-0.09,1.54,35.89,36.3,35.7,-72.06
14,2001-09-14,600519,36.01,36.3,36.5,35.8,7672,27740000.0,1.95,1.14,0.41,1.07,36.3,36.5,35.8,-54.92
15,2001-09-17,600519,36.08,35.84,36.29,35.5,8983,32183000.0,2.18,-1.27,-0.46,1.26,35.84,36.29,35.5,-93.02
16,2001-09-18,600519,35.88,36.25,36.55,35.85,10773,39006000.0,1.95,1.14,0.41,1.51,36.25,36.55,35.85,-44.15
17,2001-09-19,600519,36.3,36.92,36.92,36.06,8650,31597000.0,2.37,1.85,0.67,1.21,36.92,36.92,36.06,11.53
18,2001-09-20,600519,36.9,36.61,37.05,36.5,11173,41189000.0,1.49,-0.84,-0.31,1.56,36.61,37.05,36.5,28.99
19,2001-09-21,600519,36.28,36.06,36.6,36.0,7879,28638000.0,1.64,-1.5,-0.55,1.1,36.06,36.6,36.0,-35.61
20,2001-09-24,600519,36.06,36.05,36.39,36.0,4068,14703000.0,1.08,-0.03,-0.01,0.57,36.05,36.39,36.0,-39.47
21,2001-09-25,600519,36.28,36.23,36.54,36.05,3488,12639000.0,1.36,0.5,0.18,0.49,36.23,36.54,36.05,1.93
22,2001-09-26,600519,36.11,36.08,36.48,36.0,4956,17892000.0,1.32,-0.41,-0.15,0.69,36.08,36.48,36.0,-10.95
23,2001-09-27,600519,36.08,36.7,36.98,36.0,8778,32085000.0,2.72,1.72,0.62,1.23,36.7,36.98,36.0,102.1
24,2001-09-28,600519,36.9,37.09,37.2,36.5,17088,63169000.0,1.91,1.06,0.39,2.39,37.09,37.2,36.5,161.69
25,2001-10-08,600519,37.0,36.58,37.18,36.25,6552,24091000.0,2.51,-1.38,-0.51,0.92,36.58,37.18,36.25,85.45
26,2001-10-09,600519,36.6,37.3,37.5,36.6,9558,35498000.0,2.46,1.97,0.72,1.34,37.3,37.5,36.6,154.22
27,2001-10-10,600519,37.3,36.1,37.43,36.03,17548,63956000.0,3.75,-3.22,-1.2,2.45,36.1,37.43,36.03,16.36
28,2001-10-11,600519,36.01,35.75,36.5,35.65,12306,44319000.0,2.35,-0.97,-0.35,1.72,35.75,36.5,35.65,-101.56
29,2001-10-12,600519,35.9,36.0,36.65,34.05,20010,70897000.0,7.27,0.7,0.25,2.8,36.0,36.65,34.05,-171.53
30,2001-10-15,600519,35.9,35.3,36.0,34.9,9755,34501000.0,3.06,-1.94,-0.7,1.36,35.3,36.0,34.9,-164.32
31,2001-10-16,600519,35.13,34.8,35.8,34.75,8319,29068000.0,2.97,-1.42,-0.5,1.16,34.8,35.8,34.75,-169.55
32,2001-10-17,600519,34.79,34.2,34.81,33.9,12507,42766000.0,2.61,-1.72,-0.6,1.75,34.2,34.81,33.9,-206.15
33,2001-10-18,600519,34.2,34.04,34.66,33.91,4983,16999000.0,2.19,-0.47,-0.16,0.7,34.04,34.66,33.91,-159.45
34,2001-10-19,600519,34.0,33.5,34.15,33.01,15687,52422000.0,3.35,-1.59,-0.54,2.19,33.5,34.15,33.01,-161.93
35,2001-10-22,600519,33.3,32.79,33.7,32.7,9760,32268000.0,2.99,-2.12,-0.71,1.37,32.79,33.7,32.7,-153.73
36,2001-10-23,600519,36.0,36.07,36.07,35.01,40598,145710000.0,3.23,10.0,3.28,5.68,36.07,36.07,35.01,15.35
37,2001-10-24,600519,36.78,35.86,36.8,35.11,40682,147001000.0,4.69,-0.58,-0.21,5.69,35.86,36.8,35.11,32.85
38,2001-10-25,600519,35.7,34.88,35.8,34.86,16036,56527000.0,2.62,-2.73,-0.98,2.24,34.88,35.8,34.86,-9.31
39,2001-10-26,600519,34.7,35.0,35.1,34.42,9002,31280000.0,1.95,0.34,0.12,1.26,35.0,35.1,34.42,-26.32
40,2001-10-29,600519,34.88,35.3,35.63,34.88,4587,16205000.0,2.14,0.86,0.3,0.64,35.3,35.63,34.88,20.01
41,2001-10-30,600519,35.25,35.0,35.49,34.92,3484,12214000.0,1.61,-0.85,-0.3,0.49,35.0,35.49,34.92,18.7
42,2001-10-31,600519,35.0,35.05,35.09,34.8,4762,16633000.0,0.83,0.14,0.05,0.67,35.05,35.09,34.8,11.08
43,2001-11-01,600519,35.05,35.57,35.64,34.95,6643,23511000.0,1.97,1.48,0.52,0.93,35.57,35.64,34.95,56.26
44,2001-11-02,600519,35.28,35.36,35.72,35.16,3435,12189000.0,1.57,-0.59,-0.21,0.48,35.36,35.72,35.16,58.96
45,2001-11-05,600519,35.0,34.9,35.26,34.7,3690,12879000.0,1.58,-1.3,-0.46,0.52,34.9,35.26,34.7,11.05
46,2001-11-06,600519,34.8,35.15,35.3,34.72,2609,9138000.0,1.66,0.72,0.25,0.36,35.15,35.3,34.72,17.81
47,2001-11-07,600519,35.0,33.85,35.0,33.8,9325,31791000.0,3.41,-3.7,-1.3,1.3,33.85,35.0,33.8,-81.44
48,2001-11-08,600519,33.35,33.7,33.89,32.98,7402,24682000.0,2.69,-0.44,-0.15,1.04,33.7,33.89,32.98,-162.17
49,2001-11-09,600519,33.7,34.15,34.48,33.34,3760,12737000.0,3.38,1.34,0.45,0.53,34.15,34.48,33.34,-137.44
50,2001-11-12,600519,34.4,33.6,34.4,33.52,2683,9088000.0,2.58,-1.61,-0.55,0.38,33.6,34.4,33.52,-123.16
51,2001-11-13,600519,33.28,33.64,33.7,33.21,2673,8965000.0,1.46,0.12,0.04,0.37,33.64,33.7,33.21,-126.46
52,2001-11-14,600519,33.64,33.65,34.0,33.64,769,2599000.0,1.07,0.03,0.01,0.11,33.65,34.0,33.64,-82.41
53,2001-11-15,600519,33.65,33.68,33.8,33.5,2193,7378000.0,0.89,0.09,0.03,0.31,33.68,33.8,33.5,-78.92
54,2001-11-16,600519,36.2,34.09,36.2,33.99,9954,34600000.0,6.56,1.22,0.41,1.39,34.09,36.2,33.99,32.28
55,2001-11-19,600519,34.15,35.05,35.08,34.1,9955,34600364.0,2.87,2.82,0.96,1.39,35.05,35.08,34.1,34.94
56,2001-11-20,600519,35.2,35.38,35.53,34.9,3735,12950484.0,1.8,0.94,0.33,0.52,35.38,35.53,34.9,85.87
57,2001-11-21,600519,35.48,35.18,35.5,34.9,5114,17957000.0,1.7,-0.57,-0.2,0.72,35.18,35.5,34.9,81.13
58,2001-11-22,600519,35.22,35.12,35.3,34.91,4198,14713000.0,1.11,-0.17,-0.06,0.59,35.12,35.3,34.91,77.29
59,2001-11-23,600519,35.01,34.98,35.25,34.78,3960,13866000.0,1.34,-0.4,-0.14,0.55,34.98,35.25,34.78,64.91
60,2001-11-26,600519,35.0,34.61,35.0,34.5,3100,10749000.0,1.43,-1.06,-0.37,0.43,34.61,35.0,34.5,36.69
61,2001-11-27,600519,34.58,35.0,35.07,34.58,2569,8954000.0,1.42,1.13,0.39,0.36,35.0,35.07,34.58,50.12
62,2001-11-28,600519,35.05,35.05,35.39,34.9,3773,13256000.0,1.4,0.14,0.05,0.53,35.05,35.39,34.9,68.23
63,2001-11-29,600519,35.01,34.83,35.2,34.81,3046,10658000.0,1.11,-0.63,-0.22,0.43,34.83,35.2,34.81,43.34
64,2001-11-30,600519,34.83,35.34,35.45,34.8,4070,14292000.0,1.87,1.46,0.51,0.57,35.34,35.45,34.8,72.34
65,2001-12-03,600519,35.35,36.17,36.27,35.34,16037,57741000.0,2.63,2.35,0.83,2.24,36.17,36.27,35.34,177.97
66,2001-12-04,600519,36.25,36.23,36.27,35.81,6894,24859000.0,1.27,0.17,0.06,0.96,36.23,36.27,35.81,189.68
67,2001-12-05,600519,37.0,36.0,37.0,35.96,15028,54737513.0,2.87,-0.63,-0.23,2.1,36.0,37.0,35.96,188.8
68,2001-12-06,600519,35.9,36.06,36.3,35.8,6372,23004767.0,1.39,0.17,0.06,0.89,36.06,36.3,35.8,109.51
69,2001-12-07,600519,36.1,35.86,36.2,35.8,3908,14031912.0,1.11,-0.55,-0.2,0.55,35.86,36.2,35.8,76.61
70,2001-12-10,600519,36.0,35.99,36.08,35.71,4162,14941666.0,1.03,0.36,0.13,0.58,35.99,36.08,35.71,61.82
71,2001-12-11,600519,36.0,35.64,36.0,35.61,3580,12821499.0,1.08,-0.97,-0.35,0.5,35.64,36.0,35.61,33.07
72,2001-12-12,600519,35.6,35.77,36.1,35.6,4633,16611472.0,1.4,0.36,0.13,0.65,35.77,36.1,35.6,36.89
73,2001-12-13,600519,35.61,35.26,35.97,35.2,3540,12580276.0,2.15,-1.43,-0.51,0.5,35.26,35.97,35.2,-15.74
74,2001-12-14,600519,35.02,35.2,35.5,35.02,2841,10026619.0,1.36,-0.17,-0.06,0.4,35.2,35.5,35.02,-62.01
75,2001-12-17,600519,35.11,35.36,35.61,35.05,4414,15611050.0,1.59,0.45,0.16,0.62,35.36,35.61,35.05,-56.18
76,2001-12-18,600519,35.48,35.9,35.96,35.1,4821,17167382.0,2.43,1.53,0.54,0.67,35.9,35.96,35.1,-8.14
77,2001-12-19,600519,35.9,35.96,36.49,35.63,9620,34761229.0,2.4,0.17,0.06,1.35,35.96,36.49,35.63,60.71
78,2001-12-20,600519,35.9,34.76,35.9,34.65,11362,39988830.0,3.48,-3.34,-1.2,1.59,34.76,35.9,34.65,-152.57
79,2001-12-21,600519,34.7,35.87,35.97,34.7,8135,28861442.0,3.65,3.19,1.11,1.14,35.87,35.97,34.7,-49.61
80,2001-12-24,600519,35.99,36.42,37.25,35.81,27251,99947172.0,4.01,1.53,0.55,3.81,36.42,37.25,35.81,150.93
81,2001-12-25,600519,36.45,36.5,36.72,35.95,12183,44420025.0,2.11,0.22,0.08,1.7,36.5,36.72,35.95,126.6
82,2001-12-26,600519,36.54,37.19,37.25,36.1,16810,62127143.0,3.15,1.89,0.69,2.35,37.19,37.25,36.1,177.25
83,2001-12-27,600519,37.22,37.32,37.84,36.92,23285,87052679.0,2.47,0.35,0.13,3.26,37.32,37.84,36.92,191.61
84,2001-12-28,600519,37.3,37.3,37.6,36.88,12279,45692306.0,1.93,-0.05,-0.02,1.72,37.3,37.6,36.88,135.92
85,2001-12-31,600519,37.67,38.55,39.3,37.46,52195,202281565.0,4.93,3.35,1.25,7.3,38.55,39.3,37.46,188.22
86,2002-01-04,600519,38.72,37.55,38.8,37.45,29110,111030307.0,3.5,-2.59,-1.0,4.07,37.55,38.8,37.45,118.56
87,2002-01-07,600519,37.15,37.35,37.5,36.68,18943,70279717.0,2.18,-0.53,-0.2,2.65,37.35,37.5,36.68,52.83
88,2002-01-08,600519,37.0,36.59,37.59,36.48,13287,48947614.0,2.97,-2.03,-0.76,1.86,36.59,37.59,36.48,23.39
89,2002-01-09,600519,36.5,36.87,37.18,36.35,10607,38912708.0,2.27,0.77,0.28,1.48,36.87,37.18,36.35,8.71
90,2002-01-10,600519,36.98,37.24,37.39,36.35,18816,69093753.0,2.82,1.0,0.37,2.63,37.24,37.39,36.35,19.98
91,2002-01-11,600519,37.01,36.05,37.14,36.0,11835,43306414.0,3.06,-3.2,-1.19,1.66,36.05,37.14,36.0,-47.12
92,2002-01-14,600519,35.7,36.1,36.4,35.43,18719,67196713.0,2.69,0.14,0.05,2.62,36.1,36.4,35.43,-111.65
93,2002-01-15,600519,35.98,36.54,37.05,35.91,18247,66666866.0,3.16,1.22,0.44,2.55,36.54,37.05,35.91,-63.32
94,2002-01-16,600519,36.48,36.35,36.97,35.4,13974,50700232.0,4.3,-0.52,-0.19,1.95,36.35,36.97,35.4,-93.57
95,2002-01-17,600519,36.2,35.06,36.49,34.7,24180,85418339.0,4.92,-3.55,-1.29,3.38,35.06,36.49,34.7,-172.72
96,2002-01-18,600519,34.8,36.65,36.88,34.7,32262,116437266.0,6.22,4.54,1.59,4.51,36.65,36.88,34.7,-80.09
97,2002-01-21,600519,36.3,35.87,36.6,35.58,15756,56764193.0,2.78,-2.13,-0.78,2.2,35.87,36.6,35.58,-74.29
98,2002-01-22,600519,35.8,36.44,36.95,35.8,13486,49186214.0,3.21,1.59,0.57,1.89,36.44,36.95,35.8,-28.87
99,2002-01-23,600519,36.65,37.62,37.65,36.2,23336,86396947.0,3.98,3.24,1.18,3.26,37.62,37.65,36.2,77.63
100,2002-01-24,600519,37.36,37.29,37.87,36.8,26616,99483236.0,2.84,-0.88,-0.33,3.72,37.29,37.87,36.8,116.56
101,2002-01-25,600519,37.24,37.1,37.57,36.8,13941,51685502.0,2.06,-0.51,-0.19,1.95,37.1,37.57,36.8,93.15
102,2002-01-28,600519,37.0,35.49,37.29,35.3,21668,77886073.0,5.36,-4.34,-1.61,3.03,35.49,37.29,35.3,-64.5
103,2002-01-29,600519,35.2,35.66,36.2,34.98,11872,42283085.0,3.44,0.48,0.17,1.66,35.66,36.2,34.98,-108.85
104,2002-01-30,600519,35.6,35.58,36.28,35.2,8419,30030708.0,3.03,-0.22,-0.08,1.18,35.58,36.28,35.2,-86.59
105,2002-01-31,600519,36.0,37.6,38.0,36.0,40828,152780902.0,5.62,5.68,2.02,5.71,37.6,38.0,36.0,108.85
106,2002-02-01,600519,37.5,37.06,37.98,36.9,17345,64926556.0,2.87,-1.44,-0.54,2.43,37.06,37.98,36.9,101.62
107,2002-02-04,600519,37.18,37.92,38.15,37.0,16510,62395237.0,3.1,2.32,0.86,2.31,37.92,38.15,37.0,115.86
108,2002-02-05,600519,37.93,37.9,38.68,37.63,11196,42691507.0,2.77,-0.05,-0.02,1.57,37.9,38.68,37.63,123.92
109,2002-02-06,600519,37.86,37.18,38.11,37.09,9669,36137656.0,2.69,-1.9,-0.72,1.35,37.18,38.11,37.09,62.01
110,2002-02-07,600519,37.18,37.41,37.92,37.12,6688,25158901.0,2.15,0.62,0.23,0.94,37.41,37.92,37.12,57.3
111,2002-02-08,600519,37.6,37.65,38.2,37.58,12569,47643920.0,1.66,0.64,0.24,1.76,37.65,38.2,37.58,83.27
112,2002-02-26,600519,37.99,37.77,38.5,37.45,14816,56234511.0,2.79,0.32,0.12,2.07,37.77,38.5,37.45,88.26
113,2002-02-27,600519,37.85,37.93,38.1,37.5,8291,31387541.0,1.59,0.42,0.16,1.16,37.93,38.1,37.5,72.3
114,2002-02-28,600519,38.0,38.0,38.46,37.78,12507,47786791.0,1.79,0.18,0.07,1.75,38.0,38.46,37.78,87.07
115,2002-03-01,600519,37.95,37.39,38.15,37.2,7421,27907358.0,2.5,-1.61,-0.61,1.04,37.39,38.15,37.2,31.93
116,2002-03-04,600519,37.35,38.04,38.08,37.12,5225,19593096.0,2.57,1.74,0.65,0.73,38.04,38.08,37.12,44.14
117,2002-03-05,600519,38.06,38.59,39.1,37.86,22189,85787001.0,3.26,1.45,0.55,3.1,38.59,39.1,37.86,149.16
118,2002-03-06,600519,38.8,38.36,39.08,38.02,18620,71904848.0,2.75,-0.6,-0.23,2.6,38.36,39.08,38.02,151.36
119,2002-03-07,600519,38.2,38.5,38.6,38.05,13616,52163426.0,1.43,0.36,0.14,1.9,38.5,38.6,38.05,108.89
120,2002-03-08,600519,38.55,39.63,39.78,38.55,35327,137988821.0,3.19,2.94,1.13,4.94,39.63,39.78,38.55,223.89
121,2002-03-11,600519,39.69,39.45,39.69,39.07,17606,69191402.0,1.56,-0.45,-0.18,2.46,39.45,39.69,39.07,173.99
122,2002-03-12,600519,39.45,38.5,39.45,38.5,17252,66875879.0,2.41,-2.41,-0.95,2.41,38.5,39.45,38.5,77.22
123,2002-03-13,600519,38.31,38.24,38.8,38.19,7794,29935169.0,1.58,-0.68,-0.26,1.09,38.24,38.8,38.19,18.91
124,2002-03-14,600519,38.11,38.62,38.7,38.05,6388,24487493.0,1.7,0.99,0.38,0.89,38.62,38.7,38.05,17.72
125,2002-03-15,600519,38.02,37.92,38.9,37.85,11893,45551718.0,2.72,-1.81,-0.7,1.66,37.92,38.9,37.85,-24.05
126,2002-03-18,600519,38.12,38.0,38.8,37.9,6070,23162182.0,2.37,0.21,0.08,0.85,38.0,38.8,37.9,-27.99
127,2002-03-19,600519,38.1,38.75,38.88,38.02,6774,26123110.0,2.26,1.97,0.75,0.95,38.75,38.88,38.02,20.35
128,2002-03-20,600519,38.8,38.97,39.5,38.7,15031,58767953.0,2.06,0.57,0.22,2.1,38.97,39.5,38.7,98.14
129,2002-03-21,600519,39.3,38.92,39.56,38.66,15037,58789396.0,2.31,-0.13,-0.05,2.1,38.92,39.56,38.66,78.35
130,2002-03-22,600519,38.92,38.54,39.0,38.42,7973,30733685.0,1.49,-0.98,-0.38,1.12,38.54,39.0,38.42,-6.13
131,2002-03-25,600519,38.49,38.78,38.9,38.3,4315,16693141.0,1.56,0.62,0.24,0.6,38.78,38.9,38.3,-7.04
132,2002-03-26,600519,38.7,38.2,38.8,38.12,6239,23950585.0,1.75,-1.5,-0.58,0.87,38.2,38.8,38.12,-65.48
133,2002-03-27,600519,38.15,38.1,38.46,37.91,4991,19022433.0,1.44,-0.26,-0.1,0.7,38.1,38.46,37.91,-103.84
134,2002-03-28,600519,38.01,38.01,38.28,38.0,5292,20150615.0,0.73,-0.24,-0.09,0.74,38.01,38.28,38.0,-105.19
135,2002-03-29,600519,38.0,37.26,38.05,37.1,10625,39865325.0,2.5,-1.97,-0.75,1.49,37.26,38.05,37.1,-212.37
136,2002-04-01,600519,37.16,37.6,37.79,37.12,2766,10386559.0,1.8,0.91,0.34,0.39,37.6,37.79,37.12,-163.65
137,2002-04-02,600519,37.61,37.02,37.76,36.81,7329,27163339.0,2.53,-1.54,-0.58,1.03,37.02,37.76,36.81,-168.15
138,2002-04-03,600519,37.02,36.98,37.3,36.82,6019,22255856.0,1.3,-0.11,-0.04,0.84,36.98,37.3,36.82,-149.96
139,2002-04-04,600519,36.97,37.58,37.6,36.51,5161,19068025.0,2.95,1.62,0.6,0.72,37.58,37.6,36.51,-99.92
140,2002-04-05,600519,37.78,37.28,37.94,37.1,3047,11402145.0,2.24,-0.8,-0.3,0.43,37.28,37.94,37.1,-64.0
141,2002-04-08,600519,37.3,37.0,37.4,36.95,2300,8539346.0,1.21,-0.75,-0.28,0.32,37.0,37.4,36.95,-83.95
142,2002-04-09,600519,37.0,37.43,37.5,36.88,3292,12257478.0,1.68,1.16,0.43,0.46,37.43,37.5,36.88,-59.73
143,2002-04-10,600519,37.43,37.48,37.77,37.2,3424,12828309.0,1.52,0.13,0.05,0.48,37.48,37.77,37.2,-27.92
144,2002-04-11,600519,37.49,37.49,37.88,37.41,6798,25576043.0,1.25,0.03,0.01,0.95,37.49,37.88,37.41,-3.74
145,2002-04-12,600519,37.62,38.0,38.22,37.52,4519,17168808.0,1.87,1.36,0.51,0.63,38.0,38.22,37.52,70.54
146,2002-04-15,600519,38.46,37.89,38.5,37.6,2926,11085699.0,2.37,-0.29,-0.11,0.41,37.89,38.5,37.6,103.51
147,2002-04-16,600519,37.88,38.26,38.3,37.88,6036,23013458.0,1.11,0.98,0.37,0.84,38.26,38.3,37.88,137.78
148,2002-04-17,600519,38.5,36.98,38.5,36.85,13219,48993045.0,4.31,-3.35,-1.28,1.85,36.98,38.5,36.85,-12.27
149,2002-04-18,600519,37.0,36.39,37.19,36.38,8538,31299469.0,2.19,-1.6,-0.59,1.19,36.39,37.19,36.38,-174.25
150,2002-04-19,600519,36.39,36.22,36.45,35.89,8854,31912486.0,1.54,-0.47,-0.17,1.24,36.22,36.45,35.89,-201.25
151,2002-04-22,600519,36.0,36.19,36.4,35.9,4114,14831735.0,1.38,-0.08,-0.03,0.58,36.19,36.4,35.9,-160.77
152,2002-04-23,600519,36.19,35.52,36.19,35.51,4088,14622595.0,1.88,-1.85,-0.67,0.57,35.52,36.19,35.51,-167.27
153,2002-04-24,600519,35.5,35.24,35.88,35.16,5051,17876338.0,2.03,-0.79,-0.28,0.71,35.24,35.88,35.16,-149.63
154,2002-04-25,600519,35.1,35.51,35.68,35.1,2597,9206508.0,1.65,0.77,0.27,0.36,35.51,35.68,35.1,-118.39
155,2002-04-26,600519,35.5,36.02,36.08,35.4,2381,8537641.0,1.91,1.44,0.51,0.33,36.02,36.08,35.4,-73.11
156,2002-04-29,600519,36.2,36.35,37.0,36.2,4665,17015082.0,2.22,0.92,0.33,0.65,36.35,37.0,36.2,-18.1
157,2002-04-30,600519,36.48,36.2,36.6,35.95,5978,21592851.0,1.79,-0.41,-0.15,0.84,36.2,36.6,35.95,-33.44
158,2002-05-08,600519,36.31,36.25,36.5,36.02,1700,6152534.0,1.33,0.14,0.05,0.24,36.25,36.5,36.02,-27.38
159,2002-05-09,600519,36.0,36.03,36.45,36.0,1712,6186437.0,1.24,-0.61,-0.22,0.24,36.03,36.45,36.0,-29.09
160,2002-05-10,600519,36.05,35.66,36.13,35.65,2689,9625820.0,1.33,-1.03,-0.37,0.38,35.66,36.13,35.65,-61.23
161,2002-05-13,600519,35.57,35.4,35.7,35.38,2831,10033864.0,0.9,-0.73,-0.26,0.4,35.4,35.7,35.38,-98.98
162,2002-05-14,600519,35.4,35.48,36.48,35.21,5070,18159637.0,3.59,0.23,0.08,0.71,35.48,36.48,35.21,-49.65
163,2002-05-15,600519,35.68,35.34,35.69,35.2,2244,7948908.0,1.38,-0.39,-0.14,0.31,35.34,35.69,35.2,-100.16
164,2002-05-16,600519,35.25,34.96,35.36,34.91,5550,19465458.0,1.27,-1.08,-0.38,0.78,34.96,35.36,34.91,-145.17
165,2002-05-17,600519,34.89,35.04,35.59,34.75,3860,13508333.0,2.4,0.23,0.08,0.54,35.04,35.59,34.75,-115.81
166,2002-05-20,600519,34.99,34.51,34.99,34.5,3354,11623861.0,1.4,-1.51,-0.53,0.47,34.51,34.99,34.5,-155.88
167,2002-05-21,600519,35.54,35.03,35.54,34.9,5707,20081800.0,1.85,1.51,0.52,0.8,35.03,35.54,34.9,-72.34
168,2002-05-22,600519,35.1,35.02,35.48,34.95,2974,10442708.0,1.51,-0.03,-0.01,0.42,35.02,35.48,34.95,-67.28
169,2002-05-23,600519,35.88,35.2,35.88,35.1,1620,5705093.0,2.23,0.51,0.18,0.23,35.2,35.88,35.1,-27.91
170,2002-05-24,600519,35.01,34.89,35.2,34.68,2407,8401313.0,1.48,-0.88,-0.31,0.34,34.89,35.2,34.68,-89.18
171,2002-05-27,600519,35.0,35.11,35.34,34.89,1653,5801250.0,1.29,0.63,0.22,0.23,35.11,35.34,34.89,-51.31
172,2002-05-28,600519,35.2,35.16,35.55,35.1,2615,9258306.0,1.28,0.14,0.05,0.37,35.16,35.55,35.1,-11.19
173,2002-05-29,600519,35.21,34.77,35.38,34.66,2685,9340641.0,2.05,-1.11,-0.39,0.38,34.77,35.38,34.66,-80.75
174,2002-05-30,600519,34.88,34.86,35.06,34.6,1962,6813508.0,1.32,0.26,0.09,0.27,34.86,35.06,34.6,-102.1
175,2002-05-31,600519,35.0,34.95,35.16,34.8,1806,6326360.0,1.03,0.26,0.09,0.25,34.95,35.16,34.8,-53.68
176,2002-06-03,600519,34.9,34.93,35.01,34.51,2290,7966689.0,1.43,-0.06,-0.02,0.32,34.93,35.01,34.51,-94.05
177,2002-06-04,600519,34.9,34.5,35.0,34.0,1976,6831604.0,2.86,-1.23,-0.43,0.28,34.5,35.0,34.0,-175.7
178,2002-06-05,600519,34.5,34.35,34.5,34.1,2225,7636262.0,1.16,-0.43,-0.15,0.31,34.35,34.5,34.1,-183.37
179,2002-06-06,600519,34.38,34.99,35.47,34.1,5757,19928860.0,3.99,1.86,0.64,0.81,34.99,35.47,34.1,-20.8
180,2002-06-07,600519,34.8,34.92,35.16,34.61,3622,12686067.0,1.57,-0.2,-0.07,0.51,34.92,35.16,34.61,-13.66
181,2002-06-10,600519,35.0,34.64,35.05,34.51,1833,6371263.0,1.55,-0.8,-0.28,0.26,34.64,35.05,34.51,-58.25
182,2002-06-11,600519,34.75,34.82,35.02,34.65,1539,5368576.0,1.07,0.52,0.18,0.22,34.82,35.02,34.65,-19.73
183,2002-06-12,600519,34.8,35.11,35.12,34.55,2082,7240715.0,1.64,0.83,0.29,0.29,35.11,35.12,34.55,32.46
184,2002-06-13,600519,35.1,34.9,35.3,34.88,1623,5701623.0,1.2,-0.6,-0.21,0.23,34.9,35.3,34.88,69.43
185,2002-06-14,600519,34.9,34.65,35.2,34.6,947,3289645.0,1.72,-0.72,-0.25,0.13,34.65,35.2,34.6,-9.85
186,2002-06-17,600519,34.55,34.65,34.66,34.3,1358,4678657.0,1.04,0.0,0.0,0.19,34.65,34.66,34.3,-110.04
187,2002-06-18,600519,34.7,34.97,35.08,34.69,1637,5721280.0,1.13,0.92,0.32,0.23,34.97,35.08,34.69,57.49
188,2002-06-19,600519,34.9,34.73,35.0,34.7,834,2900266.0,0.86,-0.69,-0.24,0.12,34.73,35.0,34.7,12.6
189,2002-06-20,600519,34.98,34.88,35.05,34.76,1319,4609083.0,0.84,0.43,0.15,0.18,34.88,35.05,34.76,54.9
190,2002-06-21,600519,35.0,35.49,35.7,34.88,4267,15107102.0,2.35,1.75,0.61,0.6,35.49,35.7,34.88,214.21
191,2002-06-24,600519,39.04,38.18,39.04,37.0,61254,234474989.0,5.75,7.58,2.69,8.57,38.18,39.04,37.0,426.06
192,2002-06-26,600519,37.28,36.85,37.4,36.56,15423,56971879.0,2.2,-3.48,-1.33,2.16,36.85,37.4,36.56,170.57
193,2002-06-27,600519,36.9,36.78,37.18,36.6,5580,20570000.0,1.57,-0.19,-0.07,0.78,36.78,37.18,36.6,119.75
194,2002-06-28,600519,36.7,37.03,37.38,36.7,10764,39735942.0,1.85,0.68,0.25,1.51,37.03,37.38,36.7,103.52
195,2002-07-01,600519,37.08,36.8,37.49,36.78,4320,16032014.0,1.92,-0.62,-0.23,0.6,36.8,37.49,36.78,83.07
196,2002-07-02,600519,36.8,36.75,36.8,36.58,3935,14439880.0,0.6,-0.14,-0.05,0.55,36.75,36.8,36.58,53.25
197,2002-07-03,600519,36.75,36.66,36.85,36.5,5333,19520104.0,0.95,-0.24,-0.09,0.75,36.66,36.85,36.5,43.35
198,2002-07-04,600519,36.68,36.07,36.7,36.0,6670,24199148.0,1.91,-1.61,-0.59,0.93,36.07,36.7,36.0,12.78
199,2002-07-05,600519,36.06,36.16,36.18,36.0,6816,24596151.0,0.5,0.25,0.09,0.95,36.16,36.18,36.0,-3.17
200,2002-07-08,600519,36.18,36.17,36.46,36.1,3193,11563090.0,1.0,0.03,0.01,0.45,36.17,36.46,36.1,-3.03
201,2002-07-09,600519,36.18,36.12,36.24,36.03,3523,12721871.0,0.58,-0.14,-0.05,0.49,36.12,36.24,36.03,-23.1
202,2002-07-10,600519,36.12,35.72,36.24,35.65,4623,16561215.0,1.63,-1.11,-0.4,0.65,35.72,36.24,35.65,-63.14
203,2002-07-11,600519,35.63,35.93,36.25,35.63,2358,8471292.0,1.74,0.59,0.21,0.33,35.93,36.25,35.63,-72.98
204,2002-07-12,600519,35.99,36.03,36.18,35.8,1588,5724883.0,1.06,0.28,0.1,0.22,36.03,36.18,35.8,-77.14
205,2002-07-15,600519,36.01,35.91,36.16,35.9,1309,4708941.0,0.72,-0.33,-0.12,0.18,35.91,36.16,35.9,-71.53
206,2002-07-16,600519,35.68,35.9,36.13,35.68,2316,8339593.0,1.25,-0.03,-0.01,0.32,35.9,36.13,35.68,-78.11
207,2002-07-17,600519,35.95,35.9,36.0,35.65,1342,4803760.0,0.97,0.0,0.0,0.19,35.9,36.0,35.65,-82.01
208,2002-07-18,600519,36.05,36.24,36.49,36.0,5894,21394400.0,1.36,0.95,0.34,0.82,36.24,36.49,36.0,8.19
209,2002-07-19,600519,36.37,36.39,36.46,36.26,2517,9151205.0,0.55,0.41,0.15,0.35,36.39,36.46,36.26,63.72
210,2002-07-22,600519,36.68,36.4,36.7,36.33,6104,22267992.0,1.02,0.03,0.01,0.85,36.4,36.7,36.33,111.63
211,2002-07-23,600519,36.45,36.25,36.45,36.01,2902,10500988.0,1.21,-0.41,-0.15,0.41,36.25,36.45,36.01,49.2
212,2002-07-24,600519,36.3,36.4,36.49,36.1,4664,16952456.0,1.08,0.41,0.15,0.65,36.4,36.49,36.1,82.46
213,2002-07-25,600519,32.61,32.31,32.81,32.11,1700,5497155.0,1.92,-11.24,-4.09,0.22,32.31,32.81,32.11,-465.77
214,2002-07-26,600519,32.5,32.13,32.5,32.07,1558,5017641.0,1.33,-0.56,-0.18,0.2,32.13,32.5,32.07,-239.68
215,2002-07-29,600519,32.2,31.69,32.28,31.58,2557,8122111.0,2.18,-1.37,-0.44,0.33,31.69,32.28,31.58,-171.33
216,2002-07-30,600519,31.68,31.52,31.75,31.48,3446,10878707.0,0.85,-0.54,-0.17,0.44,31.52,31.75,31.48,-133.97
217,2002-07-31,600519,31.52,31.32,31.7,31.25,2580,8116149.0,1.43,-0.63,-0.2,0.33,31.32,31.7,31.25,-109.59
218,2002-08-01,600519,31.28,31.24,31.49,31.15,2001,6261720.0,1.09,-0.26,-0.08,0.25,31.24,31.49,31.15,-93.5
219,2002-08-02,600519,31.3,31.43,31.78,31.05,1254,3927364.0,2.34,0.61,0.19,0.16,31.43,31.78,31.05,-76.38
220,2002-08-05,600519,31.44,31.32,31.5,31.25,1078,3381000.0,0.8,-0.35,-0.11,0.14,31.32,31.5,31.25,-68.48
221,2002-08-06,600519,31.32,31.42,31.58,31.22,2092,6575058.0,1.15,0.32,0.1,0.27,31.42,31.58,31.22,-59.86
222,2002-08-07,600519,31.43,31.42,31.5,31.35,1356,4259610.0,0.48,0.0,0.0,0.17,31.42,31.5,31.35,-54.17
223,2002-08-08,600519,31.42,31.29,31.57,31.2,1265,3969885.0,1.18,-0.41,-0.13,0.16,31.29,31.57,31.2,-53.32
224,2002-08-09,600519,31.21,30.98,31.35,30.94,2490,7741685.0,1.31,-0.99,-0.31,0.32,30.98,31.35,30.94,-65.28
225,2002-08-12,600519,30.8,30.6,30.88,30.6,2251,6900600.0,0.9,-1.23,-0.38,0.29,30.6,30.88,30.6,-99.15
226,2002-08-13,600519,30.7,30.6,30.7,30.4,1704,5204223.0,0.98,0.0,0.0,0.22,30.6,30.7,30.4,-173.89
227,2002-08-14,600519,30.98,30.98,30.98,30.6,2472,7621220.0,1.24,1.24,0.38,0.31,30.98,30.98,30.6,-103.43
228,2002-08-15,600519,30.98,30.76,30.98,30.75,1260,3886298.0,0.74,-0.71,-0.22,0.16,30.76,30.98,30.75,-88.12
229,2002-08-16,600519,30.5,30.8,30.87,30.3,2241,6857222.0,1.85,0.13,0.04,0.28,30.8,30.87,30.3,-104.96
230,2002-08-19,600519,30.79,30.66,30.9,30.61,1109,3407937.0,0.94,-0.45,-0.14,0.14,30.66,30.9,30.61,-77.17
231,2002-08-20,600519,30.59,30.9,30.99,30.59,2372,7316845.0,1.3,0.78,0.24,0.3,30.9,30.99,30.59,-46.42
232,2002-08-21,600519,31.0,30.9,31.0,30.77,1695,5229829.0,0.74,0.0,0.0,0.22,30.9,31.0,30.77,-27.01
233,2002-08-22,600519,31.0,31.18,31.37,30.9,4220,13173485.0,1.52,0.91,0.28,0.54,31.18,31.37,30.9,40.92
234,2002-08-23,600519,31.15,31.23,31.35,31.15,2431,7592485.0,0.64,0.16,0.05,0.31,31.23,31.35,31.15,68.81
235,2002-08-26,600519,31.15,30.73,31.15,30.69,2631,8109133.0,1.47,-1.6,-0.5,0.33,30.73,31.15,30.69,-24.84
236,2002-08-27,600519,30.73,30.85,30.9,30.6,2584,7938100.0,0.98,0.39,0.12,0.33,30.85,30.9,30.6,-40.99
237,2002-08-28,600519,30.89,30.55,31.12,30.5,3765,11550000.0,2.01,-0.97,-0.3,0.48,30.55,31.12,30.5,-59.32
238,2002-08-29,600519,30.55,30.49,30.68,30.45,2899,8846652.0,0.75,-0.2,-0.06,0.37,30.49,30.68,30.45,-128.24
239,2002-08-30,600519,30.56,30.47,30.56,30.42,1887,5751168.0,0.46,-0.07,-0.02,0.24,30.47,30.56,30.42,-133.74
240,2002-09-02,600519,30.45,30.4,30.5,30.35,2341,7119903.0,0.49,-0.23,-0.07,0.3,30.4,30.5,30.35,-147.58
241,2002-09-03,600519,30.4,30.63,30.88,30.4,2277,6981608.0,1.58,0.76,0.23,0.29,30.63,30.88,30.4,-51.3
242,2002-09-04,600519,30.63,30.59,30.79,30.42,1789,5457397.0,1.21,-0.13,-0.04,0.23,30.59,30.79,30.42,-57.39
243,2002-09-05,600519,30.52,30.3,30.52,30.3,2894,8795149.0,0.72,-0.95,-0.29,0.37,30.3,30.52,30.3,-123.17
244,2002-09-06,600519,30.35,30.35,30.46,30.2,1860,5634774.0,0.86,0.17,0.05,0.24,30.35,30.46,30.2,-111.16
245,2002-09-09,600519,30.3,30.07,30.35,30.02,2614,7873842.0,1.09,-0.92,-0.28,0.33,30.07,30.35,30.02,-138.73
246,2002-09-10,600519,30.0,29.6,30.1,29.48,8057,23941530.0,2.06,-1.56,-0.47,1.02,29.6,30.1,29.48,-198.88
247,2002-09-11,600519,29.46,29.1,29.6,28.6,9845,28552916.0,3.38,-1.69,-0.5,1.25,29.1,29.6,28.6,-251.87
248,2002-09-12,600519,29.0,29.07,29.25,28.77,1717,4984486.0,1.65,-0.1,-0.03,0.22,29.07,29.25,28.77,-188.26
249,2002-09-13,600519,29.01,29.16,29.18,28.92,1072,3119148.0,0.89,0.31,0.09,0.14,29.16,29.18,28.92,-135.88
250,2002-09-16,600519,29.11,28.7,29.17,28.69,3924,11280816.0,1.65,-1.58,-0.46,0.5,28.7,29.17,28.69,-127.15
251,2002-09-17,600519,28.75,28.9,29.08,28.62,2613,7538521.0,1.6,0.7,0.2,0.33,28.9,29.08,28.62,-102.72
252,2002-09-18,600519,28.99,28.87,28.99,28.73,1616,4660761.0,0.9,-0.1,-0.03,0.21,28.87,28.99,28.73,-87.56
253,2002-09-19,600519,28.8,29.0,29.15,28.57,3650,10478770.0,2.01,0.45,0.13,0.46,29.0,29.15,28.57,-71.7
254,2002-09-20,600519,28.97,28.73,28.97,28.67,1373,3949578.0,1.03,-0.93,-0.27,0.17,28.73,28.97,28.67,-72.99
255,2002-09-23,600519,28.68,28.43,28.73,28.4,2121,6061634.0,1.15,-1.04,-0.3,0.27,28.43,28.73,28.4,-91.84
256,2002-09-24,600519,28.4,27.98,28.43,27.9,7149,20063143.0,1.86,-1.58,-0.45,0.91,27.98,28.43,27.9,-133.45
257,2002-09-25,600519,27.98,28.3,28.55,27.98,3557,10075783.0,2.04,1.14,0.32,0.45,28.3,28.55,27.98,-112.51
258,2002-09-26,600519,28.36,28.03,28.36,28.01,2168,6093149.0,1.24,-0.95,-0.27,0.28,28.03,28.36,28.01,-131.01
259,2002-09-27,600519,28.12,28.18,28.35,27.98,1505,4234851.0,1.32,0.54,0.15,0.19,28.18,28.35,27.98,-106.42
260,2002-10-08,600519,28.15,28.08,28.15,27.93,3590,10069826.0,0.78,-0.35,-0.1,0.46,28.08,28.15,27.93,-106.98
261,2002-10-09,600519,28.0,27.73,28.05,27.58,2459,6822147.0,1.67,-1.25,-0.35,0.31,27.73,28.05,27.58,-129.85
262,2002-10-10,600519,27.7,27.78,28.03,27.65,1088,3018141.0,1.37,0.18,0.05,0.14,27.78,28.03,27.65,-105.23
263,2002-10-11,600519,27.68,27.58,27.9,27.5,1217,3366265.0,1.44,-0.72,-0.2,0.15,27.58,27.9,27.5,-116.28
264,2002-10-14,600519,27.9,27.62,27.9,27.52,1095,3024408.0,1.38,0.15,0.04,0.14,27.62,27.9,27.52,-101.34
265,2002-10-15,600519,27.6,27.78,27.79,27.55,2066,5710573.0,0.87,0.58,0.16,0.26,27.78,27.79,27.55,-88.59
266,2002-10-16,600519,27.78,27.91,28.19,27.77,2261,6327939.0,1.51,0.47,0.13,0.29,27.91,28.19,27.77,-34.01
267,2002-10-17,600519,27.91,27.59,28.0,27.5,1565,4336014.0,1.79,-1.15,-0.32,0.2,27.59,28.0,27.5,-82.0
268,2002-10-18,600519,27.5,26.81,27.68,26.55,4635,12464187.0,4.1,-2.83,-0.78,0.59,26.81,27.68,26.55,-214.55
269,2002-10-21,600519,26.79,26.85,27.28,26.55,1646,4391499.0,2.72,0.15,0.04,0.21,26.85,27.28,26.55,-203.04
270,2002-10-22,600519,26.97,27.38,27.55,26.9,2106,5735513.0,2.42,1.97,0.53,0.27,27.38,27.55,26.9,-97.58
271,2002-10-23,600519,27.45,27.13,27.45,27.03,1081,2938025.0,1.53,-0.91,-0.25,0.14,27.13,27.45,27.03,-94.03
272,2002-10-24,600519,27.1,27.11,27.38,27.1,971,2637743.0,1.03,-0.07,-0.02,0.12,27.11,27.38,27.1,-77.2
273,2002-10-25,600519,27.11,26.65,27.12,26.6,2368,6346386.0,1.92,-1.7,-0.46,0.3,26.65,27.12,26.6,-128.34
274,2002-10-28,600519,26.6,25.96,26.6,25.9,4472,11679872.0,2.63,-2.59,-0.69,0.57,25.96,26.6,25.9,-192.46
275,2002-10-29,600519,26.5,26.21,26.5,25.61,3199,8294858.0,3.43,0.96,0.25,0.41,26.21,26.5,25.61,-162.11
276,2002-10-30,600519,26.25,26.03,26.3,25.96,2036,5323624.0,1.3,-0.69,-0.18,0.26,26.03,26.3,25.96,-131.82
277,2002-10-31,600519,26.03,26.09,26.48,26.0,2817,7375701.0,1.84,0.23,0.06,0.36,26.09,26.48,26.0,-100.37
278,2002-11-01,600519,26.08,26.22,26.27,25.96,1471,3830309.0,1.19,0.5,0.13,0.19,26.22,26.27,25.96,-89.66
279,2002-11-04,600519,26.22,26.66,26.66,26.22,1995,5271415.0,1.68,1.68,0.44,0.25,26.66,26.66,26.22,-37.31
280,2002-11-05,600519,26.7,26.91,27.2,26.51,3485,9402742.0,2.59,0.94,0.25,0.44,26.91,27.2,26.51,22.0
281,2002-11-06,600519,26.95,26.72,26.98,26.7,1623,4344756.0,1.04,-0.71,-0.19,0.21,26.72,26.98,26.7,23.49
282,2002-11-07,600519,26.75,26.63,26.85,26.52,2417,6446131.0,1.24,-0.34,-0.09,0.31,26.63,26.85,26.52,5.41
283,2002-11-08,600519,27.2,26.08,27.2,25.96,2718,7151816.0,4.66,-2.07,-0.55,0.35,26.08,27.2,25.96,-34.0
284,2002-11-11,600519,26.13,26.01,26.35,25.81,1883,4915876.0,2.07,-0.27,-0.07,0.24,26.01,26.35,25.81,-87.66
285,2002-11-12,600519,26.05,25.8,26.28,25.75,2396,6207445.0,2.04,-0.81,-0.21,0.3,25.8,26.28,25.75,-98.16
286,2002-11-13,600519,25.78,25.97,25.99,25.67,1954,5035473.0,1.24,0.66,0.17,0.25,25.97,25.99,25.67,-102.24
287,2002-11-14,600519,25.98,25.83,26.13,25.8,1688,4380220.0,1.27,-0.54,-0.14,0.21,25.83,26.13,25.8,-84.55
288,2002-11-15,600519,25.8,25.82,26.04,25.65,2349,6065973.0,1.51,-0.04,-0.01,0.3,25.82,26.04,25.65,-93.77
289,2002-11-18,600519,25.8,26.0,26.06,25.8,1947,5049727.0,1.01,0.7,0.18,0.25,26.0,26.06,25.8,-62.84
290,2002-11-19,600519,26.0,26.43,26.55,25.92,3218,8450560.0,2.42,1.65,0.43,0.41,26.43,26.55,25.92,11.38
291,2002-11-20,600519,26.48,26.34,26.7,25.9,9579,25196773.0,3.03,-0.34,-0.09,1.22,26.34,26.7,25.9,12.39
292,2002-11-21,600519,26.24,25.86,26.4,25.85,4020,10494850.0,2.09,-1.82,-0.48,0.51,25.86,26.4,25.85,-46.83
293,2002-11-22,600519,26.0,25.91,26.26,25.58,2429,6292793.0,2.63,0.19,0.05,0.31,25.91,26.26,25.58,-64.02
294,2002-11-25,600519,25.92,26.18,26.28,25.6,3988,10418495.0,2.62,1.04,0.27,0.51,26.18,26.28,25.6,-33.59
295,2002-11-26,600519,26.3,25.71,26.4,25.7,2055,5354392.0,2.67,-1.8,-0.47,0.26,25.71,26.4,25.7,-51.15
296,2002-11-27,600519,25.6,25.63,25.98,25.42,3321,8506108.0,2.18,-0.31,-0.08,0.42,25.63,25.98,25.42,-149.44
297,2002-11-28,600519,25.69,26.28,26.4,25.62,2492,6508407.0,3.04,2.54,0.65,0.32,26.28,26.4,25.62,57.64
298,2002-12-02,600519,26.5,25.99,26.7,25.92,5851,15455370.0,2.97,-1.1,-0.29,0.74,25.99,26.7,25.92,97.78
299,2002-12-03,600519,25.92,26.39,26.42,25.7,3104,8113029.0,2.77,1.54,0.4,0.39,26.39,26.42,25.7,69.74
300,2002-12-04,600519,26.07,26.45,26.8,26.07,4151,11045716.0,2.77,0.23,0.06,0.53,26.45,26.8,26.07,151.55
301,2002-12-05,600519,26.38,27.1,27.38,26.3,13020,35246694.0,4.08,2.46,0.65,1.66,27.1,27.38,26.3,236.73
302,2002-12-06,600519,27.0,27.01,27.2,26.82,3742,10116516.0,1.4,-0.33,-0.09,0.48,27.01,27.2,26.82,193.61
303,2002-12-09,600519,27.0,26.77,27.1,26.7,2903,7793264.0,1.48,-0.89,-0.24,0.37,26.77,27.1,26.7,124.08
304,2002-12-10,600519,26.82,26.46,26.9,26.4,2612,6946196.0,1.87,-1.16,-0.31,0.33,26.46,26.9,26.4,57.36
305,2002-12-11,600519,26.35,26.32,26.45,26.1,2547,6682742.0,1.32,-0.53,-0.14,0.32,26.32,26.45,26.1,-1.57
306,2002-12-12,600519,26.32,26.57,26.6,26.13,3989,10541432.0,1.79,0.95,0.25,0.51,26.57,26.6,26.13,21.78
307,2002-12-13,600519,25.8,26.49,26.73,25.8,2223,5860451.0,3.5,-0.3,-0.08,0.28,26.49,26.73,25.8,-3.63
308,2002-12-16,600519,26.49,26.91,26.98,26.37,7977,21310704.0,2.3,1.59,0.42,1.01,26.91,26.98,26.37,74.95
309,2002-12-17,600519,26.91,26.92,27.1,26.72,2926,7886188.0,1.41,0.04,0.01,0.37,26.92,27.1,26.72,93.27
310,2002-12-18,600519,26.88,26.76,26.98,26.72,2029,5434639.0,0.97,-0.59,-0.16,0.26,26.76,26.98,26.72,62.33
311,2002-12-19,600519,26.76,26.62,26.79,26.51,2310,6160134.0,1.05,-0.52,-0.14,0.29,26.62,26.79,26.51,11.12
312,2002-12-20,600519,26.62,26.83,26.96,26.62,1625,4353432.0,1.28,0.79,0.21,0.21,26.83,26.96,26.62,47.4
313,2002-12-23,600519,27.08,26.8,27.1,26.7,1985,5333977.0,1.49,-0.11,-0.03,0.25,26.8,27.1,26.7,57.65
314,2002-12-24,600519,26.81,26.76,26.96,26.48,848,2257524.0,1.79,-0.15,-0.04,0.11,26.76,26.96,26.48,7.69
315,2002-12-25,600519,26.79,26.47,26.8,26.46,1481,3939760.0,1.27,-1.08,-0.29,0.19,26.47,26.8,26.46,-41.08
316,2002-12-26,600519,26.45,25.7,26.5,25.61,5146,13383935.0,3.36,-2.91,-0.77,0.65,25.7,26.5,25.61,-209.57
317,2002-12-27,600519,25.69,25.84,25.97,25.51,3390,8693114.0,1.79,0.54,0.14,0.43,25.84,25.97,25.51,-187.32
318,2002-12-30,600519,25.82,25.55,25.82,25.45,3002,7672458.0,1.43,-1.12,-0.29,0.38,25.55,25.82,25.45,-166.57
319,2002-12-31,600519,25.6,25.46,25.78,25.45,1645,4200254.0,1.29,-0.35,-0.09,0.21,25.46,25.78,25.45,-139.5
320,2003-01-02,600519,25.5,24.72,25.5,24.7,3565,8921541.0,3.14,-2.91,-0.74,0.45,24.72,25.5,24.7,-169.03
321,2003-01-03,600519,24.68,24.68,24.94,24.5,1744,4300516.0,1.78,-0.16,-0.04,0.22,24.68,24.94,24.5,-151.09
322,2003-01-06,600519,24.58,24.86,24.9,24.51,986,2438329.0,1.58,0.73,0.18,0.13,24.86,24.9,24.51,-120.07
323,2003-01-07,600519,24.85,24.63,24.96,24.61,1451,3595101.0,1.41,-0.93,-0.23,0.18,24.63,24.96,24.61,-105.38
324,2003-01-08,600519,25.01,25.3,25.3,24.68,1768,4438021.0,2.52,2.72,0.67,0.22,25.3,25.3,24.68,-63.7
325,2003-01-09,600519,25.27,25.52,25.68,25.02,2603,6616310.0,2.61,0.87,0.22,0.33,25.52,25.68,25.02,-27.77
326,2003-01-10,600519,25.5,25.41,25.9,25.28,2346,6010671.0,2.43,-0.43,-0.11,0.3,25.41,25.9,25.28,-7.05
327,2003-01-13,600519,25.2,25.37,25.5,25.2,1404,3560912.0,1.18,-0.16,-0.04,0.18,25.37,25.5,25.2,-17.46
328,2003-01-14,600519,25.35,26.39,26.72,25.18,9588,25012085.0,6.07,4.02,1.02,1.22,26.39,26.72,25.18,101.74
329,2003-01-15,600519,26.49,26.7,27.18,26.39,11452,30551168.0,2.99,1.17,0.31,1.46,26.7,27.18,26.39,195.65
330,2003-01-16,600519,26.81,27.11,27.15,26.66,7359,19870062.0,1.84,1.54,0.41,0.94,27.11,27.15,26.66,186.07
331,2003-01-17,600519,27.18,26.68,27.18,26.67,3795,10187340.0,1.88,-1.59,-0.43,0.48,26.68,27.18,26.67,135.66
332,2003-01-20,600519,26.6,26.54,26.6,26.26,2071,5466246.0,1.27,-0.52,-0.14,0.26,26.54,26.6,26.26,77.81
333,2003-01-21,600519,26.55,26.55,27.0,26.5,4787,12816356.0,1.88,0.04,0.01,0.61,26.55,27.0,26.5,81.83
334,2003-01-22,600519,26.5,26.34,26.5,26.3,1633,4309306.0,0.75,-0.79,-0.21,0.21,26.34,26.5,26.3,47.33
335,2003-01-23,600519,26.3,26.35,26.5,26.3,2167,5719869.0,0.76,0.04,0.01,0.28,26.35,26.5,26.3,40.25
336,2003-01-24,600519,26.3,26.4,26.48,26.3,2441,6438339.0,0.68,0.19,0.05,0.31,26.4,26.48,26.3,34.41
337,2003-01-27,600519,26.31,26.81,26.9,26.31,3956,10571327.0,2.23,1.55,0.41,0.5,26.81,26.9,26.31,59.15
338,2003-01-28,600519,26.8,26.84,27.0,26.68,3495,9383544.0,1.19,0.11,0.03,0.44,26.84,27.0,26.68,78.13
339,2003-01-29,600519,26.84,26.88,27.0,26.75,3302,8889672.0,0.93,0.15,0.04,0.42,26.88,27.0,26.75,79.0
340,2003-02-10,600519,26.86,26.6,26.86,26.5,1694,4508037.0,1.34,-1.04,-0.28,0.22,26.6,26.86,26.5,28.3
341,2003-02-11,600519,26.38,26.66,26.68,26.38,822,2174401.0,1.13,0.23,0.06,0.1,26.66,26.68,26.38,-13.59
342,2003-02-12,600519,26.7,26.88,26.95,26.5,1477,3959442.0,1.69,0.83,0.22,0.19,26.88,26.95,26.5,47.44
343,2003-02-13,600519,26.86,26.65,26.97,26.65,2718,7302546.0,1.19,-0.86,-0.23,0.35,26.65,26.97,26.65,39.14
344,2003-02-14,600519,26.6,26.88,26.99,26.6,1905,5111392.0,1.46,0.86,0.23,0.24,26.88,26.99,26.6,75.46
345,2003-02-17,600519,26.7,26.55,26.92,26.52,1568,4181515.0,1.49,-1.23,-0.33,0.2,26.55,26.92,26.52,11.47
346,2003-02-18,600519,26.52,26.5,26.6,26.4,1048,2772836.0,0.75,-0.19,-0.05,0.13,26.5,26.6,26.4,-67.51
347,2003-02-19,600519,26.5,26.58,26.61,26.45,1030,2732606.0,0.6,0.3,0.08,0.13,26.58,26.61,26.45,-39.09
348,2003-02-20,600519,26.61,26.69,26.8,26.55,851,2269016.0,0.94,0.41,0.11,0.11,26.69,26.8,26.55,14.6
349,2003-02-21,600519,26.53,26.38,26.6,26.2,2269,5978463.0,1.5,-1.16,-0.31,0.29,26.38,26.6,26.2,-140.98
350,2003-02-24,600519,26.49,26.31,26.49,26.21,616,1625901.0,1.06,-0.27,-0.07,0.08,26.31,26.49,26.21,-162.65
351,2003-02-25,600519,26.3,26.89,26.9,26.28,1879,4998648.0,2.36,2.2,0.58,0.24,26.89,26.9,26.28,20.29
352,2003-02-26,600519,26.95,26.7,27.05,26.68,1082,2904654.0,1.38,-0.71,-0.19,0.14,26.7,27.05,26.68,84.37
353,2003-02-27,600519,26.75,26.74,26.98,26.57,1698,4531823.0,1.54,0.15,0.04,0.22,26.74,26.98,26.57,67.26
354,2003-02-28,600519,26.88,26.8,26.88,26.6,1360,3636053.0,1.05,0.22,0.06,0.17,26.8,26.88,26.6,58.65
355,2003-03-03,600519,26.88,27.4,27.47,26.88,6001,16398104.0,2.2,2.24,0.6,0.76,27.4,27.47,26.88,242.57
356,2003-03-04,600519,27.4,27.27,27.44,27.06,1910,5200922.0,1.39,-0.47,-0.13,0.24,27.27,27.44,27.06,188.08
357,2003-03-05,600519,27.27,27.83,27.98,27.11,9405,26031534.0,3.19,2.05,0.56,1.2,27.83,27.98,27.11,218.06
358,2003-03-06,600519,27.9,27.5,27.9,27.33,4508,12426005.0,2.05,-1.19,-0.33,0.57,27.5,27.9,27.33,145.84
359,2003-03-07,600519,27.52,27.31,27.59,27.2,2475,6781984.0,1.42,-0.69,-0.19,0.31,27.31,27.59,27.2,84.12
360,2003-03-10,600519,27.35,26.9,27.41,26.88,3103,8423721.0,1.94,-1.5,-0.41,0.39,26.9,27.41,26.88,23.15
361,2003-03-11,600519,26.85,26.8,26.9,26.55,1964,5253243.0,1.3,-0.37,-0.1,0.25,26.8,26.9,26.55,-38.79
362,2003-03-12,600519,26.79,26.86,26.9,26.6,1177,3146322.0,1.12,0.22,0.06,0.15,26.86,26.9,26.6,-33.86
363,2003-03-13,600519,26.88,26.94,27.26,26.85,1998,5398370.0,1.53,0.3,0.08,0.25,26.94,27.26,26.85,2.6
364,2003-03-14,600519,26.88,26.82,26.94,26.72,2756,7388968.0,0.82,-0.45,-0.12,0.35,26.82,26.94,26.72,-51.94
365,2003-03-17,600519,26.78,26.62,26.78,26.49,4693,12465705.0,1.08,-0.75,-0.2,0.6,26.62,26.78,26.49,-97.51
366,2003-03-18,600519,26.6,26.29,26.7,26.13,3148,8320204.0,2.14,-1.24,-0.33,0.4,26.29,26.7,26.13,-137.59
367,2003-03-19,600519,26.01,25.91,26.3,25.86,3398,8841844.0,1.67,-1.45,-0.38,0.43,25.91,26.3,25.86,-172.55
368,2003-03-20,600519,26.0,25.99,26.43,25.9,1968,5120173.0,2.05,0.31,0.08,0.25,25.99,26.43,25.9,-131.3
369,2003-03-21,600519,26.0,26.43,26.46,26.0,2021,5285370.0,1.77,1.69,0.44,0.26,26.43,26.46,26.0,-86.9
370,2003-03-24,600519,26.42,26.31,26.5,26.2,1719,4522748.0,1.14,-0.45,-0.12,0.22,26.31,26.5,26.2,-70.37
371,2003-03-25,600519,26.23,26.0,26.31,25.9,2062,5372767.0,1.56,-1.18,-0.31,0.26,26.0,26.31,25.9,-99.02
372,2003-03-26,600519,26.0,25.7,26.45,25.5,3590,9202596.0,3.65,-1.15,-0.3,0.46,25.7,26.45,25.5,-114.18
373,2003-03-27,600519,25.68,26.13,26.27,25.41,2106,5430724.0,3.35,1.67,0.43,0.27,26.13,26.27,25.41,-94.71
374,2003-03-28,600519,26.2,26.04,26.25,26.01,3811,9946659.0,0.92,-0.34,-0.09,0.48,26.04,26.25,26.01,-57.09
375,2003-03-31,600519,25.99,26.05,26.15,25.98,3047,7935303.0,0.65,0.04,0.01,0.39,26.05,26.15,25.98,-58.24
376,2003-04-01,600519,26.06,26.22,26.25,25.98,3730,9730810.0,1.04,0.65,0.17,0.47,26.22,26.25,25.98,-30.86
377,2003-04-02,600519,26.2,26.35,26.46,26.13,3713,9769605.0,1.26,0.5,0.13,0.47,26.35,26.46,26.13,29.52
378,2003-04-03,600519,26.4,26.3,26.5,26.23,5194,13726384.0,1.02,-0.19,-0.05,0.66,26.3,26.5,26.23,62.25
379,2003-04-04,600519,26.29,26.03,26.3,25.95,4985,12980379.0,1.33,-1.03,-0.27,0.63,26.03,26.3,25.95,-28.29
380,2003-04-07,600519,26.0,25.69,26.03,25.6,4462,11509954.0,1.65,-1.31,-0.34,0.57,25.69,26.03,25.6,-170.79
381,2003-04-08,600519,25.69,25.6,25.7,25.35,6113,15568085.0,1.36,-0.35,-0.09,0.78,25.6,25.7,25.35,-209.98
382,2003-04-09,600519,25.59,26.0,26.05,25.35,10124,26059689.0,2.73,1.56,0.4,1.29,26.0,26.05,25.35,-89.29
383,2003-04-10,600519,26.0,25.92,26.1,25.62,10789,27753599.0,1.85,-0.31,-0.08,1.37,25.92,26.1,25.62,-50.48
384,2003-04-11,600519,25.88,26.46,26.5,25.85,29967,78671196.0,2.51,2.08,0.54,3.81,26.46,26.5,25.85,93.18
385,2003-04-14,600519,26.61,27.07,27.18,26.6,12612,33863674.0,2.19,2.31,0.61,1.6,27.07,27.18,26.6,243.69
386,2003-04-15,600519,27.1,26.96,27.18,26.61,7798,20927730.0,2.11,-0.41,-0.11,0.99,26.96,27.18,26.61,175.62
387,2003-04-16,600519,26.96,26.49,27.4,26.42,17017,45879208.0,3.64,-1.74,-0.47,2.16,26.49,27.4,26.42,113.66
388,2003-04-17,600519,26.55,26.28,26.69,26.25,7599,20049212.0,1.66,-0.79,-0.21,0.97,26.28,26.69,26.25,34.55
389,2003-04-18,600519,26.35,26.38,26.78,26.35,5339,14169319.0,1.64,0.38,0.1,0.68,26.38,26.78,26.35,47.23
390,2003-04-21,600519,26.34,25.57,26.4,25.5,11302,29053506.0,3.41,-3.07,-0.81,1.44,25.57,26.4,25.5,-77.16
391,2003-04-22,600519,25.55,25.47,25.8,25.45,5131,13111434.0,1.37,-0.39,-0.1,0.65,25.47,25.8,25.45,-101.49
392,2003-04-23,600519,25.48,25.04,25.54,25.01,5817,14679641.0,2.08,-1.69,-0.43,0.74,25.04,25.54,25.01,-134.06
393,2003-04-24,600519,25.04,24.71,25.15,24.7,9749,24258559.0,1.8,-1.32,-0.33,1.24,24.71,25.15,24.7,-146.93
394,2003-04-25,600519,24.88,24.95,25.35,24.8,7008,17541876.0,2.23,0.97,0.24,0.89,24.95,25.35,24.8,-108.3
395,2003-04-28,600519,24.95,25.14,25.18,24.5,7845,19413811.0,2.73,0.76,0.19,1.0,25.14,25.18,24.5,-107.12
396,2003-04-29,600519,25.35,24.78,25.37,24.5,9841,24464578.0,3.46,-1.43,-0.36,1.25,24.78,25.37,24.5,-96.76
397,2003-04-30,600519,24.8,25.19,25.46,24.72,13499,33816176.0,2.99,1.65,0.41,1.72,25.19,25.46,24.72,-63.21
398,2003-05-12,600519,25.2,24.97,25.38,24.95,7351,18413860.0,1.71,-0.87,-0.22,0.93,24.97,25.38,24.95,-57.22
399,2003-05-13,600519,25.0,23.66,25.01,23.65,15235,36698786.0,5.45,-5.25,-1.31,1.94,23.66,25.01,23.65,-134.41
400,2003-05-14,600519,23.75,23.8,24.0,23.6,9342,22223327.0,1.69,0.59,0.14,1.19,23.8,24.0,23.6,-151.3
401,2003-05-15,600519,23.9,24.55,24.6,23.8,10417,25192950.0,3.36,3.15,0.75,1.32,24.55,24.6,23.8,-95.58
402,2003-05-16,600519,24.6,24.39,24.67,24.1,9658,23550103.0,2.32,-0.65,-0.16,1.23,24.39,24.67,24.1,-77.61
403,2003-05-19,600519,24.5,25.05,25.3,24.5,12899,32321424.0,3.28,2.71,0.66,1.64,25.05,25.3,24.5,14.17
404,2003-05-20,600519,25.02,24.75,25.05,24.65,5148,12771620.0,1.6,-1.2,-0.3,0.65,24.75,25.05,24.65,4.61
405,2003-05-21,600519,24.75,24.7,25.08,24.7,3164,7874689.0,1.54,-0.2,-0.05,0.4,24.7,25.08,24.7,17.65
406,2003-05-22,600519,24.61,24.9,24.99,24.6,3099,7672879.0,1.58,0.81,0.2,0.39,24.9,24.99,24.6,24.63
407,2003-05-23,600519,24.9,24.73,24.91,24.5,6890,17042735.0,1.65,-0.68,-0.17,0.88,24.73,24.91,24.5,2.43
408,2003-05-26,600519,24.7,24.83,25.08,24.68,9985,24833946.0,1.62,0.4,0.1,1.27,24.83,25.08,24.68,37.69
409,2003-05-27,600519,24.85,24.88,24.98,24.65,3623,8973935.0,1.33,0.2,0.05,0.46,24.88,24.98,24.65,33.97
410,2003-05-28,600519,25.0,25.15,25.77,24.9,9618,24413346.0,3.5,1.09,0.27,1.22,25.15,25.77,24.9,117.79
411,2003-05-29,600519,25.1,25.39,25.6,25.02,5156,13025241.0,2.31,0.95,0.24,0.66,25.39,25.6,25.02,123.79
412,2003-05-30,600519,25.73,26.14,26.27,25.44,18181,47295540.0,3.27,2.95,0.75,2.31,26.14,26.27,25.44,208.28
413,2003-06-02,600519,26.22,26.04,26.25,25.81,6259,16282794.0,1.68,-0.38,-0.1,0.8,26.04,26.25,25.81,177.06
414,2003-06-03,600519,26.04,25.69,26.15,25.66,5537,14325999.0,1.88,-1.34,-0.35,0.7,25.69,26.15,25.66,115.75
415,2003-06-04,600519,25.65,25.54,25.77,25.31,3996,10206523.0,1.79,-0.58,-0.15,0.51,25.54,25.77,25.31,59.11
416,2003-06-05,600519,25.53,25.56,25.98,25.45,6799,17422312.0,2.08,0.08,0.02,0.86,25.56,25.98,25.45,66.97
417,2003-06-06,600519,25.56,25.37,25.58,25.2,3596,9123796.0,1.49,-0.74,-0.19,0.46,25.37,25.58,25.2,17.52
418,2003-06-09,600519,25.35,25.32,25.45,25.21,2436,6174170.0,0.95,-0.2,-0.05,0.31,25.32,25.45,25.21,2.14
419,2003-06-10,600519,25.35,25.46,25.65,25.34,1628,4142275.0,1.22,0.55,0.14,0.21,25.46,25.65,25.34,24.08
420,2003-06-11,600519,25.46,25.61,25.65,25.46,3018,7712445.0,0.75,0.59,0.15,0.38,25.61,25.65,25.46,34.02
421,2003-06-13,600519,25.6,25.65,25.88,25.55,3200,8241151.0,1.29,0.16,0.04,0.41,25.65,25.88,25.55,51.4
422,2003-06-16,600519,25.65,25.34,25.65,25.29,2013,5108268.0,1.4,-1.21,-0.31,0.26,25.34,25.65,25.29,-28.57
423,2003-06-17,600519,25.36,25.15,25.4,25.01,2994,7523686.0,1.54,-0.75,-0.19,0.38,25.15,25.4,25.01,-117.4
424,2003-06-18,600519,25.15,25.02,25.45,24.95,3185,8004964.0,1.99,-0.52,-0.13,0.4,25.02,25.45,24.95,-124.47
425,2003-06-19,600519,25.04,24.9,25.25,24.75,3260,8113184.0,2.0,-0.48,-0.12,0.41,24.9,25.25,24.75,-151.52
426,2003-06-20,600519,24.95,25.0,25.2,24.85,1671,4175134.0,1.41,0.4,0.1,0.21,25.0,25.2,24.85,-119.24
427,2003-06-23,600519,25.0,25.42,25.75,24.95,7811,19907731.0,3.2,1.68,0.42,0.99,25.42,25.75,24.95,-8.98
428,2003-06-24,600519,25.42,25.48,25.58,25.3,1694,4313862.0,1.1,0.24,0.06,0.22,25.48,25.58,25.3,30.35
429,2003-06-25,600519,25.48,25.45,25.9,25.36,4205,10783228.0,2.12,-0.12,-0.03,0.53,25.45,25.9,25.36,73.04
430,2003-06-26,600519,25.45,25.19,25.65,24.83,4477,11265141.0,3.22,-1.02,-0.26,0.57,25.19,25.65,24.83,-46.78
431,2003-06-27,600519,25.2,24.97,25.4,24.9,2720,6835321.0,1.98,-0.87,-0.22,0.35,24.97,25.4,24.9,-82.71
432,2003-06-30,600519,25.0,24.96,25.1,24.95,3520,8803181.0,0.6,-0.04,-0.01,0.45,24.96,25.1,24.95,-93.97
433,2003-07-01,600519,24.9,25.24,25.3,24.9,4886,12302828.0,1.6,1.12,0.28,0.62,25.24,25.3,24.9,-42.07
434,2003-07-02,600519,25.2,25.1,25.2,25.0,1337,3354437.0,0.79,-0.55,-0.14,0.17,25.1,25.2,25.0,-50.79
435,2003-07-03,600519,25.12,25.04,25.25,24.89,2879,7192931.0,1.43,-0.24,-0.06,0.37,25.04,25.25,24.89,-60.15
436,2003-07-04,600519,25.0,24.99,25.13,24.95,2197,5492526.0,0.72,-0.2,-0.05,0.28,24.99,25.13,24.95,-69.92
437,2003-07-07,600519,25.01,24.87,25.09,24.8,1670,4154239.0,1.16,-0.48,-0.12,0.21,24.87,25.09,24.8,-104.4
438,2003-07-08,600519,24.95,25.17,25.18,24.91,2272,5693893.0,1.09,1.21,0.3,0.29,25.17,25.18,24.91,-26.27
439,2003-07-09,600519,25.16,25.05,25.19,24.98,1484,3722710.0,0.83,-0.48,-0.12,0.19,25.05,25.19,24.98,-36.8
440,2003-07-10,600519,25.19,25.63,25.74,25.03,6288,16057693.0,2.83,2.32,0.58,0.8,25.63,25.74,25.03,113.15
441,2003-07-11,600519,25.68,25.7,25.88,25.59,5764,14825594.0,1.13,0.27,0.07,0.73,25.7,25.88,25.59,172.76
442,2003-07-14,600519,23.45,23.78,24.0,23.2,8674,20533771.0,3.11,-7.47,-1.92,1.0,23.78,24.0,23.2,-378.87
443,2003-07-15,600519,23.7,23.89,24.19,23.58,6661,15884705.0,2.57,0.46,0.11,0.77,23.89,24.19,23.58,-207.44
444,2003-07-16,600519,23.9,24.03,24.2,23.86,7796,18717481.0,1.42,0.59,0.14,0.9,24.03,24.2,23.86,-129.4
445,2003-07-17,600519,24.05,24.2,24.5,24.0,9978,24185340.0,2.08,0.71,0.17,1.15,24.2,24.5,24.0,-78.69
446,2003-07-18,600519,24.2,23.61,24.3,23.51,9630,23126678.0,3.26,-2.44,-0.59,1.11,23.61,24.3,23.51,-106.84
447,2003-07-21,600519,23.5,23.7,23.78,23.36,7112,16722758.0,1.78,0.38,0.09,0.82,23.7,23.78,23.36,-104.62
448,2003-07-22,600519,23.61,23.82,23.95,23.61,3109,7381958.0,1.43,0.51,0.12,0.36,23.82,23.95,23.61,-73.38
449,2003-07-23,600519,23.82,23.83,23.95,23.6,5592,13316655.0,1.47,0.04,0.01,0.65,23.83,23.95,23.6,-64.2
450,2003-07-24,600519,23.83,23.65,23.83,23.6,1451,3437577.0,0.97,-0.76,-0.18,0.17,23.65,23.83,23.6,-66.28
451,2003-07-25,600519,23.65,23.3,23.7,23.12,2876,6717751.0,2.45,-1.48,-0.35,0.33,23.3,23.7,23.12,-90.37
452,2003-07-28,600519,23.35,23.23,23.4,23.2,1885,4383607.0,0.86,-0.3,-0.07,0.22,23.23,23.4,23.2,-94.13
453,2003-07-29,600519,23.35,23.4,23.49,23.2,1304,3043368.0,1.25,0.73,0.17,0.15,23.4,23.49,23.2,-81.34
454,2003-07-30,600519,23.58,23.35,23.58,23.18,2731,6375509.0,1.71,-0.21,-0.05,0.32,23.35,23.58,23.18,-84.0
455,2003-07-31,600519,23.35,23.15,23.35,22.92,2249,5205478.0,1.84,-0.86,-0.2,0.26,23.15,23.35,22.92,-135.91
456,2003-08-01,600519,23.0,22.89,23.13,22.75,3256,7459787.0,1.64,-1.12,-0.26,0.38,22.89,23.13,22.75,-148.09
457,2003-08-04,600519,22.8,22.89,22.9,22.6,2710,6168033.0,1.31,0.0,0.0,0.31,22.89,22.9,22.6,-142.0
458,2003-08-05,600519,22.89,23.08,23.09,22.75,1930,4411194.0,1.49,0.83,0.19,0.22,23.08,23.09,22.75,-94.64
459,2003-08-06,600519,23.08,23.2,23.22,22.91,2284,5272928.0,1.34,0.52,0.12,0.26,23.2,23.22,22.91,-60.09
460,2003-08-07,600519,23.0,23.02,23.1,22.93,751,1725955.0,0.73,-0.78,-0.18,0.09,23.02,23.1,22.93,-70.92
461,2003-08-08,600519,22.91,22.78,23.05,22.71,1865,4268481.0,1.48,-1.04,-0.24,0.22,22.78,23.05,22.71,-97.09
462,2003-08-11,600519,22.61,22.73,22.78,22.61,996,2260732.0,0.75,-0.22,-0.05,0.12,22.73,22.78,22.61,-117.03
463,2003-08-12,600519,22.75,22.99,23.1,22.75,752,1725279.0,1.54,1.14,0.26,0.09,22.99,23.1,22.75,-48.84
464,2003-08-13,600519,22.9,22.97,23.01,22.9,1803,4138095.0,0.48,-0.09,-0.02,0.21,22.97,23.01,22.9,-35.25
465,2003-08-14,600519,22.81,22.8,22.99,22.77,1907,4369482.0,0.96,-0.74,-0.17,0.22,22.8,22.99,22.77,-67.21
466,2003-08-15,600519,22.78,22.81,22.89,22.76,928,2117303.0,0.57,0.04,0.01,0.11,22.81,22.89,22.76,-73.66
467,2003-08-18,600519,22.81,22.75,22.86,22.73,890,2029145.0,0.57,-0.26,-0.06,0.1,22.75,22.86,22.73,-86.53
468,2003-08-19,600519,22.74,22.78,22.88,22.68,1141,2595147.0,0.88,0.13,0.03,0.13,22.78,22.88,22.68,-77.73
469,2003-08-20,600519,22.8,22.67,22.8,22.6,869,1967310.0,0.88,-0.48,-0.11,0.1,22.67,22.8,22.6,-121.11
470,2003-08-21,600519,22.65,22.2,22.8,21.0,4551,9879703.0,7.94,-2.07,-0.47,0.53,22.2,22.8,21.0,-347.84
471,2003-08-22,600519,22.2,21.78,22.44,21.71,3865,8446625.0,3.29,-1.89,-0.42,0.45,21.78,22.44,21.71,-222.6
472,2003-08-25,600519,21.6,21.35,21.65,21.3,2345,5036822.0,1.61,-1.97,-0.43,0.27,21.35,21.65,21.3,-224.58
473,2003-08-26,600519,21.35,21.36,21.5,21.3,1001,2141565.0,0.94,0.05,0.01,0.12,21.36,21.5,21.3,-161.41
474,2003-08-27,600519,21.36,21.87,22.97,21.36,4246,9547143.0,7.54,2.39,0.51,0.49,21.87,22.97,21.36,-52.59
475,2003-08-28,600519,21.61,21.7,21.96,21.53,1447,3148383.0,1.97,-0.78,-0.17,0.17,21.7,21.96,21.53,-82.38
476,2003-08-29,600519,21.75,21.51,21.8,21.3,2752,5896174.0,2.3,-0.88,-0.19,0.32,21.51,21.8,21.3,-90.45
477,2003-09-01,600519,21.69,21.86,21.88,21.36,4952,10737291.0,2.42,1.63,0.35,0.57,21.86,21.88,21.36,-61.94
478,2003-09-02,600519,21.82,22.09,22.5,21.82,7206,15963063.0,3.11,1.05,0.23,0.83,22.09,22.5,21.82,0.24
479,2003-09-03,600519,22.1,22.07,22.27,21.88,1161,2555237.0,1.77,-0.09,-0.02,0.13,22.07,22.27,21.88,-0.99
480,2003-09-04,600519,22.08,21.89,22.25,21.86,1245,2733564.0,1.77,-0.82,-0.18,0.14,21.89,22.25,21.86,-4.02
481,2003-09-05,600519,21.89,21.5,21.89,21.0,5812,12436931.0,4.07,-1.78,-0.39,0.67,21.5,21.89,21.0,-93.6
482,2003-09-08,600519,21.32,21.4,21.5,21.18,1814,3877014.0,1.49,-0.47,-0.1,0.21,21.4,21.5,21.18,-100.21
483,2003-09-09,600519,21.4,21.37,21.48,21.0,3563,7588439.0,2.24,-0.14,-0.03,0.41,21.37,21.48,21.0,-107.85
484,2003-09-10,600519,21.37,21.4,21.86,21.11,2042,4387546.0,3.51,0.14,0.03,0.24,21.4,21.86,21.11,-56.86
485,2003-09-11,600519,21.41,21.32,21.49,21.3,1010,2160179.0,0.89,-0.37,-0.08,0.12,21.32,21.49,21.3,-68.73
486,2003-09-12,600519,21.32,21.22,21.32,21.14,2803,5941702.0,0.84,-0.47,-0.1,0.32,21.22,21.32,21.14,-96.53
487,2003-09-15,600519,21.21,21.1,21.36,21.0,2649,5601667.0,1.7,-0.57,-0.12,0.31,21.1,21.36,21.0,-104.76
488,2003-09-16,600519,21.1,21.12,21.3,20.82,1812,3803937.0,2.27,0.09,0.02,0.21,21.12,21.3,20.82,-111.03
489,2003-09-17,600519,21.28,21.0,21.35,21.0,6789,14360717.0,1.66,-0.57,-0.12,0.78,21.0,21.35,21.0,-90.43
490,2003-09-18,600519,20.9,21.0,21.08,20.9,1196,2508659.0,0.86,0.0,0.0,0.14,21.0,21.08,20.9,-104.13
491,2003-09-19,600519,20.95,20.99,21.1,20.91,3830,8044199.0,0.9,-0.05,-0.01,0.44,20.99,21.1,20.91,-91.14
492,2003-09-22,600519,21.1,20.88,21.1,20.81,1187,2488640.0,1.38,-0.52,-0.11,0.14,20.88,21.1,20.81,-102.06
493,2003-09-23,600519,20.9,20.88,21.0,20.71,956,1991592.0,1.39,0.0,0.0,0.11,20.88,21.0,20.71,-114.22
494,2003-09-24,600519,21.16,21.2,21.22,20.9,2285,4821609.0,1.53,1.53,0.32,0.26,21.2,21.22,20.9,-26.84
495,2003-09-25,600519,21.2,21.2,21.2,20.95,2138,4498042.0,1.18,0.0,0.0,0.25,21.2,21.2,20.95,-14.57
496,2003-09-26,600519,21.17,21.22,21.4,21.01,2655,5638160.0,1.84,0.09,0.02,0.31,21.22,21.4,21.01,39.01
497,2003-09-29,600519,21.1,21.11,21.19,21.07,1888,3986232.0,0.57,-0.52,-0.11,0.22,21.11,21.19,21.07,-0.84
498,2003-09-30,600519,21.12,21.24,21.39,21.12,1443,3068648.0,1.28,0.62,0.13,0.17,21.24,21.39,21.12,95.15
499,2003-10-08,600519,21.12,21.25,21.29,21.0,852,1802810.0,1.37,0.05,0.01,0.1,21.25,21.29,21.0,63.37
500,2003-10-09,600519,21.2,21.2,21.3,21.11,1135,2406369.0,0.89,-0.24,-0.05,0.13,21.2,21.3,21.11,83.45
501,2003-10-10,600519,21.13,21.6,21.65,21.09,1337,2869291.0,2.64,1.89,0.4,0.15,21.6,21.65,21.09,214.22
502,2003-10-13,600519,21.6,21.65,21.7,21.4,1620,3500004.0,1.39,0.23,0.05,0.19,21.65,21.7,21.4,209.11
503,2003-10-14,600519,21.58,21.68,21.72,21.43,1792,3875773.0,1.34,0.14,0.03,0.21,21.68,21.72,21.43,167.06
504,2003-10-15,600519,21.75,21.66,21.85,21.62,1161,2523298.0,1.06,-0.09,-0.02,0.13,21.66,21.85,21.62,156.24
505,2003-10-16,600519,21.66,21.47,21.75,21.38,1490,3206207.0,1.71,-0.88,-0.19,0.17,21.47,21.75,21.38,79.87
506,2003-10-17,600519,21.46,21.36,21.47,21.3,823,1759531.0,0.79,-0.51,-0.11,0.1,21.36,21.47,21.3,22.67
507,2003-10-20,600519,21.38,21.36,21.5,21.31,928,1986082.0,0.89,0.0,0.0,0.11,21.36,21.5,21.31,16.8
508,2003-10-21,600519,21.39,21.4,21.55,21.36,664,1421413.0,0.89,0.19,0.04,0.08,21.4,21.55,21.36,27.77
509,2003-10-22,600519,21.45,21.81,21.88,21.45,2163,4701448.0,2.01,1.92,0.41,0.25,21.81,21.88,21.45,122.32
510,2003-10-23,600519,21.81,21.66,21.9,21.66,2252,4898910.0,1.1,-0.69,-0.15,0.26,21.66,21.9,21.66,113.68
511,2003-10-24,600519,21.6,21.5,21.65,21.5,971,2091740.0,0.69,-0.74,-0.16,0.11,21.5,21.65,21.5,30.19
512,2003-10-27,600519,21.48,21.21,21.5,21.12,3656,7761245.0,1.77,-1.35,-0.29,0.42,21.21,21.5,21.12,-90.04
513,2003-10-28,600519,21.2,21.33,21.65,21.2,2983,6367834.0,2.12,0.57,0.12,0.34,21.33,21.65,21.2,-50.67
514,2003-10-29,600519,21.33,21.99,22.02,21.33,7085,15341314.0,3.23,3.09,0.66,0.82,21.99,22.02,21.33,122.91
515,2003-10-30,600519,22.1,22.08,22.3,21.81,9310,20522203.0,2.23,0.41,0.09,1.08,22.08,22.3,21.81,200.0
516,2003-10-31,600519,22.5,22.39,22.5,22.03,5785,12895253.0,2.13,1.4,0.31,0.67,22.39,22.5,22.03,208.13
517,2003-11-03,600519,22.68,22.75,22.82,22.33,4878,11043553.0,2.19,1.61,0.36,0.56,22.75,22.82,22.33,216.6
518,2003-11-04,600519,22.76,23.32,23.6,22.75,15388,35781199.0,3.74,2.51,0.57,1.78,23.32,23.6,22.75,221.6
519,2003-11-05,600519,23.24,23.58,23.85,23.15,17312,40944023.0,3.0,1.11,0.26,2.0,23.58,23.85,23.15,184.69
520,2003-11-06,600519,23.67,23.43,23.7,23.3,6274,14718968.0,1.7,-0.64,-0.15,0.73,23.43,23.7,23.3,138.04
521,2003-11-07,600519,23.3,22.91,23.4,22.7,7497,17267141.0,2.99,-2.22,-0.52,0.87,22.91,23.4,22.7,75.36
522,2003-11-10,600519,23.0,23.05,23.19,22.78,2761,6335394.0,1.79,0.61,0.14,0.32,23.05,23.19,22.78,64.49
523,2003-11-11,600519,23.05,23.25,23.35,22.95,2602,6018093.0,1.74,0.87,0.2,0.3,23.25,23.35,22.95,69.75
524,2003-11-12,600519,23.0,23.0,23.3,23.0,2961,6839594.0,1.29,-1.08,-0.25,0.34,23.0,23.3,23.0,54.09
525,2003-11-13,600519,22.99,22.84,23.12,22.7,2104,4796537.0,1.83,-0.7,-0.16,0.24,22.84,23.12,22.7,27.26
526,2003-11-14,600519,22.8,23.0,23.08,22.65,2274,5200996.0,1.88,0.7,0.16,0.26,23.0,23.08,22.65,20.97
527,2003-11-17,600519,23.08,22.97,23.12,22.88,1800,4141789.0,1.04,-0.13,-0.03,0.21,22.97,23.12,22.88,22.09
528,2003-11-18,600519,23.0,22.75,23.0,22.7,2450,5590828.0,1.31,-0.96,-0.22,0.28,22.75,23.0,22.7,-28.1
529,2003-11-19,600519,22.75,22.95,22.99,22.61,3147,7192949.0,1.67,0.88,0.2,0.36,22.95,22.99,22.61,-42.93
530,2003-11-20,600519,22.85,23.05,23.17,22.8,4988,11467710.0,1.61,0.44,0.1,0.58,23.05,23.17,22.8,-13.43
531,2003-11-21,600519,23.38,22.98,23.4,22.91,1826,4207140.0,2.13,-0.3,-0.07,0.21,22.98,23.4,22.91,8.05
532,2003-11-24,600519,23.08,23.26,23.3,22.8,2498,5751645.0,2.18,1.22,0.28,0.29,23.26,23.3,22.8,21.69
533,2003-11-25,600519,23.3,23.19,23.3,22.95,3349,7752298.0,1.5,-0.3,-0.07,0.39,23.19,23.3,22.95,56.0
534,2003-11-26,600519,23.0,23.2,23.25,22.9,3402,7832142.0,1.51,0.04,0.01,0.39,23.2,23.25,22.9,70.35
535,2003-11-27,600519,23.09,23.05,23.49,22.93,5847,13553445.0,2.41,-0.65,-0.15,0.68,23.05,23.49,22.93,82.87
536,2003-11-28,600519,23.09,22.98,23.09,22.85,3105,7138329.0,1.04,-0.3,-0.07,0.36,22.98,23.09,22.85,-32.59
537,2003-12-01,600519,23.3,23.01,23.3,22.85,8765,20159528.0,1.96,0.13,0.03,1.01,23.01,23.3,22.85,25.72
538,2003-12-02,600519,23.19,23.18,23.26,23.0,6944,16075321.0,1.13,0.74,0.17,0.8,23.18,23.26,23.0,84.72
539,2003-12-03,600519,23.25,23.52,23.8,23.18,13572,31788191.0,2.67,1.47,0.34,1.57,23.52,23.8,23.18,242.24
540,2003-12-04,600519,23.56,23.42,23.68,23.31,8160,19152457.0,1.57,-0.43,-0.1,0.94,23.42,23.68,23.31,183.13
541,2003-12-05,600519,23.4,23.87,23.9,23.31,20336,48018185.0,2.52,1.92,0.45,2.35,23.87,23.9,23.31,208.84
542,2003-12-08,600519,23.9,23.69,23.91,23.58,3533,8392000.0,1.38,-0.75,-0.18,0.41,23.69,23.91,23.58,156.41
543,2003-12-09,600519,23.68,23.55,23.76,23.45,3796,8935849.0,1.31,-0.59,-0.14,0.44,23.55,23.76,23.45,90.84
544,2003-12-10,600519,23.78,23.72,23.78,23.52,5360,12660246.0,1.1,0.72,0.17,0.62,23.72,23.78,23.52,95.23
545,2003-12-11,600519,23.75,23.53,23.84,23.51,4640,10986759.0,1.39,-0.8,-0.19,0.54,23.53,23.84,23.51,70.78
546,2003-12-12,600519,23.53,23.52,23.59,23.46,1932,4539656.0,0.55,-0.04,-0.01,0.22,23.52,23.59,23.46,37.51
547,2003-12-15,600519,23.52,23.6,23.69,23.42,1862,4392702.0,1.15,0.34,0.08,0.22,23.6,23.69,23.42,44.22
548,2003-12-16,600519,23.59,23.54,23.7,23.2,3332,7816685.0,2.12,-0.25,-0.06,0.39,23.54,23.7,23.2,12.54
549,2003-12-17,600519,23.58,24.02,24.3,23.58,8283,19926940.0,3.06,2.04,0.48,0.96,24.02,24.3,23.58,158.85
550,2003-12-18,600519,24.0,24.22,24.27,23.8,5708,13788180.0,1.96,0.83,0.2,0.66,24.22,24.27,23.8,183.76
551,2003-12-19,600519,24.27,24.0,24.27,23.81,5827,14005567.0,1.9,-0.91,-0.22,0.67,24.0,24.27,23.81,136.71
552,2003-12-22,600519,24.0,24.45,24.48,23.7,6254,15017997.0,3.25,1.88,0.45,0.72,24.45,24.48,23.7,161.47
553,2003-12-23,600519,24.45,24.63,24.86,24.26,10334,25513368.0,2.45,0.74,0.18,1.19,24.63,24.86,24.26,194.74
554,2003-12-24,600519,24.68,25.22,25.27,24.52,7043,17578282.0,3.05,2.4,0.59,0.81,25.22,25.27,24.52,210.88
555,2003-12-25,600519,25.22,25.05,25.3,25.01,7431,18686453.0,1.15,-0.67,-0.17,0.86,25.05,25.3,25.01,174.57
556,2003-12-26,600519,25.0,25.28,25.45,24.9,5153,12938394.0,2.2,0.92,0.23,0.6,25.28,25.45,24.9,144.22
557,2003-12-30,600519,25.18,25.5,25.68,24.81,4138,10461733.0,3.44,0.87,0.22,0.48,25.5,25.68,24.81,125.87
558,2003-12-31,600519,25.5,25.4,25.5,25.23,5511,13951355.0,1.06,-0.39,-0.1,0.64,25.4,25.5,25.23,106.53
559,2004-01-02,600519,25.01,25.19,25.48,25.0,6514,16401867.0,1.89,-0.83,-0.21,0.75,25.19,25.48,25.0,77.32
560,2004-01-05,600519,25.1,26.4,26.45,25.1,8540,22096848.0,5.36,4.8,1.21,0.99,26.4,26.45,25.1,133.05
561,2004-01-06,600519,26.5,26.96,27.18,26.5,9467,25293426.0,2.58,2.12,0.56,1.09,26.96,27.18,26.5,185.92
562,2004-01-07,600519,26.87,26.95,27.18,26.33,11336,30614269.0,3.15,-0.04,-0.01,1.31,26.95,27.18,26.33,160.61
563,2004-01-08,600519,27.0,27.42,27.48,26.88,8607,23401787.0,2.23,1.74,0.47,0.99,27.42,27.48,26.88,160.99
564,2004-01-09,600519,27.5,26.21,27.5,26.05,8822,23829502.0,5.29,-4.41,-1.21,1.02,26.21,27.5,26.05,83.75
565,2004-01-12,600519,26.0,26.53,26.6,25.83,6491,16933810.0,2.94,1.22,0.32,0.75,26.53,26.6,25.83,50.99
566,2004-01-13,600519,26.8,27.6,27.68,26.8,13421,36807002.0,3.32,4.03,1.07,1.55,27.6,27.68,26.8,117.24
567,2004-01-14,600519,27.6,28.87,29.15,27.37,25096,71681040.0,6.45,4.6,1.27,2.9,28.87,29.15,27.37,169.03
568,2004-01-15,600519,28.5,28.28,28.91,28.01,10171,29112473.0,3.12,-2.04,-0.59,1.18,28.28,28.91,28.01,137.64
569,2004-01-16,600519,28.12,28.49,28.85,28.0,7408,21179706.0,3.01,0.74,0.21,0.86,28.49,28.85,28.0,120.56
570,2004-01-29,600519,28.0,28.96,29.02,28.0,5354,15425466.0,3.58,1.65,0.47,0.62,28.96,29.02,28.0,115.38
571,2004-01-30,600519,28.94,28.12,29.05,28.1,7785,22429306.0,3.28,-2.9,-0.84,0.9,28.12,29.05,28.1,85.48
572,2004-02-02,600519,28.5,28.92,29.35,28.3,31305,90694934.0,3.73,2.84,0.8,3.62,28.92,29.35,28.3,99.35
573,2004-02-03,600519,29.0,29.0,29.16,28.72,8128,23508437.0,1.52,0.28,0.08,0.94,29.0,29.16,28.72,92.41
574,2004-02-04,600519,29.0,28.99,29.15,28.8,8646,25042786.0,1.21,-0.03,-0.01,1.0,28.99,29.15,28.8,83.7
575,2004-02-05,600519,28.88,28.19,28.99,28.1,9257,26274156.0,3.07,-2.76,-0.8,1.07,28.19,28.99,28.1,35.52
576,2004-02-06,600519,28.0,27.83,28.6,27.66,12926,36392591.0,3.33,-1.28,-0.36,1.49,27.83,28.6,27.66,-5.16
577,2004-02-09,600519,27.88,28.14,28.39,27.68,5778,16136748.0,2.55,1.11,0.31,0.67,28.14,28.39,27.68,-7.7
578,2004-02-10,600519,28.18,27.77,28.29,27.72,2891,8054689.0,2.03,-1.31,-0.37,0.33,27.77,28.29,27.72,-41.66
579,2004-02-11,600519,28.0,27.62,28.0,27.4,4488,12391205.0,2.16,-0.54,-0.15,0.52,27.62,28.0,27.4,-118.12
580,2004-02-12,600519,27.69,27.64,28.2,27.5,2231,6196653.0,2.53,0.07,0.02,0.26,27.64,28.2,27.5,-116.46
581,2004-02-13,600519,27.7,27.89,28.1,27.56,2531,7068284.0,1.95,0.9,0.25,0.29,27.89,28.1,27.56,-84.68
582,2004-02-16,600519,27.89,28.65,28.7,27.89,4082,11599148.0,2.9,2.72,0.76,0.47,28.65,28.7,27.89,16.56
583,2004-02-17,600519,28.75,28.54,28.75,28.51,7236,20708523.0,0.84,-0.38,-0.11,0.84,28.54,28.75,28.51,46.94
584,2004-02-18,600519,28.54,29.09,29.45,28.24,9704,28085541.0,4.24,1.93,0.55,1.12,29.09,29.45,28.24,96.7
585,2004-02-19,600519,29.1,28.8,29.15,28.68,6155,17792327.0,1.62,-1.0,-0.29,0.71,28.8,29.15,28.68,77.44
586,2004-02-20,600519,28.61,28.73,28.88,28.42,3256,9294561.0,1.6,-0.24,-0.07,0.38,28.73,28.88,28.42,49.33
587,2004-02-23,600519,28.95,28.0,28.98,27.92,4234,11943403.0,3.69,-2.54,-0.73,0.49,28.0,28.98,27.92,-4.17
588,2004-02-24,600519,27.88,28.23,28.39,27.56,8245,22993324.0,2.96,0.82,0.23,0.95,28.23,28.39,27.56,-38.23
589,2004-02-25,600519,28.25,27.32,28.75,27.3,5596,15651947.0,5.14,-3.22,-0.91,0.65,27.32,28.75,27.3,-78.25
590,2004-02-26,600519,27.4,28.25,28.28,27.2,10313,28613246.0,3.95,3.4,0.93,1.19,28.25,28.28,27.2,-53.34
591,2004-02-27,600519,28.28,28.4,28.42,27.75,4431,12479813.0,2.37,0.53,0.15,0.51,28.4,28.42,27.75,-4.15
592,2004-03-01,600519,28.35,28.53,28.58,28.01,2938,8324629.0,2.01,0.46,0.13,0.34,28.53,28.58,28.01,24.51
593,2004-03-02,600519,28.2,31.13,31.38,28.2,25188,75299463.0,11.15,9.11,2.6,2.91,31.13,31.38,28.2,265.53
594,2004-03-03,600519,31.18,30.69,31.6,30.39,24661,76280342.0,3.89,-1.41,-0.44,2.85,30.69,31.6,30.39,240.07
595,2004-03-04,600519,30.58,30.52,30.8,30.26,5718,17429571.0,1.76,-0.55,-0.17,0.66,30.52,30.8,30.26,149.69
596,2004-03-05,600519,30.6,30.62,31.2,30.3,4117,12628392.0,2.95,0.33,0.1,0.48,30.62,31.2,30.3,125.19
597,2004-03-08,600519,30.6,30.09,31.0,29.7,6328,19124563.0,4.25,-1.73,-0.53,0.73,30.09,31.0,29.7,75.89
598,2004-03-09,600519,30.1,29.9,30.3,29.75,4492,13474582.0,1.83,-0.63,-0.19,0.52,29.9,30.3,29.75,49.35
599,2004-03-10,600519,29.72,30.34,30.4,29.72,3117,9368573.0,2.27,1.47,0.44,0.36,30.34,30.4,29.72,52.09
600,2004-03-11,600519,30.0,30.89,30.9,30.0,6967,21204913.0,2.97,1.81,0.55,0.81,30.89,30.9,30.0,68.72
601,2004-03-12,600519,31.99,32.7,33.3,31.55,37852,123629708.0,5.67,5.86,1.81,4.38,32.7,33.3,31.55,156.39
602,2004-03-15,600519,32.65,33.42,33.5,32.4,18986,62741210.0,3.36,2.2,0.72,2.19,33.42,33.5,32.4,171.76
603,2004-03-16,600519,33.42,34.91,35.44,33.11,30958,106413222.0,6.97,4.46,1.49,3.58,34.91,35.44,33.11,205.45
604,2004-03-17,600519,34.8,34.91,35.25,34.31,13411,46683001.0,2.69,0.0,0.0,1.55,34.91,35.25,34.31,164.26
605,2004-03-18,600519,34.91,34.97,35.3,34.7,15704,55053859.0,1.72,0.17,0.06,1.82,34.97,35.3,34.7,131.82
606,2004-03-19,600519,34.91,34.87,35.32,34.6,14744,51625581.0,2.06,-0.29,-0.1,1.7,34.87,35.32,34.6,106.58
607,2004-03-22,600519,35.0,34.52,35.18,34.5,10206,35526463.0,1.95,-1.0,-0.35,1.18,34.52,35.18,34.5,84.54
608,2004-03-23,600519,34.33,33.81,34.5,33.54,13910,47091718.0,2.78,-2.06,-0.71,1.61,33.81,34.5,33.54,49.56
609,2004-03-24,600519,33.7,35.05,35.2,33.58,13296,46222270.0,4.79,3.67,1.24,1.54,35.05,35.2,33.58,64.0
610,2004-03-25,600519,34.85,34.06,35.2,33.9,14931,51190803.0,3.71,-2.82,-0.99,1.73,34.06,35.2,33.9,49.53
611,2004-03-26,600519,34.5,34.73,34.87,33.15,17415,59748602.0,5.05,1.97,0.67,2.01,34.73,34.87,33.15,37.64
612,2004-03-29,600519,34.73,34.28,35.55,34.2,11282,39480878.0,3.89,-1.3,-0.45,1.3,34.28,35.55,34.2,51.75
613,2004-03-30,600519,34.2,34.73,34.8,34.05,5877,20288601.0,2.19,1.31,0.45,0.68,34.73,34.8,34.05,37.74
614,2004-03-31,600519,34.7,35.04,35.2,34.58,7310,25543352.0,1.79,0.89,0.31,0.84,35.04,35.2,34.58,76.57
615,2004-04-01,600519,34.79,35.39,35.5,34.79,8504,29966660.0,2.03,1.0,0.35,0.98,35.39,35.5,34.79,123.88
616,2004-04-02,600519,35.35,36.29,36.5,35.35,18818,67825517.0,3.25,2.54,0.9,2.18,36.29,36.5,35.35,248.6
617,2004-04-05,600519,36.3,37.25,37.4,36.3,18631,68785082.0,3.03,2.65,0.96,2.15,37.25,37.4,36.3,271.9
618,2004-04-06,600519,37.4,37.23,37.4,36.9,7136,26461490.0,1.34,-0.05,-0.02,0.82,37.23,37.4,36.9,192.65
619,2004-04-07,600519,37.26,38.87,39.05,37.26,18692,72038041.0,4.81,4.41,1.64,2.16,38.87,39.05,37.26,197.03
620,2004-04-08,600519,38.9,40.48,40.52,38.72,15913,63361314.0,4.63,4.14,1.61,1.84,40.48,40.52,38.72,196.2
621,2004-04-09,600519,40.45,39.2,40.45,39.18,34323,135738045.0,3.14,-3.16,-1.28,3.97,39.2,40.45,39.18,140.53
622,2004-04-12,600519,38.9,38.76,39.5,38.3,10272,39974344.0,3.06,-1.12,-0.44,1.19,38.76,39.5,38.3,91.41
623,2004-04-13,600519,38.9,39.15,39.4,38.6,15524,60506087.0,2.06,1.01,0.39,1.79,39.15,39.4,38.6,84.04
624,2004-04-14,600519,38.85,38.15,38.99,37.6,15544,59198319.0,3.55,-2.55,-1.0,1.8,38.15,38.99,37.6,47.63
625,2004-04-15,600519,38.0,37.96,38.6,37.8,5959,22690028.0,2.1,-0.5,-0.19,0.69,37.96,38.6,37.8,35.17
626,2004-04-16,600519,37.82,37.99,38.48,37.4,4498,17042489.0,2.85,0.08,0.03,0.52,37.99,38.48,37.4,20.95
627,2004-04-19,600519,38.0,36.85,38.0,36.8,5897,22127813.0,3.16,-3.0,-1.14,0.68,36.85,38.0,36.8,-26.01
628,2004-04-20,600519,36.8,37.2,37.48,36.31,7706,28305520.0,3.18,0.95,0.35,0.89,37.2,37.48,36.31,-53.26
629,2004-04-21,600519,37.39,36.63,37.5,36.2,3994,14703155.0,3.49,-1.53,-0.57,0.46,36.63,37.5,36.2,-84.18
630,2004-04-22,600519,36.5,36.6,36.8,36.2,8252,30019962.0,1.64,-0.08,-0.03,0.95,36.6,36.8,36.2,-108.2
631,2004-04-23,600519,36.4,36.77,36.78,36.2,8065,29417711.0,1.58,0.46,0.17,0.93,36.77,36.78,36.2,-99.19
632,2004-04-26,600519,36.54,37.22,37.37,36.4,6603,24414409.0,2.64,1.22,0.45,0.76,37.22,37.37,36.4,-67.4
633,2004-04-27,600519,37.25,37.91,39.0,37.25,20597,78913119.0,4.7,1.85,0.69,2.38,37.91,39.0,37.25,9.58
634,2004-04-28,600519,37.9,37.55,37.9,37.1,5597,21005617.0,2.11,-0.95,-0.36,0.65,37.55,37.9,37.1,-19.38
635,2004-04-29,600519,38.48,36.66,38.8,35.5,17383,62795124.0,8.79,-2.37,-0.89,2.01,36.66,38.8,35.5,-54.92
636,2004-04-30,600519,36.29,37.43,37.5,36.01,12962,47858161.0,4.06,2.1,0.77,1.5,37.43,37.5,36.01,-48.05
637,2004-05-10,600519,37.3,36.23,37.4,35.58,8004,28883861.0,4.86,-3.21,-1.2,0.93,36.23,37.4,35.58,-105.84
638,2004-05-11,600519,35.75,36.04,36.8,35.75,6734,24441916.0,2.9,-0.52,-0.19,0.78,36.04,36.8,35.75,-123.42
639,2004-05-12,600519,36.02,36.81,36.85,36.01,8684,31635698.0,2.33,2.14,0.77,1.0,36.81,36.85,36.01,-69.79
640,2004-05-13,600519,36.5,37.79,37.8,36.5,14720,55043074.0,3.53,2.66,0.98,1.7,37.79,37.8,36.5,76.28
641,2004-05-14,600519,37.88,37.45,37.99,36.8,6029,22432732.0,3.15,-0.9,-0.34,0.7,37.45,37.99,36.8,80.15
642,2004-05-17,600519,37.27,36.72,37.27,36.32,3389,12486993.0,2.54,-1.95,-0.73,0.39,36.72,37.27,36.32,-28.54
643,2004-05-18,600519,36.75,36.21,37.2,35.0,19383,70073744.0,5.99,-1.39,-0.51,2.24,36.21,37.2,35.0,-115.03
644,2004-05-19,600519,36.5,36.59,37.1,36.05,4800,17709875.0,2.9,1.05,0.38,0.55,36.59,37.1,36.05,-48.4
645,2004-05-20,600519,36.4,36.48,36.66,36.16,2495,9068633.0,1.37,-0.3,-0.11,0.29,36.48,36.66,36.16,-67.59
646,2004-05-21,600519,36.48,36.4,36.7,35.81,1291,4704499.0,2.44,-0.22,-0.08,0.15,36.4,36.7,35.81,-75.18
647,2004-05-24,600519,36.36,36.0,36.5,35.95,1563,5641346.0,1.51,-1.1,-0.4,0.18,36.0,36.5,35.95,-90.44
648,2004-05-25,600519,35.93,35.85,36.5,35.8,5147,18589609.0,1.94,-0.42,-0.15,0.59,35.85,36.5,35.8,-100.02
649,2004-05-26,600519,35.86,36.04,36.14,35.62,2776,10011880.0,1.45,0.53,0.19,0.32,36.04,36.14,35.62,-107.33
650,2004-05-27,600519,36.6,36.5,36.98,36.0,3759,13778597.0,2.72,1.28,0.46,0.43,36.5,36.98,36.0,1.81
651,2004-05-28,600519,36.4,36.88,36.97,36.3,1952,7168549.0,1.84,1.04,0.38,0.23,36.88,36.97,36.3,41.5
652,2004-06-01,600519,36.88,37.4,37.45,36.87,3638,13507855.0,1.57,1.41,0.52,0.42,37.4,37.45,36.87,118.38
653,2004-06-02,600519,37.4,36.84,37.4,36.8,2381,8832775.0,1.6,-1.5,-0.56,0.28,36.84,37.4,36.8,65.79
654,2004-06-03,600519,36.9,36.8,37.27,36.5,782,2869881.0,2.09,-0.11,-0.04,0.09,36.8,37.27,36.5,51.12
655,2004-06-04,600519,36.21,36.28,36.88,36.09,2070,7529168.0,2.15,-1.41,-0.52,0.24,36.28,36.88,36.09,-19.66
656,2004-06-07,600519,36.03,36.36,36.48,35.95,2454,8856253.0,1.46,0.22,0.08,0.28,36.36,36.48,35.95,-46.54
657,2004-06-08,600519,36.01,36.31,36.47,35.9,3357,12115216.0,1.57,-0.14,-0.05,0.39,36.31,36.47,35.9,-57.28
658,2004-06-09,600519,36.01,35.99,36.38,35.8,4725,17036585.0,1.6,-0.88,-0.32,0.55,35.99,36.38,35.8,-84.18
659,2004-06-10,600519,36.0,34.3,36.3,34.05,24414,84607735.0,6.25,-4.7,-1.69,2.82,34.3,36.3,34.05,-244.07
660,2004-06-11,600519,34.06,34.51,35.1,34.06,9237,31913342.0,3.03,0.61,0.21,1.07,34.51,35.1,34.06,-213.89
661,2004-06-14,600519,34.3,33.4,34.36,33.2,11932,40393296.0,3.36,-3.22,-1.11,1.38,33.4,34.36,33.2,-218.1
662,2004-06-15,600519,33.33,33.56,33.68,32.4,21484,70392158.0,3.83,0.48,0.16,2.48,33.56,33.68,32.4,-174.34
663,2004-06-16,600519,33.5,34.44,34.64,33.3,6623,22482333.0,3.99,2.62,0.88,0.77,34.44,34.64,33.3,-91.01
664,2004-06-17,600519,34.44,33.13,34.44,32.82,14816,49602583.0,4.7,-3.8,-1.31,1.71,33.13,34.44,32.82,-104.8
665,2004-06-18,600519,33.0,33.31,33.4,32.2,11671,38053133.0,3.62,0.54,0.18,1.35,33.31,33.4,32.2,-108.85
666,2004-06-21,600519,32.81,33.5,33.58,32.71,1034,3441885.0,2.61,0.57,0.19,0.12,33.5,33.58,32.71,-83.63
667,2004-06-22,600519,33.6,34.0,34.0,33.5,1254,4238393.0,1.49,1.49,0.5,0.15,34.0,34.0,33.5,-47.46
668,2004-06-23,600519,33.95,33.22,33.95,33.0,596,1987467.0,2.79,-2.29,-0.78,0.07,33.22,33.95,33.0,-64.35
669,2004-06-24,600519,33.22,33.23,33.79,33.18,1242,4133360.0,1.84,0.03,0.01,0.14,33.23,33.79,33.18,-57.28
670,2004-06-25,600519,33.43,33.8,34.7,33.08,3697,12619117.0,4.88,1.72,0.57,0.43,33.8,34.7,33.08,-17.22
671,2004-06-28,600519,33.5,34.12,34.4,33.5,3080,10476223.0,2.66,0.95,0.32,0.36,34.12,34.4,33.5,11.51
672,2004-06-29,600519,34.12,34.09,34.25,33.8,6891,23479163.0,1.32,-0.09,-0.03,0.8,34.09,34.25,33.8,44.59
673,2004-06-30,600519,34.09,33.85,34.19,33.0,4103,13952503.0,3.49,-0.7,-0.24,0.47,33.85,34.19,33.0,0.79
674,2004-07-01,600519,25.02,26.73,26.8,25.01,2782,7361258.0,5.29,-21.03,-7.12,0.25,26.73,26.8,25.01,-459.5
675,2004-07-02,600519,26.8,27.26,27.3,26.38,2873,7731847.0,3.44,1.98,0.53,0.26,27.26,27.3,26.38,-217.83
676,2004-07-05,600519,27.0,28.33,28.38,27.0,5202,14545862.0,5.06,3.93,1.07,0.46,28.33,28.38,27.0,-129.17
677,2004-07-06,600519,28.48,28.22,29.38,28.2,16359,47067614.0,4.17,-0.39,-0.11,1.45,28.22,29.38,28.2,-85.35
678,2004-07-07,600519,28.18,28.83,29.02,27.7,13245,38002932.0,4.68,2.16,0.61,1.18,28.83,29.02,27.7,-71.91
679,2004-07-08,600519,28.95,28.59,29.0,28.51,2358,6779704.0,1.7,-0.83,-0.24,0.21,28.59,29.0,28.51,-57.22
680,2004-07-09,600519,28.43,28.5,28.88,28.43,1636,4678105.0,1.57,-0.31,-0.09,0.15,28.5,28.88,28.43,-51.15
681,2004-07-12,600519,28.5,28.66,28.86,28.1,4328,12351574.0,2.67,0.56,0.16,0.38,28.66,28.86,28.1,-45.57
682,2004-07-13,600519,28.5,29.43,29.5,28.5,6419,18772253.0,3.49,2.69,0.77,0.57,29.43,29.5,28.5,-25.89
683,2004-07-14,600519,29.38,29.56,29.58,29.0,4479,13176396.0,1.97,0.44,0.13,0.4,29.56,29.58,29.0,-14.1
684,2004-07-15,600519,29.56,30.61,30.66,29.56,28186,85455066.0,3.72,3.55,1.05,2.51,30.61,30.66,29.56,22.89
685,2004-07-16,600519,30.62,30.58,30.85,30.0,5877,17947709.0,2.78,-0.1,-0.03,0.52,30.58,30.85,30.0,47.14
686,2004-07-19,600519,30.59,30.55,30.79,29.93,8508,25718864.0,2.81,-0.1,-0.03,0.76,30.55,30.79,29.93,70.34
687,2004-07-20,600519,30.45,30.5,30.55,30.02,7869,23908753.0,1.73,-0.16,-0.05,0.7,30.5,30.55,30.02,101.33
688,2004-07-21,600519,30.5,30.85,30.9,30.18,7534,23041353.0,2.36,1.15,0.35,0.67,30.85,30.9,30.18,105.48
689,2004-07-22,600519,30.8,30.77,31.86,30.6,27936,87061727.0,4.08,-0.26,-0.08,2.48,30.77,31.86,30.6,116.7
690,2004-07-23,600519,30.5,31.46,31.5,30.4,10552,32608304.0,3.57,2.24,0.69,0.94,31.46,31.5,30.4,102.53
691,2004-07-26,600519,31.6,30.82,31.6,30.28,6617,20362836.0,4.2,-2.03,-0.64,0.59,30.82,31.6,30.28,76.1
692,2004-07-27,600519,30.9,29.82,30.9,29.77,11113,33370357.0,3.67,-3.24,-1.0,0.99,29.82,30.9,29.77,14.88
693,2004-07-28,600519,30.66,29.48,30.66,28.82,8847,25861812.0,6.17,-1.14,-0.34,0.79,29.48,30.66,28.82,-37.78
694,2004-07-29,600519,29.3,29.63,29.68,29.03,3414,10010293.0,2.2,0.51,0.15,0.3,29.63,29.68,29.03,-70.68
695,2004-07-30,600519,29.5,30.07,30.36,29.5,2491,7475971.0,2.9,1.48,0.44,0.22,30.07,30.36,29.5,-31.69
696,2004-08-02,600519,30.05,29.75,30.3,29.5,7328,21734520.0,2.66,-1.06,-0.32,0.65,29.75,30.3,29.5,-62.14
697,2004-08-03,600519,29.5,29.39,29.95,29.31,7760,22860312.0,2.15,-1.21,-0.36,0.69,29.39,29.95,29.31,-111.99
698,2004-08-04,600519,29.18,29.89,30.0,29.12,4741,13978388.0,2.99,1.7,0.5,0.42,29.89,30.0,29.12,-79.03
699,2004-08-05,600519,29.8,29.55,29.8,29.3,2169,6399271.0,1.67,-1.14,-0.34,0.19,29.55,29.8,29.3,-82.67
700,2004-08-06,600519,29.4,29.79,29.9,29.11,2657,7857159.0,2.67,0.81,0.24,0.24,29.79,29.9,29.11,-66.4
701,2004-08-09,600519,29.51,29.95,29.96,29.51,2457,7317440.0,1.51,0.54,0.16,0.22,29.95,29.96,29.51,-34.93
702,2004-08-10,600519,29.71,30.16,30.2,29.65,2610,7820329.0,1.84,0.7,0.21,0.23,30.16,30.2,29.65,-3.38
703,2004-08-11,600519,30.0,29.95,30.1,29.8,1043,3119880.0,0.99,-0.7,-0.21,0.09,29.95,30.1,29.8,0.82
704,2004-08-12,600519,29.52,30.09,30.1,29.52,2818,8383159.0,1.94,0.47,0.14,0.25,30.09,30.1,29.52,11.92
705,2004-08-13,600519,29.89,30.11,30.18,29.7,3719,11134747.0,1.6,0.07,0.02,0.33,30.11,30.18,29.7,72.89
706,2004-08-16,600519,29.88,29.86,30.11,29.85,1783,5336450.0,0.86,-0.83,-0.25,0.16,29.86,30.11,29.85,62.87
707,2004-08-17,600519,29.81,30.0,30.1,29.57,1971,5905094.0,1.77,0.47,0.14,0.18,30.0,30.1,29.57,38.14
708,2004-08-18,600519,30.2,30.12,30.31,29.9,5511,16624721.0,1.37,0.4,0.12,0.49,30.12,30.31,29.9,120.39
709,2004-08-19,600519,30.0,29.92,30.2,29.81,5890,17653366.0,1.29,-0.66,-0.2,0.52,29.92,30.2,29.81,60.36
710,2004-08-20,600519,29.92,29.95,30.2,29.8,5631,16868762.0,1.34,0.1,0.03,0.5,29.95,30.2,29.8,56.48
711,2004-08-23,600519,29.8,29.21,29.8,29.15,5733,16839797.0,2.17,-2.47,-0.74,0.51,29.21,29.8,29.15,-178.11
712,2004-08-24,600519,29.0,29.35,29.4,29.0,2860,8339871.0,1.37,0.48,0.14,0.25,29.35,29.4,29.0,-179.26
713,2004-08-25,600519,29.5,29.46,29.51,29.1,1631,4768554.0,1.4,0.37,0.11,0.15,29.46,29.51,29.1,-128.87
714,2004-08-26,600519,29.2,29.53,29.6,29.2,2161,6353347.0,1.36,0.24,0.07,0.19,29.53,29.6,29.2,-93.63
715,2004-08-27,600519,29.49,29.46,29.65,29.3,1325,3898855.0,1.19,-0.24,-0.07,0.12,29.46,29.65,29.3,-71.56
716,2004-08-30,600519,29.2,28.97,29.39,28.8,3492,10126801.0,2.0,-1.66,-0.49,0.31,28.97,29.39,28.8,-135.72
717,2004-08-31,600519,29.29,29.17,29.9,28.9,2414,7032456.0,3.45,0.69,0.2,0.21,29.17,29.9,28.9,-67.26
718,2004-09-01,600519,29.05,28.62,29.05,28.6,3798,10907461.0,1.54,-1.89,-0.55,0.34,28.62,29.05,28.6,-151.53
719,2004-09-02,600519,28.47,28.69,28.7,27.91,4400,12428743.0,2.76,0.24,0.07,0.39,28.69,28.7,27.91,-180.74
720,2004-09-03,600519,28.5,28.67,28.71,28.1,2730,7734124.0,2.13,-0.07,-0.02,0.24,28.67,28.71,28.1,-143.02
721,2004-09-06,600519,28.33,28.71,28.8,28.33,2327,6677838.0,1.64,0.14,0.04,0.21,28.71,28.8,28.33,-101.92
722,2004-09-07,600519,28.97,29.0,29.12,28.8,2635,7621058.0,1.11,1.01,0.29,0.23,29.0,29.12,28.8,-34.94
723,2004-09-08,600519,29.07,29.54,29.6,29.02,4696,13766558.0,2.0,1.86,0.54,0.42,29.54,29.6,29.02,46.52
724,2004-09-09,600519,29.55,29.66,30.0,29.35,10209,30324405.0,2.2,0.41,0.12,0.91,29.66,30.0,29.35,109.44
725,2004-09-10,600519,29.6,29.68,29.8,29.3,2206,6519369.0,1.69,0.07,0.02,0.2,29.68,29.8,29.3,88.11
726,2004-09-13,600519,29.68,29.4,29.68,29.0,3243,9459180.0,2.29,-0.94,-0.28,0.29,29.4,29.68,29.0,41.47
727,2004-09-14,600519,29.4,29.84,30.0,29.0,6126,18071359.0,3.4,1.5,0.44,0.54,29.84,30.0,29.0,81.7
728,2004-09-15,600519,29.78,31.15,31.19,29.62,11410,35117697.0,5.26,4.39,1.31,1.01,31.15,31.19,29.62,210.3
729,2004-09-16,600519,31.1,31.63,32.0,31.0,11472,36213781.0,3.21,1.54,0.48,1.02,31.63,32.0,31.0,243.79
730,2004-09-17,600519,31.77,32.3,32.41,31.11,13197,42076514.0,4.11,2.12,0.67,1.17,32.3,32.41,31.11,201.14
731,2004-09-20,600519,32.55,32.69,33.0,32.21,12022,39168091.0,2.45,1.21,0.39,1.07,32.69,33.0,32.21,175.7
732,2004-09-21,600519,32.09,32.3,32.98,32.09,8374,27222818.0,2.72,-1.19,-0.39,0.74,32.3,32.98,32.09,125.98
733,2004-09-22,600519,32.03,32.16,32.49,32.03,4348,13965168.0,1.42,-0.43,-0.14,0.39,32.16,32.49,32.03,93.82
734,2004-09-23,600519,32.11,33.42,33.52,32.11,17667,58219692.0,4.38,3.92,1.26,1.57,33.42,33.52,32.11,112.24
735,2004-09-24,600519,33.6,34.49,35.89,33.6,30981,108295826.0,6.85,3.2,1.07,2.75,34.49,35.89,33.6,155.51
736,2004-09-27,600519,34.95,34.93,35.98,34.5,6067,21339456.0,4.29,1.28,0.44,0.54,34.93,35.98,34.5,149.88
737,2004-09-28,600519,34.89,35.8,35.97,34.8,6741,23948625.0,3.35,2.49,0.87,0.6,35.8,35.97,34.8,141.18
738,2004-09-29,600519,35.8,35.54,36.18,35.4,13628,48864987.0,2.18,-0.73,-0.26,1.21,35.54,36.18,35.4,126.24
739,2004-09-30,600519,35.5,35.97,36.08,34.55,7366,26230672.0,4.31,1.21,0.43,0.65,35.97,36.08,34.55,100.45
740,2004-10-08,600519,35.49,36.51,36.55,35.01,9668,34809243.0,4.28,1.5,0.54,0.86,36.51,36.55,35.01,99.76
741,2004-10-11,600519,36.55,37.17,38.12,36.55,10198,38270567.0,4.3,1.81,0.66,0.91,37.17,38.12,36.55,124.93
742,2004-10-12,600519,36.9,36.03,36.9,35.6,7452,26810800.0,3.5,-3.07,-1.14,0.66,36.03,36.9,35.6,74.96
743,2004-10-13,600519,35.73,35.69,35.95,35.11,6645,23571291.0,2.33,-0.94,-0.34,0.59,35.69,35.95,35.11,45.1
744,2004-10-14,600519,35.7,35.37,36.88,35.18,6479,23199283.0,4.76,-0.9,-0.32,0.58,35.37,36.88,35.18,49.13
745,2004-10-15,600519,35.0,35.35,36.0,34.66,5122,18189199.0,3.79,-0.06,-0.02,0.46,35.35,36.0,34.66,18.19
746,2004-10-18,600519,35.29,34.86,35.32,34.65,2337,8190572.0,1.9,-1.39,-0.49,0.21,34.86,35.32,34.65,-20.58
747,2004-10-19,600519,34.8,35.98,36.2,34.7,10584,37755969.0,4.3,3.21,1.12,0.94,35.98,36.2,34.7,19.29
748,2004-10-20,600519,36.0,36.68,37.51,35.81,15934,58326643.0,4.72,1.95,0.7,1.42,36.68,37.51,35.81,131.32
749,2004-10-21,600519,36.55,37.07,37.5,35.8,5996,22003540.0,4.63,1.06,0.39,0.53,37.07,37.5,35.8,119.59
750,2004-10-22,600519,37.03,39.15,39.41,37.0,18161,70151234.0,6.5,5.61,2.08,1.61,39.15,39.41,37.0,230.11
751,2004-10-25,600519,39.5,39.46,40.3,39.12,15602,61900269.0,3.01,0.79,0.31,1.39,39.46,40.3,39.12,218.91
752,2004-10-26,600519,39.18,39.8,39.88,38.7,4973,19618432.0,2.99,0.86,0.34,0.44,39.8,39.88,38.7,156.36
753,2004-10-27,600519,39.84,39.4,40.6,39.32,11878,47630068.0,3.22,-1.01,-0.4,1.06,39.4,40.6,39.32,133.41
754,2004-10-28,600519,39.1,39.0,39.66,38.62,9338,36495905.0,2.64,-1.02,-0.4,0.83,39.0,39.66,38.62,83.7
755,2004-10-29,600519,38.01,38.96,39.3,38.01,14363,55678746.0,3.31,-0.1,-0.04,1.28,38.96,39.3,38.01,59.5
756,2004-11-01,600519,38.58,39.38,39.57,38.52,3673,14302880.0,2.7,1.08,0.42,0.33,39.38,39.57,38.52,65.03
757,2004-11-02,600519,39.0,39.09,39.1,38.1,3356,12926156.0,2.54,-0.74,-0.29,0.3,39.09,39.1,38.1,42.55
758,2004-11-03,600519,39.0,38.93,39.2,38.4,7616,29484721.0,2.05,-0.41,-0.16,0.68,38.93,39.2,38.4,39.88
759,2004-11-04,600519,38.6,38.31,39.0,38.16,6786,26198028.0,2.16,-1.59,-0.62,0.6,38.31,39.0,38.16,16.68
760,2004-11-05,600519,38.05,36.52,38.05,35.99,25994,95080945.0,5.38,-4.67,-1.79,2.31,36.52,38.05,35.99,-93.15
761,2004-11-08,600519,36.5,36.97,37.0,36.02,3586,13062547.0,2.68,1.23,0.45,0.32,36.97,37.0,36.02,-122.34
762,2004-11-09,600519,37.3,38.29,38.3,36.95,7315,27801916.0,3.65,3.57,1.32,0.65,38.29,38.3,36.95,-50.98
763,2004-11-10,600519,38.0,39.45,39.83,38.0,11289,44436007.0,4.78,3.03,1.16,1.0,39.45,39.83,38.0,44.03
764,2004-11-11,600519,39.4,38.8,39.8,38.8,8330,32780357.0,2.53,-1.65,-0.65,0.74,38.8,39.8,38.8,43.16
765,2004-11-12,600519,38.68,38.5,39.1,38.27,5668,21837428.0,2.14,-0.77,-0.3,0.5,38.5,39.1,38.27,1.28
766,2004-11-15,600519,38.51,38.76,38.8,37.6,8948,34292416.0,3.12,0.68,0.26,0.8,38.76,38.8,37.6,-15.52
767,2004-11-16,600519,38.5,38.0,38.76,38.0,3298,12563653.0,1.96,-1.96,-0.76,0.29,38.0,38.76,38.0,-19.48
768,2004-11-17,600519,38.0,38.0,38.21,37.7,8033,30415917.0,1.34,0.0,0.0,0.71,38.0,38.21,37.7,-42.3
769,2004-11-18,600519,37.98,37.98,38.25,37.55,2624,9967008.0,1.84,-0.05,-0.02,0.23,37.98,38.25,37.55,-39.9
770,2004-11-19,600519,38.01,37.91,38.01,37.7,3196,12098840.0,0.82,-0.18,-0.07,0.28,37.91,38.01,37.7,-37.14
771,2004-11-22,600519,37.81,37.4,37.9,37.1,6429,24094050.0,2.11,-1.35,-0.51,0.57,37.4,37.9,37.1,-72.07
772,2004-11-23,600519,37.25,36.87,37.59,36.8,6156,22797433.0,2.11,-1.42,-0.53,0.55,36.87,37.59,36.8,-100.69
773,2004-11-24,600519,36.79,36.55,37.2,36.5,4292,15819097.0,1.9,-0.87,-0.32,0.38,36.55,37.2,36.5,-115.69
774,2004-11-25,600519,36.41,37.63,38.08,36.41,5924,22286271.0,4.57,2.95,1.08,0.53,37.63,38.08,36.41,-57.81
775,2004-11-26,600519,37.62,37.61,37.96,37.3,1974,7411584.0,1.75,-0.05,-0.02,0.18,37.61,37.96,37.3,-42.0
776,2004-11-29,600519,37.65,38.09,38.56,37.6,5443,20728652.0,2.55,1.28,0.48,0.48,38.09,38.56,37.6,13.63
777,2004-11-30,600519,37.33,37.05,38.0,37.0,1618,6026605.0,2.63,-2.73,-1.04,0.14,37.05,38.0,37.0,-67.63
778,2004-12-01,600519,37.51,36.99,37.51,36.8,785,2900938.0,1.92,-0.16,-0.06,0.07,36.99,37.51,36.8,-88.66
779,2004-12-02,600519,37.2,37.0,37.2,36.5,3985,14671547.0,1.89,0.03,0.01,0.35,37.0,37.2,36.5,-104.47
780,2004-12-03,600519,36.8,36.74,37.09,36.6,626,2303971.0,1.32,-0.7,-0.26,0.06,36.74,37.09,36.6,-105.48
781,2004-12-06,600519,37.0,36.69,37.0,36.51,1111,4068796.0,1.33,-0.14,-0.05,0.1,36.69,37.0,36.51,-104.77
782,2004-12-07,600519,36.52,36.78,37.1,36.51,1899,6998528.0,1.61,0.25,0.09,0.17,36.78,37.1,36.51,-81.16
783,2004-12-08,600519,37.0,36.81,37.17,36.5,10291,37575758.0,1.82,0.08,0.03,0.91,36.81,37.17,36.5,-67.15
784,2004-12-09,600519,36.81,36.59,37.5,36.58,11349,41890865.0,2.5,-0.6,-0.22,1.01,36.59,37.5,36.58,-49.17
785,2004-12-10,600519,36.66,37.0,37.01,36.63,897,3311205.0,1.04,1.12,0.41,0.08,37.0,37.01,36.63,-45.75
786,2004-12-13,600519,36.6,37.1,37.2,36.6,2208,8189873.0,1.62,0.27,0.1,0.2,37.1,37.2,36.6,-24.11
787,2004-12-14,600519,37.0,36.78,37.1,36.78,1245,4601617.0,0.86,-0.86,-0.32,0.11,36.78,37.1,36.78,-44.67
788,2004-12-15,600519,36.58,36.51,37.08,36.5,10970,40055481.0,1.58,-0.73,-0.27,0.98,36.51,37.08,36.5,-79.78
789,2004-12-16,600519,36.5,36.76,36.88,36.3,11500,42361519.0,1.59,0.68,0.25,1.02,36.76,36.88,36.3,-92.51
790,2004-12-17,600519,36.5,36.2,36.55,36.07,1049,3805636.0,1.31,-1.52,-0.56,0.09,36.2,36.55,36.07,-241.4
791,2004-12-20,600519,36.0,34.9,36.5,34.82,2459,8749161.0,4.64,-3.59,-1.3,0.22,34.9,36.5,34.82,-339.24
792,2004-12-21,600519,35.0,34.73,35.4,34.66,2199,7700170.0,2.12,-0.49,-0.17,0.2,34.73,35.4,34.66,-249.06
793,2004-12-22,600519,34.67,35.3,35.35,34.18,3169,11055083.0,3.37,1.64,0.57,0.28,35.3,35.35,34.18,-167.67
794,2004-12-23,600519,35.3,35.2,35.77,35.2,6883,24351861.0,1.61,-0.28,-0.1,0.61,35.2,35.77,35.2,-93.2
795,2004-12-24,600519,35.0,35.5,35.85,35.0,4470,15920008.0,2.41,0.85,0.3,0.4,35.5,35.85,35.0,-72.01
796,2004-12-27,600519,35.5,36.0,36.07,35.5,1571,5614076.0,1.61,1.41,0.5,0.14,36.0,36.07,35.5,-27.56
797,2004-12-28,600519,35.5,36.67,36.93,35.5,2924,10655265.0,3.97,1.86,0.67,0.26,36.67,36.93,35.5,25.17
798,2004-12-29,600519,36.99,37.28,37.48,36.67,5655,21025179.0,2.21,1.66,0.61,0.5,37.28,37.48,36.67,98.19
799,2004-12-30,600519,36.9,36.81,37.25,36.33,3345,12358921.0,2.47,-1.26,-0.47,0.3,36.81,37.25,36.33,65.62
800,2004-12-31,600519,36.7,36.64,37.7,36.08,5870,21514898.0,4.4,-0.46,-0.17,0.52,36.64,37.7,36.08,68.7
801,2005-01-04,600519,36.4,36.45,36.8,36.0,2349,8566179.0,2.18,-0.52,-0.19,0.21,36.45,36.8,36.0,34.85
802,2005-01-05,600519,36.4,37.24,37.28,36.23,6139,22582400.0,2.88,2.17,0.79,0.55,37.24,37.28,36.23,83.28
803,2005-01-06,600519,37.0,36.6,37.1,36.5,5524,20282548.0,1.61,-1.72,-0.64,0.49,36.6,37.1,36.5,63.53
804,2005-01-07,600519,36.5,36.9,37.2,36.5,3003,11115440.0,1.91,0.82,0.3,0.27,36.9,37.2,36.5,68.91
805,2005-01-10,600519,36.9,38.25,38.3,36.9,10718,40597723.0,3.79,3.66,1.35,0.95,38.25,38.3,36.9,139.63
806,2005-01-11,600519,38.26,38.3,38.6,38.2,5004,19240403.0,1.05,0.13,0.05,0.44,38.3,38.6,38.2,170.14
807,2005-01-12,600519,38.28,38.4,38.45,37.88,3389,12949338.0,1.49,0.26,0.1,0.3,38.4,38.45,37.88,147.44
808,2005-01-13,600519,38.1,38.62,38.85,38.1,2884,11159242.0,1.95,0.57,0.22,0.26,38.62,38.85,38.1,140.58
809,2005-01-14,600519,38.45,37.92,38.7,37.7,3338,12691131.0,2.59,-1.81,-0.7,0.3,37.92,38.7,37.7,83.56
810,2005-01-17,600519,37.45,37.9,38.18,37.11,1812,6845213.0,2.82,-0.05,-0.02,0.16,37.9,38.18,37.11,38.08
811,2005-01-18,600519,37.9,38.5,38.5,37.7,2638,10016326.0,2.11,1.58,0.6,0.23,38.5,38.5,37.7,75.42
812,2005-01-19,600519,38.0,37.92,38.88,37.9,2652,10180585.0,2.55,-1.51,-0.58,0.24,37.92,38.88,37.9,65.78
813,2005-01-20,600519,37.84,37.91,37.99,37.5,974,3670093.0,1.29,-0.03,-0.01,0.09,37.91,37.99,37.5,18.23
814,2005-01-21,600519,37.6,37.9,38.0,36.5,3177,11879307.0,3.96,-0.03,-0.01,0.28,37.9,38.0,36.5,-24.48
815,2005-01-24,600519,37.95,38.26,38.59,37.68,4173,15943177.0,2.4,0.95,0.36,0.37,38.26,38.59,37.68,53.25
816,2005-01-25,600519,38.5,39.39,39.5,38.15,5817,22704867.0,3.53,2.95,1.13,0.52,39.39,39.5,38.15,150.68
817,2005-01-26,600519,39.45,39.39,39.8,38.98,3735,14767520.0,2.08,0.0,0.0,0.33,39.39,39.8,38.98,190.8
818,2005-01-27,600519,39.09,39.22,39.45,39.09,1022,4007784.0,0.91,-0.43,-0.17,0.09,39.22,39.45,39.09,146.99
819,2005-01-28,600519,39.22,39.09,39.22,38.61,1341,5226481.0,1.56,-0.33,-0.13,0.12,39.09,39.22,38.61,84.93
820,2005-01-31,600519,38.6,39.36,39.4,38.6,1165,4552532.0,2.05,0.69,0.27,0.1,39.36,39.4,38.6,87.46
821,2005-02-01,600519,39.0,39.0,39.3,38.67,4003,15598247.0,1.6,-0.91,-0.36,0.36,39.0,39.3,38.67,60.75
822,2005-02-02,600519,38.91,39.85,39.98,38.91,5378,21280023.0,2.74,2.18,0.85,0.48,39.85,39.98,38.91,109.28
823,2005-02-03,600519,39.85,39.35,39.85,39.0,4443,17455936.0,2.13,-1.25,-0.5,0.4,39.35,39.85,39.0,78.08
824,2005-02-04,600519,39.39,39.66,39.85,39.0,4008,15785371.0,2.16,0.79,0.31,0.36,39.66,39.85,39.0,81.27
825,2005-02-16,600519,39.98,39.82,40.0,39.6,4441,17660778.0,1.01,0.4,0.16,0.39,39.82,40.0,39.6,106.11
826,2005-02-17,600519,39.95,39.02,39.95,38.8,11592,45296879.0,2.89,-2.01,-0.8,1.03,39.02,39.95,38.8,36.73
827,2005-02-18,600519,38.86,39.26,39.3,38.86,9595,37550338.0,1.13,0.62,0.24,0.85,39.26,39.3,38.86,10.74
828,2005-02-21,600519,39.28,40.3,40.5,39.27,10630,42401501.0,3.13,2.65,1.04,0.95,40.3,40.5,39.27,165.96
829,2005-02-22,600519,40.3,40.39,40.5,40.0,5629,22687067.0,1.24,0.22,0.09,0.5,40.39,40.5,40.0,191.67
830,2005-02-23,600519,40.48,41.42,41.5,40.16,5647,23056177.0,3.32,2.55,1.03,0.5,41.42,41.5,40.16,231.98
831,2005-02-24,600519,41.3,43.0,43.15,41.01,9447,40046102.0,5.17,3.81,1.58,0.84,43.0,43.15,41.01,260.07
832,2005-02-25,600519,43.25,42.98,43.25,42.53,5991,25777149.0,1.67,-0.05,-0.02,0.53,42.98,43.25,42.53,207.18
833,2005-02-28,600519,42.98,43.5,44.26,42.68,4483,19453353.0,3.68,1.21,0.52,0.4,43.5,44.26,42.68,173.67
834,2005-03-01,600519,43.9,43.47,43.9,42.8,5506,23670511.0,2.53,-0.07,-0.03,0.49,43.47,43.9,42.8,128.59
835,2005-03-02,600519,42.88,42.51,43.39,42.5,11397,48820913.0,2.05,-2.21,-0.96,1.01,42.51,43.39,42.5,83.72
836,2005-03-03,600519,42.28,42.78,42.98,42.2,3430,14586728.0,1.83,0.64,0.27,0.3,42.78,42.98,42.2,65.39
837,2005-03-04,600519,42.43,43.2,43.4,42.43,4365,18804824.0,2.27,0.98,0.42,0.39,43.2,43.4,42.43,69.32
838,2005-03-07,600519,43.25,44.65,45.0,43.25,10223,45290496.0,4.05,3.36,1.45,0.91,44.65,45.0,43.25,108.75
839,2005-03-08,600519,45.0,45.26,45.38,44.31,6586,29575338.0,2.4,1.37,0.61,0.59,45.26,45.38,44.31,123.17
840,2005-03-09,600519,45.6,46.08,46.78,45.3,4713,21694338.0,3.27,1.81,0.82,0.42,46.08,46.78,45.3,158.58
841,2005-03-10,600519,47.0,45.62,47.0,44.3,4726,21498741.0,5.86,-1.0,-0.46,0.42,45.62,47.0,44.3,127.19
842,2005-03-11,600519,45.6,46.38,46.78,44.7,9362,42521284.0,4.56,1.67,0.76,0.83,46.38,46.78,44.7,121.3
843,2005-03-14,600519,45.8,47.32,48.9,45.6,10379,48987452.0,7.12,2.03,0.94,0.92,47.32,48.9,45.6,149.32
844,2005-03-15,600519,47.3,46.88,47.55,46.6,5783,27220784.0,2.01,-0.93,-0.44,0.51,46.88,47.55,46.6,116.25
845,2005-03-16,600519,46.5,46.88,47.0,45.95,6830,31720439.0,2.24,0.0,0.0,0.61,46.88,47.0,45.95,84.13
846,2005-03-17,600519,46.7,47.49,48.29,46.2,5016,23726912.0,4.46,1.3,0.61,0.45,47.49,48.29,46.2,100.67
847,2005-03-18,600519,47.49,47.14,47.6,46.5,2405,11319532.0,2.32,-0.74,-0.35,0.21,47.14,47.6,46.5,78.63
848,2005-03-21,600519,47.0,47.0,47.45,46.0,2701,12692125.0,3.08,-0.3,-0.14,0.24,47.0,47.45,46.0,60.13
849,2005-03-22,600519,47.0,48.78,49.38,46.8,12259,59468831.0,5.49,3.79,1.78,1.09,48.78,49.38,46.8,122.97
850,2005-03-23,600519,48.9,49.03,50.2,48.74,12551,62550272.0,2.99,0.51,0.25,1.12,49.03,50.2,48.74,160.05
851,2005-03-24,600519,49.0,47.02,49.15,46.5,9163,43515225.0,5.4,-4.1,-2.01,0.81,47.02,49.15,46.5,56.18
852,2005-03-25,600519,47.0,47.28,47.9,46.22,2329,10960985.0,3.57,0.55,0.26,0.21,47.28,47.9,46.22,16.74
853,2005-03-28,600519,47.3,49.09,49.38,47.0,2429,11802982.0,5.03,3.83,1.81,0.22,49.09,49.38,47.0,117.56
854,2005-03-29,600519,49.09,48.11,49.9,48.0,2449,11989719.0,3.87,-2.0,-0.98,0.22,48.11,49.9,48.0,110.13
855,2005-03-30,600519,48.0,47.37,48.0,47.1,2480,11744620.0,1.87,-1.54,-0.74,0.22,47.37,48.0,47.1,-1.33
856,2005-03-31,600519,47.02,48.11,48.2,46.8,1507,7129716.0,2.96,1.56,0.74,0.13,48.11,48.2,46.8,7.97
857,2005-04-01,600519,48.08,48.97,50.1,48.0,3411,16774374.0,4.36,1.79,0.86,0.3,48.97,50.1,48.0,117.14
858,2005-04-04,600519,48.97,49.94,50.09,48.45,5428,26985512.0,3.35,1.98,0.97,0.48,49.94,50.09,48.45,127.16
859,2005-04-05,600519,50.2,49.95,50.99,49.7,4902,24660016.0,2.58,0.02,0.01,0.44,49.95,50.99,49.7,152.07
860,2005-04-06,600519,50.17,51.16,51.29,49.59,5675,28795816.0,3.4,2.42,1.21,0.5,51.16,51.29,49.59,152.38
861,2005-04-07,600519,51.2,50.08,52.49,50.0,12438,64340829.0,4.87,-2.11,-1.08,1.11,50.08,52.49,50.0,136.09
862,2005-04-08,600519,50.08,49.9,50.08,48.31,4505,22165004.0,3.53,-0.36,-0.18,0.4,49.9,50.08,48.31,37.28
863,2005-04-11,600519,49.8,48.2,49.8,47.7,9126,44306742.0,4.21,-3.41,-1.7,0.81,48.2,49.8,47.7,-23.35
864,2005-04-12,600519,48.22,47.57,48.3,47.35,1995,9516181.0,1.97,-1.31,-0.63,0.18,47.57,48.3,47.35,-70.31
865,2005-04-13,600519,48.3,48.89,49.39,48.0,8689,42332154.0,2.92,2.77,1.32,0.77,48.89,49.39,48.0,-8.32
866,2005-04-14,600519,48.9,48.99,49.18,48.1,1915,9295179.0,2.21,0.2,0.1,0.17,48.99,49.18,48.1,-19.01
867,2005-04-15,600519,49.5,48.8,49.5,48.5,1636,7963442.0,2.04,-0.39,-0.19,0.15,48.8,49.5,48.5,-7.49
868,2005-04-18,600519,48.68,47.56,48.7,47.52,2957,14168640.0,2.42,-2.54,-1.24,0.26,47.56,48.7,47.52,-82.77
869,2005-04-19,600519,47.5,46.5,47.78,46.4,7808,36608850.0,2.9,-2.23,-1.06,0.69,46.5,47.78,46.4,-154.52
870,2005-04-20,600519,46.48,46.84,46.99,46.32,5358,24960623.0,1.44,0.73,0.34,0.48,46.84,46.99,46.32,-150.5
871,2005-04-21,600519,46.6,48.27,48.5,46.5,2809,13403617.0,4.27,3.05,1.43,0.25,48.27,48.5,46.5,-67.18
872,2005-04-22,600519,48.33,48.12,48.74,47.9,3520,16950065.0,1.74,-0.31,-0.15,0.31,48.12,48.74,47.9,-28.73
873,2005-04-25,600519,49.1,52.0,52.5,48.61,12704,65092003.0,8.08,8.06,3.88,1.13,52.0,52.5,48.61,147.06
874,2005-04-26,600519,51.99,52.27,53.53,51.8,13609,71600714.0,3.33,0.52,0.27,1.21,52.27,53.53,51.8,202.46
875,2005-04-27,600519,51.88,52.82,53.12,51.81,7473,39437614.0,2.51,1.05,0.55,0.66,52.82,53.12,51.81,174.3
876,2005-04-28,600519,52.82,53.0,53.5,52.23,8521,45118705.0,2.4,0.34,0.18,0.76,53.0,53.5,52.23,141.51
877,2005-04-29,600519,52.3,53.0,53.15,52.01,6825,35950860.0,2.15,0.0,0.0,0.61,53.0,53.15,52.01,105.36
878,2005-05-09,600519,52.5,51.52,52.95,51.31,7656,39655697.0,3.09,-2.79,-1.48,0.68,51.52,52.95,51.31,66.4
879,2005-05-10,600519,51.0,50.66,51.3,49.8,6447,32384041.0,2.91,-1.67,-0.86,0.57,50.66,51.3,49.8,19.91
880,2005-05-11,600519,50.7,49.35,50.7,49.2,6785,33782884.0,2.96,-2.59,-1.31,0.6,49.35,50.7,49.2,-9.56
881,2005-05-12,600519,48.5,48.9,50.47,48.05,14251,69749251.0,4.9,-0.91,-0.45,1.27,48.9,50.47,48.05,-30.57
882,2005-05-13,600519,48.51,48.72,49.89,47.99,15077,73784829.0,3.89,-0.37,-0.18,1.34,48.72,49.89,47.99,-43.44
883,2005-05-16,600519,48.48,48.9,49.3,48.18,2596,12703148.0,2.3,0.37,0.18,0.23,48.9,49.3,48.18,-54.53
884,2005-05-17,600519,49.0,49.65,50.1,48.9,7725,38326325.0,2.45,1.53,0.75,0.69,49.65,50.1,48.9,-38.18
885,2005-05-18,600519,49.89,48.0,49.9,46.52,9678,46208050.0,6.81,-3.32,-1.65,0.86,48.0,49.9,46.52,-100.38
886,2005-05-19,600519,48.0,49.17,49.65,47.05,5123,25028891.0,5.42,2.44,1.17,0.46,49.17,49.65,47.05,-82.22
887,2005-05-20,600519,49.01,49.15,50.14,49.01,5845,29146429.0,2.3,-0.04,-0.02,0.52,49.15,50.14,49.01,-41.34
888,2005-05-23,600519,49.01,48.39,49.89,48.0,2615,12730239.0,3.85,-1.55,-0.76,0.23,48.39,49.89,48.0,-63.24
889,2005-05-24,600519,48.39,48.16,48.65,48.06,1379,6674005.0,1.22,-0.48,-0.23,0.12,48.16,48.65,48.06,-80.62
890,2005-05-25,600519,48.06,47.8,48.1,47.6,3208,15348058.0,1.04,-0.75,-0.36,0.29,47.8,48.1,47.6,-104.69
891,2005-05-26,600519,47.9,46.05,48.01,45.8,10634,49432691.0,4.62,-3.66,-1.75,0.95,46.05,48.01,45.8,-179.31
892,2005-05-27,600519,45.5,44.8,45.9,44.15,15950,71377627.0,3.8,-2.71,-1.25,1.42,44.8,45.9,44.15,-245.75
893,2005-05-30,600519,44.0,44.7,45.2,43.31,9035,40352669.0,4.22,-0.22,-0.1,0.8,44.7,45.2,43.31,-201.45
894,2005-05-31,600519,44.65,44.57,45.2,44.28,11880,53080356.0,2.06,-0.29,-0.13,1.06,44.57,45.2,44.28,-138.61
895,2005-06-01,600519,44.6,44.7,45.0,43.55,8658,38201051.0,3.25,0.29,0.13,0.77,44.7,45.0,43.55,-116.9
896,2005-06-02,600519,44.5,41.1,44.5,40.5,25298,105700729.0,8.95,-8.05,-3.6,2.25,41.1,44.5,40.5,-159.06
897,2005-06-03,600519,40.5,42.19,42.5,39.62,7147,29143703.0,7.01,2.65,1.09,0.64,42.19,42.5,39.62,-141.28
898,2005-06-06,600519,41.83,44.64,44.8,41.33,4214,18349446.0,8.22,5.81,2.45,0.37,44.64,44.8,41.33,-68.25
899,2005-06-07,600519,44.95,45.24,46.2,44.66,5989,27080944.0,3.45,1.34,0.6,0.53,45.24,46.2,44.66,-11.73
900,2005-06-08,600519,44.8,49.41,49.74,44.8,11039,52789496.0,10.92,9.22,4.17,0.98,49.41,49.74,44.8,72.39
901,2005-06-09,600519,49.3,48.33,50.18,48.0,7770,38204045.0,4.41,-2.19,-1.08,0.69,48.33,50.18,48.0,103.18
902,2005-06-10,600519,48.12,47.02,48.87,46.6,4165,19681140.0,4.7,-2.71,-1.31,0.37,47.02,48.87,46.6,65.93
903,2005-06-13,600519,47.15,47.23,48.0,46.55,7070,33389071.0,3.08,0.45,0.21,0.63,47.23,48.0,46.55,63.08
904,2005-06-14,600519,47.0,47.67,48.47,47.0,7271,34530651.0,3.11,0.93,0.44,0.65,47.67,48.47,47.0,79.99
905,2005-06-15,600519,47.11,47.63,48.0,47.1,1597,7599370.0,1.89,-0.08,-0.04,0.14,47.63,48.0,47.1,69.7
906,2005-06-16,600519,47.7,48.49,48.51,47.5,5932,28452404.0,2.12,1.81,0.86,0.53,48.49,48.51,47.5,76.44
907,2005-06-17,600519,48.5,48.5,49.0,47.62,3263,15703945.0,2.85,0.02,0.01,0.29,48.5,49.0,47.62,72.37
908,2005-06-20,600519,49.0,51.8,53.1,48.5,12369,62906075.0,9.48,6.8,3.3,1.1,51.8,53.1,48.5,136.1
909,2005-06-21,600519,51.49,50.82,51.99,50.56,2598,13347957.0,2.76,-1.89,-0.98,0.23,50.82,51.99,50.56,123.16
910,2005-06-22,600519,50.8,52.31,52.5,50.79,6122,31728393.0,3.36,2.93,1.49,0.54,52.31,52.5,50.79,143.45
911,2005-06-23,600519,52.28,52.09,52.57,51.69,5276,27503937.0,1.68,-0.42,-0.22,0.47,52.09,52.57,51.69,133.74
912,2005-06-24,600519,51.66,52.51,52.6,49.1,6150,31786457.0,6.72,0.81,0.42,0.55,52.51,52.6,49.1,88.65
913,2005-06-27,600519,52.8,54.85,54.94,52.4,10824,58344425.0,4.84,4.46,2.34,0.96,54.85,54.94,52.4,149.2
914,2005-06-28,600519,54.0,53.4,54.49,53.02,3766,20129464.0,2.68,-2.64,-1.45,0.33,53.4,54.49,53.02,111.73
915,2005-06-30,600519,53.0,53.65,54.35,53.0,12778,68740725.0,2.53,0.47,0.25,1.14,53.65,54.35,53.0,96.42
916,2005-07-01,600519,54.99,52.36,54.99,51.21,6104,32182036.0,7.05,-2.4,-1.29,0.54,52.36,54.99,51.21,65.2
917,2005-07-04,600519,52.0,52.29,52.8,51.52,3019,15730157.0,2.44,-0.13,-0.07,0.27,52.29,52.8,51.52,39.16
918,2005-07-05,600519,52.0,51.97,52.0,51.56,2248,11662288.0,0.84,-0.61,-0.32,0.2,51.97,52.0,51.56,17.83
919,2005-07-06,600519,51.75,50.31,52.0,50.0,6317,32226601.0,3.85,-3.19,-1.66,0.56,50.31,52.0,50.0,-46.17
920,2005-07-07,600519,50.0,50.51,50.96,49.66,5785,29052550.0,2.58,0.4,0.2,0.51,50.51,50.96,49.66,-87.05
921,2005-07-08,600519,50.16,51.9,52.2,50.16,6931,35940472.0,4.04,2.75,1.39,0.62,51.9,52.2,50.16,-45.23
922,2005-07-11,600519,52.0,51.96,53.1,51.76,6563,34538170.0,2.58,0.12,0.06,0.58,51.96,53.1,51.76,12.27
923,2005-07-12,600519,51.87,53.5,53.7,51.24,5712,30210107.0,4.73,2.96,1.54,0.51,53.5,53.7,51.24,45.73
924,2005-07-13,600519,53.39,52.5,53.48,50.5,3858,19981575.0,5.57,-1.87,-1.0,0.34,52.5,53.48,50.5,-7.87
925,2005-07-14,600519,52.0,52.9,52.98,51.97,2013,10624551.0,1.92,0.76,0.4,0.18,52.9,52.98,51.97,25.64
926,2005-07-15,600519,52.51,52.99,53.28,52.51,1003,5300561.0,1.46,0.17,0.09,0.09,52.99,53.28,52.51,42.5
927,2005-07-18,600519,52.95,52.7,53.2,52.56,1564,8258010.0,1.21,-0.55,-0.29,0.14,52.7,53.2,52.56,46.01
928,2005-07-19,600519,52.68,52.95,53.37,52.6,1325,7015760.0,1.46,0.47,0.25,0.12,52.95,53.37,52.6,68.54
929,2005-07-20,600519,52.94,52.11,52.97,51.92,3012,15767931.0,1.98,-1.59,-0.84,0.27,52.11,52.97,51.92,17.78
930,2005-07-21,600519,52.11,51.98,52.56,51.3,2537,13127981.0,2.42,-0.25,-0.13,0.23,51.98,52.56,51.3,-17.77
931,2005-07-22,600519,52.0,52.07,52.87,51.58,6096,31708848.0,2.48,0.17,0.09,0.54,52.07,52.87,51.58,7.85
932,2005-07-25,600519,52.01,51.36,52.28,51.08,6962,35971529.0,2.3,-1.36,-0.71,0.62,51.36,52.28,51.08,-55.0
933,2005-07-26,600519,51.0,51.79,52.08,51.0,8008,41433496.0,2.1,0.84,0.43,0.71,51.79,52.08,51.0,-64.32
934,2005-07-27,600519,52.28,52.87,53.2,52.0,5370,28350004.0,2.32,2.09,1.08,0.48,52.87,53.2,52.0,59.04
935,2005-07-28,600519,52.88,53.3,53.48,52.53,8593,45732284.0,1.8,0.81,0.43,0.76,53.3,53.48,52.53,107.17
936,2005-07-29,600519,53.02,53.16,53.5,53.0,2425,12951117.0,0.94,-0.26,-0.14,0.22,53.16,53.5,53.0,105.99
937,2005-08-01,600519,53.24,53.58,53.8,53.0,3840,20465514.0,1.5,0.79,0.42,0.34,53.58,53.8,53.0,123.66
938,2005-08-02,600519,53.53,53.38,53.7,52.75,4263,22676468.0,1.77,-0.37,-0.2,0.38,53.38,53.7,52.75,87.58
939,2005-08-03,600519,53.2,53.59,53.7,53.0,8184,43619808.0,1.31,0.39,0.21,0.73,53.59,53.7,53.0,92.8
940,2005-08-04,600519,53.69,55.51,55.8,53.69,10560,58044426.0,3.94,3.58,1.92,0.94,55.51,55.8,53.69,217.68
941,2005-08-05,600519,46.66,46.65,47.46,46.0,6365,29678263.0,2.63,-15.96,-8.86,0.47,46.65,47.46,46.0,-331.64
942,2005-08-08,600519,46.7,46.11,46.98,44.8,8546,39434837.0,4.67,-1.16,-0.54,0.63,46.11,46.98,44.8,-236.35
943,2005-08-09,600519,46.0,45.44,46.0,45.11,5842,26540331.0,1.93,-1.45,-0.67,0.43,45.44,46.0,45.11,-171.4
944,2005-08-10,600519,45.12,46.17,46.5,45.12,5800,26665195.0,3.04,1.61,0.73,0.43,46.17,46.5,45.12,-118.99
945,2005-08-11,600519,46.01,47.37,47.4,46.01,13594,63589532.0,3.01,2.6,1.2,1.01,47.37,47.4,46.01,-78.07
946,2005-08-12,600519,47.37,47.02,47.4,46.37,4715,22081209.0,2.17,-0.74,-0.35,0.35,47.02,47.4,46.37,-65.9
947,2005-08-15,600519,46.89,47.99,48.59,46.0,7020,32711316.0,5.51,2.06,0.97,0.52,47.99,48.59,46.0,-46.97
948,2005-08-16,600519,47.99,47.48,47.99,46.94,5752,27203993.0,2.19,-1.06,-0.51,0.43,47.48,47.99,46.94,-41.73
949,2005-08-17,600519,49.69,48.82,52.23,46.5,12507,60400828.0,12.07,2.82,1.34,0.93,48.82,52.23,46.5,-3.02
950,2005-08-18,600519,49.5,47.09,49.8,47.0,10989,52638476.0,5.74,-3.54,-1.73,0.81,47.09,49.8,47.0,-23.45
951,2005-08-19,600519,46.88,47.09,47.44,46.68,4973,23314587.0,1.61,0.0,0.0,0.37,47.09,47.44,46.68,-39.22
952,2005-08-22,600519,46.98,47.5,47.81,46.5,6930,32877617.0,2.78,0.87,0.41,0.51,47.5,47.81,46.5,-27.57
953,2005-08-23,600519,47.2,48.01,48.06,47.2,4786,22825313.0,1.81,1.07,0.51,0.35,48.01,48.06,47.2,4.97
954,2005-08-24,600519,48.0,47.95,48.2,47.56,3214,15394347.0,1.33,-0.12,-0.06,0.24,47.95,48.2,47.56,69.99
955,2005-08-25,600519,47.96,47.95,48.08,47.6,3540,16937359.0,1.0,0.0,0.0,0.26,47.95,48.08,47.6,59.06
956,2005-08-26,600519,47.71,48.42,48.75,47.71,4582,22162003.0,2.17,0.98,0.47,0.34,48.42,48.75,47.71,87.4
957,2005-08-29,600519,48.5,48.69,48.88,48.4,5128,24984384.0,0.99,0.56,0.27,0.38,48.69,48.88,48.4,113.1
958,2005-08-30,600519,48.6,48.38,48.85,48.1,2453,11883761.0,1.54,-0.64,-0.31,0.18,48.38,48.85,48.1,80.84
959,2005-08-31,600519,48.1,48.86,48.98,48.01,2394,11660189.0,2.0,0.99,0.48,0.18,48.86,48.98,48.01,89.51
960,2005-09-01,600519,48.76,50.0,50.32,48.76,5487,27342423.0,3.19,2.33,1.14,0.41,50.0,50.32,48.76,176.65
961,2005-09-02,600519,49.8,50.56,51.15,49.8,4998,25226079.0,2.7,1.12,0.56,0.37,50.56,51.15,49.8,199.03
962,2005-09-05,600519,50.5,50.95,51.58,50.5,3911,19986278.0,2.14,0.77,0.39,0.29,50.95,51.58,50.5,184.28
963,2005-09-06,600519,50.96,50.1,51.29,50.0,3195,16132458.0,2.53,-1.67,-0.85,0.24,50.1,51.29,50.0,119.74
964,2005-09-07,600519,50.09,50.54,50.66,50.01,5186,26062481.0,1.3,0.88,0.44,0.38,50.54,50.66,50.01,92.66
965,2005-09-08,600519,50.54,50.03,50.54,49.71,6308,31589421.0,1.64,-1.01,-0.51,0.47,50.03,50.54,49.71,61.64
966,2005-09-09,600519,50.03,49.8,50.05,49.0,4254,21034934.0,2.1,-0.46,-0.23,0.32,49.8,50.05,49.0,24.83
967,2005-09-12,600519,49.8,49.61,49.8,48.83,1595,7856513.0,1.95,-0.38,-0.19,0.12,49.61,49.8,48.83,4.2
968,2005-09-13,600519,49.3,50.79,50.8,49.3,4901,24688592.0,3.02,2.38,1.18,0.36,50.79,50.8,49.3,61.25
969,2005-09-14,600519,50.7,50.86,51.2,50.1,3299,16772020.0,2.17,0.14,0.07,0.24,50.86,51.2,50.1,85.88
970,2005-09-15,600519,50.76,50.74,51.34,50.36,1741,8846890.0,1.93,-0.24,-0.12,0.13,50.74,51.34,50.36,83.93
971,2005-09-16,600519,50.63,50.97,51.18,50.63,3217,16398350.0,1.08,0.45,0.23,0.24,50.97,51.18,50.63,87.07
972,2005-09-19,600519,50.6,50.48,51.38,50.38,2040,10355074.0,1.96,-0.96,-0.49,0.15,50.48,51.38,50.38,63.42
973,2005-09-20,600519,50.55,50.46,50.55,50.2,1795,9041752.0,0.69,-0.04,-0.02,0.13,50.46,50.55,50.2,6.68
974,2005-09-21,600519,50.08,49.69,50.6,49.49,2949,14686809.0,2.2,-1.53,-0.77,0.22,49.69,50.6,49.49,-82.88
975,2005-09-22,600519,49.38,49.05,49.98,48.18,3358,16372929.0,3.62,-1.29,-0.64,0.25,49.05,49.98,48.18,-172.3
976,2005-09-23,600519,48.89,48.92,49.49,48.35,3064,15048364.0,2.32,-0.27,-0.13,0.23,48.92,49.49,48.35,-151.04
977,2005-09-26,600519,48.95,48.58,49.35,48.5,1767,8657470.0,1.74,-0.7,-0.34,0.13,48.58,49.35,48.5,-130.03
978,2005-09-27,600519,48.55,48.25,48.75,48.15,1709,8278850.0,1.24,-0.68,-0.33,0.13,48.25,48.75,48.15,-138.78
979,2005-09-28,600519,48.02,48.77,48.99,48.02,2337,11331850.0,2.01,1.08,0.52,0.17,48.77,48.99,48.02,-98.75
980,2005-09-29,600519,48.95,49.7,49.8,48.81,2085,10308512.0,2.03,1.91,0.93,0.15,49.7,49.8,48.81,-25.86
981,2005-09-30,600519,49.7,49.46,49.7,48.5,3324,16352331.0,2.41,-0.48,-0.24,0.25,49.46,49.7,48.5,-42.03
982,2005-10-10,600519,49.08,48.64,49.7,48.6,2648,12946800.0,2.22,-1.66,-0.82,0.2,48.64,49.7,48.6,-53.97
983,2005-10-11,600519,48.5,48.84,48.96,48.22,1359,6622928.0,1.52,0.41,0.2,0.1,48.84,48.96,48.22,-71.49
984,2005-10-12,600519,49.0,47.51,49.0,47.42,8328,39835259.0,3.24,-2.72,-1.33,0.62,47.51,49.0,47.42,-122.93
985,2005-10-13,600519,47.55,47.09,47.91,46.72,10908,51553349.0,2.5,-0.88,-0.42,0.81,47.09,47.91,46.72,-179.72
986,2005-10-14,600519,46.98,45.54,47.45,45.3,4943,22786107.0,4.57,-3.29,-1.55,0.37,45.54,47.45,45.3,-232.89
987,2005-10-17,600519,45.15,45.71,46.5,44.89,9468,43391916.0,3.54,0.37,0.17,0.7,45.71,46.5,44.89,-193.2
988,2005-10-18,600519,45.7,46.9,46.9,45.7,9642,44960711.0,2.63,2.6,1.19,0.71,46.9,46.9,45.7,-106.73
989,2005-10-19,600519,47.09,46.9,47.45,46.47,7925,37063755.0,2.09,0.0,0.0,0.59,46.9,47.45,46.47,-65.04
990,2005-10-20,600519,46.72,46.23,47.1,46.05,5722,26662088.0,2.24,-1.43,-0.67,0.42,46.23,47.1,46.05,-79.54
991,2005-10-21,600519,46.1,46.3,46.45,46.0,3395,15694623.0,0.97,0.15,0.07,0.25,46.3,46.45,46.0,-78.58
992,2005-10-24,600519,46.2,47.05,47.15,46.2,4445,20771238.0,2.05,1.62,0.75,0.33,47.05,47.15,46.2,-40.6
993,2005-10-25,600519,47.33,47.64,47.8,47.3,11595,55177336.0,1.06,1.25,0.59,0.86,47.64,47.8,47.3,10.27
994,2005-10-26,600519,47.62,47.58,47.74,47.3,9636,45847901.0,0.92,-0.13,-0.06,0.71,47.58,47.74,47.3,19.14
995,2005-10-27,600519,47.54,46.97,47.54,46.55,9748,45785210.0,2.08,-1.28,-0.61,0.72,46.97,47.54,46.55,-9.4
996,2005-10-28,600519,46.98,47.56,48.1,46.98,6982,33237651.0,2.38,1.26,0.59,0.52,47.56,48.1,46.98,55.3
997,2005-10-31,600519,47.49,48.19,48.8,47.11,6686,32099219.0,3.55,1.32,0.63,0.5,48.19,48.8,47.11,120.34
998,2005-11-01,600519,48.39,48.3,48.55,47.82,8543,41028115.0,1.51,0.23,0.11,0.63,48.3,48.55,47.82,135.89
999,2005-11-02,600519,48.0,48.16,48.55,47.58,2766,13366082.0,2.01,-0.29,-0.14,0.2,48.16,48.55,47.58,103.69
1000,2005-11-03,600519,48.39,47.21,48.45,47.2,2540,12120721.0,2.6,-1.97,-0.95,0.19,47.21,48.45,47.2,47.34
1001,2005-11-04,600519,47.22,47.25,47.6,46.39,4896,22899009.0,2.56,0.08,0.04,0.36,47.25,47.6,46.39,-22.57
1002,2005-11-07,600519,46.51,46.93,47.0,46.4,2475,11545343.0,1.27,-0.68,-0.32,0.18,46.93,47.0,46.4,-64.66
1003,2005-11-08,600519,46.92,46.93,47.03,46.86,6077,28543068.0,0.36,0.0,0.0,0.45,46.93,47.03,46.86,-43.82
1004,2005-11-09,600519,47.18,46.72,47.5,46.51,6021,28203162.0,2.11,-0.45,-0.21,0.45,46.72,47.5,46.51,-55.14
1005,2005-11-10,600519,46.9,46.63,46.9,46.16,3950,18352311.0,1.58,-0.19,-0.09,0.29,46.63,46.9,46.16,-110.36
1006,2005-11-11,600519,46.22,46.38,46.64,45.99,2927,13501333.0,1.39,-0.54,-0.25,0.22,46.38,46.64,45.99,-128.83
1007,2005-11-14,600519,46.06,45.6,46.3,45.55,2163,9877960.0,1.62,-1.68,-0.78,0.16,45.6,46.3,45.55,-159.43
1008,2005-11-15,600519,45.75,45.4,45.88,45.4,7768,35512394.0,1.05,-0.44,-0.2,0.58,45.4,45.88,45.4,-157.56
1009,2005-11-16,600519,45.38,45.89,45.96,45.0,7249,33007959.0,2.11,1.08,0.49,0.54,45.89,45.96,45.0,-123.74
1010,2005-11-17,600519,45.8,44.96,45.86,43.19,11008,49497150.0,5.82,-2.03,-0.93,0.82,44.96,45.86,43.19,-165.12
1011,2005-11-18,600519,45.0,45.3,45.8,44.01,6941,31397165.0,3.98,0.76,0.34,0.51,45.3,45.8,44.01,-113.87
1012,2005-11-21,600519,45.0,45.65,45.75,44.8,4575,20639360.0,2.1,0.77,0.35,0.34,45.65,45.75,44.8,-73.75
1013,2005-11-22,600519,45.45,46.14,46.58,44.5,3539,16131067.0,4.56,1.07,0.49,0.26,46.14,46.58,44.5,-36.63
1014,2005-11-23,600519,45.72,46.26,46.4,45.6,1371,6306488.0,1.73,0.26,0.12,0.1,46.26,46.4,45.6,5.12
1015,2005-11-24,600519,46.0,45.1,46.0,45.0,10883,49193081.0,2.16,-2.51,-1.16,0.81,45.1,46.0,45.0,-62.2
1016,2005-11-25,600519,45.1,45.53,45.6,44.88,3914,17618489.0,1.6,0.95,0.43,0.29,45.53,45.6,44.88,-58.85
1017,2005-11-28,600519,45.47,45.46,45.68,44.5,1524,6903246.0,2.59,-0.15,-0.07,0.11,45.46,45.68,44.5,-67.01
1018,2005-11-29,600519,45.45,44.39,45.68,43.0,2489,11117104.0,5.9,-2.35,-1.07,0.18,44.39,45.68,43.0,-169.37
1019,2005-11-30,600519,44.0,43.74,44.16,42.9,6508,28172021.0,2.84,-1.46,-0.65,0.48,43.74,44.16,42.9,-219.74
1020,2005-12-01,600519,43.49,43.3,43.85,43.21,5354,23266367.0,1.46,-1.01,-0.44,0.4,43.3,43.85,43.21,-176.3
1021,2005-12-02,600519,43.3,44.52,44.8,43.3,9634,42441653.0,3.46,2.82,1.22,0.71,44.52,44.8,43.3,-78.14
1022,2005-12-05,600519,44.52,44.17,44.65,43.64,2757,12151492.0,2.27,-0.79,-0.35,0.2,44.17,44.65,43.64,-70.01
1023,2005-12-06,600519,43.7,43.76,44.13,43.5,14917,65529318.0,1.43,-0.93,-0.41,1.11,43.76,44.13,43.5,-88.93
1024,2005-12-07,600519,43.5,43.74,44.13,43.5,4310,18878496.0,1.44,-0.05,-0.02,0.32,43.74,44.13,43.5,-76.85
1025,2005-12-08,600519,43.54,43.6,44.0,43.53,3658,16002582.0,1.07,-0.32,-0.14,0.27,43.6,44.0,43.53,-72.71
1026,2005-12-09,600519,43.7,42.88,43.7,42.8,15462,66478204.0,2.06,-1.65,-0.72,1.15,42.88,43.7,42.8,-107.67
1027,2005-12-12,600519,42.8,41.66,42.8,41.65,15102,63383458.0,2.68,-2.85,-1.22,1.12,41.66,42.8,41.65,-176.6
1028,2005-12-13,600519,41.7,41.37,41.95,40.5,20414,83729902.0,3.48,-0.7,-0.29,1.51,41.37,41.95,40.5,-206.73
1029,2005-12-14,600519,41.05,42.48,42.8,41.03,17976,75326820.0,4.28,2.68,1.11,1.33,42.48,42.8,41.03,-116.62
1030,2005-12-15,600519,42.53,42.86,42.9,42.01,5935,25306079.0,2.1,0.89,0.38,0.44,42.86,42.9,42.01,-64.06
1031,2005-12-16,600519,42.8,43.47,43.66,42.5,6671,28659038.0,2.71,1.42,0.61,0.49,43.47,43.66,42.5,-3.04
1032,2005-12-19,600519,43.5,43.85,44.08,43.25,4703,20587488.0,1.91,0.87,0.38,0.35,43.85,44.08,43.25,50.71
1033,2005-12-20,600519,44.04,43.38,44.05,43.0,4540,19679338.0,2.39,-1.07,-0.47,0.34,43.38,44.05,43.0,27.81
1034,2005-12-21,600519,43.1,42.96,43.6,42.72,4959,21349222.0,2.03,-0.97,-0.42,0.37,42.96,43.6,42.72,-6.91
1035,2005-12-22,600519,42.66,43.23,43.6,42.51,3341,14361625.0,2.54,0.63,0.27,0.25,43.23,43.6,42.51,2.97
1036,2005-12-23,600519,42.91,44.08,44.2,42.9,6292,27434932.0,3.01,1.97,0.85,0.47,44.08,44.2,42.9,74.29
1037,2005-12-26,600519,44.2,44.21,44.5,43.8,6992,30863111.0,1.59,0.29,0.13,0.52,44.21,44.5,43.8,117.42
1038,2005-12-27,600519,44.3,44.92,44.99,44.13,7290,32574560.0,1.95,1.61,0.71,0.54,44.92,44.99,44.13,152.96
1039,2005-12-28,600519,44.99,45.47,45.5,44.76,6250,28274416.0,1.65,1.22,0.55,0.46,45.47,45.5,44.76,168.91
1040,2005-12-29,600519,45.5,46.77,46.8,45.5,15674,72783428.0,2.86,2.86,1.3,1.16,46.77,46.8,45.5,191.7
1041,2005-12-30,600519,46.5,45.62,46.52,44.9,36648,167469295.0,3.46,-2.46,-1.15,2.72,45.62,46.52,44.9,121.96
1042,2006-01-04,600519,45.4,44.28,45.4,44.11,35507,157456208.0,2.83,-2.94,-1.34,2.63,44.28,45.4,44.11,41.93
1043,2006-01-05,600519,44.2,44.76,45.3,44.12,16992,75918198.0,2.66,1.08,0.48,1.26,44.76,45.3,44.12,41.45
1044,2006-01-06,600519,44.8,45.23,45.45,44.35,17162,77233333.0,2.46,1.05,0.47,1.27,45.23,45.45,44.35,52.82
1045,2006-01-09,600519,45.35,46.79,47.3,45.3,20771,96726018.0,4.42,3.45,1.56,1.54,46.79,47.3,45.3,143.24
1046,2006-01-10,600519,47.0,46.97,47.58,46.53,17457,82153545.0,2.24,0.38,0.18,1.29,46.97,47.58,46.53,149.59
1047,2006-01-11,600519,46.95,46.56,47.6,46.51,8315,39227536.0,2.32,-0.87,-0.41,0.62,46.56,47.6,46.51,116.84
1048,2006-01-12,600519,46.4,47.0,47.06,46.1,9990,46568064.0,2.06,0.95,0.44,0.74,47.0,47.06,46.1,90.47
1049,2006-01-13,600519,47.0,47.48,48.3,46.5,9937,47330433.0,3.83,1.02,0.48,0.74,47.48,48.3,46.5,116.85
1050,2006-01-16,600519,47.78,46.55,47.9,46.51,7731,36255138.0,2.93,-1.96,-0.93,0.57,46.55,47.9,46.51,76.71
1051,2006-01-17,600519,46.0,46.05,46.62,45.8,13825,63618353.0,1.76,-1.07,-0.5,1.02,46.05,46.62,45.8,12.29
1052,2006-01-18,600519,46.0,46.16,46.96,46.0,9707,45114697.0,2.08,0.24,0.11,0.72,46.16,46.96,46.0,22.31
1053,2006-01-19,600519,46.78,46.08,46.8,45.77,7283,33651491.0,2.23,-0.17,-0.08,0.54,46.08,46.8,45.77,2.82
1054,2006-01-20,600519,46.1,45.98,46.35,45.36,14216,65092507.0,2.15,-0.22,-0.1,1.05,45.98,46.35,45.36,-24.78
1055,2006-01-23,600519,46.0,45.0,46.0,44.9,13286,59899023.0,2.39,-2.13,-0.98,0.98,45.0,46.0,44.9,-75.61
1056,2006-01-24,600519,45.01,45.51,46.28,45.0,11453,52535743.0,2.84,1.13,0.51,0.85,45.51,46.28,45.0,-62.37
1057,2006-01-25,600519,45.62,47.24,47.5,45.32,15731,73251753.0,4.79,3.8,1.73,1.17,47.24,47.5,45.32,42.01
1058,2006-02-06,600519,47.55,47.4,47.7,46.5,15691,74143388.0,2.54,0.34,0.16,1.16,47.4,47.7,46.5,94.81
1059,2006-02-07,600519,47.4,50.0,50.01,47.15,28666,140985315.0,6.03,5.49,2.6,2.12,50.0,50.01,47.15,243.65
1060,2006-02-08,600519,49.67,49.84,50.09,48.88,22264,110727360.0,2.42,-0.32,-0.16,1.65,49.84,50.09,48.88,214.02
1061,2006-02-09,600519,49.75,48.48,50.0,48.3,7770,38004186.0,3.41,-2.73,-1.36,0.58,48.48,50.0,48.3,124.93
1062,2006-02-10,600519,48.4,52.53,53.0,48.08,31874,160573342.0,10.15,8.35,4.05,2.36,52.53,53.0,48.08,189.03
1063,2006-02-13,600519,57.78,57.78,57.78,57.78,16966,98029548.0,0.0,9.99,5.25,1.26,57.78,57.78,57.78,279.42
1064,2006-02-15,600519,59.5,58.09,59.5,56.8,28997,168845650.0,4.67,0.54,0.31,2.15,58.09,59.5,56.8,201.07
1065,2006-02-16,600519,57.65,58.67,59.99,57.3,18978,110783125.0,4.63,1.0,0.58,1.41,58.67,59.99,57.3,155.28
1066,2006-02-17,600519,58.66,58.26,58.88,58.12,8908,51929488.0,1.3,-0.7,-0.41,0.66,58.26,58.88,58.12,117.09
1067,2006-02-20,600519,57.78,57.39,58.1,56.18,10844,62004351.0,3.3,-1.49,-0.87,0.8,57.39,58.1,56.18,81.83
1068,2006-02-21,600519,56.88,58.54,58.55,56.88,10239,59431946.0,2.91,2.0,1.15,0.76,58.54,58.55,56.88,77.2
1069,2006-02-22,600519,58.35,58.7,59.0,58.0,10335,60384853.0,1.71,0.27,0.16,0.77,58.7,59.0,58.0,72.9
1070,2006-02-23,600519,58.71,62.2,62.45,58.29,11548,68465670.0,7.09,5.96,3.5,0.86,62.2,62.45,58.29,93.62
1071,2006-04-17,600519,68.5,68.5,68.5,68.5,238,1630985.0,0.0,10.13,6.3,0.02,68.5,68.5,68.5,176.52
1072,2006-04-18,600519,75.35,75.35,75.35,75.35,324,2444655.0,0.0,10.0,6.85,0.02,75.35,75.35,75.35,243.19
1073,2006-04-19,600519,82.89,82.89,82.89,82.08,43968,364421942.0,1.07,10.01,7.54,3.26,82.89,82.89,82.08,225.04
1074,2006-04-20,600519,89.98,84.03,89.98,80.05,55615,475176332.0,11.98,1.38,1.14,4.12,84.03,89.98,80.05,170.31
1075,2006-04-21,600519,83.77,88.93,90.5,83.01,31886,278281209.0,8.91,5.83,4.9,2.36,88.93,90.5,83.01,144.34
1076,2006-04-24,600519,89.5,89.13,91.79,87.3,36249,322955394.0,5.05,0.22,0.2,2.69,89.13,91.79,87.3,125.78
1077,2006-04-25,600519,89.0,91.41,93.2,87.61,39705,357994221.0,6.27,2.56,2.28,2.94,91.41,93.2,87.61,108.48
1078,2006-05-25,600519,45.0,39.59,47.0,38.1,198117,811908674.0,9.74,-56.69,-51.82,7.34,39.59,47.0,38.1,-138.94
1079,2006-05-26,600519,39.49,39.99,40.02,37.68,91802,360661885.0,5.91,1.01,0.4,3.4,39.99,40.02,37.68,-131.35
1080,2006-05-29,600519,40.0,43.99,43.99,40.0,80684,345986865.0,9.98,10.0,4.0,2.99,43.99,43.99,40.0,-102.69
1081,2006-05-30,600519,47.1,48.39,48.39,45.61,138759,664776550.0,6.32,10.0,4.4,5.14,48.39,48.39,45.61,-76.05
1082,2006-05-31,600519,48.45,48.02,51.9,46.88,151731,747411522.0,10.37,-0.76,-0.37,5.62,48.02,51.9,46.88,-64.92
1083,2006-06-01,600519,48.02,49.5,50.1,46.98,90332,438913211.0,6.5,3.08,1.48,3.35,49.5,50.1,46.98,-60.07
1084,2006-06-02,600519,49.5,47.11,49.5,46.6,73105,348052311.0,5.86,-4.83,-2.39,2.71,47.11,49.5,46.6,-57.67
1085,2006-06-05,600519,46.6,44.87,46.6,43.8,68748,308294272.0,5.94,-4.75,-2.24,2.55,44.87,46.6,43.8,-58.68
1086,2006-06-06,600519,44.23,43.05,44.23,43.0,56642,246688992.0,2.74,-4.06,-1.82,2.1,43.05,44.23,43.0,-57.28
1087,2006-06-07,600519,42.57,42.03,43.99,41.7,71001,302769993.0,5.32,-2.37,-1.02,2.63,42.03,43.99,41.7,-54.89
1088,2006-06-08,600519,41.83,42.72,43.09,41.01,58454,247094039.0,4.95,1.64,0.69,2.17,42.72,43.09,41.01,-52.42
1089,2006-06-09,600519,42.72,42.6,43.2,41.5,58411,247306955.0,3.98,-0.28,-0.12,2.16,42.6,43.2,41.5,-50.32
1090,2006-06-12,600519,42.0,45.08,45.19,41.5,71344,311536764.0,8.66,5.82,2.48,2.64,45.08,45.19,41.5,-37.89
1091,2006-06-13,600519,45.08,45.94,47.17,45.08,74829,347247357.0,4.64,1.91,0.86,2.77,45.94,47.17,45.08,43.21
1092,2006-06-14,600519,45.5,46.8,47.2,43.5,62234,287725376.0,8.05,1.87,0.86,2.31,46.8,47.2,43.5,30.22
1093,2006-06-15,600519,46.79,46.4,48.2,45.9,51311,242480009.0,4.91,-0.85,-0.4,1.9,46.4,48.2,45.9,48.99
1094,2006-06-16,600519,46.39,46.74,47.3,46.2,40080,188160360.0,2.37,0.73,0.34,1.48,46.74,47.3,46.2,39.31
1095,2006-06-19,600519,46.5,48.53,49.58,45.7,76306,368697291.0,8.3,3.83,1.79,2.83,48.53,49.58,45.7,77.3
1096,2006-06-20,600519,48.15,48.35,48.86,47.71,37609,181973717.0,2.37,-0.37,-0.18,1.39,48.35,48.86,47.71,92.92
1097,2006-06-21,600519,48.35,47.33,48.5,46.75,36324,172805456.0,3.62,-2.11,-1.02,1.35,47.33,48.5,46.75,72.66
1098,2006-06-22,600519,47.0,46.77,47.48,46.7,23654,111205968.0,1.65,-1.18,-0.56,0.88,46.77,47.48,46.7,56.68
1099,2006-06-23,600519,46.5,46.68,47.3,46.3,27924,130091791.0,2.14,-0.19,-0.09,1.03,46.68,47.3,46.3,43.34
1100,2006-06-26,600519,46.7,47.72,48.35,46.7,47870,227823194.0,3.53,2.23,1.04,1.77,47.72,48.35,46.7,67.03
1101,2006-06-27,600519,47.87,48.96,49.6,47.82,51466,252140738.0,3.73,2.6,1.24,1.91,48.96,49.6,47.82,107.32
1102,2006-06-28,600519,48.86,47.85,48.86,47.6,26801,128599786.0,2.57,-2.27,-1.11,0.99,47.85,48.86,47.6,76.41
1103,2006-06-29,600519,47.9,48.1,48.49,47.6,37191,178456804.0,1.86,0.52,0.25,1.38,48.1,48.49,47.6,67.91
1104,2006-06-30,600519,48.25,47.44,48.75,46.8,39033,185164398.0,4.05,-1.37,-0.66,1.45,47.44,48.75,46.8,27.17
1105,2006-07-03,600519,47.42,46.8,47.42,46.38,48288,225238880.0,2.19,-1.35,-0.64,1.79,46.8,47.42,46.38,-57.67
1106,2006-07-04,600519,46.5,47.0,47.05,45.65,52507,242839931.0,2.99,0.43,0.2,1.95,47.0,47.05,45.65,-103.32
1107,2006-07-05,600519,47.2,46.55,47.2,46.2,15573,72575812.0,2.13,-0.96,-0.45,0.58,46.55,47.2,46.2,-90.14
1108,2006-07-06,600519,46.5,46.68,47.1,46.1,22056,103048532.0,2.15,0.28,0.13,0.82,46.68,47.1,46.1,-90.3
1109,2006-07-07,600519,46.72,45.99,46.99,45.91,28024,129587181.0,2.31,-1.48,-0.69,1.04,45.99,46.99,45.91,-105.01
1110,2006-07-10,600519,45.88,45.03,45.88,44.85,27698,125019271.0,2.24,-2.09,-0.96,1.03,45.03,45.88,44.85,-174.89
1111,2006-07-11,600519,45.0,44.75,45.46,44.6,27214,122211032.0,1.91,-0.62,-0.28,1.01,44.75,45.46,44.6,-168.12
1112,2006-07-12,600519,44.7,43.99,44.75,43.55,33125,145831734.0,2.68,-1.7,-0.76,1.23,43.99,44.75,43.55,-183.47
1113,2006-07-13,600519,43.75,44.67,45.4,43.28,39424,175231413.0,4.82,1.55,0.68,1.46,44.67,45.4,43.28,-126.58
1114,2006-07-14,600519,44.2,44.57,44.75,43.62,18344,80947648.0,2.53,-0.22,-0.1,0.68,44.57,44.75,43.62,-108.92
1115,2006-07-17,600519,44.3,44.86,45.55,43.85,25684,115482082.0,3.81,0.65,0.29,0.95,44.86,45.55,43.85,-71.2
1116,2006-07-18,600519,44.82,44.32,44.86,44.03,15392,68227611.0,1.85,-1.2,-0.54,0.57,44.32,44.86,44.03,-77.83
1117,2006-07-19,600519,44.2,43.47,44.4,42.9,31327,136738969.0,3.38,-1.92,-0.85,1.16,43.47,44.4,42.9,-110.6
1118,2006-07-20,600519,43.43,44.29,44.39,42.88,19372,85005958.0,3.47,1.89,0.82,0.72,44.29,44.39,42.88,-87.58
1119,2006-07-21,600519,44.25,44.43,44.5,44.01,10760,47693738.0,1.11,0.32,0.14,0.4,44.43,44.5,44.01,-50.95
1120,2006-07-24,600519,44.1,46.21,46.87,43.8,40525,185467434.0,6.91,4.01,1.78,1.5,46.21,46.87,43.8,55.69
1121,2006-07-25,600519,46.21,46.82,47.0,45.7,32542,151329073.0,2.81,1.32,0.61,1.21,46.82,47.0,45.7,129.84
1122,2006-07-26,600519,46.82,46.5,47.0,45.85,17404,80947127.0,2.46,-0.68,-0.32,0.64,46.5,47.0,45.85,128.51
1123,2006-07-27,600519,46.4,46.18,46.79,45.8,24515,113653352.0,2.13,-0.69,-0.32,0.91,46.18,46.79,45.8,113.0
1124,2006-07-28,600519,46.0,45.5,46.09,45.25,22886,104187953.0,1.82,-1.47,-0.68,0.85,45.5,46.09,45.25,54.61
1125,2006-07-31,600519,45.38,44.0,45.4,44.0,15948,70945071.0,3.08,-3.3,-1.5,0.59,44.0,45.4,44.0,-34.68
1126,2006-08-01,600519,44.0,44.74,45.0,43.9,13168,58663703.0,2.5,1.68,0.74,0.49,44.74,45.0,43.9,-31.77
1127,2006-08-02,600519,44.7,44.08,45.0,43.88,8860,39215950.0,2.5,-1.48,-0.66,0.33,44.08,45.0,43.88,-48.99
1128,2006-08-03,600519,44.1,42.98,44.55,42.7,16655,71947181.0,4.2,-2.5,-1.1,0.62,42.98,44.55,42.7,-110.8
1129,2006-08-04,600519,43.0,42.69,43.38,42.0,14793,63433581.0,3.21,-0.67,-0.29,0.55,42.69,43.38,42.0,-137.83
1130,2006-08-07,600519,42.25,42.36,43.39,41.08,14142,59874589.0,5.41,-0.77,-0.33,0.52,42.36,43.39,41.08,-140.1
1131,2006-08-08,600519,42.0,43.21,43.24,42.0,7772,33435494.0,2.93,2.01,0.85,0.29,43.21,43.24,42.0,-99.59
1132,2006-08-09,600519,43.25,43.85,44.3,43.0,10288,44982771.0,3.01,1.48,0.64,0.38,43.85,44.3,43.0,-45.76
1133,2006-08-10,600519,43.85,44.01,44.38,43.85,13106,57720598.0,1.21,0.36,0.16,0.49,44.01,44.38,43.85,-23.29
1134,2006-08-11,600519,44.08,44.08,44.5,44.05,7247,32036673.0,1.02,0.16,0.07,0.27,44.08,44.5,44.05,-10.69
1135,2006-08-14,600519,44.08,43.81,44.28,43.2,11174,49033692.0,2.45,-0.61,-0.27,0.41,43.81,44.28,43.2,-30.16
1136,2006-08-15,600519,43.55,44.12,44.18,43.5,6398,28008387.0,1.55,0.71,0.31,0.24,44.12,44.18,43.5,-6.33
1137,2006-08-16,600519,44.1,44.99,45.09,44.0,8999,40252021.0,2.47,1.97,0.87,0.33,44.99,45.09,44.0,79.23
1138,2006-08-17,600519,45.09,44.25,45.09,43.39,10930,48410678.0,3.78,-1.64,-0.74,0.4,44.25,45.09,43.39,50.58
1139,2006-08-18,600519,43.9,44.13,44.46,43.56,3381,14888941.0,2.03,-0.27,-0.12,0.13,44.13,44.46,43.56,33.47
1140,2006-08-21,600519,42.98,44.17,44.2,42.85,7293,32062134.0,3.06,0.09,0.04,0.27,44.17,44.2,42.85,3.81
1141,2006-08-22,600519,44.0,45.19,45.35,44.0,11109,49977253.0,3.06,2.31,1.02,0.41,45.19,45.35,44.0,133.64
1142,2006-08-23,600519,43.8,44.42,44.69,43.8,21056,93035269.0,1.97,-1.7,-0.77,0.78,44.42,44.69,43.8,59.34
1143,2006-08-24,600519,44.0,44.11,44.4,43.88,12574,55366636.0,1.17,-0.7,-0.31,0.47,44.11,44.4,43.88,30.85
1144,2006-08-25,600519,44.11,44.04,44.59,43.8,7475,32852244.0,1.79,-0.16,-0.07,0.28,44.04,44.59,43.8,19.63
1145,2006-08-28,600519,43.91,43.85,44.19,43.4,25573,112066807.0,1.79,-0.43,-0.19,0.95,43.85,44.19,43.4,-82.15
1146,2006-08-29,600519,43.97,45.66,46.21,43.96,37854,171776439.0,5.13,4.13,1.81,1.4,45.66,46.21,43.96,220.82
1147,2006-08-30,600519,45.25,44.98,45.8,44.8,9693,43806887.0,2.19,-1.49,-0.68,0.36,44.98,45.8,44.8,148.82
1148,2006-08-31,600519,45.0,45.23,45.47,44.8,12358,55827539.0,1.49,0.56,0.25,0.46,45.23,45.47,44.8,111.99
1149,2006-09-01,600519,45.35,45.07,45.37,44.88,10874,48927412.0,1.08,-0.35,-0.16,0.4,45.07,45.37,44.88,85.85
1150,2006-09-04,600519,44.78,45.13,45.27,44.78,5904,26589669.0,1.09,0.13,0.06,0.22,45.13,45.27,44.78,68.14
1151,2006-09-05,600519,45.01,44.94,45.23,44.82,12355,55522598.0,0.91,-0.42,-0.19,0.46,44.94,45.23,44.82,54.3
1152,2006-09-06,600519,44.9,45.12,45.45,44.8,11381,51403210.0,1.45,0.4,0.18,0.42,45.12,45.45,44.8,61.79
1153,2006-09-07,600519,44.98,44.99,45.15,44.39,10519,46987030.0,1.68,-0.29,-0.13,0.39,44.99,45.15,44.39,20.53
1154,2006-09-08,600519,44.5,44.46,44.9,44.16,5891,26157744.0,1.64,-1.18,-0.53,0.22,44.46,44.9,44.16,-39.86
1155,2006-09-11,600519,44.2,44.13,44.41,43.89,8303,36625467.0,1.17,-0.74,-0.33,0.31,44.13,44.41,43.89,-82.2
1156,2006-09-12,600519,44.13,43.8,44.13,43.7,19393,85026963.0,0.97,-0.75,-0.33,0.72,43.8,44.13,43.7,-108.68
1157,2006-09-13,600519,43.82,43.88,44.26,43.82,18421,81014932.0,1.0,0.18,0.08,0.68,43.88,44.26,43.82,-90.04
1158,2006-09-14,600519,44.0,46.1,46.14,43.2,63367,284212834.0,6.7,5.06,2.22,2.35,46.1,46.14,43.2,58.18
1159,2006-09-15,600519,46.1,45.84,46.78,45.1,29244,134841289.0,3.64,-0.56,-0.26,1.08,45.84,46.78,45.1,157.04
1160,2006-09-18,600519,45.88,45.83,46.1,45.28,34085,155113047.0,1.79,-0.02,-0.01,1.26,45.83,46.1,45.28,119.54
1161,2006-09-19,600519,45.66,46.41,46.74,45.45,29993,138992138.0,2.81,1.27,0.58,1.11,46.41,46.74,45.45,158.65
1162,2006-09-20,600519,46.29,46.99,47.32,46.08,22442,105158852.0,2.67,1.25,0.58,0.83,46.99,47.32,46.08,183.83
1163,2006-09-21,600519,47.0,46.8,47.15,46.8,16313,76643185.0,0.74,-0.4,-0.19,0.6,46.8,47.15,46.8,145.65
1164,2006-09-22,600519,46.76,46.81,47.0,46.1,12426,57912198.0,1.92,0.02,0.01,0.46,46.81,47.0,46.1,98.42
1165,2006-09-25,600519,46.35,46.72,47.15,46.35,10475,49168157.0,1.71,-0.19,-0.09,0.39,46.72,47.15,46.35,89.18
1166,2006-09-26,600519,46.67,45.98,46.68,45.96,11790,54462375.0,1.54,-1.58,-0.74,0.44,45.98,46.68,45.96,45.53
1167,2006-09-27,600519,45.89,46.12,46.35,45.66,8052,36977026.0,1.5,0.3,0.14,0.3,46.12,46.35,45.66,29.56
1168,2006-09-28,600519,46.0,46.81,46.95,45.72,16779,77577351.0,2.67,1.5,0.69,0.62,46.81,46.95,45.72,56.19
1169,2006-09-29,600519,46.8,47.43,47.88,46.5,22756,107764446.0,2.95,1.32,0.62,0.84,47.43,47.88,46.5,111.44
1170,2006-10-09,600519,48.01,50.87,51.3,48.01,37970,191569287.0,6.94,7.25,3.44,1.41,50.87,51.3,48.01,289.22
1171,2006-10-10,600519,51.5,50.73,52.5,50.5,24124,124074029.0,3.93,-0.28,-0.14,0.89,50.73,52.5,50.5,259.7
1172,2006-10-11,600519,50.67,49.74,51.0,49.5,12118,60357112.0,2.96,-1.95,-0.99,0.45,49.74,51.0,49.5,136.75
1173,2006-10-12,600519,49.74,49.63,50.26,49.08,14287,70986726.0,2.37,-0.22,-0.11,0.53,49.63,50.26,49.08,90.43
1174,2006-10-13,600519,49.63,49.01,49.8,48.71,14898,73257749.0,2.2,-1.25,-0.62,0.55,49.01,49.8,48.71,56.79
1175,2006-10-16,600519,49.0,47.4,49.0,46.8,38077,180476685.0,4.49,-3.29,-1.61,1.41,47.4,49.0,46.8,-8.79
1176,2006-10-17,600519,47.4,48.14,48.4,46.85,15370,73212480.0,3.27,1.56,0.74,0.57,48.14,48.4,46.85,-9.47
1177,2006-10-18,600519,48.0,49.81,50.21,47.5,23879,118175550.0,5.63,3.47,1.67,0.88,49.81,50.21,47.5,45.26
1178,2006-10-19,600519,49.65,50.0,50.5,49.02,16611,83199478.0,2.97,0.38,0.19,0.62,50.0,50.5,49.02,64.46
1179,2006-10-20,600519,49.96,49.6,50.15,49.57,12095,60370256.0,1.16,-0.8,-0.4,0.45,49.6,50.15,49.57,53.64
1180,2006-10-23,600519,49.2,51.0,51.35,49.2,38999,198293833.0,4.33,2.82,1.4,1.44,51.0,51.35,49.2,80.62
1181,2006-10-24,600519,51.05,52.16,52.58,50.8,26709,138579123.0,3.49,2.27,1.16,0.99,52.16,52.58,50.8,140.41
1182,2006-10-25,600519,52.7,55.18,55.88,52.2,47476,261744683.0,7.06,5.79,3.02,1.76,55.18,55.88,52.2,240.48
1183,2006-10-26,600519,55.0,55.0,55.36,54.0,20428,112070050.0,2.46,-0.33,-0.18,0.76,55.0,55.36,54.0,190.93
1184,2006-10-27,600519,54.99,54.02,54.99,53.9,14791,80380210.0,1.98,-1.78,-0.98,0.55,54.02,54.99,53.9,128.89
1185,2006-10-30,600519,54.0,54.04,54.35,53.3,12369,66243416.0,1.94,0.04,0.02,0.46,54.04,54.35,53.3,94.8
1186,2006-10-31,600519,54.04,53.99,55.3,53.41,11267,61093054.0,3.5,-0.09,-0.05,0.42,53.99,55.3,53.41,87.0
1187,2006-11-01,600519,53.6,53.2,54.0,52.98,12762,67866974.0,1.89,-1.46,-0.79,0.47,53.2,54.0,52.98,53.98
1188,2006-11-02,600519,53.11,54.77,54.79,52.36,23319,123978621.0,4.57,2.95,1.57,0.86,54.77,54.79,52.36,61.7
1189,2006-11-03,600519,54.99,54.77,55.49,53.7,13876,75858369.0,3.27,0.0,0.0,0.51,54.77,55.49,53.7,72.18
1190,2006-11-06,600519,54.05,56.09,57.2,54.0,26740,147856261.0,5.84,2.41,1.32,0.99,56.09,57.2,54.0,100.23
1191,2006-11-07,600519,56.1,55.8,56.9,55.5,21326,119649818.0,2.5,-0.52,-0.29,0.79,55.8,56.9,55.5,107.8
1192,2006-11-08,600519,55.5,56.81,57.5,55.0,25348,143238979.0,4.48,1.81,1.01,0.94,56.81,57.5,55.0,121.18
1193,2006-11-09,600519,56.55,57.17,57.2,56.12,15962,90494365.0,1.9,0.63,0.36,0.59,57.17,57.2,56.12,136.96
1194,2006-11-10,600519,56.95,57.6,58.9,56.6,33153,191717604.0,4.02,0.75,0.43,1.23,57.6,58.9,56.6,156.68
1195,2006-11-13,600519,57.5,56.91,57.5,55.9,28315,161068513.0,2.78,-1.2,-0.69,1.05,56.91,57.5,55.9,87.79
1196,2006-11-14,600519,56.65,59.9,60.15,56.65,31307,183957465.0,6.15,5.25,2.99,1.16,59.9,60.15,56.65,162.6
1197,2006-11-15,600519,60.48,61.84,63.0,59.6,34034,211445126.0,5.68,3.24,1.94,1.26,61.84,63.0,59.6,212.29
1198,2006-11-16,600519,61.87,64.68,66.98,61.85,48629,313184874.0,8.3,4.59,2.84,1.8,64.68,66.98,61.85,231.12
1199,2006-11-17,600519,64.98,64.56,65.5,63.0,38341,244957666.0,3.87,-0.19,-0.12,1.42,64.56,65.5,63.0,164.62
1200,2006-11-20,600519,63.53,64.6,65.8,63.53,27060,174396384.0,3.52,0.06,0.04,1.0,64.6,65.8,63.53,131.82
1201,2006-11-21,600519,64.66,63.13,64.72,62.0,30241,190983784.0,4.21,-2.28,-1.47,1.12,63.13,64.72,62.0,86.0
1202,2006-11-22,600519,63.1,63.44,64.19,61.86,28900,182237646.0,3.69,0.49,0.31,1.07,63.44,64.19,61.86,69.77
1203,2006-11-23,600519,63.01,63.46,64.5,63.01,12548,79824997.0,2.35,0.03,0.02,0.46,63.46,64.5,63.01,68.13
1204,2006-11-24,600519,63.41,63.9,64.29,62.4,23496,148702618.0,2.98,0.69,0.44,0.87,63.9,64.29,62.4,57.35
1205,2006-11-27,600519,63.9,64.3,65.66,63.79,16498,106393463.0,2.93,0.63,0.4,0.61,64.3,65.66,63.79,72.27
1206,2006-11-28,600519,64.19,62.81,64.99,62.8,28322,180775984.0,3.41,-2.32,-1.49,1.05,62.81,64.99,62.8,41.88
1207,2006-11-29,600519,62.0,64.41,66.15,60.93,26754,172337879.0,8.31,2.55,1.6,0.99,64.41,66.15,60.93,44.21
1208,2006-11-30,600519,64.73,67.75,69.18,64.73,21012,141522146.0,6.91,5.19,3.34,0.78,67.75,69.18,64.73,157.97
1209,2006-12-01,600519,67.75,69.0,71.7,67.75,40415,282813533.0,5.83,1.85,1.25,1.5,69.0,71.7,67.75,238.27
1210,2006-12-04,600519,69.26,69.1,70.93,67.8,26887,185669864.0,4.54,0.14,0.1,1.0,69.1,70.93,67.8,180.11
1211,2006-12-05,600519,68.9,70.08,71.28,68.8,38118,266976425.0,3.59,1.42,0.98,1.41,70.08,71.28,68.8,150.13
1212,2006-12-06,600519,70.0,69.03,70.0,66.9,37493,256408498.0,4.42,-1.5,-1.05,1.39,69.03,70.0,66.9,85.01
1213,2006-12-07,600519,68.51,69.54,70.1,68.51,21855,151160168.0,2.3,0.74,0.51,0.81,69.54,70.1,68.51,87.49
1214,2006-12-08,600519,69.0,69.05,69.9,68.0,22069,152466866.0,2.73,-0.7,-0.49,0.82,69.05,69.9,68.0,66.1
1215,2006-12-11,600519,68.1,72.3,72.5,68.1,26754,188889525.0,6.37,4.71,3.25,0.99,72.3,72.5,68.1,100.52
1216,2006-12-12,600519,72.88,71.82,73.48,71.4,11767,84919970.0,2.88,-0.66,-0.48,0.44,71.82,73.48,71.4,116.78
1217,2006-12-13,600519,72.28,71.3,72.44,70.66,33417,239515640.0,2.48,-0.72,-0.52,1.24,71.3,72.44,70.66,89.03
1218,2006-12-14,600519,71.8,77.04,77.38,71.3,37628,279885276.0,8.53,8.05,5.74,1.39,77.04,77.38,71.3,175.56
1219,2006-12-15,600519,77.0,79.13,79.96,76.03,23697,185540482.0,5.1,2.71,2.09,0.88,79.13,79.96,76.03,209.11
1220,2006-12-18,600519,78.98,86.4,86.66,78.98,35238,295726593.0,9.71,9.19,7.27,1.31,86.4,86.66,78.98,241.03
1221,2006-12-19,600519,86.4,84.49,88.8,83.88,38038,326181880.0,5.69,-2.21,-1.91,1.41,84.49,88.8,83.88,188.78
1222,2006-12-20,600519,83.98,84.3,85.9,83.51,25196,212351401.0,2.83,-0.22,-0.19,0.93,84.3,85.9,83.51,130.93
1223,2006-12-21,600519,84.3,82.98,85.5,82.5,30301,256088471.0,3.56,-1.57,-1.32,1.12,82.98,85.5,82.5,97.73
1224,2006-12-22,600519,82.5,80.83,83.7,79.98,30439,249249212.0,4.48,-2.59,-2.15,1.13,80.83,83.7,79.98,61.24
1225,2006-12-25,600519,81.06,83.21,84.18,81.06,24954,207941105.0,3.86,2.94,2.38,0.92,83.21,84.18,81.06,65.16
1226,2006-12-27,600519,84.21,85.48,86.4,84.2,19853,169858959.0,2.64,2.73,2.27,0.74,85.48,86.4,84.2,82.49
1227,2006-12-28,600519,85.8,85.48,86.0,83.5,29281,248296941.0,2.92,0.0,0.0,1.08,85.48,86.0,83.5,69.43
1228,2006-12-29,600519,85.49,87.83,92.1,84.56,82975,728497750.0,8.82,2.75,2.35,3.07,87.83,92.1,84.56,100.3
1229,2007-01-04,600519,90.01,85.84,90.18,85.5,44665,394957199.0,5.33,-2.27,-1.99,1.65,85.84,90.18,85.5,82.89
1230,2007-01-05,600519,84.79,86.27,86.69,83.3,27805,236787475.0,3.95,0.5,0.43,1.03,86.27,86.69,83.3,51.08
1231,2007-01-08,600519,86.3,84.86,86.6,83.88,48924,417405505.0,3.15,-1.63,-1.41,1.81,84.86,86.6,83.88,38.11
1232,2007-01-09,600519,84.89,88.79,89.99,84.6,28300,248096035.0,6.35,4.63,3.93,1.05,88.79,89.99,84.6,115.87
1233,2007-01-10,600519,89.0,88.97,90.49,87.6,28239,249921322.0,3.25,0.2,0.18,1.05,88.97,90.49,87.6,154.25
1234,2007-01-11,600519,89.0,91.99,93.18,88.5,37483,341540304.0,5.26,3.39,3.02,1.39,91.99,93.18,88.5,178.92
1235,2007-01-12,600519,91.9,96.96,97.2,90.0,36402,347136997.0,7.83,5.4,4.97,1.35,96.96,97.2,90.0,202.39
1236,2007-01-15,600519,97.05,99.61,102.0,97.05,30671,305993934.0,5.11,2.73,2.65,1.14,99.61,102.0,97.05,224.55
1237,2007-01-16,600519,99.36,97.73,100.78,96.28,35040,344077710.0,4.52,-1.89,-1.88,1.3,97.73,100.78,96.28,151.93
1238,2007-01-17,600519,97.59,98.12,103.0,96.02,25916,257353976.0,7.14,0.4,0.39,0.96,98.12,103.0,96.02,128.18
1239,2007-01-18,600519,98.0,105.22,105.49,97.0,30645,315103130.0,8.65,7.24,7.1,1.14,105.22,105.49,97.0,139.77
1240,2007-01-19,600519,105.22,109.35,111.89,105.22,22256,243504208.0,6.34,3.93,4.13,0.82,109.35,111.89,105.22,164.05
1241,2007-01-22,600519,110.1,113.2,116.0,110.0,25521,290839225.0,5.49,3.52,3.85,0.95,113.2,116.0,110.0,164.25
1242,2007-01-23,600519,113.8,105.28,114.8,104.1,41783,450098219.0,9.45,-7.0,-7.92,1.55,105.28,114.8,104.1,99.77
1243,2007-01-24,600519,105.5,109.78,113.0,105.5,19404,212553649.0,7.12,4.27,4.5,0.72,109.78,113.0,105.5,97.33
1244,2007-01-25,600519,107.5,108.37,110.95,106.3,44848,490557153.0,4.24,-1.28,-1.41,1.66,108.37,110.95,106.3,78.9
1245,2007-01-26,600519,107.0,108.89,109.95,98.0,35846,380378208.0,11.03,0.48,0.52,1.33,108.89,109.95,98.0,43.44
1246,2007-01-29,600519,107.8,107.49,113.0,106.1,18560,201345338.0,6.34,-1.29,-1.4,0.69,107.49,113.0,106.1,66.14
1247,2007-01-30,600519,106.73,109.75,111.1,106.48,26561,287395106.0,4.3,2.1,2.26,0.98,109.75,111.1,106.48,60.4
1248,2007-01-31,600519,107.8,103.23,110.0,102.0,33268,352147545.0,7.29,-5.94,-6.52,1.23,103.23,110.0,102.0,0.37
1249,2007-02-01,600519,99.99,105.0,105.97,99.5,25910,265744453.0,6.27,1.71,1.77,0.96,105.0,105.97,99.5,-39.08
1250,2007-02-02,600519,103.97,101.0,104.8,100.0,14989,151508799.0,4.57,-3.81,-4.0,0.56,101.0,104.8,100.0,-73.24
1251,2007-02-05,600519,100.99,97.0,101.0,96.72,19838,194534210.0,4.24,-3.96,-4.0,0.73,97.0,101.0,96.72,-142.23
1252,2007-02-06,600519,95.01,95.75,96.9,89.5,39523,365914405.0,7.63,-1.29,-1.25,1.46,95.75,96.9,89.5,-193.57
1253,2007-02-07,600519,95.18,97.47,99.98,95.01,17976,175261713.0,5.19,1.8,1.72,0.67,97.47,99.98,95.01,-116.96
1254,2007-02-08,600519,96.9,95.96,98.98,93.5,18373,176642962.0,5.62,-1.55,-1.51,0.68,95.96,98.98,93.5,-110.89
1255,2007-02-09,600519,95.18,94.17,96.58,93.0,12262,116298291.0,3.73,-1.87,-1.79,0.45,94.17,96.58,93.0,-111.01
1256,2007-02-12,600519,93.8,97.0,98.75,93.2,12511,120701377.0,5.89,3.01,2.83,0.46,97.0,98.75,93.2,-75.15
1257,2007-02-13,600519,97.88,99.8,99.84,97.0,18767,184420201.0,2.93,2.89,2.8,0.7,99.8,99.84,97.0,-33.88
1258,2007-02-14,600519,100.58,99.56,101.99,98.0,15614,154853057.0,4.0,-0.24,-0.24,0.58,99.56,101.99,98.0,-13.06
1259,2007-02-15,600519,100.65,103.21,104.98,100.01,16805,173731362.0,4.99,3.67,3.65,0.62,103.21,104.98,100.01,37.1
1260,2007-02-16,600519,104.77,100.17,105.0,99.56,25072,256784061.0,5.27,-2.95,-3.04,0.93,100.17,105.0,99.56,31.2
1261,2007-02-26,600519,99.8,97.02,99.8,96.01,15321,150045013.0,3.78,-3.14,-3.15,0.57,97.02,99.8,96.01,-36.06
1262,2007-02-27,600519,96.5,87.64,96.5,87.32,31867,292514587.0,9.46,-9.67,-9.38,1.18,87.64,96.5,87.32,-177.51
1263,2007-03-01,600519,96.4,96.4,96.4,92.88,44582,429485218.0,4.02,10.0,8.76,1.65,96.4,96.4,92.88,-58.31
1264,2007-03-02,600519,97.0,97.79,100.99,95.96,34771,341362336.0,5.22,1.44,1.39,1.29,97.79,100.99,95.96,28.05
1265,2007-03-05,600519,97.91,94.9,97.91,94.8,21805,208807884.0,3.18,-2.96,-2.89,0.81,94.9,97.91,94.8,-33.4
1266,2007-03-06,600519,94.0,100.1,101.15,93.0,24351,241040734.0,8.59,5.48,5.2,0.9,100.1,101.15,93.0,21.58
1267,2007-03-07,600519,101.3,101.46,103.45,100.01,26425,271589373.0,3.44,1.36,1.36,0.98,101.46,103.45,100.01,106.82
1268,2007-03-08,600519,100.9,101.45,102.0,99.1,13808,138217148.0,2.86,-0.01,-0.01,0.51,101.45,102.0,99.1,74.44
1269,2007-03-09,600519,100.1,100.01,102.48,99.1,16186,162560220.0,3.33,-1.42,-1.44,0.6,100.01,102.48,99.1,57.51
1270,2007-03-12,600519,99.8,99.8,100.01,98.63,19444,193188602.0,1.38,-0.21,-0.21,0.72,99.8,100.01,98.63,23.75
1271,2007-03-13,600519,98.96,98.41,99.8,96.02,19081,186420809.0,3.79,-1.39,-1.39,0.71,98.41,99.8,96.02,-14.49
1272,2007-03-14,600519,97.0,96.02,98.0,95.3,21600,207586165.0,2.74,-2.43,-2.39,0.8,96.02,98.0,95.3,-53.17
1273,2007-03-15,600519,95.0,97.42,98.0,95.0,20973,201776897.0,3.12,1.46,1.4,0.78,97.42,98.0,95.0,-34.51
1274,2007-03-16,600519,97.8,97.61,98.0,95.1,14635,140836291.0,2.98,0.2,0.19,0.54,97.61,98.0,95.1,-23.19
1275,2007-03-19,600519,95.01,97.38,98.22,94.8,25952,253220579.0,3.5,-0.24,-0.23,0.96,97.38,98.22,94.8,-24.06
1276,2007-03-20,600519,97.34,94.61,97.5,94.45,21188,201378936.0,3.13,-2.84,-2.77,0.78,94.61,97.5,94.45,-94.81
1277,2007-03-21,600519,94.65,94.0,96.3,91.62,28290,266389529.0,4.95,-0.64,-0.61,1.05,94.0,96.3,91.62,-145.28
1278,2007-03-22,600519,94.21,94.49,94.88,92.0,31397,291678124.0,3.06,0.52,0.49,1.16,94.49,94.88,92.0,-125.24
1279,2007-03-23,600519,93.51,94.99,95.1,92.2,30279,283551750.0,3.07,0.53,0.5,1.12,94.99,95.1,92.2,-104.76
1280,2007-03-26,600519,94.8,94.02,94.9,93.7,22656,212983960.0,1.26,-1.02,-0.97,0.84,94.02,94.9,93.7,-88.32
1281,2007-03-27,600519,93.77,92.79,94.0,91.85,37198,345056807.0,2.29,-1.31,-1.23,1.38,92.79,94.0,91.85,-116.87
1282,2007-03-28,600519,92.87,93.09,93.85,91.0,34926,323233779.0,3.07,0.32,0.3,1.29,93.09,93.85,91.0,-107.67
1283,2007-03-29,600519,93.18,96.37,96.49,92.28,49415,465028032.0,4.52,3.52,3.28,1.83,96.37,96.49,92.28,-17.14
1284,2007-03-30,600519,96.58,94.5,96.65,93.2,30985,293158039.0,3.58,-1.94,-1.87,1.15,94.5,96.65,93.2,-17.19
1285,2007-04-02,600519,95.0,93.89,95.01,91.9,28257,261934932.0,3.29,-0.65,-0.61,1.05,93.89,95.01,91.9,-66.32
1286,2007-04-03,600519,93.89,94.88,95.6,92.11,42801,402378753.0,3.72,1.05,0.99,1.59,94.88,95.6,92.11,-27.43
1287,2007-04-04,600519,94.99,97.34,97.99,94.99,40807,395605830.0,3.16,2.59,2.46,1.51,97.34,97.99,94.99,125.31
1288,2007-04-05,600519,96.88,95.34,96.88,94.72,37460,358362495.0,2.22,-2.05,-2.0,1.39,95.34,96.88,94.72,70.28
1289,2007-04-06,600519,94.6,94.0,95.01,93.5,27615,259568009.0,1.58,-1.41,-1.34,1.02,94.0,95.01,93.5,-16.76
1290,2007-04-09,600519,94.55,95.0,96.6,92.9,62834,591101165.0,3.94,1.06,1.0,2.33,95.0,96.6,92.9,43.15
1291,2007-04-10,600519,95.22,94.39,95.79,94.1,63047,597770870.0,1.78,-0.64,-0.61,2.34,94.39,95.79,94.1,31.48
1292,2007-04-11,600519,94.95,93.88,94.95,92.9,53828,504663488.0,2.17,-0.54,-0.51,1.99,93.88,94.95,92.9,-41.54
1293,2007-04-12,600519,93.7,98.84,100.1,92.98,76459,739231914.0,7.58,5.28,4.96,2.83,98.84,100.1,92.98,184.8
1294,2007-04-13,600519,99.0,102.95,105.38,97.0,84783,867089257.0,8.48,4.16,4.11,3.14,102.95,105.38,97.0,284.64
1295,2007-04-16,600519,101.9,101.73,103.95,100.5,37812,383878218.0,3.35,-1.19,-1.22,1.4,101.73,103.95,100.5,199.0
1296,2007-04-17,600519,102.0,98.69,103.44,97.0,44619,442356324.0,6.33,-2.99,-3.04,1.65,98.69,103.44,97.0,98.72
1297,2007-04-18,600519,98.69,96.59,98.69,95.5,48781,470273102.0,3.23,-2.13,-2.1,1.81,96.59,98.69,95.5,13.77
1298,2007-04-19,600519,95.7,92.8,96.0,91.4,39882,372975317.0,4.76,-3.92,-3.79,1.48,92.8,96.0,91.4,-84.39
1299,2007-04-20,600519,93.0,94.57,95.5,92.9,41517,392180310.0,2.8,1.91,1.77,1.54,94.57,95.5,92.9,-60.7
1300,2007-04-23,600519,94.58,95.58,95.81,93.0,47487,447869454.0,2.97,1.07,1.01,1.76,95.58,95.81,93.0,-48.99
1301,2007-04-24,600519,95.92,94.48,95.98,93.51,39479,372593709.0,2.58,-1.15,-1.1,1.46,94.48,95.98,93.51,-47.34
1302,2007-04-25,600519,94.49,95.99,96.8,93.6,37822,362266657.0,3.39,1.6,1.51,1.4,95.99,96.8,93.6,-23.71
1303,2007-04-26,600519,96.08,97.34,98.48,95.0,33698,325641558.0,3.63,1.41,1.35,1.25,97.34,98.48,95.0,13.3
1304,2007-04-27,600519,97.28,93.78,97.31,93.62,26475,250199461.0,3.79,-3.66,-3.56,0.98,93.78,97.31,93.62,-47.17
1305,2007-04-30,600519,93.0,95.42,97.37,92.55,43557,414391808.0,5.14,1.75,1.64,1.61,95.42,97.37,92.55,-42.1
1306,2007-05-08,600519,96.6,96.5,97.9,95.53,46027,444700567.0,2.48,1.13,1.08,1.71,96.5,97.9,95.53,-2.34
1307,2007-05-09,600519,96.5,92.0,96.51,89.9,151777,1394029058.0,6.85,-4.66,-4.5,5.62,92.0,96.51,89.9,-106.78
1308,2007-05-14,600519,93.6,94.39,100.78,92.18,131870,1263779092.0,9.35,2.6,2.39,4.89,94.39,100.78,92.18,-6.85
1309,2007-05-15,600519,94.48,90.93,94.48,90.86,71038,655524409.0,3.84,-3.67,-3.46,2.63,90.93,94.48,90.86,-148.48
1310,2007-05-16,600519,90.9,93.58,94.6,90.7,50433,468228612.0,4.29,2.91,2.65,1.87,93.58,94.6,90.7,-100.69
1311,2007-05-17,600519,93.35,99.02,100.05,93.33,95182,930266093.0,7.18,5.81,5.44,3.53,99.02,100.05,93.33,143.45
1312,2007-05-18,600519,98.3,98.43,101.1,97.0,51837,517580169.0,4.14,-0.6,-0.59,1.92,98.43,101.1,97.0,170.99
1313,2007-05-21,600519,95.31,96.63,99.18,94.13,41508,402560491.0,5.13,-1.83,-1.8,1.54,96.63,99.18,94.13,58.46
1314,2007-05-22,600519,96.11,94.84,96.5,94.19,59902,567699268.0,2.39,-1.85,-1.79,2.22,94.84,96.5,94.19,-10.01
1315,2007-05-23,600519,94.65,96.97,99.0,94.64,40339,391972671.0,4.6,2.25,2.13,1.49,96.97,99.0,94.64,59.55
1316,2007-05-24,600519,97.47,99.37,99.61,96.64,55799,548678429.0,3.06,2.47,2.4,2.07,99.37,99.61,96.64,111.69
1317,2007-05-25,600519,100.03,106.39,109.31,100.03,83105,883158731.0,9.34,7.06,7.02,2.04,106.39,109.31,100.03,263.76
1318,2007-05-28,600519,106.5,110.31,111.25,106.48,55511,607604935.0,4.48,3.68,3.92,1.36,110.31,111.25,106.48,248.26
1319,2007-05-29,600519,110.5,109.22,115.4,108.3,42945,480225991.0,6.44,-0.99,-1.09,1.05,109.22,115.4,108.3,191.63
1320,2007-05-30,600519,104.0,101.97,108.99,99.8,72907,756701836.0,8.41,-6.64,-7.25,1.79,101.97,108.99,99.8,64.42
1321,2007-06-01,600519,109.01,110.44,112.17,108.2,69667,775108764.0,3.89,8.31,8.47,1.71,110.44,112.17,108.2,122.59
1322,2007-06-04,600519,110.68,105.63,115.2,103.5,56949,627231638.0,10.59,-4.36,-4.81,1.4,105.63,115.2,103.5,79.94
1323,2007-06-05,600519,103.0,106.07,106.99,95.07,52949,544757934.0,11.28,0.42,0.44,1.3,106.07,106.99,95.07,10.12
1324,2007-06-06,600519,105.0,105.51,109.0,102.03,31384,329128886.0,6.57,-0.53,-0.56,0.77,105.51,109.0,102.03,37.82
1325,2007-06-07,600519,105.52,105.66,107.5,104.18,53371,562638223.0,3.15,0.14,0.15,1.31,105.66,107.5,104.18,35.12
1326,2007-06-08,600519,106.79,106.91,107.49,105.0,35819,381067005.0,2.36,1.18,1.25,0.88,106.91,107.49,105.0,39.04
1327,2007-06-11,600519,107.6,117.6,117.6,106.96,54095,620110688.0,9.95,10.0,10.69,1.33,117.6,117.6,106.96,142.36
1328,2007-06-12,600519,119.99,120.43,122.5,115.06,44190,529299495.0,6.33,2.41,2.83,1.08,120.43,122.5,115.06,189.35
1329,2007-06-13,600519,119.49,119.87,123.45,118.0,38684,465951672.0,4.53,-0.47,-0.56,0.95,119.87,123.45,118.0,168.34
1330,2007-06-14,600519,118.8,125.16,130.0,118.29,34881,435609721.0,9.77,4.41,5.29,0.86,125.16,130.0,118.29,176.86
1331,2007-06-15,600519,123.97,125.88,126.2,123.8,14898,185772690.0,1.92,0.58,0.72,0.37,125.88,126.2,123.8,141.63
1332,2007-06-18,600519,126.48,126.96,131.44,125.11,21722,277680174.0,5.03,0.86,1.08,0.53,126.96,131.44,125.11,130.78
1333,2007-06-19,600519,125.58,123.4,127.0,122.0,27947,348478544.0,3.94,-2.8,-3.56,0.69,123.4,127.0,122.0,82.29
1334,2007-06-20,600519,122.52,123.43,126.98,121.2,19170,236303439.0,4.68,0.02,0.03,0.47,123.43,126.98,121.2,68.69
1335,2007-06-21,600519,121.6,123.83,124.78,121.0,19401,238688175.0,3.06,0.32,0.4,0.48,123.83,124.78,121.0,55.27
1336,2007-06-22,600519,123.87,120.83,125.4,119.0,17853,218079514.0,5.17,-2.42,-3.0,0.44,120.83,125.4,119.0,37.51
1337,2007-06-25,600519,120.1,119.09,124.51,118.5,32757,398355115.0,4.97,-1.44,-1.74,0.8,119.09,124.51,118.5,20.76
1338,2007-06-26,600519,118.89,120.22,121.0,115.57,12272,145796096.0,4.56,0.95,1.13,0.3,120.22,121.0,115.57,-10.99
1339,2007-06-27,600519,121.21,124.49,124.62,119.2,23766,293372111.0,4.51,3.55,4.27,0.58,124.49,124.62,119.2,33.03
1340,2007-06-28,600519,124.9,121.88,125.5,121.53,26212,326430499.0,3.19,-2.1,-2.61,0.64,121.88,125.5,121.53,22.45
1341,2007-06-29,600519,119.5,119.68,123.45,118.15,15499,186255139.0,4.35,-1.81,-2.2,0.38,119.68,123.45,118.15,-72.24
1342,2007-07-02,600519,119.0,119.07,120.0,115.0,19600,229624506.0,4.18,-0.51,-0.61,0.48,119.07,120.0,115.0,-142.09
1343,2007-07-03,600519,119.2,118.22,119.5,116.0,11009,129623748.0,2.94,-0.71,-0.85,0.27,118.22,119.5,116.0,-127.46
1344,2007-07-04,600519,118.22,117.12,119.4,116.21,11557,135460424.0,2.7,-0.93,-1.1,0.28,117.12,119.4,116.21,-113.72
1345,2007-07-05,600519,116.0,114.03,118.0,113.11,17044,194675509.0,4.18,-2.64,-3.09,0.42,114.03,118.0,113.11,-148.54
1346,2007-07-06,600519,113.6,117.88,118.05,113.6,15596,180456456.0,3.9,3.38,3.85,0.38,117.88,118.05,113.6,-99.53
1347,2007-07-09,600519,118.2,120.15,120.7,117.5,11643,138656746.0,2.71,1.93,2.27,0.29,120.15,120.7,117.5,-14.12
1348,2007-07-10,600519,120.0,118.0,120.0,117.0,9794,115825748.0,2.5,-1.79,-2.15,0.24,118.0,120.0,117.0,-38.74
1349,2007-07-11,600519,117.0,115.84,117.0,114.8,12130,140017458.0,1.86,-1.83,-2.16,0.3,115.84,117.0,114.8,-105.04
1350,2007-07-12,600519,116.0,114.37,116.47,113.89,14739,168661711.0,2.23,-1.27,-1.47,0.36,114.37,116.47,113.89,-120.18
1351,2007-07-13,600519,114.03,114.49,115.48,113.92,9167,104813064.0,1.36,0.1,0.12,0.22,114.49,115.48,113.92,-113.19
1352,2007-07-16,600519,114.98,111.28,114.98,111.23,10747,121378863.0,3.28,-2.8,-3.21,0.26,111.28,114.98,111.23,-146.16
1353,2007-07-17,600519,111.2,115.13,115.2,109.3,15066,168233760.0,5.3,3.46,3.85,0.37,115.13,115.2,109.3,-109.22
1354,2007-07-18,600519,113.83,116.08,117.01,112.0,11357,130799471.0,4.35,0.83,0.95,0.28,116.08,117.01,112.0,-46.9
1355,2007-07-19,600519,115.09,118.75,119.08,115.0,14747,173893104.0,3.51,2.3,2.67,0.36,118.75,119.08,115.0,54.88
1356,2007-07-20,600519,117.9,119.94,120.5,117.0,14294,171502982.0,2.95,1.0,1.19,0.35,119.94,120.5,117.0,106.11
1357,2007-07-23,600519,120.8,125.45,126.66,119.06,19093,237054485.0,6.34,4.59,5.51,0.47,125.45,126.66,119.06,208.68
1358,2007-07-24,600519,125.6,123.46,126.0,122.9,13104,162555321.0,2.47,-1.59,-1.99,0.32,123.46,126.0,122.9,166.94
1359,2007-07-25,600519,122.5,121.99,124.0,121.5,15242,186522568.0,2.02,-1.19,-1.47,0.37,121.99,124.0,121.5,106.09
1360,2007-07-26,600519,122.88,123.04,125.0,122.2,13053,161489704.0,2.3,0.86,1.05,0.32,123.04,125.0,122.2,104.21
1361,2007-07-27,600519,120.55,119.5,122.49,119.01,16312,196650321.0,2.83,-2.88,-3.54,0.4,119.5,122.49,119.01,40.91
1362,2007-07-30,600519,119.5,124.39,125.6,119.21,27877,339526695.0,5.35,4.09,4.89,0.68,124.39,125.6,119.21,79.78
1363,2007-07-31,600519,123.88,129.07,130.0,123.22,27166,344790131.0,5.45,3.76,4.68,0.67,129.07,130.0,123.22,130.21
1364,2007-08-01,600519,129.0,126.03,130.0,125.01,19966,253670740.0,3.87,-2.36,-3.04,0.49,126.03,130.0,125.01,106.85
1365,2007-08-02,600519,126.5,129.91,131.5,126.5,20521,264786522.0,3.97,3.08,3.88,0.5,129.91,131.5,126.5,124.05
1366,2007-08-03,600519,129.88,138.09,139.09,129.66,34107,458343376.0,7.26,6.3,8.18,0.84,138.09,139.09,129.66,196.99
1367,2007-08-06,600519,138.13,138.07,139.99,136.02,17470,239532860.0,2.87,-0.01,-0.02,0.43,138.07,139.99,136.02,184.03
1368,2007-08-07,600519,138.05,138.52,138.98,136.46,23874,327024703.0,1.83,0.33,0.45,0.59,138.52,138.98,136.46,145.99
1369,2007-08-08,600519,138.52,138.85,145.98,135.75,12945,183151083.0,7.39,0.24,0.33,0.32,138.85,145.98,135.75,138.32
1370,2007-08-09,600519,142.6,144.59,146.36,140.0,15475,224211231.0,4.58,4.13,5.74,0.38,144.59,146.36,140.0,138.8
1371,2007-08-10,600519,144.16,139.96,145.5,139.0,23842,338962358.0,4.5,-3.2,-4.63,0.58,139.96,145.5,139.0,96.06
1372,2007-08-13,600519,139.98,137.73,139.98,133.36,19141,259481908.0,4.73,-1.59,-2.23,0.47,137.73,139.98,133.36,47.09
1373,2007-08-14,600519,136.0,136.93,138.0,134.22,16144,218395050.0,2.74,-0.58,-0.8,0.4,136.93,138.0,134.22,34.37
1374,2007-08-15,600519,136.91,136.0,140.5,134.5,23520,323360822.0,4.38,-0.68,-0.93,0.58,136.0,140.5,134.5,34.25
1375,2007-08-16,600519,134.51,135.01,138.0,131.5,21306,286757937.0,4.78,-0.73,-0.99,0.52,135.01,138.0,131.5,-1.31
1376,2007-08-17,600519,136.18,135.16,141.18,134.51,24164,330979043.0,4.94,0.11,0.15,0.59,135.16,141.18,134.51,18.9
1377,2007-08-20,600519,137.1,143.49,144.8,137.1,18751,265241753.0,5.7,6.16,8.33,0.46,143.49,144.8,137.1,104.83
1378,2007-08-21,600519,143.52,148.04,150.0,143.52,18811,278103261.0,4.52,3.17,4.55,0.46,148.04,150.0,143.52,183.53
1379,2007-08-22,600519,146.0,155.23,156.8,145.5,26195,401151824.0,7.63,4.86,7.19,0.64,155.23,156.8,145.5,219.1
1380,2007-08-23,600519,155.22,159.95,161.2,154.0,19264,304024687.0,4.64,3.04,4.72,0.47,159.95,161.2,154.0,221.77
1381,2007-08-24,600519,159.89,157.15,161.99,156.0,20630,326076166.0,3.74,-1.75,-2.8,0.51,157.15,161.99,156.0,160.04
1382,2007-08-27,600519,157.0,155.06,159.98,155.0,20823,327422195.0,3.17,-1.33,-2.09,0.51,155.06,159.98,155.0,112.17
1383,2007-08-28,600519,154.01,153.79,156.0,153.1,17206,265824520.0,1.87,-0.82,-1.27,0.42,153.79,156.0,153.1,75.42
1384,2007-08-29,600519,152.78,153.6,157.46,152.0,11997,186047475.0,3.55,-0.12,-0.19,0.29,153.6,157.46,152.0,65.16
1385,2007-08-30,600519,153.9,154.99,155.79,153.45,9195,142153246.0,1.52,0.9,1.39,0.23,154.99,155.79,153.45,59.73
1386,2007-08-31,600519,155.0,159.93,160.1,154.0,10007,158100458.0,3.94,3.19,4.94,0.25,159.93,160.1,154.0,75.18
1387,2007-09-03,600519,160.9,159.82,163.4,159.5,18749,303353295.0,2.44,-0.07,-0.11,0.46,159.82,163.4,159.5,89.89
1388,2007-09-04,600519,159.6,152.8,159.6,151.0,47220,723864066.0,5.38,-4.39,-7.02,1.16,152.8,159.6,151.0,28.32
1389,2007-09-05,600519,152.92,151.81,154.95,148.58,22880,343653908.0,4.17,-0.65,-0.99,0.56,151.81,154.95,148.58,-15.12
1390,2007-09-06,600519,152.0,149.99,152.0,148.9,27526,412746126.0,2.04,-1.2,-1.82,0.67,149.99,152.0,148.9,-64.53
1391,2007-09-07,600519,149.99,144.46,149.99,143.9,33012,480091647.0,4.06,-3.69,-5.53,0.81,144.46,149.99,143.9,-163.98
1392,2007-09-10,600519,140.25,142.11,144.31,140.25,40802,577753207.0,2.81,-1.63,-2.35,1.0,142.11,144.31,140.25,-207.29
1393,2007-09-11,600519,142.0,143.8,146.48,142.0,25866,374651914.0,3.15,1.19,1.69,0.63,143.8,146.48,142.0,-134.99
1394,2007-09-12,600519,143.0,143.72,146.0,140.33,12192,173598048.0,3.94,-0.06,-0.08,0.3,143.72,146.0,140.33,-117.39
1395,2007-09-13,600519,144.0,143.84,144.5,141.0,21166,302740276.0,2.44,0.08,0.12,0.52,143.84,144.5,141.0,-99.88
1396,2007-09-14,600519,144.0,148.39,150.0,141.73,36626,533527808.0,5.75,3.16,4.55,0.9,148.39,150.0,141.73,-46.39
1397,2007-09-17,600519,148.0,151.97,152.98,145.76,38819,581454298.0,4.87,2.41,3.58,0.95,151.97,152.98,145.76,2.81
1398,2007-09-18,600519,152.2,146.47,152.2,144.88,14837,218334186.0,4.82,-3.62,-5.5,0.36,146.47,152.2,144.88,-23.88
1399,2007-09-19,600519,145.1,141.5,145.5,139.77,29013,410862934.0,3.91,-3.39,-4.97,0.71,141.5,145.5,139.77,-88.93
1400,2007-09-20,600519,141.72,145.03,145.85,141.72,12903,185888065.0,2.92,2.49,3.53,0.32,145.03,145.85,141.72,-55.28
1401,2007-09-21,600519,145.06,144.85,145.49,141.8,12788,183153720.0,2.54,-0.12,-0.18,0.31,144.85,145.49,141.8,-50.61
1402,2007-09-24,600519,144.0,141.5,145.8,140.51,31705,450160399.0,3.65,-2.31,-3.35,0.78,141.5,145.8,140.51,-73.72
1403,2007-09-25,600519,141.46,140.91,143.3,138.58,30250,424466923.0,3.34,-0.42,-0.59,0.74,140.91,143.3,138.58,-108.41
1404,2007-09-26,600519,139.01,145.68,147.5,139.01,30960,450482553.0,6.03,3.39,4.77,0.76,145.68,147.5,139.01,-12.33
1405,2007-09-27,600519,145.67,146.09,147.5,142.55,12715,185721030.0,3.4,0.28,0.41,0.31,146.09,147.5,142.55,37.36
1406,2007-09-28,600519,145.98,150.47,152.6,145.52,26937,406110739.0,4.85,3.0,4.38,0.66,150.47,152.6,145.52,141.84
1407,2007-10-08,600519,151.53,147.15,154.81,147.0,23393,349755743.0,5.19,-2.21,-3.32,0.57,147.15,154.81,147.0,115.46
1408,2007-10-09,600519,146.5,158.76,161.0,146.5,37711,587350510.0,9.85,7.89,11.61,0.92,158.76,161.0,146.5,192.06
1409,2007-10-10,600519,160.71,164.47,168.4,157.0,22651,370471299.0,7.18,3.6,5.71,0.56,164.47,168.4,157.0,240.48
1410,2007-10-11,600519,164.84,173.27,177.0,164.5,30558,530601955.0,7.6,5.35,8.8,0.75,173.27,177.0,164.5,238.17
1411,2007-10-12,600519,175.1,178.81,180.41,168.0,26009,456041256.0,7.16,3.2,5.54,0.64,178.81,180.41,168.0,186.92
1412,2007-10-15,600519,176.1,188.58,194.0,176.1,20908,388728699.0,10.01,5.46,9.77,0.51,188.58,194.0,176.1,182.4
1413,2007-10-16,600519,188.99,185.03,188.99,181.12,21094,389861626.0,4.17,-1.88,-3.55,0.52,185.03,188.99,181.12,135.04
1414,2007-10-17,600519,184.0,182.0,184.0,181.0,14708,267399495.0,1.62,-1.64,-3.03,0.36,182.0,184.0,181.0,99.62
1415,2007-10-18,600519,178.68,176.79,182.0,174.0,19954,355237068.0,4.4,-2.86,-5.21,0.49,176.79,182.0,174.0,67.51
1416,2007-10-19,600519,176.5,180.16,186.0,176.5,17729,320347389.0,5.37,1.91,3.37,0.43,180.16,186.0,176.5,70.95
1417,2007-10-22,600519,178.0,178.91,182.0,175.5,7797,139362375.0,3.61,-0.69,-1.25,0.19,178.91,182.0,175.5,53.69
1418,2007-10-23,600519,183.5,188.0,193.0,183.3,22291,420266818.0,5.42,5.08,9.09,0.55,188.0,193.0,183.3,90.14
1419,2007-10-24,600519,188.05,191.99,199.0,169.2,25469,485816458.0,15.85,2.12,3.99,0.62,191.99,199.0,169.2,77.61
1420,2007-10-25,600519,189.0,193.75,198.0,186.0,20353,394422086.0,6.25,0.92,1.76,0.5,193.75,198.0,186.0,109.1
1421,2007-10-26,600519,190.74,195.04,196.0,185.12,20010,379656727.0,5.62,0.67,1.29,0.49,195.04,196.0,185.12,102.56
1422,2007-10-29,600519,193.01,190.74,197.5,188.88,11074,212842981.0,4.42,-2.2,-4.3,0.27,190.74,197.5,188.88,100.4
1423,2007-10-30,600519,192.02,187.4,193.98,183.33,12565,233823943.0,5.58,-1.75,-3.34,0.31,187.4,193.98,183.33,49.96
1424,2007-10-31,600519,187.81,191.01,192.4,187.81,10814,206054370.0,2.45,1.93,3.61,0.27,191.01,192.4,187.81,70.03
1425,2007-11-01,600519,192.5,184.82,192.5,183.9,9620,178327384.0,4.5,-3.24,-6.19,0.24,184.82,192.5,183.9,13.05
1426,2007-11-02,600519,183.0,184.07,184.79,178.0,13836,250008018.0,3.67,-0.41,-0.75,0.34,184.07,184.79,178.0,-59.79
1427,2007-11-05,600519,184.0,182.01,186.0,180.0,5279,96705832.0,3.26,-1.12,-2.06,0.13,182.01,186.0,180.0,-48.71
1428,2007-11-06,600519,180.08,181.93,185.62,180.08,2459,44828815.0,3.04,-0.04,-0.08,0.06,181.93,185.62,180.08,-51.07
1429,2007-11-07,600519,182.5,178.68,185.0,177.4,9086,162628670.0,4.18,-1.79,-3.25,0.22,178.68,185.0,177.4,-92.27
1430,2007-11-08,600519,178.72,174.02,179.99,172.01,5723,99837136.0,4.47,-2.61,-4.66,0.14,174.02,179.99,172.01,-150.39
1431,2007-11-09,600519,172.02,171.52,177.3,170.5,5127,88657729.0,3.91,-1.44,-2.5,0.13,171.52,177.3,170.5,-160.65
1432,2007-11-12,600519,171.61,170.32,172.6,167.5,15224,256445671.0,2.97,-0.7,-1.2,0.37,170.32,172.6,167.5,-155.76
1433,2007-11-13,600519,172.0,177.78,182.95,172.0,23911,425423638.0,6.43,4.38,7.46,0.59,177.78,182.95,172.0,-62.99
1434,2007-11-14,600519,177.78,186.97,187.35,177.78,11164,203847742.0,5.38,5.17,9.19,0.27,186.97,187.35,177.78,16.11
1435,2007-11-15,600519,187.07,184.0,187.07,183.2,10558,195317064.0,2.07,-1.59,-2.97,0.26,184.0,187.07,183.2,34.47
1436,2007-11-16,600519,183.5,179.99,183.5,179.32,3716,67016964.0,2.27,-2.18,-4.01,0.09,179.99,183.5,179.32,-6.86
1437,2007-11-19,600519,180.0,182.5,186.0,177.6,5397,98848664.0,4.67,1.39,2.51,0.13,182.5,186.0,177.6,17.96
1438,2007-11-20,600519,182.5,185.52,186.0,182.0,9473,174670137.0,2.19,1.65,3.02,0.23,185.52,186.0,182.0,71.16
1439,2007-11-21,600519,186.0,184.57,187.3,182.48,12411,229047999.0,2.6,-0.51,-0.95,0.3,184.57,187.3,182.48,81.58
1440,2007-11-22,600519,182.0,178.26,184.0,177.77,7727,140489848.0,3.38,-3.42,-6.31,0.19,178.26,184.0,177.77,-3.57
1441,2007-11-23,600519,178.0,174.0,181.0,172.5,7692,134898312.0,4.77,-2.39,-4.26,0.19,174.0,181.0,172.5,-68.14
1442,2007-11-26,600519,177.5,179.32,179.98,175.0,8656,154008451.0,2.86,3.06,5.32,0.21,179.32,179.98,175.0,-22.99
1443,2007-11-27,600519,178.9,182.12,184.0,176.5,11036,199433858.0,4.18,1.56,2.8,0.27,182.12,184.0,176.5,25.42
1444,2007-11-28,600519,180.2,176.63,182.2,172.0,11406,201326440.0,5.6,-3.01,-5.49,0.28,176.63,182.2,172.0,-47.48
1445,2007-11-29,600519,175.02,175.49,178.99,172.48,18463,323298143.0,3.69,-0.65,-1.14,0.45,175.49,178.99,172.48,-78.83
1446,2007-11-30,600519,177.8,173.49,177.8,173.0,14273,248057710.0,2.74,-1.14,-2.0,0.35,173.49,177.8,173.0,-114.79
1447,2007-12-03,600519,172.53,174.12,175.0,172.5,8516,147689836.0,1.44,0.36,0.63,0.21,174.12,175.0,172.5,-117.1
1448,2007-12-04,600519,174.5,176.5,178.5,174.5,9010,158913696.0,2.3,1.37,2.38,0.22,176.5,178.5,174.5,-55.61
1449,2007-12-05,600519,176.6,183.01,185.0,176.6,9930,180611804.0,4.76,3.69,6.51,0.24,183.01,185.0,176.6,54.51
1450,2007-12-06,600519,184.97,184.38,184.97,181.5,5274,96863844.0,1.9,0.75,1.37,0.13,184.38,184.97,181.5,89.88
1451,2007-12-07,600519,184.89,193.04,194.0,184.89,11615,222166859.0,4.94,4.7,8.66,0.28,193.04,194.0,184.89,185.83
1452,2007-12-11,600519,199.0,201.72,206.2,198.5,29702,596580876.0,3.99,4.5,8.68,0.73,201.72,206.2,198.5,263.59
1453,2007-12-12,600519,201.4,201.8,206.2,199.96,25282,511973884.0,3.09,0.04,0.08,0.62,201.8,206.2,199.96,190.92
1454,2007-12-13,600519,200.0,200.49,203.5,197.0,17437,349075780.0,3.22,-0.65,-1.31,0.43,200.49,203.5,197.0,127.38
1455,2007-12-14,600519,199.0,216.0,217.88,197.03,16003,331667409.0,10.4,7.74,15.51,0.39,216.0,217.88,197.03,150.14
1456,2007-12-17,600519,215.1,211.0,225.0,207.0,17451,373879346.0,8.33,-2.31,-5.0,0.43,211.0,225.0,207.0,136.29
1457,2007-12-18,600519,207.1,200.99,207.11,198.01,18508,372844742.0,4.31,-4.74,-10.01,0.45,200.99,207.11,198.01,60.59
1458,2007-12-19,600519,203.8,202.95,205.9,196.99,13934,278674107.0,4.43,0.98,1.96,0.34,202.95,205.9,196.99,51.53
1459,2007-12-20,600519,205.8,203.78,206.24,200.05,6903,140714576.0,3.05,0.41,0.83,0.17,203.78,206.24,200.05,51.21
1460,2007-12-21,600519,204.0,211.03,212.4,204.0,9516,198189104.0,4.12,3.56,7.25,0.23,211.03,212.4,204.0,76.18
1461,2007-12-24,600519,215.88,209.38,215.95,208.98,21204,449776303.0,3.3,-0.78,-1.65,0.52,209.38,215.95,208.98,87.47
1462,2007-12-25,600519,209.38,216.5,218.38,209.38,17157,368772023.0,4.3,3.4,7.12,0.42,216.5,218.38,209.38,114.29
1463,2007-12-26,600519,215.98,222.01,223.5,215.05,14594,322367541.0,3.9,2.55,5.51,0.36,222.01,223.5,215.05,139.65
1464,2007-12-27,600519,222.0,224.85,225.3,217.2,21907,485898989.0,3.65,1.28,2.84,0.54,224.85,225.3,217.2,139.76
1465,2007-12-28,600519,221.6,230.0,230.1,217.77,26628,600445954.0,5.48,2.29,5.15,0.65,230.0,230.1,217.77,151.56
1466,2008-01-02,600519,227.0,222.02,228.94,221.0,19086,428486871.0,3.45,-3.47,-7.98,0.47,222.02,228.94,221.0,111.15
1467,2008-01-03,600519,222.3,214.15,227.0,211.78,29799,638361163.0,6.86,-3.54,-7.87,0.73,214.15,227.0,211.78,45.75
1468,2008-01-04,600519,212.0,215.24,216.08,208.0,33304,704732968.0,3.77,0.51,1.09,0.82,215.24,216.08,208.0,-5.42
1469,2008-01-07,600519,215.49,212.33,219.0,209.96,30409,646078990.0,4.2,-1.35,-2.91,0.75,212.33,219.0,209.96,-1.11
1470,2008-01-08,600519,211.0,215.03,217.59,208.6,32218,682166585.0,4.23,1.27,2.7,0.79,215.03,217.59,208.6,-0.91
1471,2008-01-09,600519,211.88,215.04,216.96,211.88,12010,256589157.0,2.36,0.0,0.01,0.29,215.04,216.96,211.88,-1.2
1472,2008-01-10,600519,216.0,217.08,219.56,213.4,20827,450693940.0,2.86,0.95,2.04,0.51,217.08,219.56,213.4,13.11
1473,2008-01-11,600519,218.0,216.02,219.85,212.0,19811,425014224.0,3.62,-0.49,-1.06,0.49,216.02,219.85,212.0,-12.45
1474,2008-01-14,600519,225.0,224.12,228.6,218.5,42925,959882221.0,4.68,3.75,8.1,1.05,224.12,228.6,218.5,101.34
1475,2008-01-15,600519,224.4,228.36,230.55,224.4,21303,486145572.0,2.74,1.89,4.24,0.52,228.36,230.55,224.4,134.68
1476,2008-01-16,600519,226.8,222.84,227.0,222.0,22419,502236876.0,2.19,-2.42,-5.52,0.55,222.84,227.0,222.0,65.79
1477,2008-01-17,600519,223.49,218.0,223.5,216.0,31614,697313171.0,3.37,-2.17,-4.84,0.77,218.0,223.5,216.0,-4.51
1478,2008-01-18,600519,218.06,214.97,219.5,213.0,20417,441871091.0,2.98,-1.39,-3.03,0.5,214.97,219.5,213.0,-48.33
1479,2008-01-21,600519,215.45,211.01,217.28,207.0,24987,531115484.0,4.78,-1.84,-3.96,0.61,211.01,217.28,207.0,-101.03
1480,2008-01-22,600519,206.98,210.53,219.95,201.0,44909,949589574.0,8.98,-0.23,-0.48,1.1,210.53,219.95,201.0,-111.95
1481,2008-01-23,600519,214.1,220.12,220.3,212.64,23146,502720215.0,3.64,4.56,9.59,0.57,220.12,220.3,212.64,11.45
1482,2008-01-24,600519,222.0,222.0,224.3,217.0,18486,408534678.0,3.32,0.85,1.88,0.45,222.0,224.3,217.0,58.77
1483,2008-01-25,600519,221.9,218.89,225.5,216.0,17993,397838438.0,4.28,-1.4,-3.11,0.44,218.89,225.5,216.0,35.28
1484,2008-01-28,600519,215.5,214.79,220.0,208.9,14170,303150636.0,5.07,-1.87,-4.1,0.35,214.79,220.0,208.9,-60.66
1485,2008-01-29,600519,214.85,215.46,218.0,213.0,10107,217278903.0,2.33,0.31,0.67,0.25,215.46,218.0,213.0,-46.52
1486,2008-01-30,600519,217.0,214.76,217.0,206.2,29332,621090086.0,5.01,-0.32,-0.7,0.72,214.76,217.0,206.2,-85.27
1487,2008-01-31,600519,210.99,206.03,213.0,206.0,13905,289075904.0,3.26,-4.07,-8.73,0.34,206.03,213.0,206.0,-130.26
1488,2008-02-01,600519,204.99,202.51,204.99,198.9,21467,431423198.0,2.96,-1.71,-3.52,0.53,202.51,204.99,198.9,-181.6
1489,2008-02-04,600519,204.61,211.98,214.65,204.0,29546,617972158.0,5.26,4.68,9.47,0.72,211.98,214.65,204.0,-63.85
1490,2008-02-05,600519,212.0,209.38,212.0,208.0,8478,177590097.0,1.89,-1.23,-2.6,0.21,209.38,212.0,208.0,-59.46
1491,2008-02-13,600519,208.0,203.0,208.0,202.0,4972,101444765.0,2.87,-3.05,-6.38,0.12,203.0,208.0,202.0,-125.71
1492,2008-02-14,600519,205.0,203.11,205.9,202.1,7556,153806138.0,1.87,0.05,0.11,0.19,203.11,205.9,202.1,-114.48
1493,2008-02-15,600519,202.97,201.08,203.0,198.0,12811,256163700.0,2.46,-1.0,-2.03,0.31,201.08,203.0,198.0,-128.39
1494,2008-02-18,600519,201.8,206.96,207.1,201.8,12577,257765662.0,2.64,2.92,5.88,0.31,206.96,207.1,201.8,-61.63
1495,2008-02-19,600519,206.95,206.99,208.0,203.0,7287,149403801.0,2.42,0.01,0.03,0.18,206.99,208.0,203.0,-45.81
1496,2008-02-20,600519,207.0,206.1,209.9,205.15,9701,200650696.0,2.29,-0.43,-0.89,0.24,206.1,209.9,205.15,-23.12
1497,2008-02-21,600519,208.5,205.44,208.89,204.8,12204,250662269.0,1.98,-0.32,-0.66,0.3,205.44,208.89,204.8,-22.81
1498,2008-02-22,600519,205.01,200.6,206.47,197.0,19422,391675409.0,4.61,-2.36,-4.84,0.48,200.6,206.47,197.0,-105.56
1499,2008-02-25,600519,199.9,196.86,200.0,196.0,11218,222633128.0,1.99,-1.86,-3.74,0.27,196.86,200.0,196.0,-160.23
1500,2008-02-26,600519,198.0,187.8,200.35,185.9,35143,669275552.0,7.34,-4.6,-9.06,0.86,187.8,200.35,185.9,-221.47
1501,2008-02-27,600519,187.0,192.18,195.0,183.2,12116,231597749.0,6.28,2.33,4.38,0.3,192.18,195.0,183.2,-180.61
1502,2008-02-28,600519,192.19,190.0,194.0,188.02,7226,137808743.0,3.11,-1.13,-2.18,0.18,190.0,194.0,188.02,-133.59
1503,2008-02-29,600519,190.5,195.0,195.98,188.1,7114,137296143.0,4.15,2.63,5.0,0.17,195.0,195.98,188.1,-87.86
1504,2008-03-03,600519,204.1,214.5,214.5,204.1,17783,380241620.0,5.33,10.0,19.5,0.44,214.5,214.5,204.1,120.68
1505,2008-03-04,600519,225.82,220.93,228.9,217.05,37898,847885908.0,5.52,3.0,6.43,0.93,220.93,228.9,217.05,196.45
1506,2008-03-05,600519,220.91,220.67,226.1,217.5,14039,310232368.0,3.89,-0.12,-0.26,0.34,220.67,226.1,217.5,148.69
1507,2008-03-06,600519,220.68,217.02,224.0,216.8,8197,180277491.0,3.26,-1.65,-3.65,0.2,217.02,224.0,216.8,109.84
1508,2008-03-07,600519,216.25,213.17,216.51,209.1,14896,315047844.0,3.41,-1.77,-3.85,0.37,213.17,216.51,209.1,55.72
1509,2008-03-10,600519,210.0,209.59,215.02,207.2,10673,223726599.0,3.67,-1.68,-3.58,0.26,209.59,215.02,207.2,35.91
1510,2008-03-11,600519,207.5,214.78,216.5,206.05,11377,241463106.0,4.99,2.48,5.19,0.28,214.78,216.5,206.05,44.38
1511,2008-03-12,600519,217.99,212.25,218.78,208.36,6120,130239209.0,4.85,-1.18,-2.53,0.15,212.25,218.78,208.36,43.93
1512,2008-03-13,600519,198.11,212.7,215.0,191.04,16690,344992828.0,11.29,0.21,0.45,0.41,212.7,215.0,191.04,-2.23
1513,2008-03-14,600519,209.8,205.04,209.8,203.99,11858,244698923.0,2.73,-3.6,-7.66,0.29,205.04,209.8,203.99,-6.59
1514,2008-03-17,600519,200.03,200.71,203.98,198.5,17189,344059102.0,2.67,-2.11,-4.33,0.42,200.71,203.98,198.5,-53.18
1515,2008-03-18,600519,196.84,189.54,200.0,186.0,30225,577180431.0,6.98,-5.57,-11.17,0.74,189.54,200.0,186.0,-127.96
1516,2008-03-19,600519,189.01,191.08,195.0,188.11,18579,355372038.0,3.64,0.81,1.54,0.46,191.08,195.0,188.11,-132.86
1517,2008-03-20,600519,189.9,192.94,196.0,179.5,14756,275079993.0,8.64,0.97,1.86,0.36,192.94,196.0,179.5,-141.23
1518,2008-03-21,600519,194.3,193.68,197.0,191.2,3999,77823413.0,3.01,0.38,0.74,0.1,193.68,197.0,191.2,-89.47
1519,2008-03-24,600519,194.0,192.31,196.36,189.6,9357,179280128.0,3.49,-0.71,-1.37,0.23,192.31,196.36,189.6,-82.42
1520,2008-03-25,600519,188.0,186.96,191.98,186.0,11288,211875344.0,3.11,-2.78,-5.35,0.28,186.96,191.98,186.0,-97.58
1521,2008-03-26,600519,187.5,185.49,190.0,183.0,4475,83590677.0,3.74,-0.79,-1.47,0.11,185.49,190.0,183.0,-98.53
1522,2008-03-27,600519,181.0,181.06,187.98,180.9,18925,344830534.0,3.82,-2.39,-4.43,0.46,181.06,187.98,180.9,-104.63
1523,2008-03-28,600519,181.5,186.58,187.6,180.0,6716,123097898.0,4.2,3.05,5.52,0.16,186.58,187.6,180.0,-85.81
1524,2008-03-31,600519,185.8,187.71,189.5,183.0,15021,281358730.0,3.48,0.61,1.13,0.37,187.71,189.5,183.0,-66.22
1525,2008-04-01,600519,189.5,184.65,189.5,182.0,13679,252613478.0,4.0,-1.63,-3.06,0.34,184.65,189.5,182.0,-76.11
1526,2008-04-02,600519,184.0,182.58,189.0,172.01,16431,298960718.0,9.2,-1.12,-2.07,0.4,182.58,189.0,172.01,-115.96
1527,2008-04-03,600519,179.0,178.01,182.0,175.0,13420,237997145.0,3.83,-2.5,-4.57,0.33,178.01,182.0,175.0,-146.08
1528,2008-04-07,600519,177.0,184.78,185.5,175.0,21969,394870541.0,5.9,3.8,6.77,0.54,184.78,185.5,175.0,-87.71
1529,2008-04-08,600519,184.5,191.53,193.0,182.0,13058,247291459.0,5.95,3.65,6.75,0.32,191.53,193.0,182.0,41.42
1530,2008-04-09,600519,188.7,183.45,190.0,182.85,12507,234604519.0,3.73,-4.22,-8.08,0.31,183.45,190.0,182.85,-14.94
1531,2008-04-10,600519,182.0,178.39,183.0,175.9,20410,365825520.0,3.87,-2.76,-5.06,0.5,178.39,183.0,175.9,-122.15
1532,2008-04-11,600519,178.5,175.65,179.0,175.0,23958,424169970.0,2.24,-1.54,-2.74,0.59,175.65,179.0,175.0,-143.32
1533,2008-04-14,600519,174.98,168.09,174.98,167.68,21684,369038598.0,4.16,-4.3,-7.56,0.53,168.09,174.98,167.68,-203.43
1534,2008-04-15,600519,167.0,168.38,168.5,161.5,20148,330691480.0,4.16,0.17,0.29,0.49,168.38,168.5,161.5,-200.46
1535,2008-04-16,600519,168.0,169.12,173.0,164.06,15639,265734673.0,5.31,0.44,0.74,0.38,169.12,173.0,164.06,-130.53
1536,2008-04-17,600519,170.5,169.12,174.0,166.1,10401,176634095.0,4.67,0.0,0.0,0.25,169.12,174.0,166.1,-98.23
1537,2008-04-18,600519,166.65,170.06,172.5,164.0,13768,229547374.0,5.03,0.56,0.94,0.34,170.06,172.5,164.0,-89.93
1538,2008-04-21,600519,180.0,171.54,183.0,166.02,14523,250079531.0,9.98,0.87,1.48,0.36,171.54,183.0,166.02,-34.41
1539,2008-04-22,600519,166.0,165.2,172.0,155.0,22129,359871902.0,9.91,-3.7,-6.34,0.54,165.2,172.0,155.0,-115.32
1540,2008-04-23,600519,161.4,171.02,173.0,157.0,12670,211089327.0,9.69,3.52,5.82,0.31,171.02,173.0,157.0,-74.19
1541,2008-04-24,600519,183.0,185.97,188.12,177.0,39322,718031257.0,6.5,8.74,14.95,0.96,185.97,188.12,177.0,88.78
1542,2008-04-25,600519,184.0,177.82,184.0,177.8,23845,429087518.0,3.33,-4.38,-8.15,0.58,177.82,184.0,177.8,54.2
1543,2008-04-28,600519,175.99,176.6,177.47,170.17,12772,220439148.0,4.11,-0.69,-1.22,0.31,176.6,177.47,170.17,16.01
1544,2008-04-29,600519,172.01,176.57,177.77,172.01,6149,107374297.0,3.26,-0.02,-0.03,0.15,176.57,177.77,172.01,37.75
1545,2008-04-30,600519,176.66,183.13,184.9,176.66,11883,215284885.0,4.67,3.72,6.56,0.29,183.13,184.9,176.66,114.89
1546,2008-05-05,600519,183.4,183.66,185.58,181.88,8090,148396736.0,2.02,0.29,0.53,0.2,183.66,185.58,181.88,123.9
1547,2008-05-06,600519,183.0,179.78,183.0,178.08,8488,152222994.0,2.68,-2.11,-3.88,0.21,179.78,183.0,178.08,71.07
1548,2008-05-07,600519,178.0,175.54,181.6,175.48,7354,131020228.0,3.4,-2.36,-4.24,0.18,175.54,181.6,175.48,32.5
1549,2008-05-08,600519,174.99,179.03,179.8,171.0,8861,154116406.0,5.01,1.99,3.49,0.22,179.03,179.8,171.0,15.15
1550,2008-05-09,600519,179.99,177.74,179.99,175.51,5774,102419877.0,2.5,-0.72,-1.29,0.14,177.74,179.99,175.51,24.29
1551,2008-05-12,600519,174.49,181.0,182.55,172.8,9206,163594356.0,5.49,1.83,3.26,0.23,181.0,182.55,172.8,32.45
1552,2008-05-13,600519,176.48,178.96,182.9,175.2,5145,91723212.0,4.25,-1.13,-2.04,0.13,178.96,182.9,175.2,31.32
1553,2008-05-14,600519,177.3,180.76,181.3,177.12,6008,108222058.0,2.34,1.01,1.8,0.15,180.76,181.3,177.12,33.18
1554,2008-05-15,600519,182.0,183.58,187.5,179.0,14690,271639672.0,4.7,1.56,2.82,0.36,183.58,187.5,179.0,113.32
1555,2008-05-16,600519,183.0,182.94,186.0,182.05,4673,85690776.0,2.15,-0.35,-0.64,0.11,182.94,186.0,182.05,122.27
1556,2008-05-19,600519,182.94,180.01,182.94,179.06,3828,68955076.0,2.12,-1.6,-2.93,0.09,180.01,182.94,179.06,33.27
1557,2008-05-20,600519,178.1,173.09,181.2,173.0,9927,176605312.0,4.56,-3.84,-6.92,0.24,173.09,181.2,173.0,-110.62
1558,2008-05-21,600519,171.6,173.64,177.0,170.0,19543,334549900.0,4.04,0.32,0.55,0.48,173.64,177.0,170.0,-161.6
1559,2008-05-22,600519,173.34,172.84,175.0,168.44,7536,129331816.0,3.78,-0.46,-0.8,0.18,172.84,175.0,168.44,-161.76
1560,2008-05-23,600519,170.01,172.0,173.0,170.0,12891,220240585.0,1.74,-0.49,-0.84,0.32,172.0,173.0,170.0,-143.29
1561,2008-05-26,600519,170.0,172.84,173.0,170.0,7355,125694889.0,1.74,0.49,0.84,0.16,172.84,173.0,170.0,-112.71
1562,2008-05-27,600519,170.98,169.81,174.0,169.6,15456,265513865.0,2.55,-1.75,-3.03,0.34,169.81,174.0,169.6,-105.99
1563,2008-05-29,600519,169.88,169.84,172.0,167.25,9431,160096339.0,2.8,0.02,0.03,0.21,169.84,172.0,167.25,-108.62
1564,2008-05-30,600519,169.7,168.14,170.5,167.01,5203,87809655.0,2.05,-1.0,-1.7,0.11,168.14,170.5,167.01,-106.84
1565,2008-06-02,600519,168.8,171.18,172.0,164.0,8423,141068877.0,4.76,1.81,3.04,0.19,171.18,172.0,164.0,-85.86
1566,2008-06-03,600519,170.0,170.79,172.0,169.51,6577,112098666.0,1.45,-0.23,-0.39,0.14,170.79,172.0,169.51,-54.45
1567,2008-06-04,600519,168.04,168.18,170.0,167.69,6770,113903649.0,1.35,-1.53,-2.61,0.15,168.18,170.0,167.69,-80.21
1568,2008-06-05,600519,168.0,164.99,170.88,164.7,3922,65373349.0,3.67,-1.9,-3.19,0.09,164.99,170.88,164.7,-108.77
1569,2008-06-06,600519,164.99,163.82,165.01,161.01,7815,127119585.0,2.42,-0.71,-1.17,0.17,163.82,165.01,161.01,-179.61
1570,2008-06-10,600519,159.06,157.83,160.99,156.11,12716,201611524.0,2.98,-3.66,-5.99,0.28,157.83,160.99,156.11,-239.24
1571,2008-06-11,600519,156.83,157.49,158.0,154.0,9126,142357442.0,2.53,-0.22,-0.34,0.2,157.49,158.0,154.0,-198.38
1572,2008-06-12,600519,157.48,151.21,157.48,147.4,13790,210043603.0,6.4,-3.99,-6.28,0.3,151.21,157.48,147.4,-188.46
1573,2008-06-13,600519,148.11,149.49,151.4,148.11,6186,92612196.0,2.18,-1.14,-1.72,0.14,149.49,151.4,148.11,-159.25
1574,2008-06-16,600519,147.7,144.5,148.0,144.44,10220,148642350.0,2.38,-3.34,-4.99,0.22,144.5,148.0,144.44,-153.2
1575,2008-06-17,600519,143.51,141.97,143.51,140.11,17474,246424803.0,2.35,-1.75,-2.53,0.38,141.97,143.51,140.11,-145.01
1576,2008-06-18,600519,140.32,144.29,145.0,139.58,17592,250451606.0,3.82,1.63,2.32,0.39,144.29,145.0,139.58,-114.18
1577,2008-06-19,600519,144.8,140.47,144.8,140.0,6970,98494725.0,3.33,-2.65,-3.82,0.15,140.47,144.8,140.0,-104.31
1578,2008-06-20,600519,140.0,143.91,145.38,139.19,14178,202610966.0,4.41,2.45,3.44,0.31,143.91,145.38,139.19,-83.22
1579,2008-06-23,600519,142.0,134.9,142.0,134.01,15406,212913434.0,5.55,-6.26,-9.01,0.34,134.9,142.0,134.01,-108.03
1580,2008-06-24,600519,130.11,136.63,137.5,128.0,22053,297466611.0,7.04,1.28,1.73,0.48,136.63,137.5,128.0,-115.19
1581,2008-06-25,600519,135.2,144.51,145.0,134.01,12783,180759313.0,8.04,5.77,7.88,0.28,144.51,145.0,134.01,-56.16
1582,2008-06-26,600519,146.5,145.55,148.0,142.5,7754,111847423.0,3.81,0.72,1.04,0.17,145.55,148.0,142.5,-12.44
1583,2008-06-27,600519,142.39,140.26,143.65,139.01,16260,228606779.0,3.19,-3.63,-5.29,0.36,140.26,143.65,139.01,-50.2
1584,2008-06-30,600519,138.0,138.58,142.0,137.11,8498,118554068.0,3.49,-1.2,-1.68,0.19,138.58,142.0,137.11,-66.45
1585,2008-07-01,600519,138.58,136.7,138.58,136.0,7678,105264085.0,1.86,-1.36,-1.88,0.17,136.7,138.58,136.0,-96.59
1586,2008-07-02,600519,136.5,136.11,137.99,135.01,6046,82567695.0,2.18,-0.43,-0.59,0.13,136.11,137.99,135.01,-100.47
1587,2008-07-03,600519,134.73,141.03,143.0,134.42,7895,109603235.0,6.3,3.61,4.92,0.17,141.03,143.0,134.42,-22.44
1588,2008-07-04,600519,141.03,141.28,142.25,139.03,3982,56193917.0,2.28,0.18,0.25,0.09,141.28,142.25,139.03,21.31
1589,2008-07-07,600519,141.28,146.01,146.5,140.0,12515,180401010.0,4.6,3.35,4.73,0.27,146.01,146.5,140.0,100.95
1590,2008-07-08,600519,145.87,143.79,147.7,143.25,13648,198628781.0,3.05,-1.52,-2.22,0.3,143.79,147.7,143.25,111.3
1591,2008-07-09,600519,144.51,145.8,148.0,144.51,10183,149141345.0,2.43,1.4,2.01,0.22,145.8,148.0,144.51,121.02
1592,2008-07-10,600519,145.0,146.05,147.33,144.3,7170,104839731.0,2.08,0.17,0.25,0.16,146.05,147.33,144.3,104.62
1593,2008-07-11,600519,145.01,144.51,146.78,144.0,3017,43833508.0,1.9,-1.05,-1.54,0.07,144.51,146.78,144.0,74.52
1594,2008-07-14,600519,144.98,147.1,147.5,143.8,5258,77047467.0,2.56,1.79,2.59,0.12,147.1,147.5,143.8,83.22
1595,2008-07-15,600519,147.11,145.33,148.18,144.81,5735,83892162.0,2.29,-1.2,-1.77,0.13,145.33,148.18,144.81,71.71
1596,2008-07-16,600519,144.8,147.64,148.24,143.0,9010,132617391.0,3.61,1.59,2.31,0.2,147.64,148.24,143.0,72.89
1597,2008-07-17,600519,147.7,155.19,157.8,147.7,18016,279088472.0,6.84,5.11,7.55,0.4,155.19,157.8,147.7,182.64
1598,2008-07-18,600519,153.0,157.96,158.49,152.5,9220,142269871.0,3.86,1.78,2.77,0.2,157.96,158.49,152.5,201.65
1599,2008-07-21,600519,156.78,161.51,162.0,156.0,8192,130639362.0,3.8,2.25,3.55,0.18,161.51,162.0,156.0,206.02
1600,2008-07-22,600519,161.51,158.97,164.99,158.0,4276,68299820.0,4.33,-1.57,-2.54,0.09,158.97,164.99,158.0,154.87
1601,2008-07-23,600519,158.11,156.72,159.52,155.02,4525,71187874.0,2.83,-1.42,-2.25,0.1,156.72,159.52,155.02,88.61
1602,2008-07-24,600519,157.3,161.34,161.5,157.3,4447,70637128.0,2.68,2.95,4.62,0.1,161.34,161.5,157.3,101.29
1603,2008-07-25,600519,160.08,161.5,163.0,158.62,5280,84972166.0,2.71,0.1,0.16,0.12,161.5,163.0,158.62,95.05
1604,2008-07-28,600519,162.36,162.0,163.5,161.5,2563,41662711.0,1.24,0.31,0.5,0.06,162.0,163.5,161.5,94.92
1605,2008-07-29,600519,161.99,161.78,162.98,158.51,3594,57706465.0,2.76,-0.14,-0.22,0.08,161.78,162.98,158.51,72.24
1606,2008-07-30,600519,162.01,160.96,162.3,159.0,3499,56168227.0,2.04,-0.51,-0.82,0.08,160.96,162.3,159.0,61.72
1607,2008-07-31,600519,160.19,159.89,160.96,158.52,4751,75934188.0,1.52,-0.66,-1.07,0.1,159.89,160.96,158.52,44.98
1608,2008-08-01,600519,158.81,159.04,161.0,156.68,3236,51369908.0,2.7,-0.53,-0.85,0.07,159.04,161.0,156.68,25.11
1609,2008-08-04,600519,157.21,157.15,159.95,156.8,2851,44858745.0,1.98,-1.19,-1.89,0.06,157.15,159.95,156.8,-6.88
1610,2008-08-05,600519,156.69,156.39,158.1,156.0,2363,37049801.0,1.34,-0.48,-0.76,0.05,156.39,158.1,156.0,-75.98
1611,2008-08-06,600519,157.38,157.46,158.3,155.55,3303,51922049.0,1.76,0.68,1.07,0.07,157.46,158.3,155.55,-88.63
1612,2008-08-07,600519,156.55,153.53,157.99,152.5,4279,66288542.0,3.49,-2.5,-3.93,0.09,153.53,157.99,152.5,-169.36
1613,2008-08-08,600519,153.2,152.52,154.28,150.8,6117,93064197.0,2.27,-0.66,-1.01,0.13,152.52,154.28,150.8,-182.57
1614,2008-08-11,600519,149.0,146.07,153.0,146.0,7999,119572175.0,4.59,-4.23,-6.45,0.18,146.07,153.0,146.0,-220.06
1615,2008-08-12,600519,144.9,147.64,149.0,143.11,4531,66330532.0,4.03,1.07,1.57,0.1,147.64,149.0,143.11,-186.79
1616,2008-08-13,600519,146.99,147.96,148.58,146.3,6373,93902071.0,1.54,0.22,0.32,0.14,147.96,148.58,146.3,-128.77
1617,2008-08-14,600519,147.99,149.01,152.6,146.67,12971,195801266.0,4.01,0.71,1.05,0.28,149.01,152.6,146.67,-84.06
1618,2008-08-15,600519,149.0,151.78,153.0,148.1,5541,83530667.0,3.29,1.86,2.77,0.12,151.78,153.0,148.1,-52.26
1619,2008-08-18,600519,151.78,146.43,152.9,146.2,3339,50108017.0,4.41,-3.52,-5.35,0.07,146.43,152.9,146.2,-76.15
1620,2008-08-19,600519,142.09,144.02,146.81,142.09,6270,90342081.0,3.22,-1.65,-2.41,0.14,144.02,146.81,142.09,-121.7
1621,2008-08-20,600519,143.08,151.26,153.0,143.08,7250,107725247.0,6.89,5.03,7.24,0.16,151.26,153.0,143.08,-41.71
1622,2008-08-21,600519,149.52,147.87,153.0,145.01,5143,76438604.0,5.28,-2.24,-3.39,0.11,147.87,153.0,145.01,-43.02
1623,2008-08-22,600519,147.97,145.27,148.88,144.16,2911,42273682.0,3.19,-1.76,-2.6,0.06,145.27,148.88,144.16,-84.41
1624,2008-08-25,600519,145.17,144.21,145.9,142.52,4776,69152201.0,2.33,-0.73,-1.06,0.1,144.21,145.9,142.52,-121.76
1625,2008-08-26,600519,144.22,140.01,144.22,138.8,4705,66199366.0,3.76,-2.91,-4.2,0.1,140.01,144.22,138.8,-179.43
1626,2008-08-27,600519,138.13,135.15,142.49,134.97,4539,62380812.0,5.37,-3.47,-4.86,0.1,135.15,142.49,134.97,-206.17
1627,2008-08-28,600519,139.98,136.5,142.0,136.0,9634,132676988.0,4.44,1.0,1.35,0.21,136.5,142.0,136.0,-150.44
1628,2008-08-29,600519,136.98,139.99,141.0,136.0,9172,127159473.0,3.66,2.56,3.49,0.2,139.99,141.0,136.0,-108.11
1629,2008-09-01,600519,139.7,135.65,140.3,135.51,13856,190733791.0,3.42,-3.1,-4.34,0.3,135.65,140.3,135.51,-114.84
1630,2008-09-02,600519,135.66,129.99,135.66,127.84,26629,345618729.0,5.76,-4.17,-5.66,0.59,129.99,135.66,127.84,-159.22
1631,2008-09-03,600519,128.51,127.15,128.8,125.69,35456,449922401.0,2.39,-2.18,-2.84,0.78,127.15,128.8,125.69,-167.17
1632,2008-09-04,600519,127.16,129.44,130.0,126.61,8056,103033863.0,2.67,1.8,2.29,0.18,129.44,130.0,126.61,-127.94
1633,2008-09-05,600519,127.75,131.25,131.8,126.1,8607,110693148.0,4.4,1.4,1.81,0.19,131.25,131.8,126.1,-101.5
1634,2008-09-08,600519,131.38,130.56,132.55,128.91,8049,105669098.0,2.77,-0.53,-0.69,0.18,130.56,132.55,128.91,-78.44
1635,2008-09-09,600519,129.04,132.8,133.45,129.04,4145,54748548.0,3.38,1.72,2.24,0.09,132.8,133.45,129.04,-55.56
1636,2008-09-10,600519,131.5,132.77,136.0,131.5,6604,87984657.0,3.39,-0.02,-0.03,0.15,132.77,136.0,131.5,-26.36
1637,2008-09-11,600519,133.88,132.37,133.88,132.0,4657,61859281.0,1.42,-0.3,-0.4,0.1,132.37,133.88,132.0,-26.35
1638,2008-09-12,600519,132.31,133.0,134.34,132.31,6202,82660639.0,1.53,0.48,0.63,0.14,133.0,134.34,132.31,-8.76
1639,2008-09-16,600519,132.78,131.23,132.81,129.02,13758,179668932.0,2.85,-1.33,-1.77,0.3,131.23,132.81,129.02,-43.76
1640,2008-09-17,600519,131.33,128.18,132.8,127.8,8524,110881399.0,3.81,-2.32,-3.05,0.19,128.18,132.8,127.8,-67.63
1641,2008-09-18,600519,127.5,120.82,128.0,118.18,30582,376114728.0,7.66,-5.74,-7.36,0.67,120.82,128.0,118.18,-211.37
1642,2008-09-19,600519,132.9,132.9,132.9,130.0,46747,620150766.0,2.4,10.0,12.08,1.03,132.9,132.9,130.0,33.51
1643,2008-09-22,600519,137.9,132.84,144.0,132.73,56487,768578260.0,8.48,-0.05,-0.06,1.24,132.84,144.0,132.73,168.62
1644,2008-09-23,600519,130.08,120.31,130.08,120.05,34956,429875014.0,7.55,-9.43,-12.53,0.77,120.31,130.08,120.05,-156.2
1645,2008-09-24,600519,119.0,126.48,126.78,115.18,14198,173930711.0,9.64,5.13,6.17,0.31,126.48,126.78,115.18,-146.05
1646,2008-09-25,600519,126.5,129.19,131.5,126.5,15070,194816771.0,3.95,2.14,2.71,0.33,129.19,131.5,126.5,-17.09
1647,2008-09-26,600519,129.91,131.89,133.88,129.91,13690,180847064.0,3.07,2.09,2.7,0.3,131.89,133.88,129.91,37.9
1648,2008-10-06,600519,130.8,127.18,131.9,125.0,6102,79100703.0,5.23,-3.57,-4.71,0.13,127.18,131.9,125.0,-35.72
1649,2008-10-07,600519,125.01,124.05,126.0,121.03,9957,122750249.0,3.91,-2.46,-3.13,0.22,124.05,126.0,121.03,-99.3
1650,2008-10-08,600519,121.9,120.3,123.0,120.13,10344,125437057.0,2.31,-3.02,-3.75,0.23,120.3,123.0,120.13,-117.21
1651,2008-10-09,600519,122.2,117.55,122.3,117.5,8767,104831467.0,3.99,-2.29,-2.75,0.19,117.55,122.3,117.5,-121.34
1652,2008-10-10,600519,114.0,111.4,114.8,110.11,13547,152282551.0,3.99,-5.23,-6.15,0.3,111.4,114.8,110.11,-175.63
1653,2008-10-13,600519,111.0,111.47,111.59,102.2,22093,235133756.0,8.43,0.06,0.07,0.49,111.47,111.59,102.2,-179.56
1654,2008-10-14,600519,116.17,106.6,117.45,106.46,11844,132830726.0,9.86,-4.37,-4.87,0.26,106.6,117.45,106.46,-134.32
1655,2008-10-15,600519,103.78,104.22,106.99,102.5,8842,92239895.0,4.21,-2.23,-2.38,0.19,104.22,106.99,102.5,-146.66
1656,2008-10-16,600519,100.5,100.58,104.1,99.0,15061,153358634.0,4.89,-3.49,-3.64,0.33,100.58,104.1,99.0,-139.22
1657,2008-10-17,600519,100.03,97.89,100.99,94.6,28812,279732705.0,6.35,-2.67,-2.69,0.63,97.89,100.99,94.6,-133.78
1658,2008-10-20,600519,95.77,96.74,97.8,93.5,30448,290614960.0,4.39,-1.17,-1.15,0.67,96.74,97.8,93.5,-120.06
1659,2008-10-21,600519,96.68,94.63,99.98,94.5,13082,126303889.0,5.66,-2.18,-2.11,0.29,94.63,99.98,94.5,-101.14
1660,2008-10-22,600519,93.77,96.38,97.0,92.88,19006,180490227.0,4.35,1.85,1.75,0.42,96.38,97.0,92.88,-95.41
1661,2008-10-23,600519,94.0,99.14,99.2,94.0,14655,143747862.0,5.4,2.86,2.76,0.32,99.14,99.2,94.0,-73.39
1662,2008-10-24,600519,100.0,98.28,100.35,95.0,8976,87060611.0,5.4,-0.87,-0.86,0.2,98.28,100.35,95.0,-61.98
1663,2008-10-27,600519,95.01,91.25,97.5,90.1,27743,256201117.0,7.53,-7.15,-7.03,0.61,91.25,97.5,90.1,-92.51
1664,2008-10-28,600519,89.92,94.28,94.3,88.01,13995,128811658.0,6.89,3.32,3.03,0.31,94.28,94.3,88.01,-93.62
1665,2008-10-29,600519,94.0,95.18,96.05,92.05,12227,115424336.0,4.24,0.95,0.9,0.27,95.18,96.05,92.05,-66.61
1666,2008-10-30,600519,95.99,95.3,96.5,93.41,10157,96284438.0,3.25,0.13,0.12,0.22,95.3,96.5,93.41,-54.26
1667,2008-10-31,600519,94.3,92.2,95.1,92.06,8706,81109754.0,3.19,-3.25,-3.1,0.19,92.2,95.1,92.06,-83.74
1668,2008-11-03,600519,91.02,91.7,93.5,91.02,6306,58047685.0,2.69,-0.54,-0.5,0.14,91.7,93.5,91.02,-105.37
1669,2008-11-04,600519,91.8,89.82,92.12,89.65,11077,100749260.0,2.69,-2.05,-1.88,0.24,89.82,92.12,89.65,-136.48
1670,2008-11-05,600519,90.6,94.01,94.6,89.99,11656,107649675.0,5.13,4.66,4.19,0.26,94.01,94.6,89.99,-57.56
1671,2008-11-06,600519,91.99,90.36,92.99,90.1,5997,54677055.0,3.07,-3.88,-3.65,0.13,90.36,92.99,90.1,-99.53
1672,2008-11-07,600519,88.59,85.78,89.5,84.2,35067,300147112.0,5.87,-5.07,-4.58,0.77,85.78,89.5,84.2,-201.72
1673,2008-11-10,600519,86.48,90.63,91.58,86.0,40708,356262510.0,6.51,5.65,4.85,0.89,90.63,91.58,86.0,-104.18
1674,2008-11-11,600519,89.4,87.61,89.4,87.38,27104,238775064.0,2.23,-3.33,-3.02,0.6,87.61,89.4,87.38,-118.24
1675,2008-11-12,600519,85.85,87.99,88.18,84.6,18401,158558387.0,4.09,0.43,0.38,0.4,87.99,88.18,84.6,-127.59
1676,2008-11-13,600519,87.0,89.63,90.01,85.01,35135,308558184.0,5.68,1.86,1.64,0.77,89.63,90.01,85.01,-79.69
1677,2008-11-14,600519,90.06,98.59,98.59,90.06,47308,453503655.0,9.52,10.0,8.96,1.04,98.59,98.59,90.06,123.33
1678,2008-11-17,600519,100.0,101.59,102.51,98.0,25906,259620384.0,4.57,3.04,3.0,0.57,101.59,102.51,98.0,193.02
1679,2008-11-18,600519,101.0,96.62,101.0,94.1,30089,293853929.0,6.79,-4.89,-4.97,0.66,96.62,101.0,94.1,106.88
1680,2008-11-19,600519,96.62,102.43,103.03,95.7,16987,169157858.0,7.59,6.01,5.81,0.37,102.43,103.03,95.7,144.56
1681,2008-11-20,600519,100.0,100.13,103.2,98.33,15678,158050735.0,4.75,-2.25,-2.3,0.34,100.13,103.2,98.33,118.5
1682,2008-11-21,600519,97.97,100.53,103.5,95.66,23918,240102783.0,7.83,0.4,0.4,0.53,100.53,103.5,95.66,88.94
1683,2008-11-24,600519,100.88,99.71,102.0,99.5,9402,94604336.0,2.49,-0.82,-0.82,0.21,99.71,102.0,99.5,81.34
1684,2008-11-25,600519,100.0,99.16,102.0,97.66,9873,98311604.0,4.35,-0.55,-0.55,0.22,99.16,102.0,97.66,61.94
1685,2008-11-26,600519,99.06,99.14,100.38,98.63,7340,72963471.0,1.76,-0.02,-0.02,0.16,99.14,100.38,98.63,52.6
1686,2008-11-27,600519,104.07,103.37,107.0,101.55,26772,279561185.0,5.5,4.27,4.23,0.59,103.37,107.0,101.55,103.23
1687,2008-11-28,600519,102.19,101.8,102.96,100.25,12218,124047780.0,2.62,-1.52,-1.57,0.27,101.8,102.96,100.25,66.24
1688,2008-12-01,600519,101.4,103.21,103.3,100.04,7883,80427907.0,3.2,1.39,1.41,0.17,103.21,103.3,100.04,70.82
1689,2008-12-02,600519,101.05,104.94,105.12,101.05,14885,154215263.0,3.94,1.68,1.73,0.33,104.94,105.12,101.05,110.18
1690,2008-12-03,600519,105.0,107.8,108.22,105.0,14370,154141971.0,3.07,2.73,2.86,0.32,107.8,108.22,105.0,202.62
1691,2008-12-04,600519,109.5,112.97,115.29,109.5,26331,297576223.0,5.37,4.8,5.17,0.58,112.97,115.29,109.5,257.87
1692,2008-12-05,600519,111.51,115.45,118.09,111.46,18385,212898263.0,5.87,2.2,2.48,0.4,115.45,118.09,111.46,207.74
1693,2008-12-08,600519,118.3,118.99,120.8,115.15,17430,205494828.0,4.89,3.07,3.54,0.38,118.99,120.8,115.15,185.61
1694,2008-12-09,600519,119.06,116.03,119.58,114.8,13013,152317570.0,4.02,-2.49,-2.96,0.29,116.03,119.58,114.8,126.1
1695,2008-12-10,600519,115.0,116.2,116.9,114.83,13495,156049024.0,1.78,0.15,0.17,0.3,116.2,116.9,114.83,95.63
1696,2008-12-11,600519,116.55,117.93,120.6,116.0,20158,238497429.0,3.96,1.49,1.73,0.44,117.93,120.6,116.0,97.69
1697,2008-12-12,600519,116.66,111.0,118.8,110.85,16314,186650270.0,6.74,-5.88,-6.93,0.36,111.0,118.8,110.85,44.33
1698,2008-12-15,600519,112.0,114.27,117.06,111.99,14008,160434275.0,4.57,2.95,3.27,0.31,114.27,117.06,111.99,45.76
1699,2008-12-16,600519,113.55,114.17,116.3,110.84,12367,138960606.0,4.78,-0.09,-0.1,0.27,114.17,116.3,110.84,31.59
1700,2008-12-17,600519,114.2,115.61,117.5,114.2,10014,116363451.0,2.89,1.26,1.44,0.22,115.61,117.5,114.2,51.25
1701,2008-12-18,600519,115.61,117.98,118.66,115.61,11771,138647935.0,2.64,2.05,2.37,0.26,117.98,118.66,115.61,72.23
1702,2008-12-19,600519,118.4,117.63,119.5,116.0,10622,125345376.0,2.97,-0.3,-0.35,0.23,117.63,119.5,116.0,76.13
1703,2008-12-22,600519,118.71,116.36,118.71,115.3,9028,105588565.0,2.9,-1.08,-1.27,0.2,116.36,118.71,115.3,48.12
1704,2008-12-23,600519,115.78,111.91,116.36,110.91,18272,205256836.0,4.68,-3.82,-4.45,0.4,111.91,116.36,110.91,-104.9
1705,2008-12-24,600519,111.0,111.35,113.0,109.8,7878,87320039.0,2.86,-0.5,-0.56,0.17,111.35,113.0,109.8,-159.41
1706,2008-12-25,600519,111.99,110.03,111.99,109.0,9029,99538455.0,2.69,-1.19,-1.32,0.2,110.03,111.99,109.0,-153.2
1707,2008-12-26,600519,109.2,110.06,111.49,109.2,8945,98854298.0,2.08,0.03,0.03,0.2,110.06,111.49,109.2,-129.64
1708,2008-12-29,600519,109.44,108.75,110.5,105.16,30029,323745151.0,4.85,-1.19,-1.31,0.66,108.75,110.5,105.16,-154.34
1709,2008-12-30,600519,108.65,108.64,109.0,107.0,21830,236161195.0,1.84,-0.1,-0.11,0.48,108.64,109.0,107.0,-125.76
1710,2008-12-31,600519,108.2,108.7,109.49,107.5,18313,198482898.0,1.83,0.06,0.06,0.4,108.7,109.49,107.5,-99.2
1711,2009-01-05,600519,109.5,108.38,111.08,107.0,13506,145941833.0,3.75,-0.29,-0.32,0.3,108.38,111.08,107.0,-78.9
1712,2009-01-06,600519,107.5,108.71,109.2,105.28,38154,406113062.0,3.62,0.3,0.33,0.84,108.71,109.2,105.28,-88.35
1713,2009-01-07,600519,108.92,106.79,109.0,106.7,15238,164245370.0,2.12,-1.77,-1.92,0.33,106.79,109.0,106.7,-82.2
1714,2009-01-08,600519,105.25,108.53,108.57,104.2,18635,198641989.0,4.09,1.63,1.74,0.41,108.53,108.57,104.2,-82.3
1715,2009-01-09,600519,107.58,107.29,108.55,107.0,11800,127445738.0,1.43,-1.14,-1.24,0.26,107.29,108.55,107.0,-67.22
1716,2009-01-12,600519,106.99,105.91,107.78,105.66,16668,176815197.0,1.98,-1.29,-1.38,0.37,105.91,107.78,105.66,-94.44
1717,2009-01-13,600519,104.98,101.86,105.99,101.52,18099,186485267.0,4.22,-3.82,-4.05,0.4,101.86,105.99,101.52,-211.95
1718,2009-01-14,600519,101.25,102.0,103.99,99.58,32004,323066499.0,4.33,0.14,0.14,0.7,102.0,103.99,99.58,-220.63
1719,2009-01-15,600519,101.8,99.97,101.8,99.8,29821,298447689.0,1.96,-1.99,-2.03,0.66,99.97,101.8,99.8,-190.7
1720,2009-01-16,600519,99.99,101.51,104.39,99.88,94600,955914881.0,4.51,1.54,1.54,2.08,101.51,104.39,99.88,-114.84
1721,2009-01-19,600519,102.41,102.36,103.8,101.7,48563,498196988.0,2.07,0.84,0.85,1.07,102.36,103.8,101.7,-78.01
1722,2009-01-20,600519,102.3,101.6,102.3,99.96,49104,493242104.0,2.29,-0.74,-0.76,1.08,101.6,102.3,99.96,-91.78
1723,2009-01-21,600519,100.0,99.72,100.97,99.0,60526,605392794.0,1.94,-1.85,-1.88,1.33,99.72,100.97,99.0,-104.14
1724,2009-01-22,600519,100.0,100.8,101.2,99.9,21293,214057665.0,1.3,1.08,1.08,0.47,100.8,101.2,99.9,-77.45
1725,2009-01-23,600519,100.5,103.2,104.31,100.5,32743,336252633.0,3.78,2.38,2.4,0.72,103.2,104.31,100.5,-24.81
1726,2009-02-02,600519,104.49,101.32,104.49,100.0,30887,312618479.0,4.35,-1.82,-1.88,0.68,101.32,104.49,100.0,-38.1
1727,2009-02-03,600519,101.39,104.1,104.49,100.07,48127,497248868.0,4.36,2.74,2.78,1.06,104.1,104.49,100.07,-0.29
1728,2009-02-04,600519,104.2,106.28,107.28,104.2,42879,454067228.0,2.96,2.09,2.18,0.94,106.28,107.28,104.2,121.52
1729,2009-02-05,600519,106.65,107.04,110.6,106.0,38232,412164202.0,4.33,0.72,0.76,0.84,107.04,110.6,106.0,194.58
1730,2009-02-06,600519,107.02,111.21,111.99,107.02,39661,433677718.0,4.64,3.9,4.17,0.87,111.21,111.99,107.02,222.6
1731,2009-02-09,600519,112.49,116.8,117.0,112.49,45436,521391758.0,4.06,5.03,5.59,1.0,116.8,117.0,112.49,228.26
1732,2009-02-10,600519,116.5,115.97,116.5,114.0,27613,317723285.0,2.14,-0.71,-0.83,0.61,115.97,116.5,114.0,163.61
1733,2009-02-11,600519,114.98,120.09,125.55,114.0,40387,478088769.0,9.96,3.55,4.12,0.89,120.09,125.55,114.0,170.36
1734,2009-02-12,600519,120.0,120.53,121.5,118.51,54470,653107948.0,2.49,0.37,0.44,1.2,120.53,121.5,118.51,135.7
1735,2009-02-13,600519,120.1,122.42,123.0,120.01,24920,301643451.0,2.48,1.57,1.89,0.55,122.42,123.0,120.01,122.33
1736,2009-02-16,600519,123.45,122.7,125.3,121.1,27256,334068266.0,3.43,0.23,0.28,0.6,122.7,125.3,121.1,110.92
1737,2009-02-17,600519,123.8,126.11,129.94,123.8,56525,719184147.0,5.0,2.78,3.41,1.24,126.11,129.94,123.8,119.64
1738,2009-02-18,600519,124.0,121.36,126.0,120.88,45581,566412062.0,4.06,-3.77,-4.75,1.0,121.36,126.0,120.88,76.85
1739,2009-02-19,600519,120.5,121.88,123.9,120.5,24678,300896281.0,2.8,0.43,0.52,0.54,121.88,123.9,120.5,64.23
1740,2009-02-20,600519,121.99,125.08,127.28,121.99,33924,424596429.0,4.34,2.63,3.2,0.75,125.08,127.28,121.99,80.69
1741,2009-02-23,600519,125.16,127.78,128.1,123.45,19443,245915638.0,3.72,2.16,2.7,0.43,127.78,128.1,123.45,92.36
1742,2009-02-24,600519,127.5,128.79,132.0,126.65,36936,480302641.0,4.19,0.79,1.01,0.81,128.79,132.0,126.65,121.95
1743,2009-02-25,600519,129.99,127.5,130.0,123.0,26918,341607459.0,5.44,-1.0,-1.29,0.59,127.5,130.0,123.0,85.51
1744,2009-02-26,600519,126.5,122.43,129.9,121.5,27112,343984112.0,6.59,-3.98,-5.07,0.6,122.43,129.9,121.5,38.69
1745,2009-02-27,600519,119.54,118.43,123.0,117.73,41171,494464222.0,4.3,-3.27,-4.0,0.9,118.43,123.0,117.73,-79.48
1746,2009-03-02,600519,117.0,117.03,118.43,114.87,27173,318786734.0,3.01,-1.18,-1.4,0.6,117.03,118.43,114.87,-155.19
1747,2009-03-03,600519,115.2,114.92,116.8,113.8,18780,215625552.0,2.56,-1.8,-2.11,0.41,114.92,116.8,113.8,-166.86
1748,2009-03-04,600519,115.5,124.82,126.3,114.92,42245,510627173.0,9.9,8.61,9.9,0.93,124.82,126.3,114.92,-22.06
1749,2009-03-05,600519,124.9,122.0,126.5,120.01,23532,289227189.0,5.2,-2.26,-2.82,0.52,122.0,126.5,120.01,-5.17
1750,2009-03-06,600519,120.0,118.22,120.8,117.68,20664,245701371.0,2.56,-3.1,-3.78,0.45,118.22,120.8,117.68,-82.25
1751,2009-03-09,600519,118.24,114.9,119.5,114.88,23152,268799957.0,3.91,-2.81,-3.32,0.51,114.9,119.5,114.88,-112.8
1752,2009-03-10,600519,113.9,118.13,119.2,113.6,15783,185611677.0,4.87,2.81,3.23,0.35,118.13,119.2,113.6,-84.16
1753,2009-03-11,600519,120.0,117.48,120.88,116.0,8815,104417185.0,4.13,-0.55,-0.65,0.19,117.48,120.88,116.0,-55.07
1754,2009-03-12,600519,116.08,115.94,117.79,114.13,11296,130769829.0,3.12,-1.31,-1.54,0.25,115.94,117.79,114.13,-80.33
1755,2009-03-13,600519,116.8,113.82,117.5,113.78,20038,230105105.0,3.21,-1.83,-2.12,0.44,113.82,117.5,113.78,-87.35
1756,2009-03-16,600519,113.85,114.38,114.89,112.0,13395,151397338.0,2.54,0.49,0.56,0.29,114.38,114.89,112.0,-106.18
1757,2009-03-17,600519,114.45,117.34,118.99,114.0,18345,213668060.0,4.36,2.59,2.96,0.4,117.34,118.99,114.0,-34.2
1758,2009-03-18,600519,117.92,116.08,118.9,115.96,17767,208086081.0,2.51,-1.07,-1.26,0.39,116.08,118.9,115.96,-18.48
1759,2009-03-19,600519,116.5,118.78,119.28,116.1,18892,223567500.0,2.74,2.33,2.7,0.42,118.78,119.28,116.1,23.25
1760,2009-03-20,600519,119.8,117.88,119.97,117.2,15396,182170364.0,2.33,-0.76,-0.9,0.34,117.88,119.97,117.2,29.34
1761,2009-03-23,600519,117.99,118.69,119.18,117.41,32463,384766613.0,1.5,0.69,0.81,0.71,118.69,119.18,117.41,25.19
1762,2009-03-24,600519,120.5,118.69,123.59,118.36,35295,424130707.0,4.41,0.0,0.0,0.78,118.69,123.59,118.36,104.89
1763,2009-03-25,600519,116.0,114.02,116.0,112.65,86217,984739037.0,2.82,-3.93,-4.67,1.89,114.02,116.0,112.65,-130.45
1764,2009-03-26,600519,114.02,112.5,114.1,110.78,59292,664500701.0,2.91,-1.33,-1.52,1.3,112.5,114.1,110.78,-166.58
1765,2009-03-27,600519,113.46,113.98,115.0,112.8,42076,479104606.0,1.96,1.32,1.48,0.92,113.98,115.0,112.8,-88.59
1766,2009-03-30,600519,114.0,114.06,115.0,112.1,24269,276929285.0,2.54,0.07,0.08,0.53,114.06,115.0,112.1,-81.19
1767,2009-03-31,600519,113.33,114.74,114.9,113.0,26429,301354057.0,1.67,0.6,0.68,0.58,114.74,114.9,113.0,-56.16
1768,2009-04-01,600519,114.98,116.26,116.65,114.9,40388,468753741.0,1.53,1.32,1.52,0.89,116.26,116.65,114.9,2.54
1769,2009-04-02,600519,116.56,118.0,119.4,116.56,37431,441249387.0,2.44,1.5,1.74,0.82,118.0,119.4,116.56,62.56
1770,2009-04-03,600519,119.1,116.57,120.55,116.4,41441,492530479.0,3.52,-1.21,-1.43,0.91,116.57,120.55,116.4,50.22
1771,2009-04-07,600519,116.57,118.0,118.18,116.4,21419,251182411.0,1.53,1.23,1.43,0.47,118.0,118.18,116.4,36.87
1772,2009-04-08,600519,118.0,117.06,118.3,115.88,25653,299738748.0,2.05,-0.8,-0.94,0.56,117.06,118.3,115.88,21.7
1773,2009-04-09,600519,116.88,117.81,117.99,116.21,18352,214789862.0,1.52,0.64,0.75,0.4,117.81,117.99,116.21,32.63
1774,2009-04-10,600519,118.81,119.43,120.5,117.78,40631,484222233.0,2.31,1.38,1.62,0.89,119.43,120.5,117.78,92.34
1775,2009-04-13,600519,120.59,122.06,123.2,120.59,36688,448077486.0,2.19,2.2,2.63,0.81,122.06,123.2,120.59,156.81
1776,2009-04-14,600519,122.07,120.51,122.15,118.81,38024,457162680.0,2.74,-1.27,-1.55,0.84,120.51,122.15,118.81,111.86
1777,2009-04-15,600519,119.96,120.63,121.28,117.5,38362,457652477.0,3.14,0.1,0.12,0.84,120.63,121.28,117.5,82.17
1778,2009-04-16,600519,120.01,119.75,120.8,118.25,38632,462321653.0,2.11,-0.73,-0.88,0.85,119.75,120.8,118.25,68.11
1779,2009-04-17,600519,119.33,121.16,123.35,118.3,38310,466339526.0,4.22,1.18,1.41,0.84,121.16,123.35,118.3,98.84
1780,2009-04-20,600519,122.19,127.14,127.3,121.16,32419,406055404.0,5.07,4.94,5.98,0.71,127.14,127.3,121.16,199.48
1781,2009-04-21,600519,125.23,127.51,127.6,125.11,38928,492951211.0,1.96,0.29,0.37,0.86,127.51,127.6,125.11,199.57
1782,2009-04-22,600519,128.18,123.82,130.71,123.5,39706,504087423.0,5.65,-2.89,-3.69,0.87,123.82,130.71,123.5,140.91
1783,2009-04-23,600519,122.5,121.56,123.89,120.0,22497,274007781.0,3.14,-1.83,-2.26,0.49,121.56,123.89,120.0,26.12
1784,2009-04-24,600519,121.99,122.12,124.88,121.98,22720,280863293.0,2.39,0.46,0.56,0.5,122.12,124.88,121.98,47.85
1785,2009-04-27,600519,121.5,118.49,121.54,117.4,28670,339940606.0,3.39,-2.97,-3.63,0.63,118.49,121.54,117.4,-59.99
1786,2009-04-28,600519,116.88,115.28,118.58,113.9,34307,395869106.0,3.95,-2.71,-3.21,0.75,115.28,118.58,113.9,-142.75
1787,2009-04-29,600519,115.29,116.77,117.3,115.25,31077,360384150.0,1.78,1.29,1.49,0.68,116.77,117.3,115.25,-124.29
1788,2009-04-30,600519,117.2,116.35,117.21,115.0,20514,238142369.0,1.89,-0.36,-0.42,0.45,116.35,117.21,115.0,-116.63
1789,2009-05-04,600519,116.89,119.22,119.37,116.35,23556,278414610.0,2.6,2.47,2.87,0.52,119.22,119.37,116.35,-56.52
1790,2009-05-05,600519,120.0,119.04,120.8,118.38,22691,270072390.0,2.03,-0.15,-0.18,0.5,119.04,120.8,118.38,-27.96
1791,2009-05-06,600519,118.61,117.26,119.0,116.9,38065,447395076.0,1.76,-1.5,-1.78,0.84,117.26,119.0,116.9,-61.04
1792,2009-05-07,600519,117.8,117.01,118.91,115.66,34724,406117083.0,2.77,-0.21,-0.25,0.76,117.01,118.91,115.66,-65.7
1793,2009-05-08,600519,116.5,117.51,117.6,115.4,31007,359535974.0,1.88,0.43,0.5,0.68,117.51,117.6,115.4,-64.66
1794,2009-05-11,600519,117.5,116.42,118.58,116.25,32774,384271989.0,1.98,-0.93,-1.09,0.72,116.42,118.58,116.25,-54.66
1795,2009-05-12,600519,115.51,116.49,117.55,115.31,25989,300962117.0,1.92,0.06,0.07,0.57,116.49,117.55,115.31,-65.14
1796,2009-05-13,600519,117.0,115.68,117.1,115.22,35792,415020691.0,1.61,-0.7,-0.81,0.79,115.68,117.1,115.22,-77.36
1797,2009-05-14,600519,115.0,116.35,116.6,114.8,21505,249787985.0,1.56,0.58,0.67,0.47,116.35,116.6,114.8,-76.97
1798,2009-05-15,600519,116.76,116.01,116.98,115.61,16799,195071191.0,1.18,-0.29,-0.34,0.37,116.01,116.98,115.61,-61.47
1799,2009-05-18,600519,115.9,118.44,118.7,115.71,35072,412318356.0,2.58,2.09,2.43,0.77,118.44,118.7,115.71,55.26
1800,2009-05-19,600519,118.64,117.28,119.05,116.5,26554,312662778.0,2.15,-0.98,-1.16,0.58,117.28,119.05,116.5,46.22
1801,2009-05-20,600519,117.06,116.07,117.94,115.98,14711,171589134.0,1.67,-1.03,-1.21,0.32,116.07,117.94,115.98,-36.84
1802,2009-05-21,600519,115.8,114.42,116.99,114.2,25788,296204406.0,2.4,-1.42,-1.65,0.57,114.42,116.99,114.2,-144.87
1803,2009-05-25,600519,112.82,113.36,113.53,112.06,33676,380853032.0,1.28,-0.93,-1.06,0.36,113.36,113.53,112.06,-241.56
1804,2009-05-26,600519,113.36,112.95,114.57,112.91,16807,190817891.0,1.46,-0.36,-0.41,0.18,112.95,114.57,112.91,-170.46
1805,2009-05-27,600519,113.13,114.77,115.52,112.95,27630,316980547.0,2.28,1.61,1.82,0.29,114.77,115.52,112.95,-92.46
1806,2009-06-01,600519,115.01,117.76,118.1,114.71,45920,537473265.0,2.95,2.61,2.99,0.49,117.76,118.1,114.71,54.48
1807,2009-06-02,600519,117.02,119.88,120.96,117.02,50168,600394403.0,3.35,1.8,2.12,0.53,119.88,120.96,117.02,168.37
1808,2009-06-03,600519,119.88,119.72,120.19,117.82,29246,347246937.0,1.98,-0.13,-0.16,0.31,119.72,120.19,117.82,141.59
1809,2009-06-04,600519,119.8,119.26,120.02,117.9,46533,553191419.0,1.77,-0.38,-0.46,0.49,119.26,120.02,117.9,109.32
1810,2009-06-05,600519,118.66,126.06,129.7,118.65,77741,973345740.0,9.27,5.7,6.8,0.82,126.06,129.7,118.65,239.03
1811,2009-06-08,600519,127.2,127.58,129.05,125.0,36886,469785127.0,3.21,1.21,1.52,0.39,127.58,129.05,125.0,216.17
1812,2009-06-09,600519,127.6,131.24,135.0,127.2,73304,969552012.0,6.11,2.87,3.66,0.78,131.24,135.0,127.2,210.99
1813,2009-06-10,600519,131.69,131.3,133.03,130.01,26477,348306255.0,2.3,0.05,0.06,0.28,131.3,133.03,130.01,154.17
1814,2009-06-11,600519,131.28,133.29,136.5,131.28,39738,533435068.0,3.98,1.52,1.99,0.42,133.29,136.5,131.28,137.32
1815,2009-06-12,600519,133.67,130.61,135.8,129.2,27035,357604702.0,4.95,-2.01,-2.68,0.29,130.61,135.8,129.2,96.06
1816,2009-06-15,600519,130.05,136.24,136.6,130.05,44081,592083839.0,5.01,4.31,5.63,0.47,136.24,136.6,130.05,101.11
1817,2009-06-16,600519,135.8,135.69,137.15,134.0,20039,271544262.0,2.31,-0.4,-0.55,0.21,135.69,137.15,134.0,99.3
1818,2009-06-17,600519,135.35,137.65,138.5,135.2,22584,310521875.0,2.43,1.44,1.96,0.24,137.65,138.5,135.2,100.75
1819,2009-06-18,600519,137.0,137.87,138.5,135.5,41190,564072323.0,2.18,0.16,0.22,0.44,137.87,138.5,135.5,92.21
1820,2009-06-19,600519,136.98,136.92,138.69,135.6,18533,253253630.0,2.24,-0.69,-0.95,0.2,136.92,138.69,135.6,83.01
1821,2009-06-22,600519,137.5,132.97,138.2,132.88,21181,285552148.0,3.89,-2.88,-3.95,0.22,132.97,138.2,132.88,50.27
1822,2009-06-23,600519,131.8,133.37,134.5,129.56,27588,364099880.0,3.72,0.3,0.4,0.29,133.37,134.5,129.56,8.72
1823,2009-06-24,600519,133.3,131.99,134.0,131.01,20936,276526128.0,2.24,-1.03,-1.38,0.22,131.99,134.0,131.01,-14.52
1824,2009-06-25,600519,132.99,135.89,136.2,132.01,21834,295200887.0,3.17,2.95,3.9,0.23,135.89,136.2,132.01,32.26
1825,2009-06-26,600519,136.0,137.0,138.0,136.0,18262,250833621.0,1.47,0.82,1.11,0.19,137.0,138.0,136.0,94.78
1826,2009-06-29,600519,138.01,147.72,149.01,137.3,38015,553072336.0,8.55,7.82,10.72,0.4,147.72,149.01,137.3,258.19
1827,2009-06-30,600519,148.5,148.01,150.3,144.8,24553,359599491.0,3.72,0.2,0.29,0.26,148.01,150.3,144.8,237.7
1828,2009-07-01,600519,146.6,145.65,148.0,144.98,19357,281759830.0,2.04,-1.59,-2.36,0.21,145.65,148.0,144.98,155.79
1829,2009-07-02,600519,145.6,147.95,150.96,143.7,26990,395317139.0,4.98,1.58,2.3,0.29,147.95,150.96,143.7,131.23
1830,2009-07-03,600519,147.0,145.92,149.0,145.4,25739,376552059.0,2.43,-1.37,-2.03,0.27,145.92,149.0,145.4,95.84
1831,2009-07-06,600519,145.0,143.92,145.98,142.8,29492,423754900.0,2.18,-1.37,-2.0,0.31,143.92,145.98,142.8,53.26
1832,2009-07-07,600519,143.94,145.5,148.01,143.01,27406,399773428.0,3.47,1.1,1.58,0.29,145.5,148.01,143.01,59.59
1833,2009-07-08,600519,143.5,143.93,145.15,141.5,26516,378380305.0,2.51,-1.08,-1.57,0.28,143.93,145.15,141.5,30.72
1834,2009-07-09,600519,143.21,147.22,148.49,143.21,34642,505222990.0,3.67,2.29,3.29,0.37,147.22,148.49,143.21,57.82
1835,2009-07-10,600519,147.6,152.17,153.5,147.37,29770,451971144.0,4.16,3.36,4.95,0.32,152.17,153.5,147.37,109.01
1836,2009-07-13,600519,152.35,153.27,154.0,149.33,39766,601703320.0,3.07,0.72,1.1,0.42,153.27,154.0,149.33,125.36
1837,2009-07-14,600519,153.19,153.3,154.35,152.0,26645,408475427.0,1.53,0.02,0.03,0.28,153.3,154.35,152.0,139.79
1838,2009-07-15,600519,153.3,150.03,154.28,149.97,31598,477906537.0,2.81,-2.13,-3.27,0.33,150.03,154.28,149.97,97.65
1839,2009-07-16,600519,150.51,148.45,151.0,147.95,36431,542209782.0,2.03,-1.05,-1.58,0.39,148.45,151.0,147.95,34.28
1840,2009-07-17,600519,148.73,147.91,150.49,147.7,14100,210098779.0,1.88,-0.36,-0.54,0.15,147.91,150.49,147.7,16.25
1841,2009-07-20,600519,148.0,148.11,149.6,146.98,38738,572069340.0,1.77,0.14,0.2,0.41,148.11,149.6,146.98,2.38
1842,2009-07-21,600519,148.9,147.32,150.2,146.97,42220,627819240.0,2.18,-0.53,-0.79,0.45,147.32,150.2,146.97,-3.5
1843,2009-07-22,600519,147.0,147.41,148.39,145.7,25036,366601445.0,1.83,0.06,0.09,0.27,147.41,148.39,145.7,-31.51
1844,2009-07-23,600519,147.85,146.28,147.99,146.01,17250,253176789.0,1.34,-0.77,-1.13,0.18,146.28,147.99,146.01,-43.22
1845,2009-07-24,600519,146.58,147.0,150.79,146.28,45371,673882706.0,3.08,0.49,0.72,0.48,147.0,150.79,146.28,-16.17
1846,2009-07-27,600519,147.49,153.1,153.5,147.49,64531,969451469.0,4.09,4.15,6.1,0.68,153.1,153.5,147.49,76.86
1847,2009-07-28,600519,153.1,153.2,158.97,152.6,36230,564423483.0,4.16,0.07,0.1,0.38,153.2,158.97,152.6,154.6
1848,2009-07-29,600519,153.3,148.01,156.15,144.0,36956,556652765.0,7.93,-3.39,-5.19,0.39,148.01,156.15,144.0,-19.37
1849,2009-07-30,600519,151.7,149.83,151.7,146.51,27550,410415145.0,3.51,1.23,1.82,0.29,149.83,151.7,146.51,-17.32
1850,2009-07-31,600519,150.99,150.02,150.99,148.65,32992,494144461.0,1.56,0.13,0.19,0.35,150.02,150.99,148.65,7.26
1851,2009-08-03,600519,152.0,155.71,158.58,152.0,44458,693624944.0,4.39,3.79,5.69,0.47,155.71,158.58,152.0,189.07
1852,2009-08-04,600519,157.02,154.13,157.02,152.6,21435,329545708.0,2.84,-1.01,-1.58,0.23,154.13,157.02,152.6,131.51
1853,2009-08-05,600519,154.7,163.77,163.89,154.7,55449,893443535.0,5.96,6.25,9.64,0.59,163.77,163.89,154.7,204.53
1854,2009-08-06,600519,161.01,165.07,166.5,160.1,39442,644496759.0,3.91,0.79,1.3,0.42,165.07,166.5,160.1,187.3
1855,2009-08-07,600519,166.8,163.88,170.0,161.56,57867,953137970.0,5.11,-0.72,-1.19,0.61,163.88,170.0,161.56,156.83
1856,2009-08-10,600519,164.01,163.5,165.0,158.88,29299,472002862.0,3.73,-0.23,-0.38,0.31,163.5,165.0,158.88,102.09
1857,2009-08-11,600519,163.88,170.0,172.5,161.66,36307,611324918.0,6.63,3.98,6.5,0.38,170.0,172.5,161.66,137.89
1858,2009-08-12,600519,169.9,166.26,175.5,162.0,41404,698628591.0,7.94,-2.2,-3.74,0.44,166.26,175.5,162.0,111.16
1859,2009-08-13,600519,162.88,162.94,166.25,159.8,33769,544005102.0,3.88,-2.0,-3.32,0.36,162.94,166.25,159.8,50.8
1860,2009-08-14,600519,162.99,157.78,162.99,156.0,24707,390424195.0,4.29,-3.17,-5.16,0.26,157.78,162.99,156.0,1.01
1861,2009-08-17,600519,155.1,149.54,157.46,147.88,29750,451437989.0,6.07,-5.22,-8.24,0.32,149.54,157.46,147.88,-78.72
1862,2009-08-18,600519,148.5,150.15,152.16,148.01,29840,448107193.0,2.78,0.41,0.61,0.32,150.15,152.16,148.01,-97.42
1863,2009-08-19,600519,151.97,149.61,155.1,148.0,33576,509878566.0,4.73,-0.36,-0.54,0.36,149.61,155.1,148.0,-91.6
1864,2009-08-20,600519,149.0,151.99,152.5,148.0,34600,522725007.0,3.01,1.59,2.38,0.37,151.99,152.5,148.0,-94.51
1865,2009-08-21,600519,152.01,156.51,157.0,151.01,24743,383636526.0,3.94,2.97,4.52,0.26,156.51,157.0,151.01,-46.26
1866,2009-08-24,600519,156.99,158.41,158.99,156.55,13418,212008261.0,1.56,1.21,1.9,0.14,158.41,158.99,156.55,-12.89
1867,2009-08-25,600519,157.9,155.91,157.9,152.1,24501,377947429.0,3.66,-1.58,-2.5,0.26,155.91,157.9,152.1,-40.05
1868,2009-08-26,600519,153.53,159.19,160.5,153.53,22355,353413336.0,4.47,2.1,3.28,0.24,159.19,160.5,153.53,-5.95
1869,2009-08-27,600519,158.88,161.34,162.68,158.0,22161,356997195.0,2.94,1.35,2.15,0.23,161.34,162.68,158.0,38.49
1870,2009-08-28,600519,161.0,159.27,162.7,159.0,24049,386203839.0,2.29,-1.28,-2.07,0.25,159.27,162.7,159.0,36.93
1871,2009-08-31,600519,158.0,149.99,158.01,149.5,37334,568178140.0,5.34,-5.83,-9.28,0.4,149.99,158.01,149.5,-63.6
1872,2009-09-01,600519,150.0,151.55,155.3,149.97,20632,313194378.0,3.55,1.04,1.56,0.22,151.55,155.3,149.97,-58.78
1873,2009-09-02,600519,150.98,150.82,151.95,149.56,16156,243221073.0,1.58,-0.48,-0.73,0.17,150.82,151.95,149.56,-76.87
1874,2009-09-03,600519,150.05,155.11,155.5,150.02,19157,293428432.0,3.63,2.84,4.29,0.2,155.11,155.5,150.02,-15.29
1875,2009-09-04,600519,154.99,155.37,156.0,153.0,21554,332587085.0,1.93,0.17,0.26,0.23,155.37,156.0,153.0,7.32
1876,2009-09-07,600519,156.42,161.89,165.5,156.28,38845,630053587.0,5.93,4.2,6.52,0.41,161.89,165.5,156.28,128.39
1877,2009-09-08,600519,161.9,166.45,168.2,159.12,34490,572753391.0,5.61,2.82,4.56,0.37,166.45,168.2,159.12,155.33
1878,2009-09-09,600519,166.45,164.34,168.99,162.0,31203,512038300.0,4.2,-1.27,-2.11,0.33,164.34,168.99,162.0,136.61
1879,2009-09-10,600519,164.3,165.95,166.1,162.5,13255,218828433.0,2.19,0.98,1.61,0.14,165.95,166.1,162.5,110.93
1880,2009-09-11,600519,165.9,166.77,168.0,163.9,13472,224260634.0,2.47,0.49,0.82,0.14,166.77,168.0,163.9,108.18
1881,2009-09-14,600519,168.05,167.08,169.0,166.8,15551,260573647.0,1.32,0.19,0.31,0.16,167.08,169.0,166.8,108.91
1882,2009-09-15,600519,167.2,165.55,168.81,164.23,17816,294648966.0,2.74,-0.92,-1.53,0.19,165.55,168.81,164.23,78.88
1883,2009-09-16,600519,165.03,164.76,166.9,162.88,13431,219954118.0,2.43,-0.48,-0.79,0.14,164.76,166.9,162.88,55.42
1884,2009-09-17,600519,164.8,164.77,165.75,164.41,16694,275360254.0,0.81,0.01,0.01,0.18,164.77,165.75,164.41,50.73
1885,2009-09-18,600519,164.8,162.78,164.85,162.0,18412,301101120.0,1.73,-1.21,-1.99,0.2,162.78,164.85,162.0,23.78
1886,2009-09-21,600519,161.33,165.42,165.6,159.2,26129,422889399.0,3.93,1.62,2.64,0.28,165.42,165.6,159.2,19.01
1887,2009-09-22,600519,165.11,169.59,171.69,164.48,40975,697323678.0,4.36,2.52,4.17,0.43,169.59,171.69,164.48,110.69
1888,2009-09-23,600519,169.69,165.19,170.9,165.0,21215,356415097.0,3.48,-2.59,-4.4,0.22,165.19,170.9,165.0,78.02
1889,2009-09-24,600519,165.0,161.62,165.0,159.76,18787,302998962.0,3.17,-2.16,-3.57,0.2,161.62,165.0,159.76,-124.49
1890,2009-09-25,600519,162.0,164.49,166.66,162.0,18528,304628817.0,2.88,1.78,2.87,0.2,164.49,166.66,162.0,-41.25
1891,2009-09-28,600519,164.6,164.1,166.51,164.0,13453,222874121.0,1.53,-0.24,-0.39,0.14,164.1,166.51,164.0,-18.6
1892,2009-09-29,600519,164.0,162.24,165.0,161.5,15424,251534805.0,2.13,-1.13,-1.86,0.16,162.24,165.0,161.5,-99.37
1893,2009-09-30,600519,163.99,164.86,166.78,163.0,12882,212532258.0,2.33,1.61,2.62,0.14,164.86,166.78,163.0,-9.66
1894,2009-10-09,600519,166.8,168.36,168.99,166.7,12506,210257020.0,1.39,2.12,3.5,0.13,168.36,168.99,166.7,114.91
1895,2009-10-12,600519,169.0,167.02,169.99,166.9,8762,147502660.0,1.84,-0.8,-1.34,0.09,167.02,169.99,166.9,109.85
1896,2009-10-13,600519,166.01,165.89,168.49,164.5,10237,170054046.0,2.39,-0.68,-1.13,0.11,165.89,168.49,164.5,41.79
1897,2009-10-14,600519,166.46,164.28,166.49,163.11,37300,612459767.0,2.04,-0.97,-1.61,0.4,164.28,166.49,163.11,-24.22
1898,2009-10-15,600519,164.87,161.14,164.87,160.41,28112,454982752.0,2.71,-1.91,-3.14,0.3,161.14,164.87,160.41,-105.99
1899,2009-10-16,600519,161.12,159.98,162.0,159.16,27987,447651087.0,1.76,-0.72,-1.16,0.3,159.98,162.0,159.16,-150.11
1900,2009-10-19,600519,160.21,162.49,162.5,158.95,43640,698074669.0,2.22,1.57,2.51,0.46,162.49,162.5,158.95,-105.6
1901,2009-10-20,600519,162.7,165.43,165.6,161.01,40788,666676389.0,2.82,1.81,2.94,0.43,165.43,165.6,161.01,-12.01
1902,2009-10-21,600519,165.0,160.89,165.0,160.8,38084,617367731.0,2.54,-2.74,-4.54,0.4,160.89,165.0,160.8,-64.12
1903,2009-10-22,600519,160.1,158.92,161.97,157.98,36817,585366561.0,2.48,-1.22,-1.97,0.39,158.92,161.97,157.98,-136.46
1904,2009-10-23,600519,158.92,159.31,160.2,158.3,46516,739672651.0,1.2,0.25,0.39,0.49,159.31,160.2,158.3,-119.43
1905,2009-10-26,600519,159.97,156.59,159.98,156.26,45644,716061313.0,2.34,-1.71,-2.72,0.48,156.59,159.98,156.26,-137.58
1906,2009-10-27,600519,156.59,155.99,157.0,155.5,25428,396334908.0,0.96,-0.38,-0.6,0.27,155.99,157.0,155.5,-140.06
1907,2009-10-28,600519,156.1,157.43,157.85,155.8,19142,300201158.0,1.31,0.92,1.44,0.2,157.43,157.85,155.8,-103.72
1908,2009-10-29,600519,156.4,156.36,158.38,155.6,20565,323781024.0,1.77,-0.68,-1.07,0.22,156.36,158.38,155.6,-96.68
1909,2009-10-30,600519,157.5,157.61,157.89,156.3,27504,432308188.0,1.02,0.8,1.25,0.29,157.61,157.89,156.3,-76.95
1910,2009-11-02,600519,156.0,160.01,160.1,155.48,32020,506826774.0,2.93,1.52,2.4,0.34,160.01,160.1,155.48,-36.57
1911,2009-11-03,600519,160.0,159.88,161.4,159.06,20119,322722635.0,1.46,-0.08,-0.13,0.21,159.88,161.4,159.06,22.4
1912,2009-11-04,600519,159.87,162.53,163.01,159.0,33612,543718745.0,2.51,1.66,2.65,0.36,162.53,163.01,159.0,73.73
1913,2009-11-05,600519,162.49,162.33,163.35,161.51,20029,325198987.0,1.13,-0.12,-0.2,0.21,162.33,163.35,161.51,92.69
1914,2009-11-06,600519,163.11,161.04,163.19,160.31,26422,427266654.0,1.77,-0.79,-1.29,0.28,161.04,163.19,160.31,62.91
1915,2009-11-09,600519,161.04,159.89,161.8,159.3,18476,295938895.0,1.55,-0.71,-1.15,0.2,159.89,161.8,159.3,37.9
1916,2009-11-10,600519,160.43,160.35,161.61,159.0,32878,527631019.0,1.63,0.29,0.46,0.35,160.35,161.61,159.0,45.74
1917,2009-11-11,600519,160.15,163.42,165.8,160.15,42757,698929654.0,3.52,1.91,3.07,0.45,163.42,165.8,160.15,129.44
1918,2009-11-12,600519,163.45,166.5,167.61,163.2,42621,706940280.0,2.7,1.88,3.08,0.45,166.5,167.61,163.2,171.92
1919,2009-11-13,600519,166.6,168.57,170.3,165.23,50108,845848184.0,3.05,1.24,2.07,0.53,168.57,170.3,165.23,186.2
1920,2009-11-16,600519,168.88,173.88,175.53,168.88,41480,721755719.0,3.94,3.15,5.31,0.44,173.88,175.53,168.88,222.17
1921,2009-11-17,600519,174.0,174.0,175.0,168.8,29399,506410452.0,3.57,0.07,0.12,0.31,174.0,175.0,168.8,163.3
1922,2009-11-18,600519,172.82,170.96,174.4,170.85,16440,282834420.0,2.04,-1.75,-3.04,0.17,170.96,174.4,170.85,120.67
1923,2009-11-19,600519,171.08,170.11,172.79,169.2,17109,291816172.0,2.1,-0.5,-0.85,0.18,170.11,172.79,169.2,83.27
1924,2009-11-20,600519,170.03,168.86,170.5,168.46,23133,391812970.0,1.2,-0.73,-1.25,0.25,168.86,170.5,168.46,53.1
1925,2009-11-23,600519,169.1,171.78,172.0,168.83,35331,602278226.0,1.88,1.73,2.92,0.37,171.78,172.0,168.83,66.19
1926,2009-11-24,600519,172.89,169.84,177.11,169.6,43379,757143585.0,4.37,-1.13,-1.94,0.46,169.84,177.11,169.6,75.64
1927,2009-11-25,600519,169.9,174.06,174.88,169.9,32233,557388538.0,2.93,2.48,4.22,0.34,174.06,174.88,169.9,78.7
1928,2009-11-26,600519,174.89,168.49,174.89,168.4,26501,452465235.0,3.73,-3.2,-5.57,0.28,168.49,174.89,168.4,34.48
1929,2009-11-27,600519,168.32,165.21,168.6,165.06,24670,411859873.0,2.1,-1.95,-3.28,0.26,165.21,168.6,165.06,-59.78
1930,2009-11-30,600519,166.98,173.91,174.44,165.4,43747,749610425.0,5.47,5.27,8.7,0.46,173.91,174.44,165.4,37.4
1931,2009-12-01,600519,172.75,177.24,178.2,172.02,39579,698056574.0,3.55,1.91,3.33,0.42,177.24,178.2,172.02,165.95
1932,2009-12-02,600519,177.24,176.14,177.44,173.88,20596,362528922.0,2.01,-0.62,-1.1,0.22,176.14,177.44,173.88,147.75
1933,2009-12-03,600519,175.99,173.9,176.02,171.65,25006,433467098.0,2.48,-1.27,-2.24,0.26,173.9,176.02,171.65,71.25
1934,2009-12-04,600519,173.9,170.9,173.9,169.01,31035,530120181.0,2.81,-1.73,-3.0,0.33,170.9,173.9,169.01,-20.66
1935,2009-12-07,600519,180.0,176.53,181.06,174.8,45683,808969972.0,3.66,3.29,5.63,0.48,176.53,181.06,174.8,163.98
1936,2009-12-08,600519,176.57,174.56,178.0,173.5,26144,456591109.0,2.55,-1.12,-1.97,0.28,174.56,178.0,173.5,81.75
1937,2009-12-09,600519,174.0,172.81,174.44,171.8,17824,308029900.0,1.51,-1.0,-1.75,0.19,172.81,174.44,171.8,12.75
1938,2009-12-10,600519,174.02,174.42,174.55,172.38,16404,284681531.0,1.26,0.93,1.61,0.17,174.42,174.55,172.38,27.84
1939,2009-12-11,600519,175.01,174.91,175.97,173.5,16594,290069819.0,1.42,0.28,0.49,0.18,174.91,175.97,173.5,51.5
1940,2009-12-14,600519,175.5,174.38,175.5,172.86,21182,368762139.0,1.51,-0.3,-0.53,0.22,174.38,175.5,172.86,29.64
1941,2009-12-15,600519,174.5,172.92,175.0,171.85,20791,359287534.0,1.81,-0.84,-1.46,0.22,172.92,175.0,171.85,-2.83
1942,2009-12-16,600519,172.9,169.4,172.91,168.79,32650,555677963.0,2.38,-2.04,-3.52,0.35,169.4,172.91,168.79,-95.19
1943,2009-12-17,600519,170.11,166.34,170.11,166.1,27957,469717785.0,2.37,-1.81,-3.06,0.3,166.34,170.11,166.1,-199.26
1944,2009-12-18,600519,166.0,165.26,166.09,163.5,18309,302160706.0,1.56,-0.65,-1.08,0.19,165.26,166.09,163.5,-210.64
1945,2009-12-21,600519,166.0,167.77,169.23,166.0,18123,303592013.0,1.95,1.52,2.51,0.19,167.77,169.23,166.0,-109.26
1946,2009-12-22,600519,168.19,166.87,168.5,165.5,16264,271984510.0,1.79,-0.54,-0.9,0.17,166.87,168.5,165.5,-102.74
1947,2009-12-23,600519,166.84,167.68,168.1,166.03,20919,350286334.0,1.24,0.49,0.81,0.22,167.68,168.1,166.03,-81.5
1948,2009-12-24,600519,167.0,172.45,173.93,166.81,38204,655732970.0,4.25,2.84,4.77,0.4,172.45,173.93,166.81,-4.07
1949,2009-12-25,600519,172.45,170.44,173.0,169.19,31847,542382941.0,2.21,-1.17,-2.01,0.34,170.44,173.0,169.19,1.92
1950,2009-12-28,600519,170.2,170.4,171.96,169.5,27905,474640192.0,1.44,-0.02,-0.04,0.3,170.4,171.96,169.5,4.25
1951,2009-12-29,600519,171.49,171.2,171.74,169.8,21527,367265881.0,1.14,0.47,0.8,0.23,171.2,171.74,169.8,16.52
1952,2009-12-30,600519,171.49,169.08,171.49,168.0,48254,815387555.0,2.04,-1.24,-2.12,0.51,169.08,171.49,168.0,-13.84
1953,2009-12-31,600519,169.23,169.82,170.05,168.8,29934,507306247.0,0.74,0.44,0.74,0.32,169.82,170.05,168.8,-2.37
1954,2010-01-04,600519,172.0,169.94,172.0,169.31,44305,753405635.0,1.58,0.07,0.12,0.47,169.94,172.0,169.31,39.97
1955,2010-01-05,600519,170.99,169.44,171.5,169.0,31513,535720422.0,1.47,-0.29,-0.5,0.33,169.44,171.5,169.0,35.72
1956,2010-01-06,600519,168.99,166.76,169.5,166.31,39889,666073283.0,1.88,-1.58,-2.68,0.42,166.76,169.5,166.31,-55.97
1957,2010-01-07,600519,166.76,163.72,167.19,161.88,48826,801445269.0,3.18,-1.82,-3.04,0.52,163.72,167.19,161.88,-153.1
1958,2010-01-08,600519,164.0,162.0,164.0,160.1,36702,593162176.0,2.38,-1.05,-1.72,0.39,162.0,164.0,160.1,-198.55
1959,2010-01-11,600519,163.6,161.29,164.9,160.5,24461,395563861.0,2.72,-0.44,-0.71,0.26,161.29,164.9,160.5,-149.79
1960,2010-01-12,600519,161.45,165.65,166.17,160.61,31063,509373871.0,3.45,2.7,4.36,0.33,165.65,166.17,160.61,-87.97
1961,2010-01-13,600519,163.99,161.44,165.15,161.0,37924,621261800.0,2.51,-2.54,-4.21,0.4,161.44,165.15,161.0,-103.78
1962,2010-01-14,600519,162.0,168.54,169.2,162.0,46455,775471608.0,4.46,4.4,7.1,0.49,168.54,169.2,162.0,-14.01
1963,2010-01-15,600519,168.51,169.87,173.38,168.51,45939,788328964.0,2.89,0.79,1.33,0.49,169.87,173.38,168.51,73.48
1964,2010-01-18,600519,170.0,170.98,172.26,169.9,21462,368485894.0,1.39,0.65,1.11,0.23,170.98,172.26,169.9,82.12
1965,2010-01-19,600519,170.99,169.77,171.5,169.5,17819,302797491.0,1.17,-0.71,-1.21,0.19,169.77,171.5,169.5,66.97
1966,2010-01-20,600519,169.91,165.92,170.15,165.8,20973,353315689.0,2.56,-2.27,-3.85,0.22,165.92,170.15,165.8,5.92
1967,2010-01-21,600519,165.86,166.73,168.38,165.5,17257,287779661.0,1.74,0.49,0.81,0.18,166.73,168.38,165.5,0.74
1968,2010-01-22,600519,166.6,164.13,167.29,161.89,25433,416305093.0,3.24,-1.56,-2.6,0.27,164.13,167.29,161.89,-48.94
1969,2010-01-25,600519,163.85,166.04,167.3,162.51,23239,385581318.0,2.92,1.16,1.91,0.25,166.04,167.3,162.51,-21.02
1970,2010-01-26,600519,168.27,166.7,170.17,164.6,32889,553152669.0,3.35,0.4,0.66,0.35,166.7,170.17,164.6,29.61
1971,2010-01-27,600519,166.03,163.98,167.78,163.6,19317,320765897.0,2.51,-1.63,-2.72,0.2,163.98,167.78,163.6,-27.21
1972,2010-01-28,600519,163.86,169.2,170.35,163.5,30268,507716302.0,4.18,3.18,5.22,0.32,169.2,170.35,163.5,35.52
1973,2010-01-29,600519,169.95,168.54,170.2,167.68,37173,628192888.0,1.49,-0.39,-0.66,0.39,168.54,170.2,167.68,61.02
1974,2010-02-01,600519,168.88,168.89,169.58,167.01,29656,499867002.0,1.52,0.21,0.35,0.31,168.89,169.58,167.01,42.67
1975,2010-02-02,600519,168.0,166.52,170.0,166.29,15494,260426281.0,2.2,-1.4,-2.37,0.16,166.52,170.0,166.29,-2.34
1976,2010-02-03,600519,166.21,165.93,168.1,164.2,23035,382974414.0,2.34,-0.35,-0.59,0.24,165.93,168.1,164.2,-64.74
1977,2010-02-04,600519,165.9,168.6,169.25,165.13,22475,376703449.0,2.48,1.61,2.67,0.24,168.6,169.25,165.13,11.93
1978,2010-02-05,600519,167.61,171.25,171.88,167.0,26234,445744684.0,2.89,1.57,2.65,0.28,171.25,171.88,167.0,137.7
1979,2010-02-08,600519,171.25,171.23,175.6,170.52,31496,548228595.0,2.97,-0.01,-0.02,0.33,171.23,175.6,170.52,225.38
1980,2010-02-09,600519,172.0,171.11,173.33,170.53,14151,243172993.0,1.64,-0.07,-0.12,0.15,171.11,173.33,170.53,144.77
1981,2010-02-10,600519,172.0,171.83,172.59,170.7,6398,109830207.0,1.1,0.42,0.72,0.07,171.83,172.59,170.7,116.51
1982,2010-02-11,600519,171.8,173.38,174.44,171.6,14945,259254548.0,1.65,0.9,1.55,0.16,173.38,174.44,171.6,134.47
1983,2010-02-12,600519,173.97,173.09,174.2,172.2,9346,161899961.0,1.15,-0.17,-0.29,0.1,173.09,174.2,172.2,110.68
1984,2010-02-22,600519,173.0,169.08,173.1,169.07,12178,207127846.0,2.33,-2.32,-4.01,0.13,169.08,173.1,169.07,25.3
1985,2010-02-23,600519,169.25,166.75,170.5,164.7,23562,391601201.0,3.43,-1.38,-2.33,0.25,166.75,170.5,164.7,-77.83
1986,2010-02-24,600519,166.76,167.92,168.6,165.5,9904,165405133.0,1.86,0.7,1.17,0.1,167.92,168.6,165.5,-75.39
1987,2010-02-25,600519,166.9,168.25,170.0,166.9,15314,258220826.0,1.85,0.2,0.33,0.16,168.25,170.0,166.9,-40.59
1988,2010-02-26,600519,168.98,166.84,168.98,166.6,10339,173028879.0,1.41,-0.84,-1.41,0.11,166.84,168.98,166.6,-64.67
1989,2010-03-01,600519,166.45,166.24,167.45,165.99,21735,361550327.0,0.88,-0.36,-0.6,0.23,166.24,167.45,165.99,-87.19
1990,2010-03-02,600519,166.61,165.6,166.79,164.9,17182,284524248.0,1.14,-0.38,-0.64,0.18,165.6,166.79,164.9,-108.87
1991,2010-03-03,600519,165.99,165.66,166.24,164.93,14233,235470730.0,0.79,0.04,0.06,0.15,165.66,166.24,164.93,-102.52
1992,2010-03-04,600519,166.02,165.14,166.85,164.0,14169,234440689.0,1.72,-0.31,-0.52,0.15,165.14,166.85,164.0,-93.64
1993,2010-03-05,600519,165.15,164.41,165.45,164.28,9771,160821083.0,0.71,-0.44,-0.73,0.1,164.41,165.45,164.28,-98.83
1994,2010-03-08,600519,164.48,163.18,164.98,162.8,23259,380034354.0,1.33,-0.75,-1.23,0.25,163.18,164.98,162.8,-114.36
1995,2010-03-09,600519,163.2,163.17,163.7,162.7,12341,201437828.0,0.61,-0.01,-0.01,0.13,163.17,163.7,162.7,-118.04
1996,2010-03-10,600519,163.27,163.66,163.7,162.9,11814,192984027.0,0.49,0.3,0.49,0.13,163.66,163.7,162.9,-102.04
1997,2010-03-11,600519,163.86,163.01,164.45,162.58,13519,220769894.0,1.14,-0.4,-0.65,0.14,163.01,164.45,162.58,-98.04
1998,2010-03-12,600519,163.02,161.92,163.67,161.59,12192,197699619.0,1.28,-0.67,-1.09,0.13,161.92,163.67,161.59,-121.89
1999,2010-03-15,600519,161.91,158.7,161.91,157.9,15809,251338919.0,2.48,-1.99,-3.22,0.17,158.7,161.91,157.9,-187.08
2000,2010-03-16,600519,158.7,158.94,159.65,157.9,7764,123284715.0,1.1,0.15,0.24,0.08,158.94,159.65,157.9,-168.49
2001,2010-03-17,600519,158.98,160.51,160.58,158.9,18711,298972351.0,1.06,0.99,1.57,0.2,160.51,160.58,158.9,-116.88
2002,2010-03-18,600519,160.58,158.41,161.37,157.75,14727,234364030.0,2.26,-1.31,-2.1,0.16,158.41,161.37,157.75,-118.47
2003,2010-03-19,600519,158.88,158.76,159.34,158.0,13362,212046433.0,0.85,0.22,0.35,0.14,158.76,159.34,158.0,-109.26
2004,2010-03-22,600519,159.24,158.0,159.6,157.68,23008,364454790.0,1.21,-0.48,-0.76,0.24,158.0,159.6,157.68,-96.82
2005,2010-03-23,600519,157.81,157.28,158.48,156.92,18330,288785264.0,0.99,-0.46,-0.72,0.19,157.28,158.48,156.92,-103.19
2006,2010-03-24,600519,157.58,159.15,159.78,157.55,20176,320611718.0,1.42,1.19,1.87,0.21,159.15,159.78,157.55,-59.85
2007,2010-03-25,600519,158.9,157.9,158.9,157.8,9814,155141078.0,0.69,-0.79,-1.25,0.1,157.9,158.9,157.8,-71.73
2008,2010-03-26,600519,158.17,159.66,160.88,158.08,20527,328239751.0,1.77,1.11,1.76,0.22,159.66,160.88,158.08,-20.91
2009,2010-03-29,600519,159.7,161.72,161.97,159.01,31475,505626392.0,1.85,1.29,2.06,0.33,161.72,161.97,159.01,43.84
2010,2010-03-30,600519,161.76,160.01,161.96,159.5,19012,304981145.0,1.52,-1.06,-1.71,0.2,160.01,161.96,159.5,42.55
2011,2010-03-31,600519,159.97,158.76,161.62,158.5,14905,237596436.0,1.95,-0.78,-1.25,0.16,158.76,161.62,158.5,13.63
2012,2010-04-01,600519,158.78,160.06,160.5,158.76,23981,383228783.0,1.1,0.82,1.3,0.25,160.06,160.5,158.76,47.98
2013,2010-04-02,600519,158.0,152.63,158.0,151.6,154282,2359758883.0,4.0,-4.64,-7.43,1.63,152.63,158.0,151.6,-300.34
2014,2010-04-06,600519,151.9,151.84,152.99,151.3,53123,806704607.0,1.11,-0.52,-0.79,0.56,151.84,152.99,151.3,-253.99
2015,2010-04-07,600519,151.87,152.13,152.85,151.22,41061,623779291.0,1.07,0.19,0.29,0.44,152.13,152.85,151.22,-172.92
2016,2010-04-08,600519,152.16,150.51,152.17,150.0,32921,497205376.0,1.43,-1.06,-1.62,0.35,150.51,152.17,150.0,-149.09
2017,2010-04-09,600519,150.01,149.14,150.6,147.79,54418,809627274.0,1.87,-0.91,-1.37,0.58,149.14,150.6,147.79,-140.55
2018,2010-04-12,600519,149.2,147.29,149.78,146.78,38514,568871643.0,2.01,-1.24,-1.85,0.41,147.29,149.78,146.78,-128.18
2019,2010-04-13,600519,147.4,149.88,150.99,146.9,54305,807780230.0,2.78,1.76,2.59,0.58,149.88,150.99,146.9,-89.65
2020,2010-04-14,600519,150.87,150.52,150.87,148.26,46368,693802745.0,1.74,0.43,0.64,0.49,150.52,150.87,148.26,-70.09
2021,2010-04-15,600519,150.65,147.48,150.65,147.0,40617,602138292.0,2.42,-2.02,-3.04,0.43,147.48,150.65,147.0,-81.92
2022,2010-04-16,600519,147.47,147.98,149.51,146.8,29396,434500524.0,1.84,0.34,0.5,0.31,147.98,149.51,146.8,-77.86
2023,2010-04-19,600519,148.01,146.16,149.55,145.85,41332,609860437.0,2.5,-1.23,-1.82,0.44,146.16,149.55,145.85,-88.52
2024,2010-04-20,600519,146.0,143.52,146.0,140.12,49387,704502590.0,4.02,-1.81,-2.64,0.52,143.52,146.0,140.12,-151.25
2025,2010-04-21,600519,143.5,148.02,148.21,141.71,63366,922573405.0,4.53,3.14,4.5,0.67,148.02,148.21,141.71,-92.24
2026,2010-04-22,600519,147.35,148.56,149.25,146.03,37064,549560405.0,2.18,0.36,0.54,0.39,148.56,149.25,146.03,-34.66
2027,2010-04-23,600519,148.0,143.83,149.6,143.1,66687,972162191.0,4.38,-3.18,-4.73,0.71,143.83,149.6,143.1,-104.27
2028,2010-04-26,600519,139.0,136.93,139.58,136.9,107036,1480340425.0,1.86,-4.8,-6.9,1.13,136.93,139.58,136.9,-259.66
2029,2010-04-27,600519,136.89,132.95,136.89,132.7,58234,781868466.0,3.06,-2.91,-3.98,0.62,132.95,136.89,132.7,-233.48
2030,2010-04-28,600519,132.0,132.13,133.4,131.0,26287,347144556.0,1.81,-0.62,-0.82,0.28,132.13,133.4,131.0,-185.38
2031,2010-04-29,600519,132.56,134.25,135.26,132.56,34501,464124490.0,2.04,1.6,2.12,0.37,134.25,135.26,132.56,-121.77
2032,2010-04-30,600519,131.43,129.03,131.43,127.75,85567,1102902799.0,2.74,-3.89,-5.22,0.91,129.03,131.43,127.75,-136.76
2033,2010-05-04,600519,127.99,128.64,129.56,126.89,23975,308504586.0,2.07,-0.3,-0.39,0.25,128.64,129.56,126.89,-118.47
2034,2010-05-05,600519,127.8,130.79,131.24,127.3,33839,440483241.0,3.06,1.67,2.15,0.36,130.79,131.24,127.3,-89.59
2035,2010-05-06,600519,131.0,127.35,131.0,127.3,28240,364015607.0,2.83,-2.63,-3.44,0.3,127.35,131.0,127.3,-88.62
2036,2010-05-07,600519,126.0,130.01,130.37,125.5,31255,401357091.0,3.82,2.09,2.66,0.33,130.01,130.37,125.5,-77.93
2037,2010-05-10,600519,132.0,133.54,136.0,132.0,66193,888886062.0,3.08,2.72,3.53,0.7,133.54,136.0,132.0,-20.23
2038,2010-05-11,600519,135.59,133.66,136.0,132.83,33632,450668323.0,2.37,0.09,0.12,0.36,133.66,136.0,132.83,-10.83
2039,2010-05-12,600519,133.29,133.18,134.0,130.0,21643,285567368.0,2.99,-0.36,-0.48,0.23,133.18,134.0,130.0,-26.43
2040,2010-05-13,600519,133.23,134.87,135.7,133.23,27050,365164014.0,1.85,1.27,1.69,0.29,134.87,135.7,133.23,31.2
2041,2010-05-14,600519,134.88,134.95,136.11,134.0,18126,245038802.0,1.56,0.06,0.08,0.19,134.95,136.11,134.0,72.33
2042,2010-05-17,600519,134.7,129.8,134.7,129.6,17644,231880074.0,3.78,-3.82,-5.15,0.19,129.8,134.7,129.6,-16.06
2043,2010-05-18,600519,130.0,130.11,130.97,126.18,26037,334232104.0,3.69,0.24,0.31,0.28,130.11,130.97,126.18,-73.39
2044,2010-05-19,600519,130.5,129.83,131.2,128.02,10799,140244493.0,2.44,-0.22,-0.28,0.11,129.83,131.2,128.02,-48.73
2045,2010-05-20,600519,129.45,131.48,133.33,129.01,22740,300553538.0,3.33,1.27,1.65,0.24,131.48,133.33,129.01,3.82
2046,2010-05-21,600519,129.4,134.21,134.6,128.47,27341,362007811.0,4.66,2.08,2.73,0.29,134.21,134.6,128.47,34.66
2047,2010-05-24,600519,134.99,135.97,136.5,134.3,29783,404173639.0,1.64,1.31,1.76,0.32,135.97,136.5,134.3,116.49
2048,2010-05-25,600519,135.6,131.25,135.6,130.75,22051,292444449.0,3.57,-3.47,-4.72,0.23,131.25,135.6,130.75,15.11
2049,2010-05-26,600519,131.5,131.94,132.66,130.16,11025,145156073.0,1.9,0.53,0.69,0.12,131.94,132.66,130.16,-27.33
2050,2010-05-31,600519,133.5,131.88,135.22,131.88,23550,314717160.0,2.53,-0.05,-0.06,0.25,131.88,135.22,131.88,16.89
2051,2010-06-01,600519,131.75,132.63,133.46,130.5,23526,311393511.0,2.24,0.57,0.75,0.25,132.63,133.46,130.5,-13.95
2052,2010-06-02,600519,132.56,134.16,134.4,131.65,21889,291694861.0,2.07,1.15,1.53,0.23,134.16,134.4,131.65,47.33
2053,2010-06-03,600519,134.99,135.03,136.5,133.4,24949,338070633.0,2.31,0.65,0.87,0.26,135.03,136.5,133.4,101.29
2054,2010-06-04,600519,134.93,138.12,138.4,134.21,30036,410658458.0,3.1,2.29,3.09,0.32,138.12,138.4,134.21,158.16
2055,2010-06-07,600519,137.0,141.06,142.27,136.0,38125,535882247.0,4.54,2.13,2.94,0.4,141.06,142.27,136.0,206.65
2056,2010-06-08,600519,141.06,140.12,141.88,139.0,14395,202331408.0,2.04,-0.67,-0.94,0.15,140.12,141.88,139.0,163.46
2057,2010-06-09,600519,140.22,141.42,142.6,140.08,18054,255194304.0,1.8,0.93,1.3,0.19,141.42,142.6,140.08,148.81
2058,2010-06-10,600519,141.4,141.35,142.6,140.53,11781,166835001.0,1.46,-0.05,-0.07,0.12,141.35,142.6,140.53,124.35
2059,2010-06-11,600519,141.57,138.71,142.5,138.56,19573,274933803.0,2.79,-1.87,-2.64,0.21,138.71,142.5,138.56,76.89
2060,2010-06-17,600519,139.2,136.48,139.49,136.31,12524,172316218.0,2.29,-1.61,-2.23,0.13,136.48,139.49,136.31,20.42
2061,2010-06-18,600519,136.01,132.26,136.8,131.01,20102,270316817.0,4.24,-3.09,-4.22,0.21,132.26,136.8,131.01,-59.59
2062,2010-06-21,600519,132.4,134.44,134.5,131.2,18954,251513446.0,2.5,1.65,2.18,0.2,134.44,134.5,131.2,-61.47
2063,2010-06-22,600519,133.26,132.19,133.94,131.4,20779,275184084.0,1.89,-1.67,-2.25,0.22,132.19,133.94,131.4,-82.42
2064,2010-06-23,600519,132.0,131.7,132.88,131.42,12813,169174743.0,1.1,-0.37,-0.49,0.14,131.7,132.88,131.42,-89.64
2065,2010-06-24,600519,131.91,129.97,132.47,129.68,24344,317936253.0,2.12,-1.31,-1.73,0.26,129.97,132.47,129.68,-110.41
2066,2010-06-25,600519,129.8,130.52,131.0,128.83,19011,246313336.0,1.67,0.42,0.55,0.2,130.52,131.0,128.83,-109.79
2067,2010-06-28,600519,130.2,128.01,130.22,127.81,14817,190660624.0,1.85,-1.92,-2.51,0.16,128.01,130.22,127.81,-113.86
2068,2010-06-29,600519,128.51,126.27,129.39,125.51,27783,354061610.0,3.03,-1.36,-1.74,0.29,126.27,129.39,125.51,-117.1
2069,2010-06-30,600519,126.0,127.36,127.5,125.65,17824,225134758.0,1.47,0.86,1.09,0.19,127.36,127.5,125.65,-107.54
2070,2010-07-01,600519,127.85,127.02,127.85,126.5,7450,94688255.0,1.06,-0.27,-0.34,0.08,127.02,127.85,126.5,-94.68
2071,2010-07-02,600519,126.55,127.68,129.1,126.55,16453,209978232.0,2.01,0.52,0.66,0.17,127.68,129.1,126.55,-76.52
2072,2010-07-05,600519,126.5,125.81,126.8,124.56,14041,176428087.0,1.75,-1.46,-1.87,0.15,125.81,126.8,124.56,-104.2
2073,2010-07-06,600519,125.9,127.6,128.16,125.0,15306,195146898.0,2.51,1.42,1.79,0.16,127.6,128.16,125.0,-72.34
2074,2010-07-07,600519,127.6,127.32,128.5,126.5,8788,111689439.0,1.57,-0.22,-0.28,0.09,127.32,128.5,126.5,-51.4
2075,2010-07-08,600519,127.11,128.32,128.5,127.11,8516,108893890.0,1.09,0.79,1.0,0.09,128.32,128.5,127.11,-29.23
2076,2010-07-09,600519,128.58,131.06,132.2,127.71,27379,357390425.0,3.5,2.14,2.74,0.29,131.06,132.2,127.71,62.74
2077,2010-07-12,600519,130.8,130.71,133.3,130.55,17834,235347809.0,2.1,-0.27,-0.35,0.19,130.71,133.3,130.55,115.73
2078,2010-07-13,600519,130.74,129.55,130.74,128.51,7439,96225621.0,1.71,-0.89,-1.16,0.08,129.55,130.74,128.51,52.9
2079,2010-07-14,600519,129.4,130.24,131.16,129.03,9643,125763296.0,1.64,0.53,0.69,0.1,130.24,131.16,129.03,81.43
2080,2010-07-15,600519,130.5,131.83,133.2,130.35,18833,248573676.0,2.19,1.22,1.59,0.2,131.83,133.2,130.35,138.75
2081,2010-07-16,600519,130.9,133.81,134.34,130.58,32950,438987876.0,2.85,1.5,1.98,0.35,133.81,134.34,130.58,142.06
2082,2010-07-19,600519,133.05,135.8,136.2,132.91,19412,261608074.0,2.46,1.49,1.99,0.21,135.8,136.2,132.91,166.38
2083,2010-07-20,600519,135.98,136.51,137.29,134.68,26886,366053258.0,1.92,0.52,0.71,0.28,136.51,137.29,134.68,162.34
2084,2010-07-21,600519,136.51,137.88,140.4,136.51,24363,338324505.0,2.85,1.0,1.37,0.26,137.88,140.4,136.51,167.91
2085,2010-07-22,600519,138.8,137.96,138.8,136.8,16222,223560516.0,1.45,0.06,0.08,0.17,137.96,138.8,136.8,129.77
2086,2010-07-23,600519,138.18,140.71,141.02,138.18,38466,539887868.0,2.06,1.99,2.75,0.41,140.71,141.02,138.18,139.63
2087,2010-07-26,600519,140.71,140.96,142.78,140.25,22017,311555737.0,1.8,0.18,0.25,0.23,140.96,142.78,140.25,133.74
2088,2010-07-27,600519,140.1,142.0,142.18,140.1,25229,357546813.0,1.48,0.74,1.04,0.27,142.0,142.18,140.1,114.57
2089,2010-07-28,600519,142.6,142.94,143.03,141.5,27740,395352770.0,1.08,0.66,0.94,0.29,142.94,143.03,141.5,113.94
2090,2010-07-29,600519,142.93,139.42,143.1,139.16,45373,636454908.0,2.76,-2.46,-3.52,0.48,139.42,143.1,139.16,71.6
2091,2010-07-30,600519,139.28,138.67,139.28,137.5,29439,406203348.0,1.28,-0.54,-0.75,0.31,138.67,139.28,137.5,29.77
2092,2010-08-02,600519,138.63,143.55,145.26,138.63,42966,614400254.0,4.78,3.52,4.88,0.46,143.55,145.26,138.63,95.94
2093,2010-08-03,600519,143.0,142.26,144.8,142.01,17573,251858817.0,1.94,-0.9,-1.29,0.19,142.26,144.8,142.01,98.93
2094,2010-08-04,600519,142.0,144.02,144.2,141.72,17350,249201032.0,1.74,1.24,1.76,0.18,144.02,144.2,141.72,95.98
2095,2010-08-05,600519,144.08,148.16,149.35,144.08,41966,620781742.0,3.66,2.87,4.14,0.44,148.16,149.35,144.08,177.36
2096,2010-08-06,600519,147.8,148.2,148.8,147.2,21841,323918732.0,1.08,0.03,0.04,0.23,148.2,148.8,147.2,173.52
2097,2010-08-09,600519,148.25,151.61,152.22,148.25,38704,586147268.0,2.68,2.3,3.41,0.41,151.61,152.22,148.25,193.44
2098,2010-08-10,600519,151.61,146.76,153.59,146.5,28740,427619893.0,4.68,-3.2,-4.85,0.3,146.76,153.59,146.5,121.23
2099,2010-08-11,600519,146.0,147.85,149.0,146.0,15191,224550906.0,2.04,0.74,1.09,0.16,147.85,149.0,146.0,75.05
2100,2010-08-12,600519,147.8,148.92,151.9,146.21,31026,463112778.0,3.85,0.72,1.07,0.33,148.92,151.9,146.21,86.02
2101,2010-08-13,600519,148.88,150.39,151.46,148.32,15776,236758807.0,2.11,0.99,1.47,0.17,150.39,151.46,148.32,90.24
2102,2010-08-16,600519,150.41,152.9,153.29,150.41,25910,395272912.0,1.92,1.67,2.51,0.27,152.9,153.29,150.41,112.36
2103,2010-08-17,600519,152.8,155.09,156.25,152.5,35748,554777110.0,2.45,1.43,2.19,0.38,155.09,156.25,152.5,136.15
2104,2010-08-18,600519,154.98,152.84,156.42,152.3,30174,464752257.0,2.66,-1.45,-2.25,0.32,152.84,156.42,152.3,113.25
2105,2010-08-19,600519,152.88,151.26,153.9,150.5,35437,536485063.0,2.22,-1.03,-1.58,0.38,151.26,153.9,150.5,68.97
2106,2010-08-20,600519,151.19,148.89,151.19,148.48,20842,311220147.0,1.79,-1.57,-2.37,0.22,148.89,151.19,148.48,6.13
2107,2010-08-23,600519,148.25,150.72,150.9,148.0,13215,197952515.0,1.95,1.23,1.83,0.14,150.72,150.9,148.0,3.11
2108,2010-08-24,600519,150.32,151.42,152.99,149.1,10838,164253365.0,2.58,0.46,0.7,0.11,151.42,152.99,149.1,31.38
2109,2010-08-25,600519,150.5,149.79,151.92,149.63,16508,249067209.0,1.51,-1.08,-1.63,0.17,149.79,151.92,149.63,-5.16
2110,2010-08-26,600519,149.9,150.37,150.55,148.5,12233,183116485.0,1.37,0.39,0.58,0.13,150.37,150.55,148.5,-40.29
2111,2010-08-27,600519,150.0,151.06,151.23,149.2,8799,132580368.0,1.35,0.46,0.69,0.09,151.06,151.23,149.2,-8.22
2112,2010-08-30,600519,151.68,159.82,160.0,151.68,53784,849497659.0,5.51,5.8,8.76,0.57,159.82,160.0,151.68,205.63
2113,2010-08-31,600519,158.53,159.23,160.99,157.88,31400,501261374.0,1.95,-0.37,-0.59,0.33,159.23,160.99,157.88,203.22
2114,2010-09-01,600519,158.8,156.88,161.2,155.9,25589,406904438.0,3.33,-1.48,-2.35,0.27,156.88,161.2,155.9,127.12
2115,2010-09-02,600519,158.0,159.99,162.08,157.87,24822,399335601.0,2.68,1.98,3.11,0.26,159.99,162.08,157.87,136.9
2116,2010-09-03,600519,159.8,162.62,165.38,159.8,27761,452832217.0,3.49,1.64,2.63,0.29,162.62,165.38,159.8,147.78
2117,2010-09-06,600519,164.0,166.72,168.6,164.0,29008,485289346.0,2.83,2.52,4.1,0.31,166.72,168.6,164.0,159.77
2118,2010-09-07,600519,167.05,165.27,169.1,164.8,22374,372434005.0,2.58,-0.87,-1.45,0.24,165.27,169.1,164.8,127.12
2119,2010-09-08,600519,165.0,166.48,167.5,165.0,15011,250344694.0,1.51,0.73,1.21,0.16,166.48,167.5,165.0,107.8
2120,2010-09-09,600519,167.0,166.89,169.1,166.0,21504,360593531.0,1.86,0.25,0.41,0.23,166.89,169.1,166.0,104.1
2121,2010-09-10,600519,167.5,169.49,169.9,166.5,19868,335023684.0,2.04,1.56,2.6,0.21,169.49,169.9,166.5,103.94
2122,2010-09-13,600519,169.0,168.78,173.45,167.95,28063,480493819.0,3.25,-0.42,-0.71,0.3,168.78,173.45,167.95,103.25
2123,2010-09-14,600519,168.75,167.29,170.22,165.6,26383,441034013.0,2.74,-0.88,-1.49,0.28,167.29,170.22,165.6,67.73
2124,2010-09-15,600519,167.0,162.45,167.29,161.7,21032,347008844.0,3.34,-2.89,-4.84,0.22,162.45,167.29,161.7,9.66
2125,2010-09-16,600519,162.1,159.34,164.05,156.89,20498,327836606.0,4.41,-1.91,-3.11,0.22,159.34,164.05,156.89,-67.59
2126,2010-09-17,600519,159.22,161.81,164.44,157.51,17975,290800424.0,4.35,1.55,2.47,0.19,161.81,164.44,157.51,-56.42
2127,2010-09-20,600519,162.86,164.65,166.0,162.0,12576,206418537.0,2.47,1.76,2.84,0.13,164.65,166.0,162.0,-5.9
2128,2010-09-21,600519,166.5,166.08,166.88,164.01,14940,247684425.0,1.74,0.87,1.43,0.16,166.08,166.88,164.01,15.89
2129,2010-09-27,600519,166.1,168.83,169.0,165.3,18548,310077012.0,2.23,1.66,2.75,0.2,168.83,169.0,165.3,62.06
2130,2010-09-28,600519,168.59,170.78,171.19,168.0,22585,384574256.0,1.89,1.16,1.95,0.24,170.78,171.19,168.0,116.34
2131,2010-09-29,600519,170.4,167.16,171.55,167.01,13272,225065386.0,2.66,-2.12,-3.62,0.14,167.16,171.55,167.01,65.99
2132,2010-09-30,600519,166.56,168.73,169.2,166.0,14579,244719876.0,1.91,0.94,1.57,0.15,168.73,169.2,166.0,44.0
2133,2010-10-08,600519,169.0,173.53,175.5,169.0,31609,549853018.0,3.85,2.84,4.8,0.33,173.53,175.5,169.0,142.45
2134,2010-10-11,600519,174.0,167.8,176.43,166.0,43743,742024422.0,6.01,-3.3,-5.73,0.46,167.8,176.43,166.0,70.65
2135,2010-10-12,600519,167.81,166.6,169.98,164.29,28543,473412980.0,3.39,-0.72,-1.2,0.3,166.6,169.98,164.29,1.09
2136,2010-10-13,600519,166.0,161.0,166.53,159.85,60288,972450177.0,4.01,-3.36,-5.6,0.64,161.0,166.53,159.85,-88.04
2137,2010-10-14,600519,161.02,158.44,161.3,156.81,53244,842374776.0,2.79,-1.59,-2.56,0.56,158.44,161.3,156.81,-134.97
2138,2010-10-15,600519,158.52,159.98,163.0,158.31,72100,1152421933.0,2.96,0.97,1.54,0.76,159.98,163.0,158.31,-92.09
2139,2010-10-18,600519,160.0,162.42,165.16,154.8,96564,1522116994.0,6.48,1.53,2.44,1.02,162.42,165.16,154.8,-87.76
2140,2010-10-19,600519,161.42,163.27,164.9,160.0,53448,870135034.0,3.02,0.52,0.85,0.57,163.27,164.9,160.0,-55.91
2141,2010-10-20,600519,160.1,167.41,168.9,160.09,47373,788461639.0,5.4,2.54,4.14,0.5,167.41,168.9,160.09,-5.33
2142,2010-10-21,600519,167.6,167.47,170.05,165.8,37622,632118759.0,2.54,0.04,0.06,0.4,167.47,170.05,165.8,35.71
2143,2010-10-22,600519,167.48,168.11,171.6,166.66,41047,697025656.0,2.95,0.38,0.64,0.43,168.11,171.6,166.66,52.53
2144,2010-10-25,600519,169.0,173.0,173.8,168.13,36195,622609050.0,3.37,2.91,4.89,0.38,173.0,173.8,168.13,100.59
2145,2010-10-26,600519,172.8,169.01,172.88,168.01,28591,484027261.0,2.82,-2.31,-3.99,0.3,169.01,172.88,168.01,66.9
2146,2010-10-27,600519,168.75,168.15,169.4,166.5,28913,484076380.0,1.72,-0.51,-0.86,0.31,168.15,169.4,166.5,32.33
2147,2010-10-28,600519,167.9,167.04,168.3,166.73,19441,325743881.0,0.93,-0.66,-1.11,0.21,167.04,168.3,166.73,29.97
2148,2010-10-29,600519,164.74,163.15,165.07,160.5,65466,1064852159.0,2.74,-2.33,-3.89,0.69,163.15,165.07,160.5,-47.22
2149,2010-11-01,600519,163.2,163.76,164.9,162.2,49659,810910408.0,1.65,0.37,0.61,0.53,163.76,164.9,162.2,-28.4
2150,2010-11-02,600519,164.52,162.67,164.52,161.59,62292,1009953812.0,1.79,-0.67,-1.09,0.66,162.67,164.52,161.59,-43.18
2151,2010-11-03,600519,163.0,163.35,165.65,161.5,42253,693876483.0,2.55,0.42,0.68,0.45,163.35,165.65,161.5,-42.6
2152,2010-11-04,600519,163.95,165.05,165.54,162.78,44629,732196946.0,1.69,1.04,1.7,0.47,165.05,165.54,162.78,-30.33
2153,2010-11-05,600519,165.3,163.98,166.0,163.3,34655,569207561.0,1.64,-0.65,-1.07,0.37,163.98,166.0,163.3,-40.61
2154,2010-11-08,600519,163.99,163.49,164.0,161.25,56894,922801037.0,1.68,-0.3,-0.49,0.6,163.49,164.0,161.25,-81.17
2155,2010-11-09,600519,163.6,165.86,166.59,162.72,60738,1002019514.0,2.37,1.45,2.37,0.64,165.86,166.59,162.72,-23.49
2156,2010-11-10,600519,166.6,179.73,182.45,166.5,150005,2670067328.0,9.62,8.36,13.87,1.59,179.73,182.45,166.5,199.18
2157,2010-11-11,600519,181.99,175.92,181.99,174.11,74217,1322968333.0,4.38,-2.12,-3.81,0.79,175.92,181.99,174.11,172.36
2158,2010-11-12,600519,175.55,177.53,188.08,175.52,126500,2298576167.0,7.14,0.92,1.61,1.34,177.53,188.08,175.52,178.15
2159,2010-11-15,600519,181.99,183.69,188.0,181.99,79039,1458250426.0,3.39,3.47,6.16,0.84,183.69,188.0,181.99,170.01
2160,2010-11-16,600519,185.99,177.19,186.0,174.5,72292,1294350638.0,6.26,-3.54,-6.5,0.77,177.19,186.0,174.5,90.35
2161,2010-11-17,600519,175.9,165.0,175.9,163.8,80509,1362362423.0,6.83,-6.88,-12.19,0.85,165.0,175.9,163.8,-13.88
2162,2010-11-18,600519,166.55,169.49,170.97,166.0,40286,680881283.0,3.01,2.72,4.49,0.43,169.49,170.97,166.0,-12.88
2163,2010-11-19,600519,171.1,175.16,176.0,170.21,48955,848958178.0,3.42,3.35,5.67,0.52,175.16,176.0,170.21,29.57
2164,2010-11-22,600519,174.88,178.51,182.38,173.8,47941,857696481.0,4.9,1.91,3.35,0.51,178.51,182.38,173.8,63.57
2165,2010-11-23,600519,178.38,189.04,189.2,176.2,108470,1995630382.0,7.28,5.9,10.53,1.15,189.04,189.2,176.2,113.02
2166,2010-11-24,600519,192.0,199.92,206.6,192.0,110799,2220954810.0,7.72,5.76,10.88,1.17,199.92,206.6,192.0,209.03
2167,2010-11-25,600519,200.53,202.97,203.62,197.0,45580,916382376.0,3.31,1.53,3.05,0.48,202.97,203.62,197.0,181.47
2168,2010-11-26,600519,202.97,207.24,212.67,200.61,63799,1324934628.0,5.94,2.1,4.27,0.68,207.24,212.67,200.61,171.65
2169,2010-11-29,600519,205.25,216.43,222.0,205.25,67499,1441023288.0,8.08,4.43,9.19,0.72,216.43,222.0,205.25,168.69
2170,2010-11-30,600519,216.37,204.81,216.37,200.33,65665,1356812148.0,7.41,-5.37,-11.62,0.7,204.81,216.37,200.33,100.01
2171,2010-12-01,600519,203.0,202.4,208.0,200.02,38016,773495042.0,3.9,-1.18,-2.41,0.4,202.4,208.0,200.02,68.2
2172,2010-12-02,600519,204.2,198.17,206.0,197.91,42940,864862808.0,4.0,-2.09,-4.23,0.45,198.17,206.0,197.91,47.2
2173,2010-12-03,600519,198.0,199.79,203.49,197.7,43037,863905870.0,2.92,0.82,1.62,0.46,199.79,203.49,197.7,39.87
2174,2010-12-06,600519,199.85,193.02,202.0,190.11,43282,839963278.0,5.95,-3.39,-6.77,0.46,193.02,202.0,190.11,10.18
2175,2010-12-07,600519,191.89,197.56,198.8,189.86,31805,621615004.0,4.63,2.35,4.54,0.34,197.56,198.8,189.86,2.61
2176,2010-12-08,600519,197.5,196.18,201.8,196.01,28335,564539229.0,2.93,-0.7,-1.38,0.3,196.18,201.8,196.01,7.41
2177,2010-12-09,600519,195.99,195.26,196.78,192.3,24461,474949022.0,2.28,-0.47,-0.92,0.26,195.26,196.78,192.3,-39.19
2178,2010-12-10,600519,193.35,197.72,198.88,191.0,39587,766519126.0,4.04,1.26,2.46,0.42,197.72,198.88,191.0,-52.26
2179,2010-12-13,600519,197.5,196.99,197.5,193.5,58593,1144043372.0,2.02,-0.37,-0.73,0.62,196.99,197.5,193.5,-71.79
2180,2010-12-14,600519,197.31,197.91,201.5,196.8,61543,1224103219.0,2.39,0.47,0.92,0.65,197.91,201.5,196.8,-28.2
2181,2010-12-15,600519,198.0,200.7,203.33,198.0,47424,953073582.0,2.69,1.41,2.79,0.5,200.7,203.33,198.0,2.11
2182,2010-12-16,600519,211.99,206.98,212.5,206.5,66818,1396868342.0,2.99,3.13,6.28,0.71,206.98,212.5,206.5,119.46
2183,2010-12-17,600519,208.0,204.42,209.2,203.81,51770,1060471130.0,2.6,-1.24,-2.56,0.55,204.42,209.2,203.81,101.55
2184,2010-12-20,600519,205.98,197.38,206.66,194.0,68557,1361002093.0,6.19,-3.44,-7.04,0.73,197.38,206.66,194.0,-2.88
2185,2010-12-21,600519,197.35,194.0,197.61,193.01,59359,1153389514.0,2.33,-1.71,-3.38,0.63,194.0,197.61,193.01,-83.77
2186,2010-12-22,600519,194.07,190.95,194.49,190.0,44151,845830946.0,2.31,-1.57,-3.05,0.47,190.95,194.49,190.0,-124.26
2187,2010-12-23,600519,190.85,190.71,192.7,190.0,32744,626262013.0,1.41,-0.13,-0.24,0.35,190.71,192.7,190.0,-116.86
2188,2010-12-24,600519,190.71,188.72,190.91,187.0,29409,553596991.0,2.05,-1.04,-1.99,0.31,188.72,190.91,187.0,-135.9
2189,2010-12-27,600519,189.0,182.99,189.99,182.31,45246,844631482.0,4.07,-3.04,-5.73,0.48,182.99,189.99,182.31,-160.9
2190,2010-12-28,600519,183.0,183.26,186.6,177.4,48176,873676036.0,5.03,0.15,0.27,0.51,183.26,186.6,177.4,-157.88
2191,2010-12-29,600519,183.1,186.0,186.07,182.0,30968,569651391.0,2.22,1.5,2.74,0.33,186.0,186.07,182.0,-106.26
2192,2010-12-30,600519,186.5,181.93,186.5,180.2,41775,760950273.0,3.39,-2.19,-4.07,0.44,181.93,186.5,180.2,-103.4
2193,2010-12-31,600519,181.8,183.92,184.28,181.05,46085,843075733.0,1.78,1.09,1.99,0.49,183.92,184.28,181.05,-86.87
2194,2011-01-04,600519,186.9,185.5,187.9,182.6,60462,1116558389.0,2.88,0.86,1.58,0.64,185.5,187.9,182.6,-59.31
2195,2011-01-05,600519,184.9,181.08,185.4,180.5,58198,1064872709.0,2.64,-2.38,-4.42,0.62,181.08,185.4,180.5,-77.52
2196,2011-01-06,600519,181.21,180.24,183.6,178.44,37585,677983969.0,2.85,-0.46,-0.84,0.4,180.24,183.6,178.44,-87.44
2197,2011-01-07,600519,180.18,179.72,181.69,178.5,30534,548732363.0,1.77,-0.29,-0.52,0.32,179.72,181.69,178.5,-94.04
2198,2011-01-10,600519,179.62,174.31,180.51,174.14,38785,687881571.0,3.54,-3.01,-5.41,0.41,174.31,180.51,174.14,-147.8
2199,2011-01-11,600519,173.68,173.56,175.5,171.21,45322,787943021.0,2.46,-0.43,-0.75,0.48,173.56,175.5,171.21,-177.55
2200,2011-01-12,600519,174.1,174.47,176.0,172.41,31323,546334112.0,2.07,0.52,0.91,0.33,174.47,176.0,172.41,-140.78
2201,2011-01-13,600519,175.5,179.49,181.0,174.49,41342,740207616.0,3.73,2.88,5.02,0.44,179.49,181.0,174.49,-56.01
2202,2011-01-14,600519,178.95,180.19,181.21,177.3,25773,461741103.0,2.18,0.39,0.7,0.27,180.19,181.21,177.3,-22.32
2203,2011-01-17,600519,179.7,175.59,182.2,175.02,37475,673586235.0,3.98,-2.55,-4.6,0.4,175.59,182.2,175.02,-54.85
2204,2011-01-18,600519,175.1,182.56,182.61,173.99,40962,738283975.0,4.91,3.97,6.97,0.43,182.56,182.61,173.99,-3.71
2205,2011-01-19,600519,182.56,182.83,183.57,181.11,26199,478032606.0,1.35,0.15,0.27,0.28,182.83,183.57,181.11,69.04
2206,2011-01-20,600519,182.3,180.07,183.99,178.25,24523,444085191.0,3.14,-1.51,-2.76,0.26,180.07,183.99,178.25,31.26
2207,2011-01-21,600519,179.8,175.89,181.5,175.66,26867,479005923.0,3.24,-2.32,-4.18,0.28,175.89,181.5,175.66,-40.15
2208,2011-01-24,600519,175.87,171.52,177.48,170.01,34775,601578015.0,4.25,-2.48,-4.37,0.37,171.52,177.48,170.01,-141.35
2209,2011-01-25,600519,170.98,170.7,172.4,170.0,17239,294978979.0,1.4,-0.48,-0.82,0.18,170.7,172.4,170.0,-155.37
2210,2011-01-26,600519,171.01,172.14,173.99,171.01,14326,247045171.0,1.75,0.84,1.44,0.15,172.14,173.99,171.01,-100.7
2211,2011-01-27,600519,171.96,173.06,175.28,169.58,29444,507387589.0,3.31,0.53,0.92,0.31,173.06,175.28,169.58,-80.95
2212,2011-01-28,600519,173.01,173.34,174.13,172.38,19591,339796042.0,1.01,0.16,0.28,0.21,173.34,174.13,172.38,-58.21
2213,2011-01-31,600519,173.5,177.99,180.92,173.01,32442,577621803.0,4.56,2.68,4.65,0.34,177.99,180.92,173.01,18.47
2214,2011-02-01,600519,178.0,180.28,181.85,177.5,17758,319648600.0,2.44,1.29,2.29,0.19,180.28,181.85,177.5,64.99
2215,2011-02-09,600519,179.99,177.96,180.81,177.0,17675,317003717.0,2.11,-1.29,-2.32,0.19,177.96,180.81,177.0,36.93
2216,2011-02-10,600519,177.35,185.03,185.99,177.3,36009,656695297.0,4.88,3.97,7.07,0.38,185.03,185.99,177.3,115.07
2217,2011-02-11,600519,184.74,184.93,188.45,184.29,34001,634257226.0,2.25,-0.05,-0.1,0.36,184.93,188.45,184.29,145.18
2218,2011-02-14,600519,184.93,187.11,188.0,183.9,36639,681621643.0,2.22,1.18,2.18,0.39,187.11,188.0,183.9,128.65
2219,2011-02-15,600519,187.11,185.24,188.8,184.8,29716,554140643.0,2.14,-1.0,-1.87,0.31,185.24,188.8,184.8,116.14
2220,2011-02-16,600519,185.01,183.68,185.99,181.7,36440,667440837.0,2.32,-0.84,-1.56,0.39,183.68,185.99,181.7,72.6
2221,2011-02-17,600519,183.0,181.26,183.7,180.83,36364,662075979.0,1.56,-1.32,-2.42,0.39,181.26,183.7,180.83,40.7
2222,2011-02-18,600519,180.8,181.98,185.45,180.3,36829,676343235.0,2.84,0.4,0.72,0.39,181.98,185.45,180.3,42.46
2223,2011-02-21,600519,182.0,183.48,184.8,181.2,27290,498811371.0,1.98,0.82,1.5,0.29,183.48,184.8,181.2,43.25
2224,2011-02-22,600519,183.48,181.88,185.25,181.0,38294,701713006.0,2.32,-0.87,-1.6,0.41,181.88,185.25,181.0,28.38
2225,2011-02-23,600519,181.11,182.76,183.47,181.11,19422,353816777.0,1.3,0.48,0.88,0.21,182.76,183.47,181.11,13.06
2226,2011-02-24,600519,182.58,182.15,183.47,181.12,20476,373539569.0,1.29,-0.33,-0.61,0.22,182.15,183.47,181.12,-11.44
2227,2011-02-25,600519,182.88,179.62,182.88,179.2,29413,532482186.0,2.02,-1.39,-2.53,0.31,179.62,182.88,179.2,-90.82
2228,2011-02-28,600519,179.3,178.68,179.46,176.0,39093,693295724.0,1.93,-0.52,-0.94,0.41,178.68,179.46,176.0,-175.76
2229,2011-03-01,600519,178.71,178.64,179.93,177.8,23059,411728226.0,1.19,-0.02,-0.04,0.24,178.64,179.93,177.8,-149.25
2230,2011-03-02,600519,178.2,177.21,179.0,176.01,32096,569125294.0,1.67,-0.8,-1.43,0.34,177.21,179.0,176.01,-154.21
2231,2011-03-03,600519,177.27,175.0,178.69,174.75,37735,663456221.0,2.22,-1.25,-2.21,0.4,175.0,178.69,174.75,-149.28
2232,2011-03-04,600519,175.0,175.93,176.78,174.5,33351,587411610.0,1.3,0.53,0.93,0.35,175.93,176.78,174.5,-129.72
2233,2011-03-07,600519,175.84,177.38,177.53,175.84,33554,593119911.0,0.96,0.82,1.45,0.36,177.38,177.53,175.84,-84.44
2234,2011-03-08,600519,177.43,176.72,177.6,174.8,31870,560058561.0,1.58,-0.37,-0.66,0.34,176.72,177.6,174.8,-84.35
2235,2011-03-09,600519,177.49,177.99,178.2,176.05,22971,406818003.0,1.22,0.72,1.27,0.24,177.99,178.2,176.05,-50.2
2236,2011-03-10,600519,177.97,182.0,184.2,177.38,54492,991540447.0,3.83,2.25,4.01,0.58,182.0,184.2,177.38,54.12
2237,2011-03-11,600519,181.6,180.04,183.4,179.89,23345,424871796.0,1.93,-1.08,-1.96,0.25,180.04,183.4,179.89,59.99
2238,2011-03-14,600519,179.52,182.88,184.0,179.11,22373,408383265.0,2.72,1.58,2.84,0.24,182.88,184.0,179.11,90.01
2239,2011-03-15,600519,181.64,179.27,183.22,177.03,30899,554199756.0,3.38,-1.97,-3.61,0.33,179.27,183.22,177.03,33.51
2240,2011-03-16,600519,179.6,181.84,182.97,179.31,24176,438681962.0,2.04,1.43,2.57,0.26,181.84,182.97,179.31,90.24
2241,2011-03-17,600519,180.9,189.03,189.53,180.18,88523,1653009378.0,5.14,3.95,7.19,0.94,189.03,189.53,180.18,197.92
2242,2011-03-18,600519,189.55,191.15,194.1,187.13,61484,1175141410.0,3.69,1.12,2.12,0.65,191.15,194.1,187.13,225.48
2243,2011-03-21,600519,189.8,187.13,190.98,184.55,48651,910057839.0,3.36,-2.1,-4.02,0.52,187.13,190.98,184.55,126.43
2244,2011-03-22,600519,188.38,185.75,189.98,185.2,27888,521369663.0,2.55,-0.74,-1.38,0.3,185.75,189.98,185.2,97.96
2245,2011-03-23,600519,186.01,186.54,186.69,183.5,42882,792668100.0,1.72,0.43,0.79,0.45,186.54,186.69,183.5,61.02
2246,2011-03-24,600519,186.3,183.55,186.55,183.5,21353,393924337.0,1.64,-1.6,-2.99,0.23,183.55,186.55,183.5,33.51
2247,2011-03-25,600519,183.0,183.43,185.58,183.0,27906,513404256.0,1.41,-0.07,-0.12,0.3,183.43,185.58,183.0,15.9
2248,2011-03-28,600519,183.55,180.91,184.4,180.49,40296,731053019.0,2.13,-1.37,-2.52,0.43,180.91,184.4,180.49,-38.34
2249,2011-03-29,600519,181.0,178.95,181.3,178.5,26523,476995781.0,1.55,-1.08,-1.96,0.28,178.95,181.3,178.5,-100.98
2250,2011-03-30,600519,178.94,178.71,180.26,178.3,20603,368964875.0,1.1,-0.13,-0.24,0.22,178.71,180.26,178.3,-103.62
2251,2011-03-31,600519,178.71,179.85,182.8,178.5,17526,316949399.0,2.41,0.64,1.14,0.19,179.85,182.8,178.5,-71.54
2252,2011-04-01,600519,179.98,179.46,181.35,178.55,18227,326554075.0,1.56,-0.22,-0.39,0.19,179.46,181.35,178.55,-77.3
2253,2011-04-06,600519,179.4,176.98,179.9,176.71,28775,510620637.0,1.78,-1.38,-2.48,0.3,176.98,179.9,176.71,-110.37
2254,2011-04-07,600519,176.2,174.94,177.0,174.78,46831,820484804.0,1.25,-1.15,-2.04,0.5,174.94,177.0,174.78,-131.95
2255,2011-04-08,600519,174.96,175.66,176.5,174.8,21823,383817086.0,0.97,0.41,0.72,0.23,175.66,176.5,174.8,-111.81
2256,2011-04-11,600519,175.45,177.49,178.65,175.11,26173,463960298.0,2.02,1.04,1.83,0.28,177.49,178.65,175.11,-78.72
2257,2011-04-12,600519,177.5,177.42,179.34,176.7,34946,623251647.0,1.49,-0.04,-0.07,0.37,177.42,179.34,176.7,-57.94
2258,2011-04-13,600519,177.3,178.33,179.0,177.02,29389,522953556.0,1.12,0.51,0.91,0.31,178.33,179.0,177.02,-44.5
2259,2011-04-14,600519,178.3,175.74,178.5,175.48,36622,644626738.0,1.69,-1.45,-2.59,0.39,175.74,178.5,175.48,-78.02
2260,2011-04-15,600519,175.97,172.38,176.99,170.77,53327,919620925.0,3.54,-1.91,-3.36,0.57,172.38,176.99,170.77,-157.6
2261,2011-04-18,600519,172.18,173.06,173.39,171.21,19609,338287704.0,1.26,0.39,0.68,0.21,173.06,173.39,171.21,-161.76
2262,2011-04-19,600519,173.06,173.38,174.64,171.49,22881,395248447.0,1.82,0.18,0.32,0.24,173.38,174.64,171.49,-120.04
2263,2011-04-20,600519,173.38,174.8,175.18,173.0,22509,392495921.0,1.26,0.82,1.42,0.24,174.8,175.18,173.0,-70.79
2264,2011-04-21,600519,175.0,174.86,177.59,174.71,28684,505336037.0,1.65,0.03,0.06,0.3,174.86,177.59,174.71,-19.38
2265,2011-04-22,600519,175.5,176.15,176.4,174.53,14500,254794864.0,1.07,0.74,1.29,0.15,176.15,176.4,174.53,-10.42
2266,2011-04-25,600519,180.0,183.06,185.08,179.5,70226,1280812447.0,3.17,3.92,6.91,0.74,183.06,185.08,179.5,227.68
2267,2011-04-26,600519,183.0,181.17,183.5,180.88,31095,565862126.0,1.43,-1.03,-1.89,0.33,181.17,183.5,180.88,164.23
2268,2011-04-27,600519,181.6,181.15,185.0,181.0,27748,508713443.0,2.21,-0.01,-0.02,0.29,181.15,185.0,181.0,139.46
2269,2011-04-28,600519,182.1,178.42,182.58,177.8,25357,455048059.0,2.64,-1.51,-2.73,0.27,178.42,182.58,177.8,58.58
2270,2011-04-29,600519,178.4,182.31,183.09,177.68,22084,401140719.0,3.03,2.18,3.89,0.23,182.31,183.09,177.68,78.89
2271,2011-05-03,600519,183.0,185.86,186.8,182.0,41271,764382818.0,2.63,1.95,3.55,0.44,185.86,186.8,182.0,131.43
2272,2011-05-04,600519,184.49,183.5,188.08,183.44,32521,604784367.0,2.5,-1.27,-2.36,0.34,183.5,188.08,183.44,109.01
2273,2011-05-05,600519,183.51,184.95,187.5,183.01,26693,496448129.0,2.45,0.79,1.45,0.28,184.95,187.5,183.01,95.19
2274,2011-05-06,600519,184.0,185.81,187.0,183.01,23961,444808841.0,2.16,0.46,0.86,0.25,185.81,187.0,183.01,87.02
2275,2011-05-09,600519,186.58,184.16,187.49,183.9,12176,225581746.0,1.93,-0.89,-1.65,0.13,184.16,187.49,183.9,78.75
2276,2011-05-10,600519,184.07,183.59,184.5,182.78,15919,292606289.0,0.93,-0.31,-0.57,0.17,183.59,184.5,182.78,43.93
2277,2011-05-11,600519,183.02,185.27,186.3,183.02,12897,238855455.0,1.79,0.92,1.68,0.14,185.27,186.3,183.02,65.96
2278,2011-05-12,600519,185.0,187.32,189.5,184.6,25028,470405158.0,2.64,1.11,2.05,0.27,187.32,189.5,184.6,117.16
2279,2011-05-13,600519,187.35,187.66,188.99,185.5,12253,229207566.0,1.86,0.18,0.34,0.13,187.66,188.99,185.5,122.26
2280,2011-05-16,600519,187.5,187.67,188.98,186.5,11506,216417130.0,1.32,0.01,0.01,0.12,187.67,188.98,186.5,117.35
2281,2011-05-17,600519,187.02,187.63,190.3,186.0,20866,393848458.0,2.29,-0.02,-0.04,0.22,187.63,190.3,186.0,117.88
2282,2011-05-18,600519,187.3,194.95,197.44,187.3,62165,1212084674.0,5.4,3.9,7.32,0.66,194.95,197.44,187.3,229.45
2283,2011-05-19,600519,196.0,199.88,201.65,196.0,85738,1716471110.0,2.9,2.53,4.93,0.91,199.88,201.65,196.0,274.07
2284,2011-05-20,600519,200.7,200.83,201.66,198.81,40044,801739991.0,1.43,0.48,0.95,0.42,200.83,201.66,198.81,202.96
2285,2011-05-23,600519,200.0,197.03,202.75,197.0,39421,783913346.0,2.86,-1.89,-3.8,0.42,197.03,202.75,197.0,130.06
2286,2011-05-24,600519,195.51,194.61,197.5,194.5,23997,470085883.0,1.52,-1.23,-2.42,0.25,194.61,197.5,194.5,68.89
2287,2011-05-26,600519,194.8,198.69,202.79,194.8,38970,779314782.0,4.11,2.1,4.08,0.41,198.69,202.79,194.8,90.56
2288,2011-05-27,600519,199.88,193.74,200.78,193.21,31730,626618182.0,3.81,-2.49,-4.95,0.34,193.74,200.78,193.21,48.56
2289,2011-05-30,600519,192.18,202.53,202.58,191.77,47286,942388980.0,5.58,4.54,8.79,0.5,202.53,202.58,191.77,74.71
2290,2011-05-31,600519,202.65,203.8,203.98,201.3,33855,685945963.0,1.32,0.63,1.27,0.36,203.8,203.98,201.3,111.13
2291,2011-06-01,600519,204.1,209.89,209.98,203.02,39094,813188052.0,3.42,2.99,6.09,0.41,209.89,209.98,203.02,152.47
2292,2011-06-02,600519,208.5,206.59,209.66,203.6,39585,818431995.0,2.89,-1.57,-3.3,0.42,206.59,209.66,203.6,122.8
2293,2011-06-03,600519,206.02,211.61,212.7,206.02,29484,618505293.0,3.23,2.43,5.02,0.31,211.61,212.7,206.02,154.36
2294,2011-06-07,600519,211.98,207.87,211.99,206.28,26876,559703875.0,2.7,-1.77,-3.74,0.28,207.87,211.99,206.28,113.4
2295,2011-06-08,600519,207.55,208.74,209.7,203.58,25070,517190772.0,2.94,0.42,0.87,0.27,208.74,209.7,203.58,79.2
2296,2011-06-09,600519,208.05,201.82,208.3,201.76,36180,737042713.0,3.13,-3.32,-6.92,0.38,201.82,208.3,201.76,22.72
2297,2011-06-10,600519,201.5,202.56,204.49,199.8,34279,692444753.0,2.32,0.37,0.74,0.36,202.56,204.49,199.8,-7.35
2298,2011-06-13,600519,202.5,201.49,203.9,198.8,28005,562464133.0,2.52,-0.53,-1.07,0.3,201.49,203.9,198.8,-23.51
2299,2011-06-14,600519,201.47,204.46,204.98,200.5,37488,758192892.0,2.22,1.47,2.97,0.4,204.46,204.98,200.5,3.64
2300,2011-06-15,600519,204.02,203.21,204.47,202.19,16409,333131863.0,1.12,-0.61,-1.25,0.17,203.21,204.47,202.19,-7.82
2301,2011-06-16,600519,202.2,203.02,205.29,200.22,17731,359795619.0,2.49,-0.09,-0.19,0.19,203.02,205.29,200.22,-25.18
2302,2011-06-17,600519,203.5,208.63,209.99,202.65,33411,690941504.0,3.62,2.76,5.61,0.35,208.63,209.99,202.65,57.44
2303,2011-06-20,600519,208.1,203.46,208.28,201.0,29909,611059058.0,3.49,-2.48,-5.17,0.32,203.46,208.28,201.0,-24.76
2304,2011-06-21,600519,202.03,203.3,204.84,202.03,12738,259198214.0,1.38,-0.08,-0.16,0.13,203.3,204.84,202.03,-49.88
2305,2011-06-22,600519,203.2,205.93,207.48,203.2,16189,333499822.0,2.11,1.29,2.63,0.17,205.93,207.48,203.2,16.03
2306,2011-06-23,600519,205.3,207.99,209.2,205.0,20281,421820426.0,2.04,1.0,2.06,0.21,207.99,209.2,205.0,68.88
2307,2011-06-24,600519,207.85,206.44,210.15,205.35,37069,770684579.0,2.31,-0.75,-1.55,0.39,206.44,210.15,205.35,80.46
2308,2011-06-27,600519,207.2,208.27,208.96,205.78,23190,480816709.0,1.54,0.89,1.83,0.25,208.27,208.96,205.78,98.78
2309,2011-06-28,600519,209.0,210.45,211.87,207.22,25540,536916003.0,2.23,1.05,2.18,0.27,210.45,211.87,207.22,151.38
2310,2011-06-29,600519,210.88,210.94,212.88,207.9,19597,412274520.0,2.37,0.23,0.49,0.21,210.94,212.88,207.9,138.16
2311,2011-06-30,600519,210.02,212.63,213.3,210.02,32701,694508280.0,1.55,0.8,1.69,0.35,212.63,213.3,210.02,144.19
2312,2011-07-01,600519,192.5,191.63,192.5,189.9,15811,302002762.0,1.22,-9.88,-21.0,0.15,191.63,192.5,189.9,-272.8
2313,2011-07-04,600519,191.21,193.02,193.33,190.8,46338,888995936.0,1.32,0.73,1.39,0.45,193.02,193.33,190.8,-188.59
2314,2011-07-05,600519,193.0,191.43,193.02,189.8,27058,516722478.0,1.67,-0.82,-1.59,0.26,191.43,193.02,189.8,-153.69
2315,2011-07-06,600519,190.98,191.07,192.0,190.11,19754,377527543.0,0.99,-0.19,-0.36,0.19,191.07,192.0,190.11,-121.69
2316,2011-07-07,600519,191.0,194.11,196.08,191.0,40957,793379763.0,2.66,1.59,3.04,0.39,194.11,196.08,191.0,-77.07
2317,2011-07-08,600519,194.35,194.08,195.48,192.95,17184,333151331.0,1.3,-0.02,-0.03,0.17,194.08,195.48,192.95,-61.92
2318,2011-07-11,600519,194.06,196.83,198.07,193.45,25616,502438508.0,2.38,1.42,2.75,0.25,196.83,198.07,193.45,-39.3
2319,2011-07-12,600519,196.32,193.74,196.83,193.64,28488,554927096.0,1.62,-1.57,-3.09,0.27,193.74,196.83,193.64,-44.59
2320,2011-07-13,600519,194.09,194.59,195.49,193.36,22109,429986678.0,1.1,0.44,0.85,0.21,194.59,195.49,193.36,-41.02
2321,2011-07-14,600519,194.59,193.25,194.8,192.8,24822,480420222.0,1.03,-0.69,-1.34,0.24,193.25,194.8,192.8,-43.62
2322,2011-07-15,600519,192.59,195.15,195.79,192.59,17764,346071487.0,1.66,0.98,1.9,0.17,195.15,195.79,192.59,-29.95
2323,2011-07-18,600519,195.2,198.96,200.44,195.2,28523,566196215.0,2.69,1.95,3.81,0.27,198.96,200.44,195.2,27.73
2324,2011-07-19,600519,198.9,198.84,200.03,197.2,20277,403182838.0,1.42,-0.06,-0.12,0.2,198.84,200.03,197.2,65.11
2325,2011-07-20,600519,199.99,199.89,200.48,198.5,18967,378689393.0,1.0,0.53,1.05,0.18,199.89,200.48,198.5,162.61
2326,2011-07-21,600519,200.17,203.43,205.5,200.0,47677,968173564.0,2.75,1.77,3.54,0.46,203.43,205.5,200.0,190.23
2327,2011-07-22,600519,203.16,206.28,208.88,203.16,49861,1029115254.0,2.81,1.4,2.85,0.48,206.28,208.88,203.16,191.72
2328,2011-07-25,600519,207.0,203.65,207.68,202.51,35260,720951264.0,2.51,-1.27,-2.63,0.34,203.65,207.68,202.51,129.59
2329,2011-07-26,600519,203.5,203.56,203.99,202.0,24792,503434823.0,0.98,-0.04,-0.09,0.24,203.56,203.99,202.0,89.45
2330,2011-07-27,600519,203.89,204.32,207.5,202.66,30676,630035091.0,2.38,0.37,0.76,0.3,204.32,207.5,202.66,99.44
2331,2011-07-28,600519,203.89,207.75,207.9,202.0,22923,468616881.0,2.89,1.68,3.43,0.22,207.75,207.9,202.0,98.72
2332,2011-07-29,600519,207.5,206.69,207.5,205.3,19104,394180474.0,1.06,-0.51,-1.06,0.18,206.69,207.5,205.3,91.88
2333,2011-08-01,600519,207.33,203.38,207.33,202.8,18573,378447567.0,2.19,-1.6,-3.31,0.18,203.38,207.33,202.8,53.08
2334,2011-08-02,600519,202.2,201.11,202.75,198.55,27850,555745763.0,2.07,-1.12,-2.27,0.27,201.11,202.75,198.55,-17.15
2335,2011-08-03,600519,199.21,201.79,202.8,199.0,17061,344076872.0,1.89,0.34,0.68,0.16,201.79,202.8,199.0,-24.13
2336,2011-08-04,600519,202.5,204.98,205.69,201.8,17773,363287270.0,1.93,1.58,3.19,0.17,204.98,205.69,201.8,34.79
2337,2011-08-05,600519,200.08,203.13,205.6,200.08,21320,433966204.0,2.69,-0.9,-1.85,0.21,203.13,205.6,200.08,-11.98
2338,2011-08-08,600519,201.01,199.66,205.1,198.0,36884,740883138.0,3.5,-1.71,-3.47,0.36,199.66,205.1,198.0,-94.46
2339,2011-08-09,600519,196.44,201.1,203.0,193.0,36924,726671479.0,5.01,0.72,1.44,0.36,201.1,203.0,193.0,-159.69
2340,2011-08-10,600519,202.4,205.7,206.49,199.75,38436,782644219.0,3.35,2.29,4.6,0.37,205.7,206.49,199.75,18.48
2341,2011-08-11,600519,204.0,214.7,215.6,204.0,61949,1301728291.0,5.64,4.38,9.0,0.6,214.7,215.6,204.0,234.91
2342,2011-08-12,600519,215.0,216.77,217.6,213.0,39466,851693649.0,2.14,0.96,2.07,0.38,216.77,217.6,213.0,245.56
2343,2011-08-15,600519,217.2,213.3,218.79,211.92,29451,630341327.0,3.17,-1.6,-3.47,0.28,213.3,218.79,211.92,159.51
2344,2011-08-16,600519,213.65,209.69,215.28,208.27,37492,788423427.0,3.29,-1.69,-3.61,0.36,209.69,215.28,208.27,80.62
2345,2011-08-17,600519,210.0,209.85,211.49,208.72,13553,284382051.0,1.32,0.08,0.16,0.13,209.85,211.49,208.72,55.14
2346,2011-08-18,600519,209.31,208.2,209.85,206.36,29342,609082956.0,1.66,-0.79,-1.65,0.28,208.2,209.85,206.36,25.41
2347,2011-08-19,600519,206.9,209.9,210.15,206.55,37488,780729993.0,1.73,0.82,1.7,0.36,209.9,210.15,206.55,30.97
2348,2011-08-22,600519,210.1,204.31,210.9,203.6,28164,581020716.0,3.48,-2.66,-5.59,0.27,204.31,210.9,203.6,-11.61
2349,2011-08-23,600519,203.99,204.93,206.2,203.4,23579,482616543.0,1.37,0.3,0.62,0.23,204.93,206.2,203.4,-39.56
2350,2011-08-24,600519,205.0,205.8,207.99,204.09,17957,370146592.0,1.9,0.42,0.87,0.17,205.8,207.99,204.09,-24.38
2351,2011-08-25,600519,207.5,207.42,208.5,205.01,30083,623188928.0,1.7,0.79,1.62,0.29,207.42,208.5,205.01,-13.21
2352,2011-08-26,600519,207.38,212.88,212.99,206.85,22749,477352656.0,2.96,2.63,5.46,0.22,212.88,212.99,206.85,48.67
2353,2011-08-29,600519,212.0,215.27,215.98,209.5,26082,558335968.0,3.04,1.12,2.39,0.25,215.27,215.98,209.5,90.54
2354,2011-08-30,600519,215.5,214.82,217.43,213.01,28816,619557328.0,2.05,-0.21,-0.45,0.28,214.82,217.43,213.01,108.64
2355,2011-08-31,600519,218.8,214.77,219.5,214.5,50015,1079339680.0,2.33,-0.02,-0.05,0.48,214.77,219.5,214.5,113.96
2356,2011-09-01,600519,214.7,211.48,215.48,210.5,25690,544632800.0,2.32,-1.53,-3.29,0.25,211.48,215.48,210.5,46.0
2357,2011-09-02,600519,210.86,211.86,212.2,209.9,13833,292111760.0,1.09,0.18,0.38,0.13,211.86,212.2,209.9,28.06
2358,2011-09-05,600519,211.19,207.27,211.38,206.5,27345,569905680.0,2.3,-2.17,-4.59,0.26,207.27,211.38,206.5,-36.02
2359,2011-09-06,600519,206.0,203.01,208.3,202.28,32095,656690816.0,2.9,-2.06,-4.26,0.31,203.01,208.3,202.28,-104.54
2360,2011-09-07,600519,203.6,207.59,207.88,203.5,20088,412012240.0,2.16,2.26,4.58,0.19,207.59,207.88,203.5,-62.28
2361,2011-09-08,600519,208.0,205.87,208.99,205.62,13183,274052384.0,1.62,-0.83,-1.72,0.13,205.87,208.99,205.62,-47.41
2362,2011-09-09,600519,206.56,207.08,209.68,203.99,14227,294079504.0,2.76,0.59,1.21,0.14,207.08,209.68,203.99,-47.1
2363,2011-09-13,600519,204.59,201.63,206.0,201.08,18949,384543760.0,2.38,-2.63,-5.45,0.18,201.63,206.0,201.08,-119.06
2364,2011-09-14,600519,203.0,197.95,203.28,194.17,47626,940641408.0,4.52,-1.83,-3.68,0.46,197.95,203.28,194.17,-170.8
2365,2011-09-15,600519,198.0,198.49,200.2,197.77,19122,380380016.0,1.23,0.27,0.54,0.18,198.49,200.2,197.77,-136.34
2366,2011-09-16,600519,199.49,202.92,203.13,198.0,18029,361574736.0,2.58,2.23,4.43,0.17,202.92,203.13,198.0,-85.55
2367,2011-09-19,600519,203.7,202.72,204.5,201.92,15352,311793488.0,1.27,-0.1,-0.2,0.15,202.72,204.5,201.92,-53.97
2368,2011-09-20,600519,202.7,200.84,202.7,199.5,12785,256651648.0,1.58,-0.93,-1.88,0.12,200.84,202.7,199.5,-73.6
2369,2011-09-21,600519,200.82,204.36,205.03,200.5,24640,501953360.0,2.26,1.75,3.52,0.24,204.36,205.03,200.5,-27.0
2370,2011-09-22,600519,203.0,197.66,203.88,197.3,24336,489514704.0,3.22,-3.28,-6.7,0.23,197.66,203.88,197.3,-89.57
2371,2011-09-23,600519,194.1,194.05,196.0,189.89,76537,1476263520.0,3.09,-1.83,-3.61,0.74,194.05,196.0,189.89,-191.62
2372,2011-09-26,600519,191.86,188.12,194.25,188.0,42211,803193664.0,3.22,-3.06,-5.93,0.41,188.12,194.25,188.0,-200.49
2373,2011-09-27,600519,189.97,189.46,191.64,187.67,24750,468028768.0,2.11,0.71,1.34,0.24,189.46,191.64,187.67,-159.67
2374,2011-09-28,600519,190.8,187.12,190.8,186.23,32390,611544832.0,2.41,-1.24,-2.34,0.31,187.12,190.8,186.23,-145.52
2375,2011-09-29,600519,184.9,187.09,191.0,184.9,30031,563567696.0,3.26,-0.02,-0.03,0.29,187.09,191.0,184.9,-118.63
2376,2011-09-30,600519,187.16,190.59,191.1,187.16,18270,346902288.0,2.11,1.87,3.5,0.18,190.59,191.1,187.16,-79.09
2377,2011-10-10,600519,190.88,188.0,191.8,187.63,14284,270790784.0,2.19,-1.36,-2.59,0.14,188.0,191.8,187.63,-72.64
2378,2011-10-11,600519,191.99,186.97,191.99,183.0,20586,387171392.0,4.78,-0.55,-1.03,0.2,186.97,191.99,183.0,-81.7
2379,2011-10-12,600519,186.5,192.04,192.6,184.43,29779,563092944.0,4.37,2.71,5.07,0.29,192.04,192.6,184.43,-48.3
2380,2011-10-13,600519,192.04,192.07,194.84,190.0,23962,460883856.0,2.52,0.02,0.03,0.23,192.07,194.84,190.0,-11.1
2381,2011-10-14,600519,191.05,191.44,192.78,189.8,12468,238319748.0,1.55,-0.33,-0.63,0.12,191.44,192.78,189.8,-15.81
2382,2011-10-17,600519,192.17,197.14,197.51,191.6,26009,509046256.0,3.09,2.98,5.7,0.25,197.14,197.51,191.6,67.19
2383,2011-10-18,600519,195.34,196.42,199.37,195.01,22786,451487840.0,2.21,-0.37,-0.72,0.22,196.42,199.37,195.01,125.76
2384,2011-10-19,600519,197.42,198.12,201.5,197.0,22658,451701344.0,2.29,0.87,1.7,0.22,198.12,201.5,197.0,175.45
2385,2011-10-20,600519,197.0,191.1,198.56,190.6,29313,569297376.0,4.02,-3.54,-7.02,0.28,191.1,198.56,190.6,47.36
2386,2011-10-21,600519,190.66,194.39,195.0,190.66,17116,330777248.0,2.27,1.72,3.29,0.16,194.39,195.0,190.66,39.21
2387,2011-10-24,600519,195.8,200.55,201.11,194.4,32391,638275440.0,3.45,3.17,6.16,0.31,200.55,201.11,194.4,129.7
2388,2011-10-25,600519,199.2,200.62,203.33,199.2,32042,643502576.0,2.06,0.03,0.07,0.31,200.62,203.33,199.2,144.63
2389,2011-10-26,600519,199.88,201.86,202.08,198.71,29493,591834128.0,1.68,0.62,1.24,0.28,201.86,202.08,198.71,116.58
2390,2011-10-27,600519,202.05,202.0,204.36,201.54,20105,407006048.0,1.4,0.07,0.14,0.19,202.0,204.36,201.54,121.83
2391,2011-10-28,600519,203.51,205.01,206.8,203.51,26057,533715360.0,1.63,1.49,3.01,0.25,205.01,206.8,203.51,135.33
2392,2011-10-31,600519,205.3,204.21,206.18,202.68,28122,574616416.0,1.71,-0.39,-0.8,0.27,204.21,206.18,202.68,109.29
2393,2011-11-01,600519,203.18,207.19,207.5,202.51,27147,559038592.0,2.44,1.46,2.98,0.26,207.19,207.5,202.51,116.34
2394,2011-11-02,600519,204.95,209.57,209.65,204.6,26647,550968560.0,2.44,1.15,2.38,0.26,209.57,209.65,204.6,128.94
2395,2011-11-03,600519,211.07,207.28,211.5,207.17,30466,636306544.0,2.07,-1.09,-2.29,0.29,207.28,211.5,207.17,124.41
2396,2011-11-04,600519,207.88,207.76,210.0,206.33,18547,384686864.0,1.77,0.23,0.48,0.18,207.76,210.0,206.33,97.63
2397,2011-11-07,600519,208.2,206.8,208.7,206.56,16574,344437184.0,1.03,-0.46,-0.96,0.16,206.8,208.7,206.56,76.36
2398,2011-11-08,600519,207.66,204.75,207.93,203.98,25546,525028368.0,1.91,-0.99,-2.05,0.25,204.75,207.93,203.98,41.23
2399,2011-11-09,600519,204.9,204.12,206.66,202.5,24696,506506704.0,2.03,-0.31,-0.63,0.24,204.12,206.66,202.5,12.13
2400,2011-11-10,600519,203.29,205.01,205.6,203.13,14618,298980848.0,1.21,0.44,0.89,0.14,205.01,205.6,203.13,-1.81
2401,2011-11-11,600519,205.01,203.97,205.15,203.03,11693,238543944.0,1.03,-0.51,-1.04,0.11,203.97,205.15,203.03,-34.48
2402,2011-11-14,600519,205.49,207.26,208.15,204.2,17986,371343632.0,1.94,1.61,3.29,0.17,207.26,208.15,204.2,44.0
2403,2011-11-15,600519,207.6,203.93,207.95,203.0,17782,364242672.0,2.39,-1.61,-3.33,0.17,203.93,207.95,203.0,-34.91
2404,2011-11-16,600519,203.95,200.77,203.95,199.9,29546,592948960.0,1.99,-1.55,-3.16,0.28,200.77,203.95,199.9,-182.38
2405,2011-11-17,600519,200.85,201.84,203.6,200.31,15589,315328816.0,1.64,0.53,1.07,0.15,201.84,203.6,200.31,-135.73
2406,2011-11-18,600519,201.88,200.57,202.88,199.7,19907,401272256.0,1.58,-0.63,-1.27,0.19,200.57,202.88,199.7,-140.85
2407,2011-11-21,600519,200.7,200.87,203.4,200.11,18390,370926320.0,1.64,0.15,0.3,0.18,200.87,203.4,200.11,-105.79
2408,2011-11-22,600519,200.89,206.07,206.89,200.6,35653,729198880.0,3.13,2.59,5.2,0.34,206.07,206.89,200.6,-3.35
2409,2011-11-23,600519,205.62,209.11,209.3,205.62,31538,656169792.0,1.79,1.48,3.04,0.3,209.11,209.3,205.62,123.19
2410,2011-11-24,600519,208.6,207.69,209.18,207.5,26559,554286400.0,0.8,-0.68,-1.42,0.26,207.69,209.18,207.5,126.55
2411,2011-11-25,600519,207.75,209.98,213.34,207.0,40236,848244768.0,3.05,1.1,2.29,0.39,209.98,213.34,207.0,169.91
2412,2011-11-28,600519,210.31,213.87,214.77,209.31,53380,1136929568.0,2.6,1.85,3.89,0.51,213.87,214.77,209.31,180.78
2413,2011-11-29,600519,213.8,212.56,216.09,211.8,41355,884545008.0,2.01,-0.61,-1.31,0.4,212.56,216.09,211.8,151.04
2414,2011-11-30,600519,212.88,210.06,214.78,208.8,40263,850997824.0,2.81,-1.18,-2.5,0.39,210.06,214.78,208.8,88.71
2415,2011-12-01,600519,213.2,212.84,215.19,210.27,33785,719311328.0,2.34,1.32,2.78,0.33,212.84,215.19,210.27,98.58
2416,2011-12-02,600519,212.0,214.03,216.2,212.0,27267,584935200.0,1.97,0.56,1.19,0.26,214.03,216.2,212.0,101.57
2417,2011-12-05,600519,214.45,206.72,214.45,206.4,39026,816027280.0,3.76,-3.42,-7.31,0.38,206.72,214.45,206.4,21.45
2418,2011-12-06,600519,206.51,203.67,206.55,201.7,37152,756470592.0,2.35,-1.48,-3.05,0.36,203.67,206.55,201.7,-69.49
2419,2011-12-07,600519,203.7,205.7,206.5,203.7,27334,562146784.0,1.37,1.0,2.03,0.26,205.7,206.5,203.7,-54.49
2420,2011-12-08,600519,205.9,203.0,208.6,202.88,24661,506265024.0,2.78,-1.31,-2.7,0.24,203.0,208.6,202.88,-73.51
2421,2011-12-09,600519,202.85,199.82,203.85,199.7,36746,737854848.0,2.04,-1.57,-3.18,0.35,199.82,203.85,199.7,-145.12
2422,2011-12-12,600519,199.82,197.54,200.9,196.89,29527,585362512.0,2.01,-1.14,-2.28,0.28,197.54,200.9,196.89,-167.54
2423,2011-12-13,600519,196.92,196.25,197.98,195.98,29996,591182080.0,1.01,-0.65,-1.29,0.29,196.25,197.98,195.98,-147.77
2424,2011-12-14,600519,196.25,197.84,200.0,196.25,20813,412444016.0,1.91,0.81,1.59,0.2,197.84,200.0,196.25,-106.15
2425,2011-12-15,600519,196.87,196.98,198.88,195.05,21880,430851248.0,1.94,-0.43,-0.86,0.21,196.98,198.88,195.05,-101.98
2426,2011-12-16,600519,198.0,201.78,201.98,197.99,30649,614353392.0,2.03,2.44,4.8,0.3,201.78,201.98,197.99,-52.05
2427,2011-12-19,600519,200.97,201.0,201.39,199.3,25456,510463392.0,1.04,-0.39,-0.78,0.25,201.0,201.39,199.3,-44.42
2428,2011-12-20,600519,201.0,200.24,202.8,198.5,17106,342834672.0,2.14,-0.38,-0.76,0.16,200.24,202.8,198.5,-37.8
2429,2011-12-21,600519,201.18,197.23,201.48,196.98,21963,437207568.0,2.25,-1.5,-3.01,0.21,197.23,201.48,196.98,-60.4
2430,2011-12-22,600519,197.5,199.67,200.92,195.8,17443,346785296.0,2.6,1.24,2.44,0.17,199.67,200.92,195.8,-51.93
2431,2011-12-23,600519,199.9,200.76,201.4,199.0,17610,353128160.0,1.2,0.55,1.09,0.17,200.76,201.4,199.0,1.38
2432,2011-12-26,600519,200.61,193.12,200.62,192.3,46995,918253504.0,4.14,-3.81,-7.64,0.45,193.12,200.62,192.3,-134.45
2433,2011-12-27,600519,193.0,189.03,193.0,188.32,31315,594898816.0,2.42,-2.12,-4.09,0.3,189.03,193.0,188.32,-244.2
2434,2011-12-28,600519,188.3,190.23,190.5,186.49,27738,524088080.0,2.12,0.63,1.2,0.27,190.23,190.5,186.49,-203.71
2435,2011-12-29,600519,189.1,192.21,192.89,189.1,20062,384718000.0,1.99,1.04,1.98,0.19,192.21,192.89,189.1,-118.03
2436,2011-12-30,600519,192.7,193.3,194.88,190.0,29461,569875568.0,2.54,0.57,1.09,0.28,193.3,194.88,190.0,-73.52
2437,2012-01-04,600519,191.5,185.27,192.77,185.0,33878,637232816.0,4.02,-4.15,-8.03,0.33,185.27,192.77,185.0,-133.54
2438,2012-01-05,600519,184.0,183.15,185.2,182.36,30123,553347008.0,1.53,-1.14,-2.12,0.29,183.15,185.2,182.36,-153.95
2439,2012-01-06,600519,183.1,186.64,188.05,181.65,25191,464647456.0,3.49,1.91,3.49,0.24,186.64,188.05,181.65,-105.71
2440,2012-01-09,600519,186.0,188.01,188.09,181.77,26160,483282448.0,3.39,0.73,1.37,0.25,188.01,188.09,181.77,-87.24
2441,2012-01-10,600519,187.0,194.48,194.66,186.11,39236,749263280.0,4.55,3.44,6.47,0.38,194.48,194.66,186.11,-6.91
2442,2012-01-11,600519,192.95,189.68,193.89,189.3,39891,761167936.0,2.36,-2.47,-4.8,0.38,189.68,193.89,189.3,-9.89
2443,2012-01-12,600519,188.58,190.35,191.56,188.58,27440,522231552.0,1.57,0.35,0.67,0.26,190.35,191.56,188.58,-14.97
2444,2012-01-13,600519,190.7,188.69,191.2,187.52,20542,387615920.0,1.93,-0.87,-1.66,0.2,188.69,191.2,187.52,-25.1
2445,2012-01-16,600519,187.38,177.41,187.38,175.66,51656,933514128.0,6.21,-5.98,-11.28,0.5,177.41,187.38,175.66,-189.99
2446,2012-01-17,600519,177.9,180.44,181.98,170.9,61228,1077158896.0,6.25,1.71,3.03,0.59,180.44,181.98,170.9,-183.32
2447,2012-01-18,600519,181.42,177.38,185.18,176.66,47295,858725552.0,4.72,-1.7,-3.06,0.46,177.38,185.18,176.66,-116.79
2448,2012-01-19,600519,177.89,180.7,181.6,175.51,24329,437246160.0,3.43,1.87,3.32,0.23,180.7,181.6,175.51,-103.32
2449,2012-01-20,600519,182.0,185.97,186.2,182.0,29683,548292992.0,2.32,2.92,5.27,0.29,185.97,186.2,182.0,-14.92
2450,2012-01-30,600519,185.99,183.8,186.99,183.06,30550,563162784.0,2.11,-1.17,-2.17,0.29,183.8,186.99,183.06,-8.2
2451,2012-01-31,600519,184.42,186.41,186.6,184.35,15855,294490832.0,1.22,1.42,2.61,0.15,186.41,186.6,184.35,16.17
2452,2012-02-01,600519,186.2,186.15,188.52,184.88,24824,464159680.0,1.95,-0.14,-0.26,0.24,186.15,188.52,184.88,26.1
2453,2012-02-02,600519,186.15,186.43,187.0,184.28,20375,378596176.0,1.46,0.15,0.28,0.2,186.43,187.0,184.28,13.73
2454,2012-02-03,600519,186.46,186.48,186.6,183.49,26518,490438848.0,1.67,0.03,0.05,0.26,186.48,186.6,183.49,7.21
2455,2012-02-06,600519,186.61,188.54,188.76,185.8,29748,557205040.0,1.59,1.1,2.06,0.29,188.54,188.76,185.8,58.11
2456,2012-02-07,600519,187.3,185.86,188.45,185.4,17942,334371760.0,1.62,-1.42,-2.68,0.17,185.86,188.45,185.4,44.6
2457,2012-02-08,600519,185.86,188.29,189.0,185.08,23082,432175424.0,2.11,1.31,2.43,0.22,188.29,189.0,185.08,70.92
2458,2012-02-09,600519,188.0,190.75,191.15,187.66,31385,596916592.0,1.85,1.31,2.46,0.3,190.75,191.15,187.66,123.2
2459,2012-02-10,600519,189.53,190.51,192.4,189.1,22276,425266912.0,1.73,-0.13,-0.24,0.21,190.51,192.4,189.1,131.24
2460,2012-02-13,600519,189.5,193.42,195.17,188.66,21639,416409712.0,3.42,1.53,2.91,0.21,193.42,195.17,188.66,162.99
2461,2012-02-14,600519,192.69,193.82,194.66,191.8,15142,292922048.0,1.48,0.21,0.4,0.15,193.82,194.66,191.8,157.9
2462,2012-02-15,600519,192.73,194.8,195.9,192.73,24714,481676736.0,1.64,0.51,0.98,0.24,194.8,195.9,192.73,148.45
2463,2012-02-16,600519,193.52,191.72,194.8,190.6,22016,424963024.0,2.16,-1.58,-3.08,0.21,191.72,194.8,190.6,81.68
2464,2012-02-17,600519,193.88,191.44,193.88,190.37,12288,235751780.0,1.83,-0.15,-0.28,0.12,191.44,193.88,190.37,60.49
2465,2012-02-20,600519,192.96,190.86,193.67,190.8,18530,356774752.0,1.5,-0.3,-0.58,0.18,190.86,193.67,190.8,50.05
2466,2012-02-21,600519,191.79,191.95,192.58,190.4,13789,264260509.0,1.14,0.57,1.09,0.13,191.95,192.58,190.4,40.11
2467,2012-02-22,600519,192.76,192.76,193.5,190.98,22352,429952032.0,1.31,0.42,0.81,0.22,192.76,193.5,190.98,53.91
2468,2012-02-23,600519,192.52,194.31,195.04,192.52,33433,649316720.0,1.31,0.8,1.55,0.32,194.31,195.04,192.52,94.39
2469,2012-02-24,600519,194.18,198.08,198.21,194.15,23944,471970592.0,2.09,1.94,3.77,0.23,198.08,198.21,194.15,177.71
2470,2012-02-27,600519,198.78,198.5,200.02,197.5,26562,528808016.0,1.27,0.21,0.42,0.26,198.5,200.02,197.5,201.45
2471,2012-02-28,600519,199.43,200.74,200.95,198.56,25698,514122720.0,1.2,1.13,2.24,0.25,200.74,200.95,198.56,189.21
2472,2012-02-29,600519,201.0,204.46,205.0,200.5,39432,802601072.0,2.24,1.85,3.72,0.38,204.46,205.0,200.5,198.08
2473,2012-03-01,600519,203.52,202.58,205.47,202.39,16921,345438320.0,1.51,-0.92,-1.88,0.16,202.58,205.47,202.39,149.54
2474,2012-03-02,600519,202.63,200.9,203.7,199.51,35217,706746816.0,2.07,-0.83,-1.68,0.34,200.9,203.7,199.51,90.68
2475,2012-03-05,600519,200.85,199.84,200.88,198.6,30554,609500896.0,1.13,-0.53,-1.06,0.29,199.84,200.88,198.6,54.3
2476,2012-03-06,600519,199.0,196.05,199.84,196.0,31474,621286496.0,1.92,-1.9,-3.79,0.3,196.05,199.84,196.0,9.13
2477,2012-03-07,600519,194.72,193.13,195.59,192.98,29199,567286768.0,1.33,-1.49,-2.92,0.28,193.13,195.59,192.98,-54.0
2478,2012-03-08,600519,193.21,194.44,196.11,192.98,23575,458505184.0,1.62,0.68,1.31,0.23,194.44,196.11,192.98,-48.82
2479,2012-03-09,600519,194.69,199.93,200.12,194.2,29239,578119776.0,3.04,2.82,5.49,0.28,199.93,200.12,194.2,11.83
2480,2012-03-12,600519,200.12,200.54,201.61,199.03,25682,514548192.0,1.29,0.31,0.61,0.25,200.54,201.61,199.03,52.24
2481,2012-03-13,600519,200.1,201.66,203.3,200.1,18316,370157888.0,1.6,0.56,1.12,0.18,201.66,203.3,200.1,72.81
2482,2012-03-14,600519,201.59,198.67,204.05,198.0,40700,820433744.0,3.0,-1.48,-2.99,0.39,198.67,204.05,198.0,28.13
2483,2012-03-15,600519,199.04,198.93,202.4,198.6,28095,562966960.0,1.91,0.13,0.26,0.27,198.93,202.4,198.6,15.34
2484,2012-03-16,600519,200.79,207.59,208.0,200.3,51584,1060740608.0,3.87,4.35,8.66,0.5,207.59,208.0,200.3,153.55
2485,2012-03-19,600519,207.8,207.64,211.57,205.57,45636,952934080.0,2.89,0.02,0.05,0.44,207.64,211.57,205.57,178.64
2486,2012-03-20,600519,207.55,207.75,209.1,206.11,23400,486464272.0,1.44,0.05,0.11,0.23,207.75,209.1,206.11,140.22
2487,2012-03-21,600519,207.8,205.1,209.0,203.86,29528,607930944.0,2.47,-1.28,-2.65,0.28,205.1,209.0,203.86,96.09
2488,2012-03-22,600519,204.32,205.35,206.9,204.29,8332,171049550.0,1.27,0.12,0.25,0.08,205.35,206.9,204.29,73.9
2489,2012-03-23,600519,207.5,212.02,212.55,207.5,54874,1159278432.0,2.46,3.25,6.67,0.53,212.02,212.55,207.5,130.21
2490,2012-03-26,600519,211.12,215.2,215.9,211.1,37654,807094320.0,2.26,1.5,3.18,0.36,215.2,215.9,211.1,146.27
2491,2012-03-27,600519,210.22,201.5,210.99,201.0,79106,1635757952.0,4.64,-6.37,-13.7,0.76,201.5,210.99,201.0,6.9
2492,2012-03-28,600519,199.0,201.4,205.0,198.31,55461,1116354640.0,3.32,-0.05,-0.1,0.53,201.4,205.0,198.31,-54.79
2493,2012-03-29,600519,200.8,201.15,205.5,200.0,36983,751200416.0,2.73,-0.12,-0.25,0.36,201.15,205.5,200.0,-52.63
2494,2012-03-30,600519,201.16,196.96,202.99,195.0,37960,749355392.0,3.97,-2.08,-4.19,0.37,196.96,202.99,195.0,-121.91
2495,2012-04-05,600519,196.1,206.0,206.4,196.1,40961,831105664.0,5.23,4.59,9.04,0.39,206.0,206.4,196.1,-38.27
2496,2012-04-06,600519,205.62,207.97,208.08,205.53,26730,553032992.0,1.24,0.96,1.97,0.26,207.97,208.08,205.53,39.75
2497,2012-04-09,600519,207.55,209.26,209.92,205.6,14475,300301664.0,2.08,0.62,1.29,0.14,209.26,209.92,205.6,53.0
2498,2012-04-10,600519,209.28,208.11,209.78,205.11,16641,344431376.0,2.23,-0.55,-1.15,0.16,208.11,209.78,205.11,35.17
2499,2012-04-11,600519,205.0,208.85,211.5,203.51,31461,655577440.0,3.84,0.36,0.74,0.3,208.85,211.5,203.51,42.19
2500,2012-04-12,600519,208.85,212.42,212.52,206.68,28423,597232640.0,2.8,1.71,3.57,0.27,212.42,212.52,206.68,88.41
2501,2012-04-13,600519,212.5,213.03,214.05,211.4,20527,436617440.0,1.25,0.29,0.61,0.2,213.03,214.05,211.4,112.11
2502,2012-04-16,600519,212.5,212.83,215.4,211.59,20893,447725424.0,1.79,-0.09,-0.2,0.2,212.83,215.4,211.59,103.43
2503,2012-04-17,600519,212.84,210.18,213.01,210.0,17872,377050672.0,1.41,-1.25,-2.65,0.17,210.18,213.01,210.0,64.46
2504,2012-04-18,600519,210.41,213.86,214.8,210.0,22815,485407312.0,2.28,1.75,3.68,0.22,213.86,214.8,210.0,99.02
2505,2012-04-19,600519,213.78,209.48,214.37,207.81,21824,459867200.0,3.07,-2.05,-4.38,0.21,209.48,214.37,207.81,51.77
2506,2012-04-20,600519,208.3,212.5,213.35,208.3,17046,360265744.0,2.41,1.44,3.02,0.16,212.5,213.35,208.3,58.78
2507,2012-04-23,600519,211.72,211.84,214.27,209.86,13282,281175040.0,2.08,-0.31,-0.66,0.13,211.84,214.27,209.86,62.04
2508,2012-04-24,600519,212.19,211.52,213.01,209.94,21782,459834816.0,1.45,-0.15,-0.32,0.21,211.52,213.01,209.94,43.47
2509,2012-04-25,600519,212.45,212.92,213.26,210.0,15529,329552768.0,1.54,0.66,1.4,0.15,212.92,213.26,210.0,55.88
2510,2012-04-26,600519,214.25,216.69,217.0,213.5,35020,753334304.0,1.64,1.77,3.77,0.34,216.69,217.0,213.5,180.67
2511,2012-04-27,600519,216.69,224.56,225.48,216.69,42728,954712960.0,4.06,3.63,7.87,0.41,224.56,225.48,216.69,297.6
2512,2012-05-02,600519,226.0,225.98,226.57,222.0,35340,793434512.0,2.04,0.63,1.42,0.34,225.98,226.57,222.0,237.15
2513,2012-05-03,600519,225.98,226.69,227.3,223.61,25654,579082880.0,1.63,0.31,0.71,0.25,226.69,227.3,223.61,174.88
2514,2012-05-04,600519,226.5,234.0,234.88,226.5,31879,734789680.0,3.7,3.22,7.31,0.31,234.0,234.88,226.5,182.71
2515,2012-05-07,600519,234.8,234.51,237.76,233.28,34245,805751888.0,1.91,0.22,0.51,0.33,234.51,237.76,233.28,159.8
2516,2012-05-08,600519,234.45,234.11,234.85,229.38,36665,851128752.0,2.33,-0.17,-0.4,0.35,234.11,234.85,229.38,110.44
2517,2012-05-09,600519,231.12,230.83,232.65,227.2,32910,756259728.0,2.33,-1.4,-3.28,0.32,230.83,232.65,227.2,76.53
2518,2012-05-10,600519,231.0,227.7,231.0,226.95,30574,697959456.0,1.75,-1.36,-3.13,0.29,227.7,231.0,226.95,55.19
2519,2012-05-11,600519,228.0,227.69,228.5,225.9,23261,528011696.0,1.14,0.0,-0.01,0.22,227.69,228.5,225.9,38.81
2520,2012-05-14,600519,228.0,222.18,228.0,220.61,38797,863502640.0,3.25,-2.42,-5.51,0.37,222.18,228.0,220.61,-2.45
2521,2012-05-15,600519,221.1,223.11,223.66,220.1,16169,359784512.0,1.6,0.42,0.93,0.16,223.11,223.66,220.1,-26.62
2522,2012-05-16,600519,222.95,220.02,223.4,218.0,28140,619595456.0,2.42,-1.38,-3.09,0.27,220.02,223.4,218.0,-62.75
2523,2012-05-17,600519,220.12,219.91,221.4,218.61,34172,751957376.0,1.27,-0.05,-0.11,0.33,219.91,221.4,218.61,-86.57
2524,2012-05-18,600519,218.67,217.92,219.97,215.9,26278,571816864.0,1.85,-0.9,-1.99,0.25,217.92,219.97,215.9,-123.43
2525,2012-05-21,600519,217.58,223.19,224.52,217.58,28843,638767872.0,3.18,2.42,5.27,0.28,223.19,224.52,217.58,-63.38
2526,2012-05-22,600519,225.01,229.28,231.5,225.01,41458,951034144.0,2.91,2.73,6.09,0.4,229.28,231.5,225.01,36.17
2527,2012-05-23,600519,229.25,230.47,232.1,228.0,24723,570787760.0,1.79,0.52,1.19,0.24,230.47,232.1,228.0,52.72
2528,2012-05-24,600519,229.8,220.24,232.77,217.88,53743,1201209536.0,6.46,-4.44,-10.23,0.52,220.24,232.77,217.88,-33.45
2529,2012-05-25,600519,220.24,218.58,220.87,216.0,30569,667952256.0,2.21,-0.75,-1.66,0.29,218.58,220.87,216.0,-98.44
2530,2012-05-28,600519,218.01,225.49,225.9,217.81,27834,618961104.0,3.7,3.16,6.91,0.27,225.49,225.9,217.81,-17.69
2531,2012-05-30,600519,227.51,228.66,229.98,227.0,25701,587866128.0,1.32,1.41,3.17,0.25,228.66,229.98,227.0,91.32
2532,2012-05-31,600519,228.2,236.68,237.8,228.0,37367,877484816.0,4.29,3.51,8.02,0.36,236.68,237.8,228.0,168.06
2533,2012-06-01,600519,238.0,240.37,243.0,236.71,38504,923904352.0,2.66,1.56,3.69,0.37,240.37,243.0,236.71,194.72
2534,2012-06-04,600519,238.0,236.53,242.99,236.47,24328,581257504.0,2.71,-1.6,-3.84,0.23,236.53,242.99,236.47,135.89
2535,2012-06-05,600519,237.48,240.8,241.8,237.21,24561,588242224.0,1.94,1.81,4.27,0.24,240.8,241.8,237.21,122.13
2536,2012-06-06,600519,241.0,236.58,242.0,236.41,18729,445576928.0,2.32,-1.75,-4.22,0.18,236.58,242.0,236.41,91.7
2537,2012-06-07,600519,238.39,237.98,240.66,236.8,19677,470452064.0,1.63,0.59,1.4,0.19,237.98,240.66,236.8,79.72
2538,2012-06-08,600519,239.0,238.98,240.18,236.0,17286,411908848.0,1.76,0.42,1.0,0.17,238.98,240.18,236.0,67.7
2539,2012-06-11,600519,238.9,235.55,240.23,233.4,33061,780468480.0,2.86,-1.44,-3.43,0.32,235.55,240.23,233.4,40.51
2540,2012-06-12,600519,234.21,233.85,236.49,232.13,16373,382922352.0,1.85,-0.72,-1.7,0.16,233.85,236.49,232.13,12.72
2541,2012-06-13,600519,234.5,238.99,239.18,233.1,20463,485626128.0,2.6,2.2,5.14,0.2,238.99,239.18,233.1,41.21
2542,2012-06-14,600519,238.0,244.59,245.79,237.22,28705,698222400.0,3.59,2.34,5.6,0.28,244.59,245.79,237.22,99.37
2543,2012-06-15,600519,245.02,243.38,246.41,239.77,19860,483582928.0,2.71,-0.49,-1.21,0.19,243.38,246.41,239.77,113.68
2544,2012-06-18,600519,243.41,246.46,248.31,243.41,19538,482525472.0,2.01,1.27,3.08,0.19,246.46,248.31,243.41,172.32
2545,2012-06-19,600519,245.11,243.7,248.17,241.96,17300,423906512.0,2.52,-1.12,-2.76,0.17,243.7,248.17,241.96,122.25
2546,2012-06-20,600519,243.83,243.56,244.39,242.0,11393,277398320.0,0.98,-0.06,-0.14,0.11,243.56,244.39,242.0,78.22
2547,2012-06-21,600519,243.56,239.78,243.6,238.8,17034,409685072.0,1.97,-1.55,-3.78,0.16,239.78,243.6,238.8,14.1
2548,2012-06-25,600519,238.1,237.6,241.96,237.5,18434,440645792.0,1.86,-0.91,-2.18,0.18,237.6,241.96,237.5,-27.29
2549,2012-06-26,600519,237.2,237.85,238.88,232.62,26122,615182464.0,2.63,0.11,0.25,0.25,237.85,238.88,232.62,-76.99
2550,2012-06-27,600519,238.0,241.9,242.31,238.0,23257,559606592.0,1.81,1.7,4.05,0.22,241.9,242.31,238.0,14.84
2551,2012-06-28,600519,241.88,236.14,242.0,235.99,22213,529704800.0,2.48,-2.38,-5.76,0.21,236.14,242.0,235.99,-45.0
2552,2012-06-29,600519,235.37,239.15,241.0,235.37,23224,555873152.0,2.38,1.27,3.01,0.22,239.15,241.0,235.37,-34.91
2553,2012-07-02,600519,240.0,241.85,244.94,236.02,25731,622505568.0,3.73,1.13,2.7,0.25,241.85,244.94,236.02,13.55
2554,2012-07-03,600519,241.3,254.94,255.0,241.01,50159,1255671520.0,5.78,5.41,13.09,0.48,254.94,255.0,241.01,197.0
2555,2012-07-04,600519,257.0,258.66,259.9,252.0,45035,1155572208.0,3.1,1.46,3.72,0.43,258.66,259.9,252.0,243.51
2556,2012-07-05,600519,251.6,251.66,253.99,249.16,22749,572395280.0,1.87,-2.71,-7.0,0.22,251.66,253.99,249.16,118.77
2557,2012-07-06,600519,251.95,259.99,261.98,250.2,39159,1005403248.0,4.68,3.31,8.33,0.38,259.99,261.98,250.2,152.26
2558,2012-07-09,600519,259.88,254.73,263.0,254.63,28527,736832304.0,3.22,-2.02,-5.26,0.27,254.73,263.0,254.63,120.74
2559,2012-07-10,600519,254.5,250.4,257.19,249.87,26987,683253808.0,2.87,-1.7,-4.33,0.26,250.4,257.19,249.87,60.44
2560,2012-07-11,600519,250.92,258.01,258.33,248.38,32010,808688576.0,3.97,3.04,7.61,0.31,258.01,258.33,248.38,70.84
2561,2012-07-12,600519,258.11,256.06,265.01,255.0,37273,968810608.0,3.88,-0.76,-1.95,0.36,256.06,265.01,255.0,90.02
2562,2012-07-13,600519,255.67,262.7,264.0,255.3,29548,769107552.0,3.4,2.59,6.64,0.28,262.7,264.0,255.3,96.03
2563,2012-07-16,600519,262.1,262.25,266.08,261.9,29534,779744592.0,1.59,-0.17,-0.45,0.28,262.25,266.08,261.9,112.02
2564,2012-07-17,600519,260.0,253.76,260.99,253.31,36031,925218304.0,2.93,-3.24,-8.49,0.35,253.76,260.99,253.31,35.53
2565,2012-07-18,600519,253.6,244.96,255.9,239.9,74047,1815273728.0,6.31,-3.47,-8.8,0.71,244.96,255.9,239.9,-76.28
2566,2012-07-19,600519,243.99,246.21,248.55,243.05,26581,654750768.0,2.25,0.51,1.25,0.26,246.21,248.55,243.05,-105.92
2567,2012-07-20,600519,245.49,243.08,250.74,242.89,26055,644548784.0,3.19,-1.27,-3.13,0.25,243.08,250.74,242.89,-124.79
2568,2012-07-23,600519,239.88,242.58,243.46,239.0,19811,477867232.0,1.83,-0.21,-0.5,0.19,242.58,243.46,239.0,-149.39
2569,2012-07-24,600519,240.61,249.38,254.18,240.61,34372,853488544.0,5.59,2.8,6.8,0.33,249.38,254.18,240.61,-59.42
2570,2012-07-25,600519,250.0,255.55,255.8,249.51,26170,664005632.0,2.52,2.47,6.17,0.25,255.55,255.8,249.51,6.96
2571,2012-07-26,600519,254.9,250.44,259.5,249.7,23419,594576400.0,3.83,-2.0,-5.11,0.23,250.44,259.5,249.7,5.9
2572,2012-07-27,600519,250.88,249.45,252.0,246.8,18422,458534528.0,2.08,-0.4,-0.99,0.18,249.45,252.0,246.8,-36.36
2573,2012-07-30,600519,249.25,249.84,252.6,247.55,17495,439211392.0,2.02,0.16,0.39,0.17,249.84,252.6,247.55,-25.73
2574,2012-07-31,600519,249.5,246.44,254.0,246.05,19466,487548464.0,3.18,-1.36,-3.4,0.19,246.44,254.0,246.05,-35.38
2575,2012-08-01,600519,246.18,243.05,248.63,241.89,26715,654397920.0,2.73,-1.38,-3.39,0.26,243.05,248.63,241.89,-82.58
2576,2012-08-02,600519,243.11,242.16,245.49,241.15,17055,414452976.0,1.79,-0.37,-0.89,0.16,242.16,245.49,241.15,-99.26
2577,2012-08-03,600519,242.5,246.96,247.0,242.17,16473,403397232.0,1.99,1.98,4.8,0.16,246.96,247.0,242.17,-53.12
2578,2012-08-06,600519,246.64,248.83,249.6,245.2,17321,428757456.0,1.78,0.76,1.87,0.17,248.83,249.6,245.2,11.07
2579,2012-08-07,600519,248.82,251.9,252.77,248.12,18119,454543104.0,1.87,1.23,3.07,0.17,251.9,252.77,248.12,74.18
2580,2012-08-08,600519,252.46,252.8,254.0,249.0,14893,375890832.0,1.98,0.36,0.9,0.14,252.8,254.0,249.0,84.46
2581,2012-08-09,600519,251.8,260.92,261.65,251.2,30672,789861696.0,4.13,3.21,8.12,0.3,260.92,261.65,251.2,173.96
2582,2012-08-10,600519,251.0,248.21,254.7,244.02,91226,2273430544.0,4.09,-4.87,-12.71,0.88,248.21,254.7,244.02,-12.99
2583,2012-08-13,600519,248.48,248.0,249.68,246.8,23037,572237184.0,1.16,-0.08,-0.21,0.22,248.0,249.68,246.8,-31.95
2584,2012-08-14,600519,248.0,247.5,249.99,245.0,18787,465808752.0,2.01,-0.2,-0.5,0.18,247.5,249.99,245.0,-40.27
2585,2012-08-15,600519,246.98,244.13,247.4,243.5,22723,556345600.0,1.58,-1.36,-3.37,0.22,244.13,247.4,243.5,-89.62
2586,2012-08-16,600519,244.26,239.28,245.5,239.07,31483,758259696.0,2.63,-1.99,-4.85,0.3,239.28,245.5,239.07,-147.19
2587,2012-08-17,600519,238.42,229.62,238.42,228.5,59072,1365745648.0,4.15,-4.04,-9.66,0.57,229.62,238.42,228.5,-235.37
2588,2012-08-20,600519,229.61,232.65,232.68,225.98,24052,554470080.0,2.92,1.32,3.03,0.23,232.65,232.68,225.98,-194.57
2589,2012-08-21,600519,232.67,235.79,239.9,232.67,26323,624105408.0,3.11,1.35,3.14,0.25,235.79,239.9,232.67,-98.71
2590,2012-08-22,600519,236.92,232.18,236.92,230.0,20423,473902048.0,2.93,-1.53,-3.61,0.2,232.18,236.92,230.0,-108.93
2591,2012-08-23,600519,231.9,228.27,231.9,226.07,27956,639443952.0,2.51,-1.68,-3.91,0.27,228.27,231.9,226.07,-118.95
2592,2012-08-24,600519,227.21,231.88,232.91,227.05,21676,500922592.0,2.57,1.58,3.61,0.21,231.88,232.91,227.05,-87.14
2593,2012-08-27,600519,230.5,228.5,230.63,227.15,20899,478778016.0,1.5,-1.46,-3.38,0.2,228.5,230.63,227.15,-87.15
2594,2012-08-28,600519,229.0,225.53,230.58,225.01,20295,461461664.0,2.44,-1.3,-2.97,0.2,225.53,230.58,225.01,-88.48
2595,2012-08-29,600519,225.0,219.16,225.0,218.77,30426,674492576.0,2.76,-2.82,-6.37,0.29,219.16,225.0,218.77,-128.4
2596,2012-08-30,600519,216.99,217.88,219.19,213.5,48349,1046698768.0,2.6,-0.58,-1.28,0.47,217.88,219.19,213.5,-149.66
2597,2012-08-31,600519,218.0,219.76,222.0,217.2,22485,496296848.0,2.2,0.86,1.88,0.22,219.76,222.0,217.2,-114.86
2598,2012-09-04,600519,237.0,233.43,238.0,231.0,111509,2606767792.0,3.19,6.22,13.67,1.07,233.43,238.0,231.0,44.24
2599,2012-09-05,600519,232.5,234.06,234.97,232.0,27490,643292496.0,1.27,0.27,0.63,0.26,234.06,234.97,232.0,54.9
2600,2012-09-06,600519,234.25,231.75,234.5,229.1,20794,481683552.0,2.31,-0.99,-2.31,0.2,231.75,234.5,229.1,43.86
2601,2012-09-07,600519,233.2,241.6,243.0,233.2,42813,1023079152.0,4.23,4.25,9.85,0.41,241.6,243.0,233.2,135.29
2602,2012-09-10,600519,241.71,241.68,246.0,239.28,28170,683513904.0,2.78,0.03,0.08,0.27,241.68,246.0,239.28,143.95
2603,2012-09-11,600519,240.3,239.73,240.3,237.98,16136,385605488.0,0.96,-0.81,-1.95,0.16,239.73,240.3,237.98,102.16
2604,2012-09-12,600519,241.5,240.26,246.5,238.9,29023,703237248.0,3.17,0.22,0.53,0.28,240.26,246.5,238.9,112.41
2605,2012-09-13,600519,240.45,239.98,241.54,238.3,14294,342849648.0,1.35,-0.12,-0.28,0.14,239.98,241.54,238.3,79.33
2606,2012-09-14,600519,241.0,244.76,245.15,239.11,24587,597041984.0,2.52,1.99,4.78,0.24,244.76,245.15,239.11,92.86
2607,2012-09-17,600519,245.0,241.3,246.68,241.2,20015,488152592.0,2.24,-1.41,-3.46,0.19,241.3,246.68,241.2,82.15
2608,2012-09-18,600519,240.79,240.33,243.1,239.5,18277,441080160.0,1.49,-0.4,-0.97,0.18,240.33,243.1,239.5,56.09
2609,2012-09-19,600519,239.54,231.56,241.0,230.15,40991,958082592.0,4.51,-3.65,-8.77,0.39,231.56,241.0,230.15,-15.78
2610,2012-09-20,600519,230.9,229.04,232.79,228.89,21518,496309728.0,1.68,-1.09,-2.52,0.21,229.04,232.79,228.89,-82.68
2611,2012-09-21,600519,228.31,230.59,233.0,228.12,15680,361373296.0,2.13,0.68,1.55,0.15,230.59,233.0,228.12,-106.78
2612,2012-09-24,600519,229.0,232.36,232.98,228.08,17635,408195808.0,2.12,0.77,1.77,0.17,232.36,232.98,228.08,-89.52
2613,2012-09-25,600519,232.47,238.51,238.58,231.5,26231,619272096.0,3.05,2.65,6.15,0.25,238.51,238.58,231.5,-18.87
2614,2012-09-26,600519,238.0,235.87,240.56,233.7,20363,482230832.0,2.88,-1.11,-2.64,0.2,235.87,240.56,233.7,-18.07
2615,2012-09-27,600519,235.0,240.69,241.58,234.53,27140,650222912.0,2.99,2.04,4.82,0.26,240.69,241.58,234.53,20.07
2616,2012-09-28,600519,239.02,245.8,245.95,239.0,31283,760146560.0,2.89,2.12,5.11,0.3,245.8,245.95,239.0,95.75
2617,2012-10-08,600519,245.3,239.94,245.3,237.48,23608,566527568.0,3.18,-2.38,-5.86,0.23,239.94,245.3,237.48,48.07
2618,2012-10-09,600519,240.98,244.15,245.05,240.04,23411,569554624.0,2.09,1.75,4.21,0.23,244.15,245.05,240.04,80.65
2619,2012-10-10,600519,243.0,243.82,244.83,240.75,13457,327126304.0,1.67,-0.14,-0.33,0.13,243.82,244.83,240.75,74.36
2620,2012-10-11,600519,242.35,241.93,243.75,241.13,10626,257483485.0,1.07,-0.78,-1.89,0.1,241.93,243.75,241.13,62.61
2621,2012-10-12,600519,242.62,243.51,244.79,241.73,11742,285916688.0,1.26,0.65,1.58,0.11,243.51,244.79,241.73,78.57
2622,2012-10-15,600519,244.77,245.71,247.24,244.77,18883,464547296.0,1.01,0.9,2.2,0.18,245.71,247.24,244.77,105.26
2623,2012-10-16,600519,245.11,249.81,251.08,245.11,27738,690466784.0,2.43,1.67,4.1,0.27,249.81,251.08,245.11,124.43
2624,2012-10-17,600519,249.81,248.78,250.5,247.9,15981,397637472.0,1.04,-0.41,-1.03,0.15,248.78,250.5,247.9,120.59
2625,2012-10-18,600519,249.25,251.22,254.5,249.0,22278,561905408.0,2.21,0.98,2.44,0.21,251.22,254.5,249.0,148.47
2626,2012-10-19,600519,251.25,253.0,254.96,251.25,18630,472389456.0,1.48,0.71,1.78,0.18,253.0,254.96,251.25,150.0
2627,2012-10-22,600519,252.68,250.54,253.53,247.8,19117,478244288.0,2.26,-0.97,-2.46,0.18,250.54,253.53,247.8,90.97
2628,2012-10-23,600519,250.8,244.7,250.8,244.6,18703,461008032.0,2.47,-2.33,-5.84,0.18,244.7,250.8,244.6,17.15
2629,2012-10-24,600519,244.6,246.28,247.12,244.1,10972,269652768.0,1.23,0.65,1.58,0.11,246.28,247.12,244.1,-9.18
2630,2012-10-25,600519,247.0,246.07,248.0,244.3,9160,225725463.0,1.5,-0.09,-0.21,0.09,246.07,248.0,244.3,-7.24
2631,2012-10-26,600519,248.72,241.0,248.98,240.07,24559,596652704.0,3.62,-2.06,-5.07,0.24,241.0,248.98,240.07,-76.58
2632,2012-10-29,600519,241.59,241.82,243.6,239.05,14491,349849296.0,1.89,0.34,0.82,0.14,241.82,243.6,239.05,-113.55
2633,2012-10-30,600519,241.8,244.58,245.49,241.21,15610,380664720.0,1.77,1.14,2.76,0.15,244.58,245.49,241.21,-64.05
2634,2012-10-31,600519,244.52,247.34,247.94,243.65,15845,390460784.0,1.75,1.13,2.76,0.15,247.34,247.94,243.65,-13.26
2635,2012-11-01,600519,248.21,249.4,250.85,246.35,18191,453437152.0,1.82,0.83,2.06,0.18,249.4,250.85,246.35,41.23
2636,2012-11-02,600519,249.2,248.36,250.5,246.28,16975,420531728.0,1.69,-0.42,-1.04,0.16,248.36,250.5,246.28,24.57
2637,2012-11-05,600519,246.99,242.92,246.99,241.2,22666,552311456.0,2.33,-2.19,-5.44,0.22,242.92,246.99,241.2,-81.54
2638,2012-11-06,600519,242.41,235.93,242.41,235.5,41713,991450624.0,2.84,-2.88,-6.99,0.4,235.93,242.41,235.5,-179.26
2639,2012-11-07,600519,235.0,237.47,238.03,235.0,16218,383915184.0,1.28,0.65,1.54,0.16,237.47,238.03,235.0,-161.62
2640,2012-11-08,600519,235.99,234.1,236.95,233.85,16262,382711600.0,1.31,-1.42,-3.37,0.16,234.1,236.95,233.85,-164.55
2641,2012-11-09,600519,234.09,234.81,235.8,233.66,11670,273825056.0,0.91,0.3,0.71,0.11,234.81,235.8,233.66,-134.12
2642,2012-11-12,600519,235.0,231.46,235.78,228.89,20464,472928288.0,2.93,-1.43,-3.35,0.2,231.46,235.78,228.89,-139.65
2643,2012-11-13,600519,231.0,228.06,231.0,225.7,20448,465306368.0,2.29,-1.47,-3.4,0.2,228.06,231.0,225.7,-149.79
2644,2012-11-14,600519,228.38,230.65,231.0,226.5,12238,280680240.0,1.97,1.14,2.59,0.12,230.65,231.0,226.5,-113.19
2645,2012-11-15,600519,229.0,227.25,229.0,226.33,11401,259657230.0,1.16,-1.47,-3.4,0.11,227.25,229.0,226.33,-113.91
2646,2012-11-16,600519,226.8,224.4,226.95,222.5,19677,441363632.0,1.96,-1.25,-2.85,0.19,224.4,226.95,222.5,-121.85
2647,2012-11-19,600519,224.4,214.05,224.4,208.9,70484,1508795040.0,6.91,-4.61,-10.35,0.68,214.05,224.4,208.9,-171.0
2648,2012-11-20,600519,212.85,215.96,218.34,212.5,38078,820492576.0,2.73,0.89,1.91,0.37,215.96,218.34,212.5,-142.7
2649,2012-11-21,600519,215.85,218.65,219.8,211.79,33335,719458144.0,3.71,1.25,2.69,0.32,218.65,219.8,211.79,-115.66
2650,2012-11-22,600519,207.5,217.29,217.46,206.8,51521,1093946848.0,4.88,-0.62,-1.36,0.5,217.29,217.46,206.8,-122.56
2651,2012-11-23,600519,215.02,222.23,223.0,215.01,29845,655947680.0,3.68,2.27,4.94,0.29,222.23,223.0,215.01,-56.81
2652,2012-11-26,600519,221.41,217.05,221.8,215.5,21955,478884320.0,2.83,-2.33,-5.18,0.21,217.05,221.8,215.5,-63.94
2653,2012-11-27,600519,217.05,219.76,221.09,216.18,20459,447807808.0,2.26,1.25,2.71,0.2,219.76,221.09,216.18,-46.62
2654,2012-11-28,600519,219.25,218.39,219.25,217.0,15017,328018448.0,1.02,-0.62,-1.37,0.14,218.39,219.25,217.0,-46.8
2655,2012-11-29,600519,218.4,219.28,220.12,218.14,15676,343521808.0,0.91,0.41,0.89,0.15,219.28,220.12,218.14,-28.26
2656,2012-11-30,600519,219.2,216.01,219.2,213.21,21371,459310352.0,2.73,-1.49,-3.27,0.21,216.01,219.2,213.21,-64.84
2657,2012-12-03,600519,213.0,200.19,213.0,199.05,79372,1620343232.0,6.46,-7.32,-15.82,0.76,200.19,213.0,199.05,-230.59
2658,2012-12-04,600519,195.01,196.95,199.98,190.8,78705,1534594320.0,4.59,-1.62,-3.24,0.76,196.95,199.98,190.8,-268.06
2659,2012-12-05,600519,194.3,196.64,200.52,188.63,111704,2172380160.0,6.04,-0.16,-0.31,1.08,196.64,200.52,188.63,-187.55
2660,2012-12-06,600519,196.2,194.21,197.0,184.0,117562,2244829136.0,6.61,-1.24,-2.43,1.13,194.21,197.0,184.0,-156.54
2661,2012-12-07,600519,196.99,198.79,202.69,196.58,99501,1983064736.0,3.15,2.36,4.58,0.96,198.79,202.69,196.58,-78.33
2662,2012-12-11,600519,198.5,202.31,208.0,198.5,92233,1869715840.0,4.78,1.77,3.52,0.89,202.31,208.0,198.5,-44.73
2663,2012-12-12,600519,205.0,211.86,211.99,202.5,64325,1327462832.0,4.69,4.72,9.55,0.62,211.86,211.99,202.5,0.17
2664,2012-12-13,600519,209.89,205.7,214.98,205.1,61996,1297953952.0,4.66,-2.91,-6.16,0.6,205.7,214.98,205.1,1.59
2665,2012-12-14,600519,203.0,207.92,209.5,198.5,78926,1609442080.0,5.35,1.08,2.22,0.76,207.92,209.5,198.5,-16.65
2666,2012-12-17,600519,206.0,211.09,213.66,202.0,71361,1488539584.0,5.61,1.52,3.17,0.69,211.09,213.66,202.0,20.09
2667,2012-12-18,600519,211.21,214.53,216.78,211.17,46945,1005177392.0,2.66,1.63,3.44,0.45,214.53,216.78,211.17,73.55
2668,2012-12-19,600519,213.13,219.45,221.0,213.01,47570,1039482928.0,3.72,2.29,4.92,0.46,219.45,221.0,213.01,108.61
2669,2012-12-20,600519,218.5,218.4,220.4,215.59,34434,750851792.0,2.19,-0.48,-1.05,0.33,218.4,220.4,215.59,113.44
2670,2012-12-21,600519,217.69,216.6,219.0,215.83,25093,544719328.0,1.45,-0.82,-1.8,0.24,216.6,219.0,215.83,102.31
2671,2012-12-24,600519,212.01,204.58,212.01,200.0,100051,2054317648.0,5.54,-5.55,-12.02,0.96,204.58,212.01,200.0,-8.32
2672,2012-12-25,600519,202.9,204.72,206.87,201.22,59534,1218659232.0,2.76,0.07,0.14,0.57,204.72,206.87,201.22,-28.54
2673,2012-12-26,600519,203.78,205.25,206.8,202.71,44866,918674032.0,2.0,0.26,0.53,0.43,205.25,206.8,202.71,-32.47
2674,2012-12-27,600519,205.3,207.58,209.5,203.74,60926,1259078000.0,2.81,1.14,2.33,0.59,207.58,209.5,203.74,-26.44
2675,2012-12-28,600519,207.6,212.3,215.58,207.6,56589,1202787584.0,3.84,2.27,4.72,0.55,212.3,215.58,207.6,32.82
2676,2012-12-31,600519,213.31,209.02,214.8,206.35,51915,1085776112.0,3.98,-1.54,-3.28,0.5,209.02,214.8,206.35,-1.89
2677,2013-01-04,600519,212.0,206.94,212.0,205.0,58370,1205796544.0,3.35,-1.0,-2.08,0.56,206.94,212.0,205.0,-34.93
2678,2013-01-07,600519,205.88,204.29,205.88,202.5,41271,840359824.0,1.63,-1.28,-2.65,0.4,204.29,205.88,202.5,-85.84
2679,2013-01-08,600519,203.18,210.84,210.85,203.18,65287,1362186176.0,3.75,3.21,6.55,0.63,210.84,210.85,203.18,-27.71
2680,2013-01-09,600519,211.5,216.45,217.65,211.5,53749,1159330304.0,2.92,2.66,5.61,0.52,216.45,217.65,211.5,70.17
2681,2013-01-10,600519,215.58,214.5,217.0,213.0,30528,656830928.0,1.85,-0.9,-1.95,0.29,214.5,217.0,213.0,63.25
2682,2013-01-11,600519,213.72,211.26,215.15,209.88,37010,784542944.0,2.46,-1.51,-3.24,0.36,211.26,215.15,209.88,32.52
2683,2013-01-14,600519,208.5,209.42,210.3,202.81,68184,1410483968.0,3.55,-0.87,-1.84,0.66,209.42,210.3,202.81,-34.12
2684,2013-01-15,600519,208.79,210.85,212.1,206.82,52635,1103130864.0,2.52,0.68,1.43,0.51,210.85,212.1,206.82,24.37
2685,2013-01-16,600519,205.0,206.0,206.8,203.68,69502,1427067088.0,1.48,-2.3,-4.85,0.67,206.0,206.8,203.68,-74.13
2686,2013-01-17,600519,204.99,205.13,207.68,204.52,36202,744614976.0,1.53,-0.42,-0.87,0.35,205.13,207.68,204.52,-72.45
2687,2013-01-18,600519,206.15,203.76,206.48,200.11,55318,1122848384.0,3.11,-0.67,-1.37,0.53,203.76,206.48,200.11,-119.72
2688,2013-01-21,600519,202.8,197.31,202.8,196.3,74779,1482664896.0,3.19,-3.17,-6.45,0.72,197.31,202.8,196.3,-179.92
2689,2013-01-22,600519,195.81,198.83,199.73,189.0,73815,1425054464.0,5.44,0.77,1.52,0.71,198.83,199.73,189.0,-180.84
2690,2013-01-23,600519,196.0,198.98,199.51,193.8,51014,1006483568.0,2.87,0.08,0.15,0.49,198.98,199.51,193.8,-126.38
2691,2013-01-24,600519,197.9,195.96,200.1,194.8,59474,1171137856.0,2.66,-1.52,-3.02,0.57,195.96,200.1,194.8,-110.36
2692,2013-01-25,600519,189.0,189.05,191.8,186.1,80008,1508197808.0,2.91,-3.53,-6.91,0.77,189.05,191.8,186.1,-160.93
2693,2013-01-28,600519,186.0,178.5,187.8,178.0,158291,2857092944.0,5.18,-5.58,-10.55,1.52,178.5,187.8,178.0,-177.97
2694,2013-01-29,600519,176.0,178.16,179.99,172.0,115448,2034723440.0,4.48,-0.19,-0.34,1.11,178.16,179.99,172.0,-174.23
2695,2013-01-30,600519,177.05,180.12,182.49,176.68,71377,1285436672.0,3.26,1.1,1.96,0.69,180.12,182.49,176.68,-128.36
2696,2013-01-31,600519,181.2,178.9,181.8,177.77,37816,678384688.0,2.24,-0.68,-1.22,0.36,178.9,181.8,177.77,-105.64
2697,2013-02-01,600519,178.88,178.98,181.77,178.03,45266,813241680.0,2.09,0.04,0.08,0.44,178.98,181.77,178.03,-87.0
2698,2013-02-04,600519,180.0,175.13,180.95,174.0,64964,1142310992.0,3.88,-2.15,-3.85,0.63,175.13,180.95,174.0,-91.07
2699,2013-02-05,600519,174.95,184.43,184.5,173.8,87825,1575281152.0,6.11,5.31,9.3,0.85,184.43,184.5,173.8,-54.84
2700,2013-02-06,600519,184.98,183.93,185.07,182.0,46195,849026096.0,1.66,-0.27,-0.5,0.44,183.93,185.07,182.0,-27.48
2701,2013-02-07,600519,183.0,185.17,186.55,181.32,48568,895061568.0,2.84,0.67,1.24,0.47,185.17,186.55,181.32,-13.4
2702,2013-02-08,600519,185.15,187.86,188.4,184.3,41573,778273776.0,2.21,1.45,2.69,0.4,187.86,188.4,184.3,21.87
2703,2013-02-18,600519,188.3,179.69,188.3,179.0,56570,1024714896.0,4.95,-4.35,-8.17,0.54,179.69,188.3,179.0,-21.55
2704,2013-02-19,600519,178.98,177.92,180.59,176.8,37738,673362432.0,2.11,-0.99,-1.77,0.36,177.92,180.59,176.8,-69.4
2705,2013-02-20,600519,177.0,177.9,179.98,175.02,36582,650765312.0,2.79,-0.01,-0.02,0.35,177.9,179.98,175.02,-81.7
2706,2013-02-21,600519,175.23,180.02,185.2,175.05,53833,974530656.0,5.71,1.19,2.12,0.52,180.02,185.2,175.05,-13.84
2707,2013-02-22,600519,181.0,185.59,186.6,181.0,62864,1163340816.0,3.11,3.09,5.57,0.61,185.59,186.6,181.0,94.69
2708,2013-02-25,600519,184.0,181.09,185.35,180.26,34549,629472576.0,2.74,-2.42,-4.5,0.33,181.09,185.35,180.26,29.46
2709,2013-02-26,600519,180.7,177.37,184.0,177.33,43755,783158032.0,3.68,-2.05,-3.72,0.42,177.37,184.0,177.33,-44.08
2710,2013-02-27,600519,176.61,176.77,178.7,175.56,34158,602608240.0,1.77,-0.34,-0.6,0.33,176.77,178.7,175.56,-103.4
2711,2013-02-28,600519,177.8,175.0,177.8,172.0,56786,990766784.0,3.28,-1.0,-1.77,0.55,175.0,177.8,172.0,-132.16
2712,2013-03-01,600519,174.3,173.82,175.96,172.99,38003,661720752.0,1.7,-0.67,-1.18,0.37,173.82,175.96,172.99,-135.59
2713,2013-03-04,600519,173.72,174.72,176.62,173.72,52073,912360624.0,1.67,0.52,0.9,0.5,174.72,176.62,173.72,-99.86
2714,2013-03-05,600519,175.42,175.0,176.46,173.86,36975,648668784.0,1.49,0.16,0.28,0.36,175.0,176.46,173.86,-85.36
2715,2013-03-06,600519,176.0,177.22,177.3,173.65,49227,861725424.0,2.09,1.27,2.22,0.47,177.22,177.3,173.65,-58.33
2716,2013-03-07,600519,179.38,183.86,188.6,179.32,85191,1573676096.0,5.24,3.75,6.64,0.82,183.86,188.6,179.32,119.2
2717,2013-03-08,600519,186.01,184.13,187.5,183.67,35960,667118432.0,2.08,0.15,0.27,0.35,184.13,187.5,183.67,131.17
2718,2013-03-11,600519,183.8,185.2,185.5,181.81,34965,642927312.0,2.0,0.58,1.07,0.34,185.2,185.5,181.81,92.83
2719,2013-03-12,600519,186.0,182.18,186.1,180.0,25394,465220576.0,3.29,-1.63,-3.02,0.24,182.18,186.1,180.0,57.84
2720,2013-03-13,600519,182.4,183.83,186.02,182.4,30770,567812080.0,1.99,0.91,1.65,0.3,183.83,186.02,182.4,71.33
2721,2013-03-14,600519,182.5,178.94,184.77,178.66,35124,635985856.0,3.32,-2.66,-4.89,0.34,178.94,184.77,178.66,20.93
2722,2013-03-15,600519,177.52,176.97,180.7,175.1,35961,639236960.0,3.13,-1.1,-1.97,0.35,176.97,180.7,175.1,-31.88
2723,2013-03-18,600519,176.9,169.45,176.9,168.19,78232,1336285504.0,4.92,-4.25,-7.52,0.75,169.45,176.9,168.19,-118.66
2724,2013-03-19,600519,168.2,165.18,169.82,164.51,63414,1052322592.0,3.13,-2.52,-4.27,0.61,165.18,169.82,164.51,-162.82
2725,2013-03-20,600519,165.26,169.91,170.59,164.1,71895,1202347856.0,3.93,2.86,4.73,0.69,169.91,170.59,164.1,-121.02
2726,2013-03-21,600519,169.5,166.78,169.5,165.8,65393,1091400976.0,2.18,-1.84,-3.13,0.63,166.78,169.5,165.8,-114.54
2727,2013-03-22,600519,166.48,169.05,169.9,165.71,45579,767262032.0,2.51,1.36,2.27,0.44,169.05,169.9,165.71,-90.72
2728,2013-03-25,600519,169.0,169.03,170.77,168.1,31966,541959904.0,1.58,-0.01,-0.02,0.31,169.03,170.77,168.1,-69.67
2729,2013-03-26,600519,169.1,169.88,171.21,168.41,32480,551865776.0,1.66,0.5,0.85,0.31,169.88,171.21,168.41,-55.86
2730,2013-03-27,600519,170.01,166.79,170.4,165.4,47662,795809840.0,2.94,-1.82,-3.09,0.46,166.79,170.4,165.4,-68.43
2731,2013-03-28,600519,166.08,166.82,168.18,162.31,41491,685703920.0,3.52,0.02,0.03,0.4,166.82,168.18,162.31,-78.24
2732,2013-03-29,600519,167.25,168.86,169.57,166.02,47717,802924384.0,2.13,1.22,2.04,0.46,168.86,169.57,166.02,-47.77
2733,2013-04-01,600519,168.09,164.95,168.46,164.58,29129,483197216.0,2.3,-2.32,-3.91,0.28,164.95,168.46,164.58,-72.2
2734,2013-04-02,600519,165.1,163.71,165.97,163.27,32525,534554080.0,1.64,-0.75,-1.24,0.31,163.71,165.97,163.27,-105.7
2735,2013-04-03,600519,163.68,163.85,165.0,163.18,21991,360543776.0,1.11,0.09,0.14,0.21,163.85,165.0,163.18,-123.67
2736,2013-04-08,600519,162.14,164.32,165.0,160.45,37733,613230368.0,2.78,0.29,0.47,0.36,164.32,165.0,160.45,-139.54
2737,2013-04-09,600519,163.89,163.6,164.9,162.7,24195,396645808.0,1.34,-0.44,-0.72,0.23,163.6,164.9,162.7,-106.41
2738,2013-04-10,600519,164.0,169.96,171.11,162.7,70858,1194391200.0,5.14,3.89,6.36,0.68,169.96,171.11,162.7,44.32
2739,2013-04-11,600519,170.0,168.92,171.0,168.3,29730,504695120.0,1.59,-0.61,-1.04,0.29,168.92,171.0,168.3,90.75
2740,2013-04-12,600519,168.92,172.23,174.4,168.5,59800,1032119616.0,3.49,1.96,3.31,0.58,172.23,174.4,168.5,140.11
2741,2013-04-15,600519,172.27,172.74,173.66,170.02,28337,487286256.0,2.11,0.3,0.51,0.27,172.74,173.66,170.02,130.43
2742,2013-04-16,600519,170.0,173.16,175.2,169.6,39138,676673440.0,3.24,0.24,0.42,0.38,173.16,175.2,169.6,126.72
2743,2013-04-17,600519,173.6,178.49,178.77,173.55,42974,760898352.0,3.01,3.08,5.33,0.41,178.49,178.77,173.55,184.4
2744,2013-04-18,600519,177.2,179.15,180.0,176.01,41957,749007264.0,2.24,0.37,0.66,0.4,179.15,180.0,176.01,158.8
2745,2013-04-19,600519,179.4,179.23,179.88,176.89,39238,701185040.0,1.67,0.04,0.08,0.38,179.23,179.88,176.89,130.62
2746,2013-04-22,600519,178.9,173.71,178.9,173.5,42746,747616496.0,3.01,-3.08,-5.52,0.41,173.71,178.9,173.5,70.09
2747,2013-04-23,600519,173.5,171.81,174.98,171.7,30953,535923152.0,1.89,-1.09,-1.9,0.3,171.81,174.98,171.7,29.26
2748,2013-04-24,600519,172.22,174.87,175.0,170.3,30403,525381344.0,2.74,1.78,3.06,0.29,174.87,175.0,170.3,31.13
2749,2013-04-25,600519,174.02,176.7,177.56,173.22,25360,446045072.0,2.48,1.05,1.83,0.24,176.7,177.56,173.22,64.14
2750,2013-04-26,600519,177.41,173.99,178.0,173.01,16308,285787936.0,2.82,-1.53,-2.71,0.16,173.99,178.0,173.01,40.18
2751,2013-05-02,600519,173.0,171.11,173.05,169.03,28587,489586432.0,2.31,-1.66,-2.88,0.28,171.11,173.05,169.03,-66.7
2752,2013-05-03,600519,171.8,172.45,174.02,170.6,21461,369986944.0,2.0,0.78,1.34,0.21,172.45,174.02,170.6,-46.51
2753,2013-05-06,600519,173.0,177.8,177.98,171.98,30196,529181408.0,3.48,3.1,5.35,0.29,177.8,177.98,171.98,45.9
2754,2013-05-07,600519,179.02,187.69,188.34,179.02,71021,1305178752.0,5.24,5.56,9.89,0.68,187.69,188.34,179.02,244.35
2755,2013-05-08,600519,187.8,188.89,190.0,186.13,42416,799534960.0,2.06,0.64,1.2,0.41,188.89,190.0,186.13,223.8
2756,2013-05-09,600519,189.26,197.18,197.2,189.26,70135,1370326176.0,4.2,4.39,8.29,0.68,197.18,197.2,189.26,223.08
2757,2013-05-10,600519,197.01,197.11,200.92,196.01,48777,970170016.0,2.49,-0.04,-0.07,0.47,197.11,200.92,196.01,180.97
2758,2013-05-13,600519,197.11,197.68,201.6,193.77,32579,645155888.0,3.97,0.29,0.57,0.31,197.68,201.6,193.77,132.86
2759,2013-05-14,600519,196.1,191.19,197.1,190.01,36432,701153968.0,3.59,-3.28,-6.49,0.35,191.19,197.1,190.01,78.06
2760,2013-05-15,600519,190.88,194.66,196.66,190.72,23264,452499712.0,3.11,1.81,3.47,0.22,194.66,196.66,190.72,74.34
2761,2013-05-16,600519,194.01,194.85,200.51,192.0,45462,893376384.0,4.37,0.1,0.19,0.44,194.85,200.51,192.0,76.03
2762,2013-05-17,600519,194.08,195.91,196.45,193.0,33557,654713520.0,1.77,0.54,1.06,0.32,195.91,196.45,193.0,62.61
2763,2013-05-20,600519,196.8,195.0,198.48,194.45,30944,605797984.0,2.06,-0.46,-0.91,0.3,195.0,198.48,194.45,61.74
2764,2013-05-21,600519,194.88,195.02,195.76,193.51,23102,449227072.0,1.15,0.01,0.02,0.22,195.02,195.76,193.51,46.31
2765,2013-05-22,600519,195.65,199.47,200.6,195.1,46150,917905232.0,2.82,2.28,4.45,0.44,199.47,200.6,195.1,75.32
2766,2013-05-23,600519,199.6,202.44,206.49,199.6,62247,1272531728.0,3.45,1.49,2.97,0.6,202.44,206.49,199.6,136.04
2767,2013-05-24,600519,204.0,200.93,207.17,200.0,45073,915894080.0,3.54,-0.75,-1.51,0.43,200.93,207.17,200.0,144.99
2768,2013-05-27,600519,201.97,201.63,202.1,198.0,26778,536544400.0,2.04,0.35,0.7,0.26,201.63,202.1,198.0,89.84
2769,2013-05-28,600519,201.88,202.14,203.31,199.55,23676,477386720.0,1.86,0.25,0.51,0.23,202.14,203.31,199.55,100.23
2770,2013-05-29,600519,203.0,201.49,206.87,201.35,32340,659505376.0,2.73,-0.32,-0.65,0.31,201.49,206.87,201.35,115.28
2771,2013-05-30,600519,200.8,200.25,202.82,199.01,25019,500916432.0,1.89,-0.62,-1.24,0.24,200.25,202.82,199.01,50.75
2772,2013-05-31,600519,200.97,197.1,201.4,197.0,24591,490984240.0,2.2,-1.57,-3.15,0.24,197.1,201.4,197.0,3.02
2773,2013-06-03,600519,198.1,202.08,202.55,197.18,40257,807356528.0,2.72,2.53,4.98,0.39,202.08,202.55,197.18,39.52
2774,2013-06-04,600519,202.3,201.7,205.3,201.65,42357,862313616.0,1.81,-0.19,-0.38,0.41,201.7,205.3,201.65,82.76
2775,2013-06-05,600519,201.99,201.17,202.5,199.58,23724,476555328.0,1.45,-0.26,-0.53,0.23,201.17,202.5,199.58,31.8
2776,2013-06-06,600519,201.21,201.66,204.8,201.21,33877,688473440.0,1.78,0.24,0.49,0.33,201.66,204.8,201.21,68.73
2777,2013-06-07,600519,195.11,196.26,200.0,193.51,25478,502253008.0,3.22,-2.68,-5.4,0.25,196.26,200.0,193.51,-132.61
2778,2013-06-13,600519,195.12,194.71,198.48,192.01,44999,876852224.0,3.3,-0.79,-1.55,0.43,194.71,198.48,192.01,-187.88
2779,2013-06-14,600519,194.35,194.02,195.0,189.58,32519,625711424.0,2.78,-0.35,-0.69,0.31,194.02,195.0,189.58,-193.67
2780,2013-06-17,600519,194.27,189.48,194.98,189.21,29689,568914656.0,2.97,-2.34,-4.54,0.29,189.48,194.98,189.21,-169.32
2781,2013-06-18,600519,189.16,191.65,191.8,186.52,27378,516512032.0,2.79,1.15,2.17,0.26,191.65,191.8,186.52,-149.48
2782,2013-06-19,600519,190.88,194.83,195.5,188.2,28909,556142176.0,3.81,1.66,3.18,0.28,194.83,195.5,188.2,-81.93
2783,2013-06-20,600519,194.46,191.74,195.48,190.61,25587,493350640.0,2.5,-1.59,-3.09,0.25,191.74,195.48,190.61,-73.34
2784,2013-06-21,600519,190.04,191.17,195.88,187.5,39654,762942576.0,4.37,-0.3,-0.57,0.38,191.17,195.88,187.5,-79.58
2785,2013-06-24,600519,191.61,185.62,192.0,185.18,40807,765344880.0,3.57,-2.9,-5.55,0.39,185.62,192.0,185.18,-123.04
2786,2013-06-25,600519,185.56,189.84,190.3,176.03,51352,952843632.0,7.69,2.27,4.22,0.49,189.84,190.3,176.03,-133.26
2787,2013-06-26,600519,188.49,188.72,189.82,184.78,32903,613847376.0,2.65,-0.59,-1.12,0.32,188.72,189.82,184.78,-89.22
2788,2013-06-27,600519,188.72,189.58,192.35,188.09,34136,651525216.0,2.26,0.46,0.86,0.33,189.58,192.35,188.09,-49.17
2789,2013-06-28,600519,188.85,192.37,193.46,188.85,28070,540002736.0,2.43,1.47,2.79,0.27,192.37,193.46,188.85,-9.26
2790,2013-07-01,600519,192.03,194.29,194.97,191.02,25829,498364208.0,2.05,1.0,1.92,0.25,194.29,194.97,191.02,61.75
2791,2013-07-02,600519,194.27,197.95,198.99,192.62,33453,656544864.0,3.28,1.88,3.66,0.32,197.95,198.99,192.62,152.81
2792,2013-07-03,600519,198.9,197.97,199.8,196.13,35425,702154064.0,1.85,0.01,0.02,0.34,197.97,199.8,196.13,175.43
2793,2013-07-04,600519,197.07,196.62,199.86,196.58,24215,480333712.0,1.66,-0.68,-1.35,0.23,196.62,199.86,196.58,136.78
2794,2013-07-05,600519,196.9,197.12,199.37,196.9,17780,351961200.0,1.26,0.25,0.5,0.17,197.12,199.37,196.9,113.25
2795,2013-07-08,600519,196.88,195.16,197.89,193.0,24114,471887312.0,2.48,-0.99,-1.96,0.23,195.16,197.89,193.0,54.44
2796,2013-07-09,600519,196.3,192.05,196.3,190.71,20234,390495520.0,2.86,-1.59,-3.11,0.19,192.05,196.3,190.71,5.97
2797,2013-07-10,600519,191.21,193.84,194.1,188.89,33245,635969696.0,2.71,0.93,1.79,0.32,193.84,194.1,188.89,-8.79
2798,2013-07-11,600519,194.55,195.97,196.5,192.03,46057,897968912.0,2.31,1.1,2.13,0.44,195.97,196.5,192.03,38.26
2799,2013-07-12,600519,195.11,188.81,196.77,188.7,42992,823551968.0,4.12,-3.65,-7.16,0.41,188.81,196.77,188.7,-39.66
2800,2013-07-15,600519,189.38,187.95,190.1,184.93,36607,683259584.0,2.74,-0.46,-0.86,0.35,187.95,190.1,184.93,-133.92
2801,2013-07-16,600519,188.16,190.95,191.28,185.5,37011,698456704.0,3.08,1.6,3.0,0.36,190.95,191.28,185.5,-102.8
2802,2013-07-17,600519,190.5,186.92,190.79,186.81,27388,517180736.0,2.08,-2.11,-4.03,0.26,186.92,190.79,186.81,-120.19
2803,2013-07-18,600519,187.0,185.07,187.45,183.7,25700,475329680.0,2.01,-0.99,-1.85,0.25,185.07,187.45,183.7,-150.39
2804,2013-07-19,600519,185.01,176.01,185.01,174.53,73319,1309145808.0,5.66,-4.9,-9.06,0.71,176.01,185.01,174.53,-202.9
2805,2013-07-22,600519,175.66,174.88,177.09,173.05,27062,472471728.0,2.3,-0.64,-1.13,0.26,174.88,177.09,173.05,-188.63
2806,2013-07-23,600519,175.93,179.59,180.29,174.98,28756,513622528.0,3.04,2.69,4.71,0.28,179.59,180.29,174.98,-122.71
2807,2013-07-24,600519,179.4,174.62,179.4,173.1,44067,772480656.0,3.51,-2.77,-4.97,0.42,174.62,179.4,173.1,-124.03
2808,2013-07-25,600519,175.4,178.74,179.8,174.3,39541,701690240.0,3.15,2.36,4.12,0.38,178.74,179.8,174.3,-86.2
2809,2013-07-26,600519,177.0,174.97,177.8,174.9,19046,334279504.0,1.62,-2.11,-3.77,0.18,174.97,177.8,174.9,-87.38
2810,2013-07-29,600519,174.28,171.32,174.28,171.0,26883,462873568.0,1.87,-2.09,-3.65,0.26,171.32,174.28,171.0,-105.39
2811,2013-07-30,600519,170.3,168.43,171.28,165.59,42114,708812320.0,3.32,-1.69,-2.89,0.41,168.43,171.28,165.59,-123.03
2812,2013-07-31,600519,169.68,168.5,171.2,167.7,14590,246901546.0,2.08,0.04,0.07,0.14,168.5,171.2,167.7,-108.44
2813,2013-08-01,600519,169.98,171.89,172.5,169.06,24853,426199168.0,2.04,2.01,3.39,0.24,171.89,172.5,169.06,-82.1
2814,2013-08-02,600519,172.79,176.03,178.16,172.69,29241,514840304.0,3.18,2.41,4.14,0.28,176.03,178.16,172.69,-21.06
2815,2013-08-05,600519,176.03,175.5,176.77,173.9,18065,316638080.0,1.63,-0.3,-0.53,0.17,175.5,176.77,173.9,-13.62
2816,2013-08-06,600519,173.93,175.23,175.5,172.7,26562,462053664.0,1.6,-0.15,-0.27,0.26,175.23,175.5,172.7,-16.28
2817,2013-08-07,600519,174.8,176.38,178.66,173.73,28378,501679184.0,2.81,0.66,1.15,0.27,176.38,178.66,173.73,45.93
2818,2013-08-08,600519,176.42,175.16,177.36,174.4,16077,282184720.0,1.68,-0.69,-1.22,0.15,175.16,177.36,174.4,36.76
2819,2013-08-09,600519,175.45,172.83,176.09,170.94,22889,396239808.0,2.94,-1.33,-2.33,0.22,172.83,176.09,170.94,-25.79
2820,2013-08-12,600519,172.8,178.31,178.43,172.51,39390,692000832.0,3.43,3.17,5.48,0.38,178.31,178.43,172.51,66.97
2821,2013-08-13,600519,178.01,179.95,180.5,176.5,25436,453549744.0,2.24,0.92,1.64,0.25,179.95,180.5,176.5,125.02
2822,2013-08-14,600519,179.89,178.69,182.34,178.4,21722,392821872.0,2.19,-0.7,-1.26,0.21,178.69,182.34,178.4,136.8
2823,2013-08-15,600519,178.86,177.46,181.2,177.39,15366,274789280.0,2.13,-0.69,-1.23,0.15,177.46,181.2,177.39,96.43
2824,2013-08-16,600519,177.53,174.4,181.0,174.05,34974,617783344.0,3.92,-1.72,-3.06,0.34,174.4,181.0,174.05,37.96
2825,2013-08-19,600519,175.4,175.17,175.91,173.0,19358,337652096.0,1.67,0.44,0.77,0.19,175.17,175.91,173.0,-23.81
2826,2013-08-20,600519,174.15,173.61,175.0,172.7,31251,541646640.0,1.31,-0.89,-1.56,0.3,173.61,175.0,172.7,-77.07
2827,2013-08-21,600519,175.01,174.69,175.15,172.4,23103,401820448.0,1.58,0.62,1.08,0.22,174.69,175.15,172.4,-81.67
2828,2013-08-22,600519,174.6,175.08,176.68,174.02,15502,272139856.0,1.52,0.22,0.39,0.15,175.08,176.68,174.02,-29.16
2829,2013-08-23,600519,175.97,172.99,175.98,171.5,19530,338959488.0,2.56,-1.19,-2.09,0.19,172.99,175.98,171.5,-91.9
2830,2013-08-26,600519,173.11,173.94,175.0,172.0,16885,293255616.0,1.73,0.55,0.95,0.16,173.94,175.0,172.0,-80.9
2831,2013-08-27,600519,173.77,173.15,173.77,172.0,24437,422029088.0,1.02,-0.45,-0.79,0.24,173.15,173.77,172.0,-91.79
2832,2013-08-28,600519,172.17,169.9,172.17,169.57,30603,521639360.0,1.5,-1.88,-3.25,0.29,169.9,172.17,169.57,-145.93
2833,2013-08-29,600519,170.0,168.48,170.34,168.11,21804,368545680.0,1.31,-0.84,-1.42,0.21,168.48,170.34,168.11,-165.2
2834,2013-08-30,600519,168.48,168.78,169.0,167.55,25861,435606368.0,0.86,0.18,0.3,0.25,168.78,169.0,167.55,-148.96
2835,2013-09-02,600519,160.8,151.92,160.8,151.9,224971,3438418528.0,5.27,-9.99,-16.86,2.17,151.92,160.8,151.9,-301.44
2836,2013-09-03,600519,151.0,151.66,152.8,149.0,123211,1855978592.0,2.5,-0.17,-0.26,1.19,151.66,152.8,149.0,-234.12
2837,2013-09-04,600519,152.0,152.1,153.55,151.6,76790,1171694800.0,1.29,0.29,0.44,0.74,152.1,153.55,151.6,-158.85
2838,2013-09-05,600519,151.86,150.27,152.8,149.3,71283,1070129376.0,2.3,-1.2,-1.83,0.69,150.27,152.8,149.3,-128.9
2839,2013-09-06,600519,150.1,150.28,150.9,149.77,37784,567391472.0,0.75,0.01,0.01,0.36,150.28,150.9,149.77,-104.65
2840,2013-09-09,600519,151.0,150.95,151.52,149.88,69271,1042258768.0,1.09,0.45,0.67,0.67,150.95,151.52,149.88,-84.03
2841,2013-09-10,600519,150.8,151.62,151.88,150.08,54093,816720656.0,1.19,0.44,0.67,0.52,151.62,151.88,150.08,-69.65
2842,2013-09-11,600519,151.75,152.57,152.78,150.0,69013,1045733440.0,1.83,0.63,0.95,0.66,152.57,152.78,150.0,-57.51
2843,2013-09-12,600519,152.63,151.73,153.2,151.21,47723,725740672.0,1.3,-0.55,-0.84,0.46,151.73,153.2,151.21,-49.28
2844,2013-09-13,600519,151.69,152.02,154.48,151.65,68255,1044001952.0,1.87,0.19,0.29,0.66,152.02,154.48,151.65,-38.61
2845,2013-09-16,600519,152.62,149.65,152.62,149.59,58877,889024064.0,1.99,-1.56,-2.37,0.57,149.65,152.62,149.59,-54.55
2846,2013-09-17,600519,149.0,141.3,149.2,140.51,109058,1571781600.0,5.81,-5.58,-8.35,1.05,141.3,149.2,140.51,-145.88
2847,2013-09-18,600519,141.0,141.9,142.38,139.5,67318,949223072.0,2.04,0.42,0.6,0.65,141.9,142.38,139.5,-210.94
2848,2013-09-23,600519,141.99,140.81,142.0,140.05,65410,921212144.0,1.37,-0.77,-1.09,0.63,140.81,142.0,140.05,-176.04
2849,2013-09-24,600519,141.0,136.8,142.26,136.7,98819,1371542704.0,3.95,-2.85,-4.01,0.95,136.8,142.26,136.7,-156.94
2850,2013-09-25,600519,136.55,135.16,137.5,133.02,69789,943851488.0,3.27,-1.2,-1.64,0.67,135.16,137.5,133.02,-153.0
2851,2013-09-26,600519,134.0,135.42,136.22,134.0,47228,638421040.0,1.64,0.19,0.26,0.45,135.42,136.22,134.0,-121.97
2852,2013-09-27,600519,135.49,134.06,136.16,133.79,34639,465617872.0,1.75,-1.0,-1.36,0.33,134.06,136.16,133.79,-106.56
2853,2013-09-30,600519,133.93,135.94,136.31,133.52,50461,681360336.0,2.08,1.4,1.88,0.49,135.94,136.31,133.52,-87.22
2854,2013-10-08,600519,135.76,136.67,137.4,134.19,56867,773294160.0,2.36,0.54,0.73,0.55,136.67,137.4,134.19,-69.38
2855,2013-10-09,600519,136.6,136.99,137.4,135.8,40815,557664496.0,1.17,0.23,0.32,0.39,136.99,137.4,135.8,-56.07
2856,2013-10-10,600519,137.0,137.04,137.38,136.25,29046,397207808.0,0.82,0.04,0.05,0.28,137.04,137.38,136.25,-48.15
2857,2013-10-11,600519,135.3,137.52,137.83,135.3,36456,499830912.0,1.85,0.35,0.48,0.35,137.52,137.83,135.3,-41.17
2858,2013-10-14,600519,137.95,139.65,139.73,137.32,55275,767129552.0,1.75,1.55,2.13,0.53,139.65,139.73,137.32,5.48
2859,2013-10-15,600519,139.74,144.25,144.8,139.08,69278,986261712.0,4.1,3.29,4.6,0.67,144.25,144.8,139.08,122.67
2860,2013-10-16,600519,146.3,144.24,147.7,142.1,94813,1382754192.0,3.88,-0.01,-0.01,0.91,144.24,147.7,142.1,167.42
2861,2013-10-17,600519,144.59,144.19,145.8,143.5,48621,703391968.0,1.59,-0.03,-0.05,0.47,144.19,145.8,143.5,142.34
2862,2013-10-18,600519,144.49,142.98,144.91,142.0,35575,510349744.0,2.02,-0.84,-1.21,0.34,142.98,144.91,142.0,103.62
2863,2013-10-21,600519,143.51,145.09,145.3,142.2,47023,677908672.0,2.17,1.48,2.11,0.45,145.09,145.3,142.2,99.4
2864,2013-10-22,600519,144.8,143.42,144.8,142.75,24581,353140640.0,1.41,-1.15,-1.67,0.24,143.42,144.8,142.75,74.47
2865,2013-10-23,600519,143.26,143.69,144.68,142.21,26215,375070080.0,1.72,0.19,0.27,0.25,143.69,144.68,142.21,61.77
2866,2013-10-24,600519,143.3,143.71,143.97,142.7,26255,376580496.0,0.88,0.01,0.02,0.25,143.71,143.97,142.7,52.61
2867,2013-10-25,600519,143.01,136.73,143.01,135.6,58584,807380208.0,5.16,-4.86,-6.98,0.56,136.73,143.01,135.6,-53.99
2868,2013-10-28,600519,135.78,133.97,136.77,133.26,32141,431472144.0,2.57,-2.02,-2.76,0.31,133.97,136.77,133.26,-127.17
2869,2013-10-29,600519,134.15,132.8,134.66,131.5,35183,468246864.0,2.36,-0.87,-1.17,0.34,132.8,134.66,131.5,-142.66
2870,2013-10-30,600519,132.98,132.59,133.3,131.96,25343,335579616.0,1.01,-0.16,-0.21,0.24,132.59,133.3,131.96,-131.07
2871,2013-10-31,600519,132.65,135.11,136.51,132.5,34893,471033936.0,3.02,1.9,2.52,0.34,135.11,136.51,132.5,-88.85
2872,2013-11-01,600519,134.33,135.18,135.84,133.8,22154,299057616.0,1.51,0.05,0.07,0.21,135.18,135.84,133.8,-74.57
2873,2013-11-04,600519,135.45,136.34,136.97,135.27,19436,264834002.0,1.26,0.86,1.16,0.19,136.34,136.97,135.27,-47.98
2874,2013-11-05,600519,135.8,138.11,138.39,134.7,27843,381603616.0,2.71,1.3,1.77,0.27,138.11,138.39,134.7,-28.73
2875,2013-11-06,600519,138.28,139.65,141.01,137.5,44449,619496992.0,2.54,1.12,1.54,0.43,139.65,141.01,137.5,15.45
2876,2013-11-07,600519,139.36,138.97,139.88,136.7,21359,294635360.0,2.28,-0.49,-0.68,0.21,138.97,139.88,136.7,6.76
2877,2013-11-08,600519,138.6,136.14,139.99,136.01,21537,298492272.0,2.86,-2.04,-2.83,0.21,136.14,139.99,136.01,-6.75
2878,2013-11-11,600519,138.0,139.55,141.68,136.18,52329,729491568.0,4.04,2.5,3.41,0.5,139.55,141.68,136.18,45.23
2879,2013-11-12,600519,139.42,144.84,145.35,139.05,69478,997440464.0,4.51,3.79,5.29,0.67,144.84,145.35,139.05,148.2
2880,2013-11-13,600519,144.09,144.72,146.45,143.1,31881,460888128.0,2.31,-0.08,-0.12,0.31,144.72,146.45,143.1,182.08
2881,2013-11-14,600519,145.0,144.07,145.0,141.69,24042,344294688.0,2.29,-0.45,-0.65,0.23,144.07,145.0,141.69,124.49
2882,2013-11-15,600519,143.74,143.44,144.62,142.1,33598,481165008.0,1.75,-0.44,-0.63,0.32,143.44,144.62,142.1,101.06
2883,2013-11-18,600519,144.0,143.49,144.86,142.8,41572,596980144.0,1.44,0.03,0.05,0.4,143.49,144.86,142.8,92.71
2884,2013-11-19,600519,143.5,142.82,144.2,141.3,41167,588099504.0,2.02,-0.47,-0.67,0.4,142.82,144.2,141.3,61.22
2885,2013-11-20,600519,142.74,142.06,142.92,141.4,25518,362889664.0,1.06,-0.53,-0.76,0.25,142.06,142.92,141.4,38.76
2886,2013-11-21,600519,141.68,138.66,142.29,138.55,32992,459524464.0,2.63,-2.39,-3.4,0.32,138.66,142.29,138.55,-24.64
2887,2013-11-22,600519,138.66,138.47,139.35,137.98,28111,389528912.0,0.99,-0.14,-0.19,0.27,138.47,139.35,137.98,-65.55
2888,2013-11-25,600519,137.78,140.93,141.86,137.52,26181,367831840.0,3.13,1.78,2.46,0.25,140.93,141.86,137.52,-32.68
2889,2013-11-26,600519,140.99,139.98,141.84,139.78,16406,230259508.0,1.46,-0.67,-0.95,0.16,139.98,141.84,139.78,-22.88
2890,2013-11-27,600519,139.99,139.95,141.19,138.6,15680,219358339.0,1.85,-0.02,-0.03,0.15,139.95,141.19,138.6,-48.08
2891,2013-11-28,600519,139.98,141.83,142.65,139.98,22241,315027616.0,1.91,1.34,1.88,0.21,141.83,142.65,139.98,-6.21
2892,2013-11-29,600519,141.0,141.44,141.65,139.92,20424,287184368.0,1.22,-0.27,-0.39,0.2,141.44,141.65,139.92,-32.96
2893,2013-12-02,600519,140.01,136.78,140.27,136.5,42892,591853936.0,2.67,-3.29,-4.66,0.41,136.78,140.27,136.5,-138.27
2894,2013-12-03,600519,136.55,137.58,137.92,135.34,32882,448934464.0,1.89,0.58,0.8,0.32,137.58,137.92,135.34,-149.81
2895,2013-12-04,600519,137.46,138.48,139.02,136.57,33510,463071200.0,1.78,0.65,0.9,0.32,138.48,139.02,136.57,-95.33
2896,2013-12-05,600519,138.44,136.99,138.44,136.95,19326,265765318.0,1.08,-1.08,-1.49,0.19,136.99,138.44,136.95,-103.62
2897,2013-12-06,600519,136.77,138.75,139.1,136.0,29151,402741312.0,2.26,1.28,1.76,0.28,138.75,139.1,136.0,-71.55
2898,2013-12-09,600519,138.6,137.94,138.7,136.0,25372,347999968.0,1.95,-0.58,-0.81,0.24,137.94,138.7,136.0,-76.69
2899,2013-12-10,600519,137.51,136.95,137.9,136.2,25393,347805552.0,1.23,-0.72,-0.99,0.24,136.95,137.9,136.2,-90.24
2900,2013-12-11,600519,136.86,136.39,137.6,136.17,19868,271716032.0,1.04,-0.41,-0.56,0.19,136.39,137.6,136.17,-92.36
2901,2013-12-12,600519,136.33,136.4,137.34,136.2,18307,250384797.0,0.84,0.01,0.01,0.18,136.4,137.34,136.2,-83.25
2902,2013-12-13,600519,136.23,136.4,137.39,136.22,19267,263371186.0,0.86,0.0,0.0,0.19,136.4,137.39,136.22,-75.68
2903,2013-12-16,600519,136.01,132.97,136.42,132.87,32869,439536256.0,2.6,-2.51,-3.43,0.32,132.97,136.42,132.87,-185.26
2904,2013-12-17,600519,132.95,133.21,134.73,132.4,15641,209082464.0,1.75,0.18,0.24,0.15,133.21,134.73,132.4,-183.96
2905,2013-12-18,600519,132.99,132.49,133.5,132.31,20105,266750697.0,0.89,-0.54,-0.72,0.19,132.49,133.5,132.31,-184.55
2906,2013-12-19,600519,133.29,131.15,133.4,131.1,17813,235156558.0,1.74,-1.01,-1.34,0.17,131.15,133.4,131.1,-161.48
2907,2013-12-20,600519,131.25,126.65,131.75,126.0,38556,495862864.0,4.38,-3.43,-4.5,0.37,126.65,131.75,126.0,-203.98
2908,2013-12-23,600519,126.43,126.51,127.64,126.12,19223,243709867.0,1.2,-0.11,-0.14,0.19,126.51,127.64,126.12,-176.85
2909,2013-12-24,600519,127.0,126.61,127.7,126.38,27897,354505536.0,1.04,0.08,0.1,0.27,126.61,127.7,126.38,-139.67
2910,2013-12-25,600519,127.0,126.26,127.37,125.89,18439,233016830.0,1.17,-0.28,-0.35,0.18,126.26,127.37,125.89,-120.19
2911,2013-12-26,600519,126.0,124.74,126.23,124.14,34156,427007200.0,1.66,-1.2,-1.52,0.33,124.74,126.23,124.14,-119.89
2912,2013-12-27,600519,125.2,126.2,127.23,124.74,25455,321517728.0,2.0,1.17,1.46,0.25,126.2,127.23,124.74,-86.06
2913,2013-12-30,600519,126.45,124.46,126.98,123.99,32167,401569200.0,2.37,-1.38,-1.74,0.31,124.46,126.98,123.99,-86.37
2914,2013-12-31,600519,124.0,128.38,129.31,122.5,57546,730676608.0,5.47,3.15,3.92,0.55,128.38,129.31,122.5,-52.74
2915,2014-01-02,600519,127.99,125.98,127.99,125.6,21977,277430224.0,1.86,-1.87,-2.4,0.21,125.98,127.99,125.6,-49.82
2916,2014-01-03,600519,125.25,123.98,125.8,123.23,23342,288934608.0,2.04,-1.59,-2.0,0.22,123.98,125.8,123.23,-91.49
2917,2014-01-06,600519,122.88,120.73,124.9,120.7,30229,367274768.0,3.39,-2.62,-3.25,0.29,120.73,124.9,120.7,-142.77
2918,2014-01-07,600519,120.11,120.56,121.35,119.2,18039,216936563.0,1.78,-0.14,-0.17,0.17,120.56,121.35,119.2,-184.4
2919,2014-01-08,600519,120.49,119.4,121.18,118.01,31990,380752976.0,2.63,-0.96,-1.16,0.31,119.4,121.18,118.01,-171.53
2920,2014-01-09,600519,119.0,119.34,121.8,118.6,47887,575090336.0,2.68,-0.05,-0.06,0.46,119.34,121.8,118.6,-130.94
2921,2014-01-10,600519,119.01,119.27,120.43,118.05,21127,251742737.0,1.99,-0.06,-0.07,0.2,119.27,120.43,118.05,-118.14
2922,2014-01-13,600519,119.3,119.89,122.32,119.08,37646,454274352.0,2.72,0.52,0.62,0.36,119.89,122.32,119.08,-73.85
2923,2014-01-14,600519,120.2,121.31,121.79,118.9,23475,282925552.0,2.41,1.18,1.42,0.23,121.31,121.79,118.9,-58.27
2924,2014-01-15,600519,120.51,118.76,121.15,118.05,19721,235363881.0,2.56,-2.1,-2.55,0.19,118.76,121.15,118.05,-80.32
2925,2014-01-16,600519,118.85,121.99,122.45,118.74,39120,474484848.0,3.12,2.72,3.23,0.38,121.99,122.45,118.74,-31.51
2926,2014-01-17,600519,121.8,120.3,122.65,120.12,32364,393324784.0,2.07,-1.39,-1.69,0.31,120.3,122.65,120.12,-26.13
2927,2014-01-20,600519,121.9,126.79,127.3,121.02,60091,751598256.0,5.22,5.39,6.49,0.58,126.79,127.3,121.02,96.05
2928,2014-01-21,600519,126.0,126.99,128.71,125.35,35405,451224688.0,2.65,0.16,0.2,0.34,126.99,128.71,125.35,153.8
2929,2014-01-22,600519,126.98,134.17,134.81,126.3,73668,975900192.0,6.7,5.65,7.18,0.71,134.17,134.81,126.3,232.31
2930,2014-01-23,600519,134.18,134.09,135.4,131.76,40258,538497408.0,2.71,-0.06,-0.08,0.39,134.09,135.4,131.76,195.57
2931,2014-01-24,600519,133.5,135.5,135.69,132.51,35781,482834464.0,2.37,1.05,1.41,0.34,135.5,135.69,132.51,151.97
2932,2014-01-27,600519,134.89,140.75,143.78,134.66,83511,1170783936.0,6.73,3.87,5.25,0.8,140.75,143.78,134.66,166.26
2933,2014-01-28,600519,140.51,139.22,142.0,137.5,36401,508739360.0,3.2,-1.09,-1.53,0.35,139.22,142.0,137.5,129.7
2934,2014-01-29,600519,139.78,137.01,141.06,136.49,31520,434136672.0,3.28,-1.59,-2.21,0.3,137.01,141.06,136.49,95.81
2935,2014-01-30,600519,136.5,132.2,136.95,131.0,37223,496967648.0,4.34,-3.51,-4.81,0.36,132.2,136.95,131.0,42.78
2936,2014-02-07,600519,132.06,133.89,134.62,131.06,23866,317924208.0,2.69,1.28,1.69,0.23,133.89,134.62,131.06,34.27
2937,2014-02-10,600519,134.0,132.86,134.4,130.86,36252,479835312.0,2.64,-0.77,-1.03,0.35,132.86,134.4,130.86,22.86
2938,2014-02-11,600519,132.8,134.04,135.58,132.1,43007,578123056.0,2.62,0.89,1.18,0.41,134.04,135.58,132.1,30.11
2939,2014-02-12,600519,134.2,134.15,134.97,133.31,19283,258332741.0,1.24,0.08,0.11,0.19,134.15,134.97,133.31,25.67
2940,2014-02-13,600519,134.03,135.67,138.39,134.01,38567,528398496.0,3.27,1.13,1.52,0.37,135.67,138.39,134.01,53.2
2941,2014-02-14,600519,135.39,142.9,143.0,135.39,67410,946589744.0,5.61,5.33,7.23,0.65,142.9,143.0,135.39,132.56
2942,2014-02-17,600519,144.1,149.98,150.99,144.1,87465,1301703984.0,4.82,4.95,7.08,0.84,149.98,150.99,144.1,230.06
2943,2014-02-18,600519,149.44,147.01,149.44,146.12,33640,496116912.0,2.21,-1.98,-2.97,0.32,147.01,149.44,146.12,163.01
2944,2014-02-19,600519,147.05,149.53,151.98,147.05,31483,472702784.0,3.35,1.71,2.52,0.3,149.53,151.98,147.05,152.77
2945,2014-02-20,600519,149.5,148.99,151.58,148.0,23189,346513536.0,2.39,-0.36,-0.54,0.22,148.99,151.58,148.0,124.51
2946,2014-02-21,600519,148.0,149.08,150.15,147.78,34125,508426624.0,1.59,0.06,0.09,0.33,149.08,150.15,147.78,95.67
2947,2014-02-24,600519,149.1,147.62,151.08,145.61,31179,463140896.0,3.67,-0.98,-1.46,0.3,147.62,151.08,145.61,72.02
2948,2014-02-25,600519,148.0,142.37,148.4,141.0,46280,662701584.0,5.01,-3.56,-5.25,0.45,142.37,148.4,141.0,25.45
2949,2014-02-26,600519,140.56,142.03,144.98,139.05,26514,377024800.0,4.17,-0.24,-0.34,0.26,142.03,144.98,139.05,-0.07
2950,2014-02-27,600519,142.15,144.95,145.79,140.02,25646,367761888.0,4.06,2.06,2.92,0.25,144.95,145.79,140.02,10.2
2951,2014-02-28,600519,145.0,150.02,150.8,144.95,41926,626931552.0,4.04,3.5,5.07,0.4,150.02,150.8,144.95,65.65
2952,2014-03-03,600519,150.0,154.93,154.99,148.33,48817,745535040.0,4.44,3.27,4.91,0.47,154.93,154.99,148.33,111.57
2953,2014-03-04,600519,152.12,153.4,159.29,152.0,50867,795957008.0,4.71,-0.99,-1.53,0.49,153.4,159.29,152.0,137.66
2954,2014-03-05,600519,154.03,159.84,159.99,152.0,47212,741663984.0,5.21,4.2,6.44,0.45,159.84,159.99,152.0,176.14
2955,2014-03-06,600519,160.21,162.0,162.3,157.0,42741,684035152.0,3.32,1.35,2.16,0.41,162.0,162.3,157.0,188.39
2956,2014-03-07,600519,162.0,165.49,167.2,160.04,58110,952251168.0,4.42,2.15,3.49,0.56,165.49,167.2,160.04,176.38
2957,2014-03-10,600519,164.8,156.94,165.8,154.03,49985,797666912.0,7.11,-5.17,-8.55,0.48,156.94,165.8,154.03,87.85
2958,2014-03-11,600519,156.0,162.18,163.6,155.1,38561,619885232.0,5.42,3.34,5.24,0.37,162.18,163.6,155.1,87.66
2959,2014-03-12,600519,161.08,158.53,163.6,155.78,36764,582653264.0,4.82,-2.25,-3.65,0.35,158.53,163.6,155.78,66.29
2960,2014-03-13,600519,157.6,164.87,165.1,157.11,42638,695571568.0,5.04,4.0,6.34,0.41,164.87,165.1,157.11,85.55
2961,2014-03-14,600519,164.06,163.87,166.0,161.8,24934,407076144.0,2.55,-0.61,-1.0,0.24,163.87,166.0,161.8,89.75
2962,2014-03-17,600519,165.0,166.47,166.66,162.01,32199,529609728.0,2.84,1.59,2.6,0.31,166.47,166.66,162.01,93.8
2963,2014-03-18,600519,168.3,171.32,176.2,168.3,59474,1030329360.0,4.75,2.91,4.85,0.57,171.32,176.2,168.3,165.34
2964,2014-03-19,600519,169.9,174.37,175.0,169.0,35366,613576544.0,3.5,1.78,3.05,0.34,174.37,175.0,169.0,159.26
2965,2014-03-20,600519,174.3,169.18,174.5,169.0,33895,579777920.0,3.15,-2.98,-5.19,0.33,169.18,174.5,169.0,115.89
2966,2014-03-21,600519,168.44,171.4,171.98,165.5,40319,680945760.0,3.83,1.31,2.22,0.39,171.4,171.98,165.5,85.06
2967,2014-03-24,600519,171.0,171.29,175.73,169.9,26321,453477904.0,3.4,-0.06,-0.11,0.25,171.29,175.73,169.9,104.35
2968,2014-03-25,600519,168.4,166.81,168.4,155.59,62404,1024298848.0,7.48,-2.62,-4.48,0.6,166.81,168.4,155.59,-27.56
2969,2014-03-26,600519,165.1,158.49,166.11,158.36,57376,927285408.0,4.65,-4.99,-8.32,0.55,158.49,166.11,158.36,-68.54
2970,2014-03-27,600519,157.66,157.66,160.8,156.4,38045,603835728.0,2.78,-0.52,-0.83,0.37,157.66,160.8,156.4,-96.66
2971,2014-03-28,600519,157.82,152.64,158.99,151.01,48273,740132768.0,5.06,-3.18,-5.02,0.46,152.64,158.99,151.01,-141.53
2972,2014-03-31,600519,152.01,154.7,157.38,152.0,30584,473939136.0,3.52,1.35,2.06,0.29,154.7,157.38,152.0,-121.2
2973,2014-04-01,600519,154.71,162.49,162.55,154.4,34047,544622704.0,5.27,5.04,7.79,0.33,162.49,162.55,154.4,-57.28
2974,2014-04-02,600519,162.74,165.64,169.66,161.03,46698,777378720.0,5.31,1.94,3.15,0.45,165.64,169.66,161.03,11.65
2975,2014-04-03,600519,167.56,165.31,167.69,163.5,26918,444348448.0,2.53,-0.2,-0.33,0.26,165.31,167.69,163.5,10.88
2976,2014-04-04,600519,164.65,164.06,165.3,161.0,23207,377896960.0,2.6,-0.76,-1.25,0.22,164.06,165.3,161.0,-13.8
2977,2014-04-08,600519,163.92,164.54,165.42,161.01,25927,423934496.0,2.69,0.29,0.48,0.25,164.54,165.42,161.01,-4.13
2978,2014-04-09,600519,165.02,163.35,166.63,162.13,21619,354031808.0,2.73,-0.72,-1.19,0.21,163.35,166.63,162.13,11.65
2979,2014-04-10,600519,163.27,169.51,171.02,159.5,54178,897611264.0,7.05,3.77,6.16,0.52,169.51,171.02,159.5,62.93
2980,2014-04-11,600519,172.0,176.08,179.6,172.0,90226,1593651872.0,4.48,3.88,6.57,0.87,176.08,179.6,172.0,197.46
2981,2014-04-14,600519,174.7,174.36,177.31,173.0,26824,469646912.0,2.45,-0.98,-1.72,0.26,174.36,177.31,173.0,171.79
2982,2014-04-15,600519,173.2,174.49,175.87,173.2,25880,452432800.0,1.53,0.07,0.13,0.25,174.49,175.87,173.2,129.59
2983,2014-04-16,600519,173.7,171.02,174.56,170.19,22041,379301952.0,2.5,-1.99,-3.47,0.21,171.02,174.56,170.19,81.65
2984,2014-04-17,600519,170.8,175.2,176.0,170.21,29744,517914688.0,3.39,2.44,4.18,0.29,175.2,176.0,170.21,87.78
2985,2014-04-18,600519,175.0,175.31,177.77,173.3,19601,344825520.0,2.55,0.06,0.11,0.19,175.31,177.77,173.3,90.14
2986,2014-04-21,600519,174.01,172.05,175.98,172.0,18334,318935968.0,2.27,-1.86,-3.26,0.18,172.05,175.98,172.0,54.63
2987,2014-04-22,600519,172.0,172.13,175.13,171.52,22345,387206384.0,2.1,0.05,0.08,0.22,172.13,175.13,171.52,41.24
2988,2014-04-23,600519,172.08,176.06,176.49,172.03,33756,592119536.0,2.59,2.28,3.93,0.33,176.06,176.49,172.03,62.23
2989,2014-04-24,600519,176.15,175.76,176.71,173.7,12581,220213004.0,1.71,-0.17,-0.3,0.12,175.76,176.71,173.7,64.73
2990,2014-04-25,600519,167.98,164.69,168.0,161.79,95877,1581409280.0,3.53,-6.3,-11.07,0.92,164.69,168.0,161.79,-116.19
2991,2014-04-28,600519,162.08,162.79,164.56,159.81,33029,535511088.0,2.88,-1.15,-1.9,0.32,162.79,164.56,159.81,-151.51
2992,2014-04-29,600519,162.8,163.59,165.48,162.47,27996,459181200.0,1.85,0.49,0.8,0.27,163.59,165.48,162.47,-126.39
2993,2014-04-30,600519,163.95,163.88,164.29,162.53,19221,314017280.0,1.08,0.18,0.29,0.19,163.88,164.29,162.53,-118.05
2994,2014-05-05,600519,163.5,160.25,163.5,157.08,36743,585326688.0,3.92,-2.22,-3.63,0.35,160.25,163.5,157.08,-128.56
2995,2014-05-06,600519,160.0,160.79,162.7,160.0,13623,219512505.0,1.68,0.34,0.54,0.13,160.79,162.7,160.0,-95.94
2996,2014-05-07,600519,161.61,160.66,161.61,159.6,11961,192090276.0,1.25,-0.08,-0.13,0.12,160.66,161.61,159.6,-86.95
2997,2014-05-08,600519,160.8,160.67,162.49,160.42,14698,237490046.0,1.29,0.01,0.01,0.14,160.67,162.49,160.42,-70.09
2998,2014-05-09,600519,160.66,160.62,162.3,160.3,16721,269803728.0,1.24,-0.03,-0.05,0.16,160.62,162.3,160.3,-64.05
2999,2014-05-12,600519,162.29,160.91,162.3,159.5,26195,420667488.0,1.74,0.18,0.29,0.25,160.91,162.3,159.5,-61.23
3000,2014-05-13,600519,160.77,160.74,161.61,159.56,15939,256197646.0,1.27,-0.11,-0.17,0.15,160.74,161.61,159.56,-61.23
3001,2014-05-14,600519,159.99,155.27,160.93,154.01,34017,534826240.0,4.31,-3.4,-5.47,0.33,155.27,160.93,154.01,-121.64
3002,2014-05-15,600519,154.98,156.15,157.08,154.5,16983,264995351.0,1.66,0.57,0.88,0.16,156.15,157.08,154.5,-144.24
3003,2014-05-16,600519,156.15,155.16,157.1,154.67,18467,286938912.0,1.56,-0.63,-0.99,0.18,155.16,157.1,154.67,-166.76
3004,2014-05-19,600519,152.5,147.98,153.0,147.94,56250,838456336.0,3.26,-4.63,-7.18,0.54,147.98,153.0,147.94,-228.31
3005,2014-05-20,600519,148.1,144.98,149.44,143.6,46886,682615744.0,3.95,-2.03,-3.0,0.45,144.98,149.44,143.6,-206.64
3006,2014-05-21,600519,144.1,151.0,151.66,143.95,38738,575063792.0,5.32,4.15,6.02,0.37,151.0,151.66,143.95,-126.9
3007,2014-05-22,600519,150.9,150.05,153.6,149.65,18679,281907872.0,2.62,-0.63,-0.95,0.18,150.05,153.6,149.65,-79.19
3008,2014-05-23,600519,150.0,152.3,152.78,149.98,14010,212338047.0,1.87,1.5,2.25,0.13,152.3,152.78,149.98,-60.26
3009,2014-05-26,600519,154.9,153.57,154.9,152.85,8911,137024228.0,1.35,0.83,1.27,0.09,153.57,154.9,152.85,-22.88
3010,2014-05-27,600519,153.0,153.2,155.75,152.86,13035,201097681.0,1.88,-0.24,-0.37,0.13,153.2,155.75,152.86,-14.01
3011,2014-05-28,600519,152.89,153.94,155.0,152.8,12502,192903907.0,1.44,0.48,0.74,0.12,153.94,155.0,152.8,-6.65
3012,2014-05-29,600519,153.73,154.29,155.93,153.46,10107,156525431.0,1.6,0.23,0.35,0.1,154.29,155.93,153.46,16.11
3013,2014-05-30,600519,154.25,153.22,155.28,153.02,9218,141927539.0,1.46,-0.69,-1.07,0.09,153.22,155.28,153.02,13.02
3014,2014-06-03,600519,153.0,152.77,154.5,152.25,13048,199563914.0,1.47,-0.29,-0.45,0.13,152.77,154.5,152.25,11.35
3015,2014-06-04,600519,152.99,151.15,153.38,150.02,10494,158991999.0,2.2,-1.06,-1.62,0.1,151.15,153.38,150.02,-26.42
3016,2014-06-05,600519,151.12,154.77,155.0,149.33,20679,314507728.0,3.75,2.39,3.62,0.2,154.77,155.0,149.33,27.38
3017,2014-06-06,600519,154.68,153.59,155.65,152.29,9477,145936330.0,2.17,-0.76,-1.18,0.09,153.59,155.65,152.29,61.23
3018,2014-06-09,600519,152.3,153.23,154.4,152.3,10035,154198989.0,1.37,-0.23,-0.36,0.1,153.23,154.4,152.3,36.89
3019,2014-06-10,600519,153.25,154.8,155.29,153.25,19306,298186720.0,1.33,1.02,1.57,0.19,154.8,155.29,153.25,82.92
3020,2014-06-11,600519,154.75,153.94,155.38,153.21,10781,166086241.0,1.4,-0.56,-0.86,0.1,153.94,155.38,153.21,67.25
3021,2014-06-12,600519,154.07,152.63,154.07,152.12,11500,175855795.0,1.27,-0.85,-1.31,0.11,152.63,154.07,152.12,-46.83
3022,2014-06-13,600519,152.69,152.81,153.83,151.16,16970,259337717.0,1.75,0.12,0.18,0.16,152.81,153.83,151.16,-94.78
3023,2014-06-16,600519,152.9,154.42,154.78,152.4,16238,249568876.0,1.56,1.05,1.61,0.16,154.42,154.78,152.4,36.91
3024,2014-06-17,600519,154.3,153.19,154.3,152.2,16365,250297887.0,1.36,-0.8,-1.23,0.16,153.19,154.3,152.2,-24.35
3025,2014-06-18,600519,153.8,153.58,154.45,153.4,14025,215965707.0,0.69,0.25,0.39,0.14,153.58,154.45,153.4,38.09
3026,2014-06-19,600519,153.56,152.73,154.2,152.5,11551,176868338.0,1.11,-0.55,-0.85,0.11,152.73,154.2,152.5,-25.18
3027,2014-06-20,600519,152.7,153.18,153.6,152.32,12019,183993516.0,0.84,0.29,0.45,0.12,153.18,153.6,152.32,-33.07
3028,2014-06-23,600519,153.5,156.31,156.38,153.36,28984,449611776.0,1.97,2.04,3.13,0.28,156.31,156.38,153.36,184.98
3029,2014-06-24,600519,156.62,163.57,163.8,156.55,38533,621636112.0,4.64,4.64,7.26,0.37,163.57,163.8,156.55,384.68
3030,2014-06-25,600519,145.33,142.23,145.33,141.5,38171,546556384.0,2.34,-13.05,-21.34,0.33,142.23,145.33,141.5,-380.82
3031,2014-06-26,600519,142.23,141.64,142.98,141.41,36349,515915136.0,1.1,-0.41,-0.59,0.32,141.64,142.98,141.41,-245.03
3032,2014-06-27,600519,141.42,140.38,141.42,139.22,26478,371027136.0,1.55,-0.89,-1.26,0.23,140.38,141.42,139.22,-178.4
3033,2014-06-30,600519,141.18,141.98,142.89,140.4,24400,345879984.0,1.77,1.14,1.6,0.21,141.98,142.89,140.4,-116.99
3034,2014-07-01,600519,142.59,141.77,142.59,140.8,11947,168987424.0,1.26,-0.15,-0.21,0.1,141.77,142.59,140.8,-93.9
3035,2014-07-02,600519,142.03,142.08,142.35,141.0,12068,171127803.0,0.95,0.22,0.31,0.11,142.08,142.35,141.0,-77.42
3036,2014-07-03,600519,142.21,143.26,143.4,141.4,19332,275808352.0,1.41,0.83,1.18,0.17,143.26,143.4,141.4,-58.61
3037,2014-07-04,600519,143.4,143.32,144.18,142.72,15403,220860905.0,1.02,0.04,0.06,0.13,143.32,144.18,142.72,-44.46
3038,2014-07-07,600519,142.8,144.16,144.28,142.21,22880,327900736.0,1.44,0.59,0.84,0.2,144.16,144.28,142.21,-37.48
3039,2014-07-08,600519,144.1,142.18,144.17,141.02,21092,299615520.0,2.19,-1.37,-1.98,0.18,142.18,144.17,141.02,-44.47
3040,2014-07-09,600519,142.0,141.24,142.87,141.02,14329,203120918.0,1.3,-0.66,-0.94,0.13,141.24,142.87,141.02,-49.52
3041,2014-07-10,600519,141.12,141.04,141.83,140.6,12160,171762392.0,0.87,-0.14,-0.2,0.11,141.04,141.83,140.6,-55.34
3042,2014-07-11,600519,141.47,141.87,143.09,141.12,18433,262292694.0,1.4,0.59,0.83,0.16,141.87,143.09,141.12,-38.41
3043,2014-07-14,600519,141.87,149.77,150.89,141.5,46535,684819808.0,6.62,5.57,7.9,0.41,149.77,150.89,141.5,302.41
3044,2014-07-15,600519,149.11,153.81,158.0,149.11,58788,913284352.0,5.94,2.7,4.04,0.51,153.81,158.0,149.11,324.22
3045,2014-07-16,600519,153.85,154.57,156.78,153.85,24459,379071456.0,1.9,0.49,0.76,0.21,154.57,156.78,153.85,215.81
3046,2014-07-17,600519,154.09,153.75,155.55,152.0,20191,309501856.0,2.3,-0.53,-0.82,0.18,153.75,155.55,152.0,137.44
3047,2014-07-18,600519,153.59,160.98,165.0,152.7,74897,1200093424.0,8.0,4.7,7.23,0.66,160.98,165.0,152.7,164.35
3048,2014-07-21,600519,160.39,160.98,162.88,158.59,30143,485174688.0,2.66,0.0,0.0,0.26,160.98,162.88,158.59,138.47
3049,2014-07-22,600519,159.6,163.2,164.0,159.6,29821,483906544.0,2.73,1.38,2.22,0.26,163.2,164.0,159.6,122.43
3050,2014-07-23,600519,162.0,163.89,165.0,161.6,27836,455655824.0,2.08,0.42,0.69,0.24,163.89,165.0,161.6,111.39
3051,2014-07-24,600519,163.76,163.53,169.1,162.3,35682,595593136.0,4.15,-0.22,-0.36,0.31,163.53,169.1,162.3,107.03
3052,2014-07-25,600519,164.0,163.88,166.05,161.06,27834,454235008.0,3.05,0.21,0.35,0.24,163.88,166.05,161.06,86.14
3053,2014-07-28,600519,164.23,164.25,167.99,162.92,42969,706875696.0,3.09,0.23,0.37,0.38,164.25,167.99,162.92,86.38
3054,2014-07-29,600519,164.3,161.06,164.3,160.26,36017,580708800.0,2.46,-1.94,-3.19,0.32,161.06,164.3,160.26,50.09
3055,2014-07-30,600519,160.74,158.51,160.74,156.5,54876,865210176.0,2.63,-1.58,-2.55,0.48,158.51,160.74,156.5,6.98
3056,2014-07-31,600519,158.29,160.27,160.38,156.96,25206,400860672.0,2.16,1.11,1.76,0.22,160.27,160.38,156.96,-0.61
3057,2014-08-01,600519,160.17,162.98,164.3,159.62,43260,704961968.0,2.92,1.69,2.71,0.38,162.98,164.3,159.62,42.31
3058,2014-08-04,600519,163.0,164.4,165.62,162.29,38848,637175456.0,2.04,0.87,1.42,0.34,164.4,165.62,162.29,73.71
3059,2014-08-05,600519,164.0,166.25,166.66,161.67,38358,627210400.0,3.04,1.13,1.85,0.34,166.25,166.66,161.67,86.2
3060,2014-08-06,600519,164.8,163.32,165.78,162.0,20317,332041712.0,2.27,-1.76,-2.93,0.18,163.32,165.78,162.0,45.79
3061,2014-08-07,600519,163.1,160.6,164.39,160.5,25396,411237184.0,2.38,-1.67,-2.72,0.22,160.6,164.39,160.5,-32.22
3062,2014-08-08,600519,161.96,162.14,163.33,159.8,23819,384676144.0,2.2,0.96,1.54,0.21,162.14,163.33,159.8,-39.54
3063,2014-08-11,600519,162.48,163.07,163.2,161.51,20071,326555328.0,1.04,0.57,0.93,0.18,163.07,163.2,161.51,-5.18
3064,2014-08-12,600519,161.81,162.04,162.75,160.15,19604,316255856.0,1.59,-0.63,-1.03,0.17,162.04,162.75,160.15,-40.11
3065,2014-08-13,600519,162.04,162.49,164.78,160.8,34454,560675712.0,2.46,0.28,0.45,0.3,162.49,164.78,160.8,13.02
3066,2014-08-14,600519,162.02,161.46,163.44,161.28,22959,373085472.0,1.33,-0.63,-1.03,0.2,161.46,163.44,161.28,-12.4
3067,2014-08-15,600519,162.2,161.54,162.49,161.13,21803,352476096.0,0.84,0.05,0.08,0.19,161.54,162.49,161.13,-20.55
3068,2014-08-18,600519,162.0,159.75,162.3,159.1,41698,667452064.0,1.98,-1.11,-1.79,0.37,159.75,162.3,159.1,-85.6
3069,2014-08-19,600519,159.75,158.68,159.75,158.45,32096,509709616.0,0.81,-0.67,-1.07,0.28,158.68,159.75,158.45,-168.06
3070,2014-08-20,600519,158.74,162.0,162.06,158.5,37085,596509536.0,2.24,2.09,3.32,0.32,162.0,162.06,158.5,-76.57
3071,2014-08-21,600519,162.0,159.97,162.32,159.0,18873,301791008.0,2.05,-1.25,-2.03,0.17,159.97,162.32,159.0,-87.84
3072,2014-08-22,600519,160.0,159.27,160.39,158.75,18637,297023440.0,1.03,-0.44,-0.7,0.16,159.27,160.39,158.75,-124.98
3073,2014-08-25,600519,159.27,158.75,160.15,158.3,15377,244745466.0,1.16,-0.33,-0.52,0.13,158.75,160.15,158.3,-123.01
3074,2014-08-26,600519,158.5,157.72,159.42,156.96,16590,261850709.0,1.55,-0.65,-1.03,0.15,157.72,159.42,156.96,-151.58
3075,2014-08-27,600519,157.72,156.37,157.78,156.18,13829,216703370.0,1.01,-0.86,-1.35,0.12,156.37,157.78,156.18,-170.19
3076,2014-08-28,600519,156.0,156.02,158.36,156.0,17618,276811136.0,1.51,-0.22,-0.35,0.15,156.02,158.36,156.0,-134.02
3077,2014-08-29,600519,156.0,158.23,158.59,155.0,23839,375517440.0,2.3,1.42,2.21,0.21,158.23,158.59,155.0,-97.76
3078,2014-09-01,600519,158.2,158.45,159.5,157.71,16450,260760134.0,1.13,0.14,0.22,0.14,158.45,159.5,157.71,-39.96
3079,2014-09-02,600519,158.81,162.56,162.64,158.03,41246,664712704.0,2.91,2.59,4.11,0.36,162.56,162.64,158.03,76.69
3080,2014-09-03,600519,162.58,164.82,167.42,162.56,42042,695551840.0,2.99,1.39,2.26,0.37,164.82,167.42,162.56,210.61
3081,2014-09-04,600519,164.7,165.06,165.94,163.68,23976,395280320.0,1.37,0.15,0.24,0.21,165.06,165.94,163.68,173.5
3082,2014-09-05,600519,165.7,167.51,168.16,165.21,34732,579714720.0,1.79,1.48,2.45,0.3,167.51,168.16,165.21,178.85
3083,2014-09-09,600519,167.65,164.08,167.97,164.0,20563,339388096.0,2.37,-2.05,-3.43,0.18,164.08,167.97,164.0,109.68
3084,2014-09-10,600519,163.7,163.91,165.0,163.01,17868,293245984.0,1.21,-0.1,-0.17,0.16,163.91,165.0,163.01,65.59
3085,2014-09-11,600519,163.87,161.98,164.82,161.48,31876,519406672.0,2.04,-1.18,-1.93,0.28,161.98,164.82,161.48,34.36
3086,2014-09-12,600519,161.49,162.45,162.65,160.32,17356,280548672.0,1.44,0.29,0.47,0.15,162.45,162.65,160.32,10.89
3087,2014-09-15,600519,161.9,159.41,161.91,158.8,32544,519621408.0,1.91,-1.87,-3.04,0.28,159.41,161.91,158.8,-29.53
3088,2014-09-16,600519,160.5,157.46,160.6,157.02,34823,551314384.0,2.25,-1.22,-1.95,0.3,157.46,160.6,157.02,-67.79
3089,2014-09-17,600519,158.47,158.23,159.54,157.34,25841,408684992.0,1.4,0.49,0.77,0.23,158.23,159.54,157.34,-72.89
3090,2014-09-18,600519,158.02,159.25,159.38,157.08,26482,418431984.0,1.45,0.64,1.02,0.23,159.25,159.38,157.08,-74.48
3091,2014-09-19,600519,159.25,160.85,160.98,158.5,22666,362408976.0,1.56,1.0,1.6,0.2,160.85,160.98,158.5,-45.27
3092,2014-09-22,600519,160.71,156.94,160.71,156.84,37192,586709104.0,2.41,-2.43,-3.91,0.33,156.94,160.71,156.84,-94.6
3093,2014-09-23,600519,156.7,157.48,157.5,156.36,34546,541705824.0,0.73,0.34,0.54,0.3,157.48,157.5,156.36,-103.16
3094,2014-09-24,600519,156.49,160.19,160.5,155.6,43449,687426592.0,3.11,1.72,2.71,0.38,160.19,160.5,155.6,-56.46
3095,2014-09-25,600519,160.92,162.19,163.98,160.9,56851,924878320.0,1.92,1.25,2.0,0.5,162.19,163.98,160.9,38.08
3096,2014-09-26,600519,161.5,162.31,163.12,159.2,22717,366907280.0,2.42,0.07,0.12,0.2,162.31,163.12,159.2,32.55
3097,2014-09-29,600519,162.33,162.47,163.2,161.39,23489,381683088.0,1.12,0.1,0.16,0.21,162.47,163.2,161.39,73.74
3098,2014-09-30,600519,162.74,162.13,162.99,161.2,21574,349657792.0,1.1,-0.21,-0.34,0.19,162.13,162.99,161.2,75.9
3099,2014-10-08,600519,161.0,160.73,161.1,157.8,45653,725030224.0,2.04,-0.86,-1.4,0.4,160.73,161.1,157.8,-3.98
3100,2014-10-09,600519,159.87,160.01,160.25,158.58,36245,578151792.0,1.04,-0.45,-0.72,0.32,160.01,160.25,158.58,-9.45
3101,2014-10-10,600519,159.02,159.02,159.8,157.7,43148,684789408.0,1.31,-0.62,-0.99,0.38,159.02,159.8,157.7,-41.26
3102,2014-10-13,600519,157.81,156.1,157.88,153.68,53176,826349744.0,2.64,-1.84,-2.92,0.47,156.1,157.88,153.68,-153.55
3103,2014-10-14,600519,155.0,154.91,156.99,154.44,28896,449942592.0,1.63,-0.76,-1.19,0.25,154.91,156.99,154.44,-144.29
3104,2014-10-15,600519,154.75,157.32,157.58,154.71,22238,348033856.0,1.85,1.56,2.41,0.19,157.32,157.58,154.71,-91.13
3105,2014-10-16,600519,156.1,157.32,158.19,156.1,23950,377655664.0,1.33,0.0,0.0,0.21,157.32,158.19,156.1,-59.7
3106,2014-10-17,600519,158.0,158.38,159.05,156.9,30977,489885680.0,1.37,0.67,1.06,0.27,158.38,159.05,156.9,-29.16
3107,2014-10-20,600519,158.38,156.92,158.5,156.4,32910,517853728.0,1.33,-0.92,-1.46,0.29,156.92,158.5,156.4,-57.8
3108,2014-10-21,600519,157.0,158.46,159.34,156.6,39911,632422368.0,1.75,0.98,1.54,0.35,158.46,159.34,156.6,-26.87
3109,2014-10-22,600519,158.44,159.08,159.46,157.5,22836,363211440.0,1.24,0.39,0.62,0.2,159.08,159.46,157.5,-0.23
3110,2014-10-23,600519,158.57,159.05,160.28,157.89,31917,508245984.0,1.5,-0.02,-0.03,0.28,159.05,160.28,157.89,23.97
3111,2014-10-24,600519,158.95,158.88,159.89,157.69,19980,317073600.0,1.38,-0.11,-0.17,0.17,158.88,159.89,157.69,28.52
3112,2014-10-27,600519,156.97,157.5,159.1,154.89,27971,439570896.0,2.65,-0.87,-1.38,0.24,157.5,159.1,154.89,-43.68
3113,2014-10-28,600519,157.32,158.74,159.1,157.18,20548,325762192.0,1.22,0.79,1.24,0.18,158.74,159.1,157.18,35.1
3114,2014-10-29,600519,158.8,158.3,159.56,157.48,21423,339064784.0,1.31,-0.28,-0.44,0.19,158.3,159.56,157.48,50.82
3115,2014-10-30,600519,158.0,155.42,158.0,155.1,49087,764742336.0,1.83,-1.82,-2.88,0.43,155.42,158.0,155.1,-90.33
3116,2014-10-31,600519,155.47,156.68,156.9,154.35,36422,567067440.0,1.64,0.81,1.26,0.32,156.68,156.9,154.35,-104.62
3117,2014-11-03,600519,156.75,155.58,156.88,155.45,24670,384677504.0,0.91,-0.7,-1.1,0.22,155.58,156.88,155.45,-111.82
3118,2014-11-04,600519,155.49,151.39,155.49,151.0,55944,854409056.0,2.89,-2.69,-4.19,0.49,151.39,155.49,151.0,-252.53
3119,2014-11-05,600519,151.05,146.15,151.05,145.5,76720,1131348480.0,3.67,-3.46,-5.24,0.67,146.15,151.05,145.5,-287.25
3120,2014-11-06,600519,146.15,147.15,147.49,146.01,36363,533913216.0,1.01,0.68,1.0,0.32,147.15,147.49,146.01,-204.78
3121,2014-11-07,600519,147.17,148.04,148.3,147.11,41507,613638080.0,0.81,0.6,0.89,0.36,148.04,148.3,147.11,-133.2
3122,2014-11-10,600519,150.0,153.77,153.78,149.0,62325,945032816.0,3.23,3.87,5.73,0.55,153.77,153.78,149.0,-44.39
3123,2014-11-11,600519,154.3,153.35,155.2,152.01,47707,733026112.0,2.07,-0.27,-0.42,0.42,153.35,155.2,152.01,-14.83
3124,2014-11-12,600519,152.98,152.89,153.59,150.2,30824,467531856.0,2.21,-0.3,-0.46,0.27,152.89,153.59,150.2,-31.26
3125,2014-11-13,600519,152.72,151.58,152.73,149.68,49156,739602880.0,1.99,-0.86,-1.31,0.43,151.58,152.73,149.68,-40.93
3126,2014-11-14,600519,151.56,157.29,157.63,150.91,75225,1168803280.0,4.43,3.77,5.71,0.66,157.29,157.63,150.91,45.72
3127,2014-11-17,600519,168.0,160.05,168.0,160.0,150416,2451673888.0,5.09,1.75,2.76,1.32,160.05,168.0,160.0,181.22
3128,2014-11-18,600519,161.0,155.65,161.82,155.0,63498,1001883696.0,4.26,-2.75,-4.4,0.56,155.65,161.82,155.0,81.99
3129,2014-11-19,600519,155.57,153.07,155.65,152.61,46291,710715296.0,1.95,-1.66,-2.58,0.41,153.07,155.65,152.61,11.42
3130,2014-11-20,600519,152.88,150.68,152.92,150.49,46258,698848960.0,1.59,-1.56,-2.39,0.41,150.68,152.92,150.49,-33.9
3131,2014-11-21,600519,150.56,153.13,153.2,150.2,41991,638007376.0,1.99,1.63,2.45,0.37,153.13,153.2,150.2,-10.99
3132,2014-11-24,600519,153.88,153.95,155.0,152.0,53879,828662512.0,1.96,0.54,0.82,0.47,153.95,155.0,152.0,21.78
3133,2014-11-25,600519,153.42,154.64,154.85,152.8,53231,816840944.0,1.33,0.45,0.69,0.47,154.64,154.85,152.8,23.52
3134,2014-11-26,600519,154.6,155.95,156.36,153.89,63859,990302240.0,1.6,0.85,1.31,0.56,155.95,156.36,153.89,47.04
3135,2014-11-27,600519,155.0,156.68,157.22,154.0,96552,1508603312.0,2.06,0.47,0.73,0.85,156.68,157.22,154.0,49.83
3136,2014-11-28,600519,156.57,155.84,156.57,153.17,88288,1363855088.0,2.17,-0.54,-0.84,0.77,155.84,156.57,153.17,19.65
3137,2014-12-01,600519,156.57,160.06,161.0,156.0,121740,1932844688.0,3.21,2.71,4.22,1.07,160.06,161.0,156.0,116.49
3138,2014-12-02,600519,159.05,161.14,161.2,158.25,99268,1588412352.0,1.84,0.67,1.08,0.87,161.14,161.2,158.25,123.11
3139,2014-12-03,600519,162.44,164.83,168.3,162.36,117323,1936848368.0,3.69,2.29,3.69,1.03,164.83,168.3,162.36,183.99
3140,2014-12-04,600519,166.5,174.13,174.5,166.5,117781,2020248736.0,4.85,5.64,9.3,1.03,174.13,174.5,166.5,216.09
3141,2014-12-05,600519,177.99,170.92,178.96,168.6,112901,1943937520.0,5.95,-1.84,-3.21,0.99,170.92,178.96,168.6,182.74
3142,2014-12-08,600519,168.84,172.97,176.49,167.2,100894,1731248496.0,5.44,1.2,2.05,0.88,172.97,176.49,167.2,132.97
3143,2014-12-09,600519,172.0,172.86,186.62,171.5,151890,2713372288.0,8.74,-0.06,-0.11,1.33,172.86,186.62,171.5,139.03
3144,2014-12-10,600519,175.0,179.92,183.5,175.0,106656,1919193472.0,4.92,4.08,7.06,0.93,179.92,183.5,175.0,128.05
3145,2014-12-11,600519,180.0,175.89,181.94,175.29,54882,975885696.0,3.7,-2.24,-4.03,0.48,175.89,181.94,175.29,96.97
3146,2014-12-12,600519,176.78,176.59,180.99,176.0,51055,911591088.0,2.84,0.4,0.7,0.45,176.59,180.99,176.0,84.15
3147,2014-12-15,600519,176.6,184.04,184.1,175.43,70964,1281924240.0,4.91,4.22,7.45,0.62,184.04,184.1,175.43,96.22
3148,2014-12-16,600519,183.7,180.63,183.7,178.11,51129,918180192.0,3.04,-1.85,-3.41,0.45,180.63,183.7,178.11,85.24
3149,2014-12-17,600519,179.99,179.07,181.45,177.8,60020,1071735184.0,2.02,-0.86,-1.56,0.53,179.07,181.45,177.8,69.12
3150,2014-12-18,600519,179.69,179.34,182.2,179.0,38568,695500784.0,1.79,0.15,0.27,0.34,179.34,182.2,179.0,69.06
3151,2014-12-19,600519,179.06,180.82,181.98,178.0,49631,892730640.0,2.22,0.83,1.48,0.43,180.82,181.98,178.0,64.4
3152,2014-12-22,600519,179.65,184.1,184.29,175.88,73624,1327712480.0,4.65,1.81,3.28,0.64,184.1,184.29,175.88,80.74
3153,2014-12-23,600519,183.78,188.86,193.49,182.01,85651,1611272912.0,6.24,2.59,4.76,0.75,188.86,193.49,182.01,200.32
3154,2014-12-24,600519,188.0,183.06,191.8,180.68,63555,1187206208.0,5.89,-3.07,-5.8,0.56,183.06,191.8,180.68,129.27
3155,2014-12-25,600519,183.15,185.83,186.0,181.01,44072,806958768.0,2.73,1.51,2.77,0.39,185.83,186.0,181.01,97.11
3156,2014-12-26,600519,185.09,187.57,189.0,183.0,42677,793340608.0,3.23,0.94,1.74,0.37,187.57,189.0,183.0,128.95
3157,2014-12-29,600519,188.1,183.48,190.0,182.0,89839,1678243808.0,4.27,-2.18,-4.09,0.79,183.48,190.0,182.0,76.67
3158,2014-12-30,600519,183.0,186.84,187.98,182.48,56171,1043215632.0,3.0,1.83,3.36,0.49,186.84,187.98,182.48,76.15
3159,2014-12-31,600519,185.6,189.62,190.0,185.0,46269,871581696.0,2.68,1.49,2.78,0.41,189.62,190.0,185.0,111.71
3160,2015-01-05,600519,189.62,202.52,204.24,188.69,94515,1875063136.0,8.2,6.8,12.9,0.83,202.52,204.24,188.69,259.11
3161,2015-01-06,600519,200.0,197.83,202.56,196.02,55020,1094977376.0,3.23,-2.32,-4.69,0.48,197.83,202.56,196.02,196.6
3162,2015-01-07,600519,196.04,192.94,199.5,189.99,54798,1063925648.0,4.81,-2.47,-4.89,0.48,192.94,199.5,189.99,101.59
3163,2015-01-08,600519,194.0,191.76,194.52,190.14,40525,777874672.0,2.27,-0.61,-1.18,0.35,191.76,194.52,190.14,61.31
3164,2015-01-09,600519,190.4,190.31,195.77,190.11,53982,1039955152.0,2.95,-0.76,-1.45,0.47,190.31,195.77,190.11,49.45
3165,2015-01-12,600519,190.0,186.43,192.59,184.46,49915,934643408.0,4.27,-2.04,-3.88,0.44,186.43,192.59,184.46,-20.69
3166,2015-01-13,600519,187.0,184.88,188.54,184.6,36708,683429632.0,2.11,-0.83,-1.55,0.32,184.88,188.54,184.6,-57.38
3167,2015-01-14,600519,185.0,183.18,186.5,180.88,52403,965036192.0,3.04,-0.92,-1.7,0.46,183.18,186.5,180.88,-87.93
3168,2015-01-15,600519,183.89,186.07,186.4,182.48,48586,895503104.0,2.14,1.58,2.89,0.43,186.07,186.4,182.48,-64.7
3169,2015-01-16,600519,186.2,186.11,188.0,185.98,39978,746304288.0,1.09,0.02,0.04,0.35,186.11,188.0,185.98,-41.91
3170,2015-01-19,600519,181.0,175.48,183.2,171.47,64679,1151544272.0,6.3,-5.71,-10.63,0.57,175.48,183.2,171.47,-170.27
3171,2015-01-20,600519,176.02,178.08,180.5,173.0,61023,1086018448.0,4.27,1.48,2.6,0.53,178.08,180.5,173.0,-142.16
3172,2015-01-21,600519,178.27,182.36,182.9,177.2,52675,950750400.0,3.2,2.4,4.28,0.46,182.36,182.9,177.2,-84.62
3173,2015-01-22,600519,182.37,181.23,184.36,180.0,38255,696541248.0,2.39,-0.62,-1.13,0.33,181.23,184.36,180.0,-62.55
3174,2015-01-23,600519,180.12,181.02,183.28,180.11,33085,600627344.0,1.75,-0.12,-0.21,0.29,181.02,183.28,180.11,-59.67
3175,2015-01-26,600519,181.7,182.8,183.5,181.05,35649,650642096.0,1.35,0.98,1.78,0.31,182.8,183.5,181.05,-37.43
3176,2015-01-27,600519,182.82,180.11,182.82,178.0,41884,755025856.0,2.64,-1.47,-2.69,0.37,180.11,182.82,178.0,-62.43
3177,2015-01-28,600519,179.0,177.47,180.4,177.3,30681,547979152.0,1.72,-1.47,-2.64,0.27,177.47,180.4,177.3,-87.95
3178,2015-01-29,600519,176.2,176.15,178.0,175.0,32493,571553424.0,1.69,-0.74,-1.32,0.28,176.15,178.0,175.0,-119.29
3179,2015-01-30,600519,176.99,177.18,181.0,176.5,47508,848744496.0,2.55,0.58,1.03,0.42,177.18,181.0,176.5,-68.22
3180,2015-02-02,600519,175.51,174.82,176.4,173.5,33983,593379648.0,1.64,-1.33,-2.36,0.3,174.82,176.4,173.5,-126.23
3181,2015-02-03,600519,177.48,178.37,178.65,176.2,27793,493512560.0,1.4,2.03,3.55,0.24,178.37,178.65,176.2,-50.88
3182,2015-02-04,600519,179.15,177.25,182.08,177.0,35294,634135328.0,2.85,-0.63,-1.12,0.31,177.25,182.08,177.0,-17.72
3183,2015-02-05,600519,178.97,174.05,180.9,174.0,41240,735861120.0,3.89,-1.81,-3.2,0.36,174.05,180.9,174.0,-81.25
3184,2015-02-06,600519,174.64,174.6,176.5,173.6,37102,648205632.0,1.67,0.32,0.55,0.32,174.6,176.5,173.6,-118.64
3185,2015-02-09,600519,175.77,184.3,185.1,175.0,87294,1584342288.0,5.78,5.56,9.7,0.76,184.3,185.1,175.0,79.92
3186,2015-02-10,600519,184.8,182.88,185.2,181.45,53639,984795856.0,2.03,-0.77,-1.42,0.47,182.88,185.2,181.45,116.83
3187,2015-02-11,600519,182.4,183.15,184.25,182.08,22895,420358864.0,1.19,0.15,0.27,0.2,183.15,184.25,182.08,108.89
3188,2015-02-12,600519,183.99,183.57,184.49,182.01,25051,458818624.0,1.35,0.23,0.42,0.22,183.57,184.49,182.01,104.08
3189,2015-02-13,600519,184.11,182.49,184.5,181.4,40127,734977408.0,1.69,-0.59,-1.08,0.35,182.49,184.5,181.4,88.29
3190,2015-02-16,600519,182.54,183.31,183.63,181.22,39521,722512096.0,1.32,0.45,0.82,0.35,183.31,183.63,181.22,76.39
3191,2015-02-17,600519,183.55,182.22,183.89,181.91,34173,624854080.0,1.08,-0.59,-1.09,0.3,182.22,183.89,181.91,64.65
3192,2015-02-25,600519,183.0,183.96,185.7,181.11,59935,1104113264.0,2.52,0.95,1.74,0.52,183.96,185.7,181.11,74.57
3193,2015-02-26,600519,183.8,186.64,188.39,183.55,62298,1163369600.0,2.63,1.46,2.68,0.55,186.64,188.39,183.55,115.83
3194,2015-02-27,600519,186.9,191.05,194.5,186.8,63371,1217723184.0,4.13,2.36,4.41,0.55,191.05,194.5,186.8,198.82
3195,2015-03-02,600519,190.8,190.73,193.8,189.0,31099,592027088.0,2.51,-0.17,-0.32,0.27,190.73,193.8,189.0,184.09
3196,2015-03-03,600519,189.3,185.95,192.0,185.16,43000,812905776.0,3.59,-2.51,-4.78,0.38,185.95,192.0,185.16,89.31
3197,2015-03-04,600519,186.99,187.19,188.01,184.6,40662,757815040.0,1.83,0.67,1.24,0.36,187.19,188.01,184.6,51.15
3198,2015-03-05,600519,185.01,185.52,187.03,184.05,36206,670609776.0,1.59,-0.89,-1.67,0.32,185.52,187.03,184.05,12.39
3199,2015-03-06,600519,185.35,183.62,186.48,183.27,25471,471454752.0,1.73,-1.02,-1.9,0.22,183.62,186.48,183.27,-23.56
3200,2015-03-09,600519,185.8,191.56,192.99,183.8,43486,815432192.0,5.0,4.32,7.94,0.38,191.56,192.99,183.8,99.04
3201,2015-03-10,600519,190.94,187.83,191.5,187.28,29637,561292480.0,2.2,-1.95,-3.73,0.26,187.83,191.5,187.28,71.58
3202,2015-03-11,600519,187.83,191.98,193.0,187.8,40583,778418704.0,2.77,2.21,4.15,0.36,191.98,193.0,187.8,105.22
3203,2015-03-12,600519,193.0,192.75,195.99,191.4,38496,747203168.0,2.39,0.4,0.77,0.34,192.75,195.99,191.4,136.98
3204,2015-03-13,600519,192.7,189.91,193.9,188.58,25479,486997360.0,2.76,-1.47,-2.84,0.22,189.91,193.9,188.58,67.33
3205,2015-03-16,600519,190.06,193.76,194.5,187.01,31161,597313680.0,3.94,2.03,3.85,0.27,193.76,194.5,187.01,80.9
3206,2015-03-17,600519,194.99,196.77,198.69,194.89,45904,903712736.0,1.96,1.55,3.01,0.4,196.77,198.69,194.89,182.18
3207,2015-03-18,600519,196.8,199.45,199.99,195.52,39304,778884992.0,2.27,1.36,2.68,0.34,199.45,199.99,195.52,181.53
3208,2015-03-19,600519,198.54,195.28,198.99,194.06,33540,658535488.0,2.47,-2.09,-4.17,0.29,195.28,198.99,194.06,109.05
3209,2015-03-20,600519,194.2,193.15,194.99,190.88,51374,991294896.0,2.1,-1.09,-2.13,0.45,193.15,194.99,190.88,40.3
3210,2015-03-23,600519,194.67,195.08,196.75,193.2,40979,799009920.0,1.84,1.0,1.93,0.36,195.08,196.75,193.2,68.63
3211,2015-03-24,600519,195.3,195.69,197.44,192.1,60079,1172628512.0,2.74,0.31,0.61,0.53,195.69,197.44,192.1,60.42
3212,2015-03-25,600519,193.0,192.78,195.1,192.06,42240,815963248.0,1.55,-1.49,-2.91,0.37,192.78,195.1,192.06,15.44
3213,2015-03-26,600519,193.55,198.56,199.9,192.0,67105,1315872112.0,4.1,3.0,5.78,0.59,198.56,199.9,192.0,90.7
3214,2015-03-27,600519,198.0,194.55,198.56,192.95,40145,784086656.0,2.83,-2.02,-4.01,0.35,194.55,198.56,192.95,41.21
3215,2015-03-30,600519,194.68,196.77,198.95,193.1,63451,1237889232.0,3.01,1.14,2.22,0.56,196.77,198.95,193.1,60.19
3216,2015-03-31,600519,196.68,195.96,200.77,194.02,88131,1746870224.0,3.43,-0.41,-0.81,0.77,195.96,200.77,194.02,75.29
3217,2015-04-01,600519,196.03,195.34,197.56,194.48,76875,1504959696.0,1.57,-0.32,-0.62,0.67,195.34,197.56,194.48,28.07
3218,2015-04-02,600519,195.96,194.58,197.6,192.88,62982,1228604480.0,2.42,-0.39,-0.76,0.55,194.58,197.6,192.88,-19.02
3219,2015-04-03,600519,194.0,196.81,197.01,192.78,51211,996536048.0,2.17,1.15,2.23,0.45,196.81,197.01,192.78,-8.45
3220,2015-04-07,600519,196.85,200.67,201.08,195.8,59824,1189027072.0,2.68,1.96,3.86,0.52,200.67,201.08,195.8,181.62
3221,2015-04-08,600519,202.5,204.5,210.68,201.59,135857,2798381808.0,4.53,1.91,3.83,1.19,204.5,210.68,201.59,329.37
3222,2015-04-09,600519,204.48,200.0,205.88,199.05,62400,1255308048.0,3.34,-2.2,-4.5,0.55,200.0,205.88,199.05,139.25
3223,2015-04-10,600519,199.99,200.22,202.99,199.61,102019,2048914304.0,1.69,0.11,0.22,0.89,200.22,202.99,199.61,93.46
3224,2015-04-13,600519,201.55,203.9,204.49,198.94,91356,1840018384.0,2.77,1.84,3.68,0.8,203.9,204.49,198.94,104.31
3225,2015-04-14,600519,204.0,206.0,209.28,203.96,81903,1691094336.0,2.61,1.03,2.1,0.72,206.0,209.28,203.96,149.18
3226,2015-04-15,600519,209.1,205.7,209.78,204.16,55005,1135635920.0,2.73,-0.15,-0.3,0.48,205.7,209.78,204.16,124.85
3227,2015-04-16,600519,208.55,226.27,226.27,207.83,86014,1877332304.0,8.96,10.0,20.57,0.75,226.27,226.27,207.83,250.36
3228,2015-04-17,600519,238.9,232.56,248.7,228.28,192095,4577504000.0,9.02,2.78,6.29,1.68,232.56,248.7,228.28,278.45
3229,2015-04-20,600519,230.0,234.03,245.7,229.0,130589,3118764544.0,7.18,0.63,1.47,1.14,234.03,245.7,229.0,189.95
3230,2015-04-21,600519,240.0,257.43,257.43,240.0,122402,3039243968.0,7.45,10.0,23.4,1.07,257.43,257.43,240.0,188.54
3231,2015-04-22,600519,268.8,263.89,269.0,257.11,134635,3543576704.0,4.62,2.51,6.46,1.18,263.89,269.0,257.11,172.17
3232,2015-04-23,600519,264.0,256.04,264.17,252.98,86030,2214737648.0,4.24,-2.97,-7.85,0.75,256.04,264.17,252.98,121.33
3233,2015-04-24,600519,251.88,258.49,259.68,245.01,100531,2547399872.0,5.73,0.96,2.45,0.88,258.49,259.68,245.01,91.27
3234,2015-04-27,600519,257.58,255.79,267.8,252.99,78973,2050832432.0,5.73,-1.04,-2.7,0.69,255.79,267.8,252.99,89.24
3235,2015-04-28,600519,254.0,247.89,258.6,247.05,87292,2187970736.0,4.52,-3.09,-7.9,0.76,247.89,258.6,247.05,58.17
3236,2015-04-29,600519,246.1,249.78,253.0,246.1,59301,1477767696.0,2.78,0.76,1.89,0.52,249.78,253.0,246.1,47.11
3237,2015-04-30,600519,251.15,252.23,254.9,247.75,64064,1610938048.0,2.86,0.98,2.45,0.56,252.23,254.9,247.75,46.59
3238,2015-05-04,600519,252.66,254.97,259.0,250.02,54739,1398337296.0,3.56,1.09,2.74,0.48,254.97,259.0,250.02,51.34
3239,2015-05-05,600519,252.0,240.95,252.0,239.88,73700,1801146752.0,4.75,-5.5,-14.02,0.65,240.95,252.0,239.88,-6.72
3240,2015-05-06,600519,243.98,242.68,246.99,240.01,60324,1472597536.0,2.9,0.72,1.73,0.53,242.68,246.99,240.01,-37.84
3241,2015-05-07,600519,245.0,244.93,251.88,242.56,68103,1693825904.0,3.84,0.93,2.25,0.6,244.93,251.88,242.56,-37.78
3242,2015-05-08,600519,246.12,254.17,254.88,245.9,57806,1447670272.0,3.67,3.77,9.24,0.51,254.17,254.88,245.9,7.71
3243,2015-05-11,600519,251.5,257.44,257.99,250.0,61346,1552417968.0,3.14,1.29,3.27,0.54,257.44,257.99,250.0,42.98
3244,2015-05-12,600519,257.2,254.42,257.2,252.0,47031,1193035136.0,2.02,-1.17,-3.02,0.41,254.42,257.2,252.0,29.53
3245,2015-05-13,600519,253.8,256.4,262.97,252.5,58913,1520374560.0,4.12,0.78,1.98,0.52,256.4,262.97,252.5,87.21
3246,2015-05-14,600519,256.25,251.41,259.5,251.22,41853,1062504720.0,3.23,-1.95,-4.99,0.37,251.41,259.5,251.22,38.82
3247,2015-05-15,600519,251.41,245.17,253.49,241.61,54185,1333031168.0,4.73,-2.48,-6.24,0.47,245.17,253.49,241.61,-80.64
3248,2015-05-18,600519,245.0,241.14,245.0,240.1,35363,856505072.0,2.0,-1.64,-4.03,0.31,241.14,245.0,240.1,-131.87
3249,2015-05-19,600519,241.05,250.04,250.22,240.2,47638,1174434448.0,4.16,3.69,8.9,0.42,250.04,250.22,240.2,-47.69
3250,2015-05-20,600519,252.0,253.95,260.0,249.3,63772,1631009456.0,4.28,1.56,3.91,0.56,253.95,260.0,249.3,61.94
3251,2015-05-21,600519,256.0,258.59,261.3,254.01,47669,1230234944.0,2.87,1.83,4.64,0.42,258.59,261.3,254.01,99.09
3252,2015-05-22,600519,259.68,275.86,276.8,259.59,66649,1779754352.0,6.66,6.68,17.27,0.58,275.86,276.8,259.59,213.22
3253,2015-05-25,600519,270.0,286.83,288.49,269.0,67474,1868570176.0,7.07,3.98,10.97,0.59,286.83,288.49,269.0,250.17
3254,2015-05-26,600519,286.6,285.54,290.0,283.96,60915,1746031120.0,2.11,-0.45,-1.29,0.53,285.54,290.0,283.96,203.35
3255,2015-05-27,600519,285.52,276.9,289.32,273.0,46935,1309260000.0,5.72,-3.03,-8.64,0.41,276.9,289.32,273.0,117.45
3256,2015-05-28,600519,275.25,261.11,281.0,260.1,60885,1650995552.0,7.55,-5.7,-15.79,0.53,261.11,281.0,260.1,36.75
3257,2015-05-29,600519,260.01,263.83,269.0,259.89,57783,1531805536.0,3.49,1.04,2.72,0.51,263.83,269.0,259.89,14.78
3258,2015-06-01,600519,263.94,271.46,272.98,259.8,65817,1747123648.0,5.0,2.89,7.63,0.58,271.46,272.98,259.8,31.74
3259,2015-06-02,600519,270.5,266.62,270.5,260.66,64636,1708951664.0,3.62,-1.78,-4.84,0.57,266.62,270.5,260.66,15.79
3260,2015-06-03,600519,265.18,262.79,266.62,260.01,46424,1218378720.0,2.48,-1.44,-3.83,0.41,262.79,266.62,260.01,-5.2
3261,2015-06-04,600519,262.98,258.21,265.0,240.0,92363,2332785392.0,9.51,-1.74,-4.58,0.81,258.21,265.0,240.0,-68.85
3262,2015-06-05,600519,258.11,253.84,262.1,246.0,85738,2188974560.0,6.24,-1.69,-4.37,0.75,253.84,262.1,246.0,-84.93
3263,2015-06-08,600519,251.51,264.64,267.54,249.8,96008,2462736704.0,6.99,4.25,10.8,0.84,264.64,267.54,249.8,-47.33
3264,2015-06-09,600519,265.0,259.03,269.8,256.5,77852,2045525408.0,5.03,-2.12,-5.61,0.68,259.03,269.8,256.5,-44.93
3265,2015-06-10,600519,255.64,261.05,266.88,253.8,80462,2096832880.0,5.05,0.78,2.02,0.7,261.05,266.88,253.8,-58.43
3266,2015-06-11,600519,260.0,260.06,264.5,257.77,52955,1378413760.0,2.58,-0.38,-0.99,0.46,260.06,264.5,257.77,-50.33
3267,2015-06-12,600519,262.12,266.0,273.0,261.0,90910,2438986512.0,4.61,2.28,5.94,0.8,266.0,273.0,261.0,15.21
3268,2015-06-15,600519,266.98,260.89,272.0,260.08,100014,2664672592.0,4.48,-1.92,-5.11,0.88,260.89,272.0,260.08,9.64
3269,2015-06-16,600519,259.0,253.95,265.8,252.5,69304,1789696032.0,5.1,-2.66,-6.94,0.61,253.95,265.8,252.5,-87.05
3270,2015-06-17,600519,253.96,255.09,257.76,249.0,58389,1478407040.0,3.45,0.45,1.14,0.51,255.09,257.76,249.0,-128.04
3271,2015-06-18,600519,253.02,243.97,254.8,240.6,61507,1530836128.0,5.57,-4.36,-11.12,0.54,243.97,254.8,240.6,-188.91
3272,2015-06-19,600519,245.87,235.31,248.49,234.02,67609,1646002768.0,5.93,-3.55,-8.66,0.59,235.31,248.49,234.02,-209.07
3273,2015-06-23,600519,239.8,252.25,255.85,234.13,81247,1989068144.0,9.23,7.2,16.94,0.71,252.25,255.85,234.13,-97.49
3274,2015-06-24,600519,250.0,261.21,265.2,247.65,95707,2463553856.0,6.96,3.55,8.96,0.84,261.21,265.2,247.65,21.49
3275,2015-06-25,600519,261.5,251.79,262.03,250.21,66522,1707385600.0,4.53,-3.61,-9.42,0.58,251.79,262.03,250.21,-16.62
3276,2015-06-26,600519,250.02,242.45,255.75,235.3,99332,2451381600.0,8.12,-3.71,-9.34,0.87,242.45,255.75,235.3,-110.0
3277,2015-06-29,600519,248.37,246.64,256.5,227.8,165072,4057069904.0,11.84,1.73,4.19,1.45,246.64,256.5,227.8,-98.45
3278,2015-06-30,600519,246.64,257.65,259.82,246.0,126298,3205285536.0,5.6,4.46,11.01,1.11,257.65,259.82,246.0,7.52
3279,2015-07-01,600519,255.0,257.49,268.5,250.98,103327,2696026032.0,6.8,-0.06,-0.16,0.9,257.49,268.5,250.98,53.63
3280,2015-07-02,600519,255.3,260.3,282.6,245.01,118460,3011363680.0,14.6,1.09,2.81,1.04,260.3,282.6,245.01,87.43
3281,2015-07-03,600519,255.0,249.81,260.5,242.2,109605,2772183168.0,7.03,-4.03,-10.49,0.96,249.81,260.5,242.2,-19.06
3282,2015-07-06,600519,267.95,254.04,267.99,239.5,272800,7012491264.0,11.4,1.69,4.23,2.39,254.04,267.99,239.5,23.59
3283,2015-07-07,600519,250.0,244.18,256.58,239.5,167562,4121731568.0,6.72,-3.88,-9.86,1.47,244.18,256.58,239.5,-52.26
3284,2015-07-08,600519,229.0,236.86,244.99,219.76,289141,6738026752.0,10.33,-3.0,-7.32,2.53,236.86,244.99,219.76,-161.04
3285,2015-07-09,600519,236.86,257.94,260.41,233.0,138203,3409950544.0,11.57,8.9,21.08,1.21,257.94,260.41,233.0,5.2
3286,2015-07-10,600519,257.0,265.59,283.0,251.96,256149,6888908288.0,12.03,2.97,7.65,2.24,265.59,283.0,251.96,151.33
3287,2015-07-13,600519,258.0,257.75,265.58,251.0,148926,3838169456.0,5.49,-2.95,-7.84,1.3,257.75,265.58,251.0,54.87
3288,2015-07-14,600519,255.0,249.05,255.18,247.2,96768,2425239232.0,3.1,-3.38,-8.7,0.85,249.05,255.18,247.2,-17.56
3289,2015-07-15,600519,247.5,251.26,252.7,243.28,104077,2585923328.0,3.78,0.89,2.21,0.91,251.26,252.7,243.28,-28.08
3290,2015-07-16,600519,251.26,251.59,254.18,248.26,72814,1826618384.0,2.36,0.13,0.33,0.64,251.59,254.18,248.26,-10.1
3291,2015-07-17,600519,229.0,228.29,229.99,224.74,56419,1284361184.0,2.09,-9.26,-23.3,0.45,228.29,229.99,224.74,-225.13
3292,2015-07-20,600519,227.15,225.11,227.9,222.5,67934,1531275696.0,2.37,-1.39,-3.18,0.54,225.11,227.9,222.5,-177.81
3293,2015-07-21,600519,221.75,221.66,224.2,220.0,51790,1148423248.0,1.87,-1.53,-3.45,0.41,221.66,224.2,220.0,-148.36
3294,2015-07-22,600519,220.0,217.13,222.0,216.58,70855,1552554832.0,2.45,-2.04,-4.53,0.56,217.13,222.0,216.58,-129.46
3295,2015-07-23,600519,217.99,219.54,220.6,215.77,64748,1411411696.0,2.22,1.11,2.41,0.52,219.54,220.6,215.77,-104.37
3296,2015-07-24,600519,220.5,219.21,223.69,218.75,57390,1271122144.0,2.25,-0.15,-0.33,0.46,219.21,223.69,218.75,-81.23
3297,2015-07-27,600519,217.0,201.52,221.3,201.0,76944,1628465536.0,9.26,-8.07,-17.69,0.61,201.52,221.3,201.0,-116.2
3298,2015-07-28,600519,199.86,205.83,209.44,197.48,86704,1766521472.0,5.93,2.14,4.31,0.69,205.83,209.44,197.48,-110.25
3299,2015-07-29,600519,207.78,207.74,210.0,202.13,66507,1364157584.0,3.82,0.93,1.91,0.53,207.74,210.0,202.13,-90.45
3300,2015-07-30,600519,208.83,205.96,208.83,205.1,41134,853284368.0,1.8,-0.86,-1.78,0.33,205.96,208.83,205.1,-86.54
3301,2015-07-31,600519,206.7,206.83,206.93,203.0,40737,835374144.0,1.91,0.42,0.87,0.32,206.83,206.93,203.0,-86.14
3302,2015-08-03,600519,205.0,209.56,209.99,203.0,54553,1117796048.0,3.38,1.32,2.73,0.43,209.56,209.99,203.0,-69.81
3303,2015-08-04,600519,209.26,211.97,213.98,209.26,59534,1260302960.0,2.25,1.15,2.41,0.47,211.97,213.98,209.26,-34.86
3304,2015-08-05,600519,212.93,207.19,213.85,206.94,43144,907597376.0,3.26,-2.26,-4.78,0.34,207.19,213.85,206.94,-40.9
3305,2015-08-06,600519,206.23,204.96,207.5,203.0,39250,805358560.0,2.17,-1.08,-2.23,0.31,204.96,207.5,203.0,-73.37
3306,2015-08-07,600519,207.49,206.93,208.6,205.6,39521,819022560.0,1.46,0.96,1.97,0.31,206.93,208.6,205.6,-47.24
3307,2015-08-10,600519,207.01,212.3,213.0,205.13,56496,1182083552.0,3.8,2.6,5.37,0.45,212.3,213.0,205.13,2.58
3308,2015-08-11,600519,212.3,210.75,212.41,210.01,50897,1076261232.0,1.13,-0.73,-1.55,0.41,210.75,212.41,210.01,30.24
3309,2015-08-12,600519,209.99,209.47,214.29,208.75,45824,968610592.0,2.63,-0.61,-1.28,0.36,209.47,214.29,208.75,44.78
3310,2015-08-13,600519,211.5,209.51,211.5,206.0,35180,733202192.0,2.63,0.02,0.04,0.28,209.51,211.5,206.0,32.02
3311,2015-08-14,600519,210.5,209.98,211.4,209.25,30667,645849792.0,1.03,0.22,0.47,0.24,209.98,211.4,209.25,62.86
3312,2015-08-17,600519,208.02,206.22,208.82,204.0,53858,1108212048.0,2.3,-1.79,-3.76,0.43,206.22,208.82,204.0,-68.97
3313,2015-08-18,600519,206.98,201.06,207.5,200.35,51286,1047896512.0,3.47,-2.5,-5.16,0.41,201.06,207.5,200.35,-154.46
3314,2015-08-19,600519,199.75,201.62,202.16,198.18,50262,1004394400.0,1.98,0.28,0.56,0.4,201.62,202.16,198.18,-177.16
3315,2015-08-20,600519,200.83,195.07,201.0,194.9,39645,788892224.0,3.03,-3.25,-6.55,0.32,195.07,201.0,194.9,-202.19
3316,2015-08-21,600519,191.52,186.33,194.86,186.12,75621,1433277968.0,4.48,-4.48,-8.74,0.6,186.33,194.86,186.12,-229.19
3317,2015-08-24,600519,181.0,169.64,181.5,168.2,89813,1559048768.0,7.14,-8.96,-16.69,0.71,169.64,181.5,168.2,-267.4
3318,2015-08-25,600519,167.46,176.59,182.51,166.2,123081,2165823584.0,9.61,4.1,6.95,0.98,176.59,182.51,166.2,-174.93
3319,2015-08-26,600519,176.76,183.88,188.5,175.0,91573,1663612848.0,7.64,4.13,7.29,0.73,183.88,188.5,175.0,-98.69
3320,2015-08-27,600519,190.0,197.07,199.9,184.89,87052,1663248880.0,8.16,7.17,13.19,0.69,197.07,199.9,184.89,-24.42
3321,2015-08-28,600519,195.0,192.65,195.29,187.13,89926,1720106864.0,4.14,-2.24,-4.42,0.72,192.65,195.29,187.13,-31.18
3322,2015-08-31,600519,189.34,195.37,195.5,185.18,62730,1198185024.0,5.36,1.41,2.72,0.5,195.37,195.5,185.18,-22.07
3323,2015-09-01,600519,191.82,194.37,195.0,188.0,87433,1688392992.0,3.58,-0.51,-1.0,0.7,194.37,195.0,188.0,-11.63
3324,2015-09-02,600519,190.11,194.61,195.0,189.2,106945,2052413264.0,2.98,0.12,0.24,0.85,194.61,195.0,189.2,0.69
3325,2015-09-07,600519,192.6,188.71,194.0,188.65,32216,615819760.0,2.75,-3.03,-5.9,0.26,188.71,194.0,188.65,-9.86
3326,2015-09-08,600519,188.46,189.32,190.47,185.0,33099,621914336.0,2.9,0.32,0.61,0.26,189.32,190.47,185.0,-20.65
3327,2015-09-09,600519,190.14,191.86,193.87,190.14,35215,676337504.0,1.97,1.34,2.54,0.28,191.86,193.87,190.14,31.14
3328,2015-09-10,600519,190.38,193.21,193.3,189.14,26852,514766384.0,2.17,0.7,1.35,0.21,193.21,193.3,189.14,40.7
3329,2015-09-11,600519,191.88,192.91,194.1,191.05,16932,326277632.0,1.58,-0.16,-0.3,0.13,192.91,194.1,191.05,57.03
3330,2015-09-14,600519,192.43,202.53,202.8,187.9,86176,1678995776.0,7.72,4.99,9.62,0.69,202.53,202.8,187.9,108.85
3331,2015-09-15,600519,198.01,202.0,202.02,195.12,51884,1035493472.0,3.41,-0.26,-0.53,0.41,202.0,202.02,195.12,148.55
3332,2015-09-16,600519,200.01,204.55,209.54,197.73,37198,753188784.0,5.85,1.26,2.55,0.3,204.55,209.54,197.73,218.84
3333,2015-09-17,600519,202.6,198.0,205.8,197.61,26423,533638544.0,4.0,-3.2,-6.55,0.21,198.0,205.8,197.61,116.73
3334,2015-09-18,600519,198.6,199.43,200.89,198.0,15643,312040976.0,1.46,0.72,1.43,0.12,199.43,200.89,198.0,79.58
3335,2015-09-21,600519,198.01,199.3,200.7,198.0,16528,329196736.0,1.35,-0.07,-0.13,0.13,199.3,200.7,198.0,65.43
3336,2015-09-22,600519,200.77,199.27,201.18,198.98,16457,329161936.0,1.1,-0.02,-0.03,0.13,199.27,201.18,198.98,62.7
3337,2015-09-23,600519,197.15,194.72,198.99,194.1,22344,438412336.0,2.45,-2.28,-4.55,0.18,194.72,198.99,194.1,-1.72
3338,2015-09-24,600519,195.8,194.0,196.28,192.8,13887,269653184.0,1.79,-0.37,-0.72,0.11,194.0,196.28,192.8,-30.29
3339,2015-09-25,600519,193.99,193.46,194.9,189.5,24456,470411104.0,2.78,-0.28,-0.54,0.19,193.46,194.9,189.5,-65.07
3340,2015-09-28,600519,191.48,191.38,192.3,189.23,12341,235369401.0,1.59,-1.08,-2.08,0.1,191.38,192.3,189.23,-102.97
3341,2015-09-29,600519,189.55,190.17,191.37,188.3,18410,348759184.0,1.6,-0.63,-1.21,0.15,190.17,191.37,188.3,-114.77
3342,2015-09-30,600519,190.23,190.31,191.48,190.17,11635,222178053.0,0.69,0.07,0.14,0.09,190.31,191.48,190.17,-98.2
3343,2015-10-08,600519,198.78,197.52,201.58,197.0,34392,684138048.0,2.41,3.79,7.21,0.27,197.52,201.58,197.0,36.61
3344,2015-10-09,600519,198.78,196.95,198.9,196.5,15722,310187696.0,1.22,-0.29,-0.57,0.13,196.95,198.9,196.5,14.31
3345,2015-10-12,600519,199.0,198.09,204.49,197.85,49030,982174160.0,3.37,0.58,1.14,0.39,198.09,204.49,197.85,62.55
3346,2015-10-13,600519,198.09,198.74,200.09,198.09,15751,313495456.0,1.01,0.33,0.65,0.13,198.74,200.09,198.09,52.06
3347,2015-10-14,600519,198.98,197.83,199.5,197.01,15213,301666752.0,1.25,-0.46,-0.91,0.12,197.83,199.5,197.01,40.09
3348,2015-10-15,600519,198.16,199.99,200.37,197.56,16550,329836768.0,1.42,1.09,2.16,0.13,199.99,200.37,197.56,65.13
3349,2015-10-16,600519,201.22,200.74,202.4,199.41,19238,386383072.0,1.5,0.38,0.75,0.15,200.74,202.4,199.41,92.22
3350,2015-10-19,600519,204.94,202.72,204.94,201.9,26121,531101872.0,1.51,0.99,1.98,0.21,202.72,204.94,201.9,126.55
3351,2015-10-20,600519,202.02,201.97,202.88,201.18,14784,298284288.0,0.84,-0.37,-0.75,0.12,201.97,202.88,201.18,90.17
3352,2015-10-21,600519,202.08,200.31,202.55,197.01,22349,447195040.0,2.74,-0.82,-1.66,0.18,200.31,202.55,197.01,48.29
3353,2015-10-22,600519,200.24,202.53,202.73,199.43,23720,478632752.0,1.65,1.11,2.22,0.19,202.53,202.73,199.43,72.78
3354,2015-10-23,600519,205.8,210.98,217.6,205.55,56277,1189746960.0,5.95,4.17,8.45,0.45,210.98,217.6,205.55,242.39
3355,2015-10-26,600519,212.0,217.73,218.3,208.0,43346,932490832.0,4.88,3.2,6.75,0.35,217.73,218.3,208.0,234.85
3356,2015-10-27,600519,217.1,215.25,217.68,212.58,22573,484597008.0,2.34,-1.14,-2.48,0.18,215.25,217.68,212.58,174.97
3357,2015-10-28,600519,214.99,212.44,214.99,211.9,16559,353020512.0,1.44,-1.31,-2.81,0.13,212.44,214.99,211.9,110.91
3358,2015-10-29,600519,212.0,213.0,214.79,212.0,13454,287688320.0,1.31,0.26,0.56,0.11,213.0,214.79,212.0,90.49
3359,2015-10-30,600519,212.95,213.86,215.8,212.12,12258,263117287.0,1.73,0.4,0.86,0.1,213.86,215.8,212.12,81.31
3360,2015-11-02,600519,214.6,212.56,215.86,212.5,15298,328246688.0,1.57,-0.61,-1.3,0.12,212.56,215.86,212.5,67.13
3361,2015-11-03,600519,212.92,209.71,215.76,208.4,23173,493565248.0,3.46,-1.34,-2.85,0.18,209.71,215.76,208.4,35.76
3362,2015-11-04,600519,210.58,214.98,216.0,210.11,30810,659118992.0,2.81,2.51,5.27,0.25,214.98,216.0,210.11,56.1
3363,2015-11-05,600519,214.6,216.56,223.28,213.5,49983,1087812240.0,4.55,0.73,1.58,0.4,216.56,223.28,213.5,100.42
3364,2015-11-06,600519,217.35,218.42,218.6,215.56,21696,471929424.0,1.4,0.86,1.86,0.17,218.42,218.6,215.56,94.09
3365,2015-11-09,600519,222.0,220.83,224.66,219.0,40527,900398640.0,2.59,1.1,2.41,0.32,220.83,224.66,219.0,152.31
3366,2015-11-10,600519,220.0,222.38,224.12,219.16,28730,639416128.0,2.25,0.7,1.55,0.23,222.38,224.12,219.16,156.02
3367,2015-11-11,600519,222.01,220.15,223.0,218.6,23816,524296320.0,1.98,-1.0,-2.23,0.19,220.15,223.0,218.6,109.6
3368,2015-11-12,600519,220.23,220.01,223.0,219.38,16181,357408912.0,1.64,-0.06,-0.14,0.13,220.01,223.0,219.38,94.43
3369,2015-11-13,600519,218.1,215.11,219.5,214.83,28397,614644800.0,2.12,-2.23,-4.9,0.23,215.11,219.5,214.83,0.12
3370,2015-11-16,600519,212.5,213.78,216.5,212.0,23917,511461328.0,2.09,-0.62,-1.33,0.19,213.78,216.5,212.0,-49.41
3371,2015-11-17,600519,214.72,214.36,217.5,213.14,21986,473813952.0,2.04,0.27,0.58,0.18,214.36,217.5,213.14,-34.27
3372,2015-11-18,600519,213.59,214.66,216.0,213.59,19726,423815328.0,1.12,0.14,0.3,0.16,214.66,216.0,213.59,-43.56
3373,2015-11-19,600519,214.0,215.03,216.0,213.9,15263,327777824.0,0.98,0.17,0.37,0.12,215.03,216.0,213.9,-40.98
3374,2015-11-20,600519,215.14,213.72,215.78,213.1,22274,476413648.0,1.25,-0.61,-1.31,0.18,213.72,215.78,213.1,-60.98
3375,2015-11-23,600519,213.0,212.62,213.84,212.51,20995,446996432.0,0.62,-0.51,-1.1,0.17,212.62,213.84,212.51,-96.36
3376,2015-11-24,600519,212.39,211.69,213.28,210.0,20469,431548240.0,1.54,-0.44,-0.93,0.16,211.69,213.28,210.0,-120.23
3377,2015-11-25,600519,211.7,212.98,213.0,210.4,24250,512351424.0,1.23,0.61,1.29,0.19,212.98,213.0,210.4,-94.15
3378,2015-11-26,600519,213.49,212.84,213.79,211.83,18805,400523680.0,0.92,-0.07,-0.14,0.15,212.84,213.79,211.83,-69.46
3379,2015-11-27,600519,212.49,207.74,212.54,206.63,16221,339061424.0,2.78,-2.4,-5.1,0.13,207.74,212.54,206.63,-147.59
3380,2015-11-30,600519,208.04,214.31,214.78,207.79,33440,702029936.0,3.36,3.16,6.57,0.27,214.31,214.78,207.79,-61.24
3381,2015-12-01,600519,213.0,213.8,213.95,211.0,18878,400895904.0,1.38,-0.24,-0.51,0.15,213.8,213.95,211.0,-33.27
3382,2015-12-02,600519,214.48,221.58,227.0,212.0,47891,1055325952.0,7.02,3.64,7.78,0.38,221.58,227.0,212.0,229.53
3383,2015-12-03,600519,219.0,220.2,221.4,216.7,22387,489928576.0,2.12,-0.62,-1.38,0.18,220.2,221.4,216.7,174.66
3384,2015-12-04,600519,219.96,215.31,219.96,215.01,20849,452200736.0,2.25,-2.22,-4.89,0.17,215.31,219.96,215.01,75.05
3385,2015-12-07,600519,215.0,214.51,216.98,213.2,19255,413697600.0,1.76,-0.37,-0.8,0.15,214.51,216.98,213.2,20.28
3386,2015-12-08,600519,214.55,211.94,214.55,211.46,17394,370510928.0,1.44,-1.2,-2.57,0.14,211.94,214.55,211.46,-41.01
3387,2015-12-09,600519,211.58,214.47,215.05,211.5,14120,302039600.0,1.68,1.19,2.53,0.11,214.47,215.05,211.5,-8.86
3388,2015-12-10,600519,215.0,212.96,216.2,211.99,13787,295297552.0,1.96,-0.7,-1.51,0.11,212.96,216.2,211.99,-6.57
3389,2015-12-11,600519,212.5,211.41,212.5,210.5,13035,275655728.0,0.94,-0.73,-1.55,0.1,211.41,212.5,210.5,-68.85
3390,2015-12-14,600519,210.19,214.1,214.88,209.0,20701,439584112.0,2.78,1.27,2.69,0.16,214.1,214.88,209.0,-36.84
3391,2015-12-15,600519,213.8,214.51,214.59,212.08,15088,321828816.0,1.17,0.19,0.41,0.12,214.51,214.59,212.08,-8.77
3392,2015-12-16,600519,214.41,213.91,214.64,212.59,20145,430371568.0,0.96,-0.28,-0.6,0.16,213.91,214.64,212.59,-11.32
3393,2015-12-17,600519,214.39,215.86,216.88,214.0,24253,523818384.0,1.35,0.91,1.95,0.19,215.86,216.88,214.0,34.08
3394,2015-12-18,600519,215.5,216.88,219.15,215.11,28460,618897536.0,1.87,0.47,1.02,0.23,216.88,219.15,215.11,69.08
3395,2015-12-21,600519,218.0,227.03,229.18,218.0,59392,1341466592.0,5.15,4.68,10.15,0.47,227.03,229.18,218.0,215.41
3396,2015-12-22,600519,226.8,225.03,226.8,223.28,28402,638684800.0,1.55,-0.88,-2.0,0.23,225.03,226.8,223.28,184.81
3397,2015-12-23,600519,225.45,223.0,226.69,222.7,22375,501438272.0,1.77,-0.9,-2.03,0.18,223.0,226.69,222.7,140.44
3398,2015-12-24,600519,223.98,224.78,225.68,223.2,15578,350137312.0,1.11,0.8,1.78,0.12,224.78,225.68,223.2,115.45
3399,2015-12-25,600519,225.0,224.5,225.66,222.88,11543,258870006.0,1.24,-0.12,-0.28,0.09,224.5,225.66,222.88,90.44
3400,2015-12-28,600519,225.48,219.12,226.0,219.0,25595,569404128.0,3.12,-2.4,-5.38,0.2,219.12,226.0,219.0,41.92
3401,2015-12-29,600519,218.62,219.83,220.44,218.51,15774,345982480.0,0.88,0.32,0.71,0.13,219.83,220.44,218.51,12.78
3402,2015-12-30,600519,220.18,218.86,220.66,217.52,20148,440489184.0,1.43,-0.44,-0.97,0.16,218.86,220.66,217.52,-0.87
3403,2015-12-31,600519,218.22,218.19,219.5,217.82,19674,429872176.0,0.77,-0.31,-0.67,0.16,218.19,219.5,217.82,-18.64
3404,2016-01-04,600519,218.0,210.02,218.0,209.99,17350,371909824.0,3.67,-3.74,-8.17,0.14,210.02,218.0,209.99,-120.39
3405,2016-01-05,600519,210.0,212.82,213.97,207.51,31909,672596336.0,3.08,1.33,2.8,0.25,212.82,213.97,207.51,-133.39
3406,2016-01-06,600519,212.78,212.18,213.66,209.3,23761,502483568.0,2.05,-0.3,-0.64,0.19,212.18,213.66,209.3,-121.94
3407,2016-01-07,600519,208.99,202.23,208.99,200.03,8149,167829920.0,4.22,-4.69,-9.95,0.06,202.23,208.99,200.03,-192.9
3408,2016-01-08,600519,204.17,204.63,208.0,200.0,44510,911812832.0,3.96,1.19,2.4,0.35,204.63,208.0,200.0,-141.82
3409,2016-01-11,600519,203.16,199.86,203.79,199.4,29703,596838944.0,2.15,-2.33,-4.77,0.24,199.86,203.79,199.4,-137.89
3410,2016-01-12,600519,201.1,196.79,202.1,196.0,40287,801495584.0,3.05,-1.54,-3.07,0.32,196.79,202.1,196.0,-134.32
3411,2016-01-13,600519,199.1,199.78,206.0,198.6,29202,592420624.0,3.76,1.52,2.99,0.23,199.78,206.0,198.6,-93.36
3412,2016-01-14,600519,197.11,204.82,205.98,195.51,34776,699341424.0,5.24,2.52,5.04,0.28,204.82,205.98,195.51,-75.17
3413,2016-01-15,600519,204.75,199.0,206.18,198.0,26681,537750016.0,3.99,-2.84,-5.82,0.21,199.0,206.18,198.0,-72.5
3414,2016-01-18,600519,198.0,199.43,202.4,197.2,27371,548614384.0,2.61,0.22,0.43,0.22,199.43,202.4,197.2,-75.49
3415,2016-01-19,600519,201.0,210.24,210.33,200.01,59110,1224859280.0,5.17,5.42,10.81,0.47,210.24,210.33,200.01,3.49
3416,2016-01-20,600519,207.0,202.32,210.16,201.01,40969,835946960.0,4.35,-3.77,-7.92,0.33,202.32,210.16,201.01,-14.19
3417,2016-01-21,600519,201.26,200.26,204.59,199.9,21832,439737648.0,2.32,-1.02,-2.06,0.17,200.26,204.59,199.9,-49.64
3418,2016-01-22,600519,203.11,202.74,203.4,198.81,22733,456952016.0,2.29,1.24,2.48,0.18,202.74,203.4,198.81,-40.96
3419,2016-01-25,600519,203.0,202.77,203.49,201.5,13750,278273552.0,0.98,0.01,0.03,0.11,202.77,203.49,201.5,-8.55
3420,2016-01-26,600519,200.99,199.01,204.47,198.5,22281,448487472.0,2.94,-1.85,-3.76,0.18,199.01,204.47,198.5,-58.96
3421,2016-01-27,600519,199.98,199.93,200.89,195.7,29840,589842576.0,2.61,0.46,0.92,0.24,199.93,200.89,195.7,-118.02
3422,2016-01-28,600519,199.75,196.64,199.75,195.62,17903,353744032.0,2.07,-1.65,-3.29,0.14,196.64,199.75,195.62,-153.47
3423,2016-01-29,600519,197.48,200.65,202.5,197.0,23090,461975280.0,2.8,2.04,4.01,0.18,200.65,202.5,197.0,-42.87
3424,2016-02-01,600519,202.1,201.29,202.8,199.89,19178,386028336.0,1.45,0.32,0.64,0.15,201.29,202.8,199.89,-3.42
3425,2016-02-02,600519,202.0,204.55,204.8,200.64,17842,362596992.0,2.07,1.62,3.26,0.14,204.55,204.8,200.64,70.61
3426,2016-02-03,600519,202.58,203.66,204.56,201.5,15157,307933680.0,1.5,-0.44,-0.89,0.12,203.66,204.56,201.5,60.75
3427,2016-02-04,600519,204.8,204.99,205.88,203.54,16625,340315136.0,1.15,0.65,1.33,0.13,204.99,205.88,203.54,97.26
3428,2016-02-05,600519,204.99,203.87,205.18,202.53,14228,290691680.0,1.29,-0.55,-1.12,0.11,203.87,205.18,202.53,56.3
3429,2016-02-15,600519,200.0,200.41,203.0,199.6,19470,390748384.0,1.67,-1.7,-3.46,0.15,200.41,203.0,199.6,-30.54
3430,2016-02-16,600519,200.56,203.92,208.0,200.56,19223,393326288.0,3.71,1.75,3.51,0.15,203.92,208.0,200.56,97.91
3431,2016-02-17,600519,203.74,202.3,204.92,200.51,20349,411126976.0,2.16,-0.79,-1.62,0.16,202.3,204.92,200.51,29.97
3432,2016-02-18,600519,203.2,201.71,203.6,201.1,18893,381696256.0,1.24,-0.29,-0.59,0.15,201.71,203.6,201.1,11.23
3433,2016-02-19,600519,201.62,203.11,203.18,201.13,14238,287755552.0,1.02,0.69,1.4,0.11,203.11,203.18,201.13,24.86
3434,2016-02-22,600519,206.0,207.8,208.32,206.0,27760,574540624.0,1.14,2.31,4.69,0.22,207.8,208.32,206.0,178.04
3435,2016-02-23,600519,207.77,212.41,214.98,207.02,37461,795824528.0,3.83,2.22,4.61,0.3,212.41,214.98,207.02,245.62
3436,2016-02-24,600519,212.2,217.74,218.03,211.01,33129,717612352.0,3.3,2.51,5.33,0.26,217.74,218.03,211.01,244.41
3437,2016-02-25,600519,218.8,212.41,220.48,212.13,39481,855036784.0,3.83,-2.45,-5.33,0.31,212.41,220.48,212.13,162.3
3438,2016-02-26,600519,213.1,216.84,219.25,211.26,28333,609924304.0,3.76,2.09,4.43,0.23,216.84,219.25,211.26,133.16
3439,2016-02-29,600519,218.99,214.91,220.88,206.8,47712,1022532384.0,6.49,-0.89,-1.93,0.38,214.91,220.88,206.8,90.49
3440,2016-03-01,600519,215.96,218.42,220.3,210.4,34005,736088848.0,4.61,1.63,3.51,0.27,218.42,220.3,210.4,97.68
3441,2016-03-02,600519,219.0,224.22,225.5,218.67,47943,1073462816.0,3.13,2.66,5.8,0.38,224.22,225.5,218.67,140.24
3442,2016-03-03,600519,225.0,227.81,231.98,221.66,40193,914557328.0,4.6,1.6,3.59,0.32,227.81,231.98,221.66,154.07
3443,2016-03-04,600519,226.88,238.78,240.16,225.01,85839,2007278352.0,6.65,4.82,10.97,0.68,238.78,240.16,225.01,188.11
3444,2016-03-07,600519,238.11,233.64,240.0,231.05,39346,924016288.0,3.75,-2.15,-5.14,0.31,233.64,240.0,231.05,157.23
3445,2016-03-08,600519,233.3,229.21,233.3,227.0,26147,600938832.0,2.7,-1.9,-4.43,0.21,229.21,233.3,227.0,93.11
3446,2016-03-09,600519,227.0,227.44,232.65,226.1,16403,375804064.0,2.86,-0.77,-1.77,0.13,227.44,232.65,226.1,70.37
3447,2016-03-10,600519,228.99,228.06,233.7,228.0,25727,593953296.0,2.51,0.27,0.62,0.2,228.06,233.7,228.0,68.4
3448,2016-03-11,600519,226.54,228.05,231.88,225.5,16320,373343712.0,2.8,0.0,-0.01,0.13,228.05,231.88,225.5,48.02
3449,2016-03-14,600519,230.76,224.57,233.5,222.2,45278,1029457824.0,4.96,-1.53,-3.48,0.36,224.57,233.5,222.2,24.93
3450,2016-03-15,600519,224.8,231.92,234.39,224.34,36356,832373600.0,4.48,3.27,7.35,0.29,231.92,234.39,224.34,53.46
3451,2016-03-16,600519,230.22,228.61,232.5,225.0,24251,555358080.0,3.23,-1.43,-3.31,0.19,228.61,232.5,225.0,30.78
3452,2016-03-17,600519,230.0,229.56,234.1,228.3,28821,665454448.0,2.54,0.42,0.95,0.23,229.56,234.1,228.3,51.5
3453,2016-03-18,600519,232.0,226.0,232.26,225.78,70569,1613934128.0,2.82,-1.55,-3.56,0.56,226.0,232.26,225.78,-8.01
3454,2016-03-21,600519,226.66,231.98,232.02,226.65,38547,885665712.0,2.38,2.65,5.98,0.31,231.98,232.02,226.65,26.92
3455,2016-03-22,600519,232.26,234.49,238.18,231.5,41767,981582400.0,2.88,1.08,2.51,0.33,234.49,238.18,231.5,149.42
3456,2016-03-23,600519,235.2,234.97,237.0,232.68,21412,503035648.0,1.84,0.2,0.48,0.17,234.97,237.0,232.68,119.42
3457,2016-03-24,600519,235.0,242.66,245.4,231.3,62068,1487290880.0,6.0,3.27,7.69,0.49,242.66,245.4,231.3,204.33
3458,2016-03-25,600519,242.5,244.98,249.79,241.02,44756,1100326144.0,3.61,0.96,2.32,0.36,244.98,249.79,241.02,229.98
3459,2016-03-28,600519,244.98,249.58,253.38,244.98,48338,1207751712.0,3.43,1.88,4.6,0.38,249.58,253.38,244.98,198.89
3460,2016-03-29,600519,249.6,248.11,251.0,244.44,36688,911522992.0,2.63,-0.59,-1.47,0.29,248.11,251.0,244.44,140.06
3461,2016-03-30,600519,249.0,248.66,250.4,245.48,27783,688591408.0,1.98,0.22,0.55,0.22,248.66,250.4,245.48,112.66
3462,2016-03-31,600519,249.84,247.64,250.3,246.99,19457,483196896.0,1.33,-0.41,-1.02,0.15,247.64,250.3,246.99,93.67
3463,2016-04-01,600519,248.95,245.09,250.49,244.54,25146,620149504.0,2.4,-1.03,-2.55,0.2,245.09,250.49,244.54,68.56
3464,2016-04-05,600519,243.0,245.52,247.5,243.0,25048,615354320.0,1.84,0.18,0.43,0.2,245.52,247.5,243.0,49.25
3465,2016-04-06,600519,245.8,257.21,257.6,245.8,48425,1225137024.0,4.81,4.76,11.69,0.39,257.21,257.6,245.8,107.95
3466,2016-04-07,600519,256.89,254.11,257.48,252.62,25536,650128768.0,1.89,-1.21,-3.1,0.2,254.11,257.48,252.62,108.22
3467,2016-04-08,600519,252.0,249.86,255.89,248.2,23156,583704016.0,3.03,-1.67,-4.25,0.18,249.86,255.89,248.2,72.76
3468,2016-04-11,600519,250.5,243.72,255.18,243.5,119285,2930751136.0,4.67,-2.46,-6.14,0.95,243.72,255.18,243.5,18.28
3469,2016-04-12,600519,243.7,244.92,245.0,242.1,23339,568663728.0,1.19,0.49,1.2,0.19,244.92,245.0,242.1,-53.17
3470,2016-04-13,600519,245.4,242.24,248.63,241.7,54274,1328412384.0,2.83,-1.09,-2.68,0.43,242.24,248.63,241.7,-77.96
3471,2016-04-14,600519,242.38,242.76,244.83,241.0,28664,696651872.0,1.58,0.21,0.52,0.23,242.76,244.83,241.0,-122.96
3472,2016-04-15,600519,242.64,244.9,244.98,241.2,19029,463404864.0,1.56,0.88,2.14,0.15,244.9,244.98,241.2,-95.45
3473,2016-04-18,600519,242.8,243.68,246.0,242.5,18593,453989136.0,1.43,-0.5,-1.22,0.15,243.68,246.0,242.5,-74.69
3474,2016-04-19,600519,244.59,243.18,245.19,241.45,14237,345816832.0,1.53,-0.21,-0.5,0.11,243.18,245.19,241.45,-79.71
3475,2016-04-20,600519,243.19,238.44,244.4,235.8,33709,808354336.0,3.54,-1.95,-4.74,0.27,238.44,244.4,235.8,-132.99
3476,2016-04-21,600519,240.5,240.37,242.3,238.3,29672,713190672.0,1.68,0.81,1.93,0.24,240.37,242.3,238.3,-102.81
3477,2016-04-22,600519,241.0,247.4,247.88,240.37,35459,869560464.0,3.12,2.92,7.03,0.28,247.4,247.88,240.37,-8.96
3478,2016-04-25,600519,247.12,244.52,248.1,243.3,24990,614481808.0,1.94,-1.16,-2.88,0.2,244.52,248.1,243.3,-7.18
3479,2016-04-26,600519,244.95,243.86,246.88,243.0,15157,370224912.0,1.59,-0.27,-0.66,0.12,243.86,246.88,243.0,-11.43
3480,2016-04-27,600519,244.5,244.88,245.48,243.49,13915,340092448.0,0.82,0.42,1.02,0.11,244.88,245.48,243.49,11.05
3481,2016-04-28,600519,245.83,246.44,246.74,244.0,17157,421012816.0,1.12,0.64,1.56,0.14,246.44,246.74,244.0,85.23
3482,2016-04-29,600519,247.39,251.2,252.43,247.39,46079,1155915392.0,2.05,1.93,4.76,0.37,251.2,252.43,247.39,261.19
3483,2016-05-03,600519,250.55,260.0,262.28,250.55,56475,1463972624.0,4.67,3.5,8.8,0.45,260.0,262.28,250.55,311.97
3484,2016-05-04,600519,260.0,256.21,262.39,255.99,28636,743425168.0,2.46,-1.46,-3.79,0.23,256.21,262.39,255.99,202.7
3485,2016-05-05,600519,256.5,257.77,258.15,255.5,13518,347050352.0,1.03,0.61,1.56,0.11,257.77,258.15,255.5,134.33
3486,2016-05-06,600519,257.31,252.22,258.52,251.12,27174,689911424.0,2.87,-2.15,-5.55,0.22,252.22,258.52,251.12,74.97
3487,2016-05-09,600519,250.13,250.82,252.8,249.01,27799,696784544.0,1.5,-0.56,-1.4,0.22,250.82,252.8,249.01,31.12
3488,2016-05-10,600519,249.5,252.08,254.0,249.11,33506,843441776.0,1.95,0.5,1.26,0.27,252.08,254.0,249.11,34.94
3489,2016-05-11,600519,252.35,256.87,260.48,252.35,49277,1268594576.0,3.23,1.9,4.79,0.39,256.87,260.48,252.35,85.07
3490,2016-05-12,600519,254.02,255.96,256.56,252.0,18894,480711456.0,1.78,-0.35,-0.91,0.15,255.96,256.56,252.0,53.71
3491,2016-05-13,600519,255.98,250.96,258.9,250.5,28146,714915408.0,3.28,-1.95,-5.0,0.22,250.96,258.9,250.5,26.64
3492,2016-05-16,600519,250.86,251.63,251.8,247.3,22203,553627504.0,1.79,0.27,0.67,0.18,251.63,251.8,247.3,-32.89
3493,2016-05-17,600519,251.01,250.03,252.4,249.83,11786,295827984.0,1.02,-0.64,-1.6,0.09,250.03,252.4,249.83,-35.81
3494,2016-05-18,600519,249.08,244.44,251.85,243.1,28380,700172112.0,3.5,-2.24,-5.59,0.23,244.44,251.85,243.1,-127.71
3495,2016-05-19,600519,245.16,245.77,248.5,244.5,20889,514050848.0,1.64,0.54,1.33,0.17,245.77,248.5,244.5,-134.27
3496,2016-05-20,600519,246.84,251.26,252.18,244.32,25502,638079264.0,3.2,2.23,5.49,0.2,251.26,252.18,244.32,-68.99
3497,2016-05-23,600519,249.72,254.2,254.99,249.72,18706,474832784.0,2.1,1.17,2.94,0.15,254.2,254.99,249.72,14.26
3498,2016-05-24,600519,254.41,251.94,255.21,250.1,11674,294383664.0,2.01,-0.89,-2.26,0.09,251.94,255.21,250.1,12.89
3499,2016-05-25,600519,254.48,251.86,254.94,251.01,17785,450815936.0,1.56,-0.03,-0.08,0.14,251.86,254.94,251.01,29.78
3500,2016-05-26,600519,251.99,252.71,253.8,249.2,18120,454859056.0,1.83,0.34,0.85,0.14,252.71,253.8,249.2,14.16
3501,2016-05-27,600519,252.72,252.44,254.69,251.38,13230,334258000.0,1.31,-0.11,-0.27,0.11,252.44,254.69,251.38,38.74
3502,2016-05-30,600519,251.5,256.13,256.5,250.0,29807,756013040.0,2.57,1.46,3.69,0.24,256.13,256.5,250.0,71.74
3503,2016-05-31,600519,256.0,264.47,266.62,255.2,53950,1418668240.0,4.46,3.26,8.34,0.43,264.47,266.62,255.2,255.91
3504,2016-06-01,600519,265.4,263.79,265.5,263.0,21877,578184016.0,0.95,-0.26,-0.68,0.17,263.79,265.5,263.0,231.61
3505,2016-06-02,600519,263.01,267.74,268.68,263.01,24761,660335568.0,2.15,1.5,3.95,0.2,267.74,268.68,263.01,186.35
3506,2016-06-03,600519,267.0,283.89,286.74,266.4,64798,1806172752.0,7.6,6.03,16.15,0.52,283.89,286.74,266.4,223.51
3507,2016-06-06,600519,282.0,276.05,283.0,275.0,37262,1034692864.0,2.82,-2.76,-7.84,0.3,276.05,283.0,275.0,155.22
3508,2016-06-07,600519,276.5,277.85,278.49,275.01,18754,518246016.0,1.26,0.65,1.8,0.15,277.85,278.49,275.01,119.36
3509,2016-06-08,600519,276.4,274.28,277.86,273.5,23882,656530784.0,1.57,-1.28,-3.57,0.19,274.28,277.86,273.5,90.68
3510,2016-06-13,600519,273.35,267.06,276.66,266.25,37775,1030012784.0,3.8,-2.63,-7.22,0.3,267.06,276.66,266.25,46.3
3511,2016-06-14,600519,267.71,272.75,273.8,267.71,25587,696446752.0,2.28,2.13,5.69,0.2,272.75,273.8,267.71,48.51
3512,2016-06-15,600519,270.71,276.49,277.8,270.21,27322,752172240.0,2.78,1.37,3.74,0.22,276.49,277.8,270.21,64.66
3513,2016-06-16,600519,274.86,274.02,277.8,273.78,19644,540824576.0,1.45,-0.89,-2.47,0.16,274.02,277.8,273.78,59.16
3514,2016-06-17,600519,273.6,278.26,282.49,273.6,24705,689165056.0,3.24,1.55,4.24,0.2,278.26,282.49,273.6,76.98
3515,2016-06-20,600519,279.77,276.11,279.86,274.0,19019,523759584.0,2.11,-0.77,-2.15,0.15,276.11,279.86,274.0,57.05
3516,2016-06-21,600519,277.04,273.81,277.94,273.0,16749,460067360.0,1.79,-0.83,-2.3,0.13,273.81,277.94,273.0,27.31
3517,2016-06-22,600519,273.77,278.44,279.36,272.77,20884,577353680.0,2.41,1.69,4.63,0.17,278.44,279.36,272.77,51.66
3518,2016-06-23,600519,279.97,276.44,279.97,274.88,13985,386801280.0,1.83,-0.72,-2.0,0.11,276.44,279.97,274.88,53.57
3519,2016-06-24,600519,275.28,273.77,277.0,267.2,20130,550877440.0,3.55,-0.97,-2.67,0.16,273.77,277.0,267.2,-92.89
3520,2016-06-27,600519,275.0,287.68,292.3,275.0,63643,1823624048.0,6.32,5.08,13.91,0.51,287.68,292.3,275.0,244.2
3521,2016-06-28,600519,287.02,288.21,289.66,286.32,24282,699351504.0,1.16,0.18,0.53,0.19,288.21,289.66,286.32,238.42
3522,2016-06-29,600519,287.55,288.18,289.45,284.2,28148,805690464.0,1.82,-0.01,-0.03,0.22,288.18,289.45,284.2,159.63
3523,2016-06-30,600519,290.02,291.92,298.2,290.02,38022,1116195904.0,2.84,1.3,3.74,0.3,291.92,298.2,290.02,175.9
3524,2016-07-01,600519,287.2,286.17,291.88,284.0,26015,746622848.0,2.7,-1.97,-5.75,0.21,286.17,291.88,284.0,83.63
3525,2016-07-04,600519,287.0,293.9,295.4,286.0,29489,859625104.0,3.28,2.7,7.73,0.23,293.9,295.4,286.0,108.75
3526,2016-07-05,600519,295.03,300.58,303.1,295.03,41708,1252985744.0,2.75,2.27,6.68,0.33,300.58,303.1,295.03,152.02
3527,2016-07-06,600519,299.8,317.19,318.0,299.01,47348,1463885920.0,6.32,5.53,16.61,0.38,317.19,318.0,299.01,203.95
3528,2016-07-07,600519,315.8,316.91,326.8,312.08,50725,1619384208.0,4.64,-0.09,-0.28,0.4,316.91,326.8,312.08,195.29
3529,2016-07-08,600519,313.53,309.91,315.5,306.16,45546,1412963904.0,2.95,-2.21,-7.0,0.36,309.91,315.5,306.16,115.07
3530,2016-07-11,600519,309.03,315.14,324.0,309.03,57482,1825388224.0,4.83,1.69,5.23,0.46,315.14,324.0,309.03,119.44
3531,2016-07-12,600519,315.76,324.73,326.6,315.0,53119,1712151168.0,3.68,3.04,9.59,0.42,324.73,326.6,315.0,122.3
3532,2016-07-13,600519,323.03,317.19,324.73,315.05,53448,1697002624.0,2.98,-2.32,-7.54,0.43,317.19,324.73,315.05,90.89
3533,2016-07-14,600519,316.09,317.09,320.8,315.2,29231,928017840.0,1.77,-0.03,-0.1,0.23,317.09,320.8,315.2,72.86
3534,2016-07-15,600519,317.12,317.52,318.03,315.06,26811,848676192.0,0.94,0.14,0.43,0.21,317.52,318.03,315.06,60.16
3535,2016-07-18,600519,317.5,316.21,319.5,315.66,23353,741065232.0,1.21,-0.41,-1.31,0.19,316.21,319.5,315.66,54.95
3536,2016-07-19,600519,315.5,308.11,316.3,305.55,41432,1282256496.0,3.4,-2.56,-8.1,0.33,308.11,316.3,305.55,4.27
3537,2016-07-20,600519,308.62,308.56,310.87,307.5,17734,548187888.0,1.09,0.15,0.45,0.14,308.56,310.87,307.5,-12.97
3538,2016-07-21,600519,310.15,314.38,317.6,309.0,33009,1041004816.0,2.79,1.89,5.82,0.26,314.38,317.6,309.0,14.2
3539,2016-07-22,600519,312.9,307.92,315.2,307.38,28871,893047920.0,2.49,-2.05,-6.46,0.23,307.92,315.2,307.38,-52.14
3540,2016-07-25,600519,307.6,311.26,314.19,307.0,23624,736751808.0,2.34,1.08,3.34,0.19,311.26,314.19,307.0,-66.19
3541,2016-07-26,600519,309.01,319.04,319.5,308.5,35556,1121135552.0,3.53,2.5,7.78,0.28,319.04,319.5,308.5,16.56
3542,2016-07-27,600519,319.85,314.01,320.6,308.3,39228,1235833184.0,3.86,-1.58,-5.03,0.31,314.01,320.6,308.3,-3.92
3543,2016-07-28,600519,312.0,316.05,319.3,311.5,39644,1254912048.0,2.48,0.65,2.04,0.32,316.05,319.3,311.5,16.59
3544,2016-07-29,600519,315.08,313.15,318.88,313.0,29007,913987184.0,1.86,-0.92,-2.9,0.23,313.15,318.88,313.0,5.02
3545,2016-08-01,600519,313.0,306.96,313.95,305.0,31702,980681840.0,2.86,-1.98,-6.19,0.25,306.96,313.95,305.0,-116.94
3546,2016-08-02,600519,307.25,306.21,310.5,302.85,26541,812078464.0,2.49,-0.24,-0.75,0.21,306.21,310.5,302.85,-133.04
3547,2016-08-03,600519,307.0,306.82,307.9,304.15,24039,735080448.0,1.22,0.2,0.61,0.19,306.82,307.9,304.15,-116.06
3548,2016-08-04,600519,306.85,306.3,308.33,304.22,21794,666165440.0,1.34,-0.17,-0.52,0.17,306.3,308.33,304.22,-102.07
3549,2016-08-05,600519,306.49,305.93,308.37,305.03,20308,622324416.0,1.09,-0.12,-0.37,0.16,305.93,308.37,305.03,-90.24
3550,2016-08-08,600519,306.15,308.1,308.3,303.06,22007,672724160.0,1.71,0.71,2.17,0.18,308.1,308.3,303.06,-78.4
3551,2016-08-09,600519,308.17,315.75,317.67,306.42,39290,1230571984.0,3.65,2.48,7.65,0.31,315.75,317.67,306.42,51.5
3552,2016-08-10,600519,315.05,313.81,316.5,313.33,20945,659451040.0,1.0,-0.61,-1.94,0.17,313.81,316.5,313.33,73.75
3553,2016-08-11,600519,314.38,316.77,321.57,314.01,31940,1016399248.0,2.41,0.94,2.96,0.25,316.77,321.57,314.01,106.52
3554,2016-08-12,600519,317.4,316.97,317.4,314.01,23353,737487488.0,1.07,0.06,0.2,0.19,316.97,317.4,314.01,72.39
3555,2016-08-15,600519,315.8,318.78,321.69,314.15,34110,1084418384.0,2.38,0.57,1.81,0.27,318.78,321.69,314.15,99.2
3556,2016-08-16,600519,322.0,309.52,322.48,308.0,88379,2755749504.0,4.54,-2.9,-9.26,0.7,309.52,322.48,308.0,25.16
3557,2016-08-17,600519,309.6,308.16,310.97,306.5,43754,1347397792.0,1.44,-0.44,-1.36,0.35,308.16,310.97,306.5,-42.61
3558,2016-08-18,600519,307.95,306.43,309.65,305.13,31006,951674784.0,1.47,-0.56,-1.73,0.25,306.43,309.65,305.13,-57.76
3559,2016-08-19,600519,305.8,306.48,307.45,304.8,19141,585467696.0,0.86,0.02,0.05,0.15,306.48,307.45,304.8,-65.98
3560,2016-08-22,600519,306.13,307.32,309.58,306.0,20813,640455200.0,1.17,0.27,0.84,0.17,307.32,309.58,306.0,-46.34
3561,2016-08-23,600519,307.33,306.88,309.04,305.8,19914,612752800.0,1.05,-0.14,-0.44,0.16,306.88,309.04,305.8,-54.38
3562,2016-08-24,600519,307.02,305.28,307.49,303.83,22779,695005296.0,1.19,-0.52,-1.6,0.18,305.28,307.49,303.83,-79.97
3563,2016-08-25,600519,305.2,303.01,305.38,300.07,25363,766099104.0,1.74,-0.74,-2.27,0.2,303.01,305.38,300.07,-112.91
3564,2016-08-26,600519,303.14,301.45,304.55,300.4,21436,648346752.0,1.37,-0.51,-1.56,0.17,301.45,304.55,300.4,-111.83
3565,2016-08-29,600519,308.0,307.53,308.8,305.2,38056,1169052448.0,1.19,2.02,6.08,0.3,307.53,308.8,305.2,-35.22
3566,2016-08-30,600519,307.0,305.86,308.5,304.67,21171,649198656.0,1.25,-0.54,-1.67,0.17,305.86,308.5,304.67,-42.35
3567,2016-08-31,600519,306.7,310.19,310.76,305.54,40401,1250762224.0,1.71,1.42,4.33,0.32,310.19,310.76,305.54,9.19
3568,2016-09-01,600519,309.7,308.71,312.0,308.25,17186,532785264.0,1.21,-0.48,-1.48,0.14,308.71,312.0,308.25,42.76
3569,2016-09-02,600519,308.0,305.78,309.45,304.88,18572,570909568.0,1.48,-0.95,-2.93,0.15,305.78,309.45,304.88,-14.11
3570,2016-09-05,600519,306.2,308.5,309.0,305.81,19139,589626256.0,1.04,0.89,2.72,0.15,308.5,309.0,305.81,48.41
3571,2016-09-06,600519,308.5,309.94,310.36,308.35,20626,638681584.0,0.65,0.47,1.44,0.16,309.94,310.36,308.35,120.27
3572,2016-09-07,600519,309.68,306.6,309.68,305.5,29645,908976240.0,1.35,-1.08,-3.34,0.24,306.6,309.68,305.5,20.66
3573,2016-09-08,600519,305.21,305.82,306.5,304.41,16706,509979664.0,0.68,-0.25,-0.78,0.13,305.82,306.5,304.41,-47.76
3574,2016-09-09,600519,306.65,304.63,306.86,304.0,16223,494663728.0,0.94,-0.39,-1.19,0.13,304.63,306.86,304.0,-55.21
3575,2016-09-12,600519,302.0,298.06,304.0,297.77,38239,1148690128.0,2.05,-2.16,-6.57,0.3,298.06,304.0,297.77,-189.12
3576,2016-09-13,600519,299.95,300.43,300.97,299.3,16256,488095088.0,0.56,0.8,2.37,0.13,300.43,300.97,299.3,-140.11
3577,2016-09-14,600519,300.1,299.57,302.2,298.01,18528,556106064.0,1.39,-0.29,-0.86,0.15,299.57,302.2,298.01,-129.88
3578,2016-09-19,600519,300.05,300.13,301.57,299.88,12852,385804384.0,0.56,0.19,0.56,0.1,300.13,301.57,299.88,-107.47
3579,2016-09-20,600519,300.78,294.96,300.8,294.0,34893,1031649952.0,2.27,-1.72,-5.17,0.28,294.96,300.8,294.0,-145.28
3580,2016-09-21,600519,295.06,294.05,295.39,289.11,39037,1139374176.0,2.13,-0.31,-0.91,0.31,294.05,295.39,289.11,-158.9
3581,2016-09-22,600519,294.3,296.98,299.98,294.01,29606,879666032.0,2.03,1.0,2.93,0.24,296.98,299.98,294.01,-83.43
3582,2016-09-23,600519,297.02,297.68,298.95,295.4,12672,376554080.0,1.2,0.24,0.7,0.1,297.68,298.95,295.4,-69.08
3583,2016-09-26,600519,297.0,288.73,297.01,288.55,37176,1080278320.0,2.84,-3.01,-8.95,0.3,288.73,297.01,288.55,-139.48
3584,2016-09-27,600519,288.88,291.17,291.98,288.76,17916,520513712.0,1.12,0.85,2.44,0.14,291.17,291.98,288.76,-131.97
3585,2016-09-28,600519,291.79,288.41,291.79,287.56,22360,648736320.0,1.45,-0.95,-2.76,0.18,288.41,291.79,287.56,-130.28
3586,2016-09-29,600519,287.85,290.98,293.0,287.85,23706,688873472.0,1.79,0.89,2.57,0.19,290.98,293.0,287.85,-97.6
3587,2016-09-30,600519,290.0,297.91,299.63,290.0,29604,880477808.0,3.31,2.38,6.93,0.24,297.91,299.63,290.0,-6.82
3588,2016-10-10,600519,298.51,302.96,303.86,298.51,21104,637178864.0,1.8,1.7,5.05,0.17,302.96,303.86,298.51,106.39
3589,2016-10-11,600519,304.0,308.92,309.0,303.0,41737,1279755344.0,1.98,1.97,5.96,0.33,308.92,309.0,303.0,172.32
3590,2016-10-12,600519,308.5,305.82,308.5,304.9,19286,590793824.0,1.17,-1.0,-3.1,0.15,305.82,308.5,304.9,140.85
3591,2016-10-13,600519,306.8,303.89,306.94,303.51,16144,491591616.0,1.12,-0.63,-1.93,0.13,303.89,306.94,303.51,102.59
3592,2016-10-14,600519,303.47,305.6,306.0,303.2,12691,386317904.0,0.92,0.56,1.71,0.1,305.6,306.0,303.2,92.82
3593,2016-10-17,600519,305.45,302.45,305.5,301.5,18957,574503344.0,1.31,-1.03,-3.15,0.15,302.45,305.5,301.5,59.87
3594,2016-10-18,600519,302.5,307.16,308.5,302.0,30389,932443504.0,2.15,1.56,4.71,0.24,307.16,308.5,302.0,78.57
3595,2016-10-19,600519,308.5,306.45,308.75,305.1,14123,433658688.0,1.19,-0.23,-0.71,0.11,306.45,308.75,305.1,76.56
3596,2016-10-20,600519,307.39,305.48,307.39,304.8,14080,429896208.0,0.85,-0.32,-0.97,0.11,305.48,307.39,304.8,59.49
3597,2016-10-21,600519,305.08,304.19,305.48,302.59,11483,349209696.0,0.95,-0.42,-1.29,0.09,304.19,305.48,302.59,34.81
3598,2016-10-24,600519,302.6,306.93,307.0,302.6,26247,802002336.0,1.45,0.9,2.74,0.21,306.93,307.0,302.6,47.72
3599,2016-10-25,600519,307.39,312.94,313.0,307.39,43762,1363211040.0,1.83,1.96,6.01,0.35,312.94,313.0,307.39,141.6
3600,2016-10-26,600519,313.0,313.68,318.31,311.65,46813,1475976848.0,2.13,0.24,0.74,0.37,313.68,318.31,311.65,224.0
3601,2016-10-27,600519,312.99,316.87,318.22,311.01,32952,1039017328.0,2.3,1.02,3.19,0.26,316.87,318.22,311.01,194.35
3602,2016-10-28,600519,317.5,317.05,318.43,314.0,20137,637478016.0,1.4,0.06,0.18,0.16,317.05,318.43,314.0,155.29
3603,2016-10-31,600519,319.0,317.95,322.8,316.8,43596,1394967920.0,1.89,0.28,0.9,0.35,317.95,322.8,316.8,148.73
3604,2016-11-01,600519,317.95,316.68,319.0,315.55,19512,617880128.0,1.09,-0.4,-1.27,0.16,316.68,319.0,315.55,96.53
3605,2016-11-02,600519,316.09,315.18,317.16,313.68,20636,650629056.0,1.1,-0.47,-1.5,0.16,315.18,317.16,313.68,63.49
3606,2016-11-03,600519,315.0,315.86,316.46,314.15,18691,589861360.0,0.73,0.22,0.68,0.15,315.86,316.46,314.15,57.16
3607,2016-11-04,600519,315.99,314.82,318.25,313.98,20619,650490000.0,1.35,-0.33,-1.04,0.16,314.82,318.25,313.98,51.76
3608,2016-11-07,600519,315.0,315.33,317.0,313.2,16048,505304912.0,1.21,0.16,0.51,0.13,315.33,317.0,313.2,38.48
3609,2016-11-08,600519,316.5,320.0,322.18,315.68,34194,1093003616.0,2.06,1.48,4.67,0.27,320.0,322.18,315.68,95.8
3610,2016-11-09,600519,320.0,316.81,321.97,313.8,30004,951077200.0,2.55,-1.0,-3.19,0.24,316.81,321.97,313.8,64.29
3611,2016-11-10,600519,319.1,319.13,321.0,317.73,17805,568571584.0,1.03,0.73,2.32,0.14,319.13,321.0,317.73,110.3
3612,2016-11-11,600519,317.99,315.08,318.3,314.8,35903,1133744320.0,1.1,-1.27,-4.05,0.29,315.08,318.3,314.8,-8.22
3613,2016-11-14,600519,315.55,310.99,315.87,309.99,39920,1246340880.0,1.87,-1.3,-4.09,0.32,310.99,315.87,309.99,-175.47
3614,2016-11-15,600519,310.03,314.01,315.65,310.03,24471,766112496.0,1.81,0.97,3.02,0.19,314.01,315.65,310.03,-124.01
3615,2016-11-16,600519,313.81,313.15,315.4,312.0,13400,419672480.0,1.08,-0.27,-0.86,0.11,313.15,315.4,312.0,-99.84
3616,2016-11-17,600519,312.08,311.04,313.0,310.53,18338,570642080.0,0.79,-0.67,-2.11,0.15,311.04,313.0,310.53,-142.81
3617,2016-11-18,600519,311.16,310.0,311.8,309.88,19378,601883504.0,0.62,-0.33,-1.04,0.15,310.0,311.8,309.88,-146.42
3618,2016-11-21,600519,311.02,309.5,311.66,308.37,26084,807014528.0,1.06,-0.16,-0.5,0.21,309.5,311.66,308.37,-132.8
3619,2016-11-22,600519,310.3,308.87,310.45,308.37,26424,816561744.0,0.67,-0.2,-0.63,0.21,308.87,310.45,308.37,-120.86
3620,2016-11-23,600519,311.0,312.95,313.0,309.11,34015,1058266304.0,1.26,1.32,4.08,0.27,312.95,313.0,309.11,-53.49
3621,2016-11-24,600519,313.2,316.93,317.0,311.42,39079,1227937712.0,1.78,1.27,3.98,0.31,316.93,317.0,311.42,30.09
3622,2016-11-25,600519,317.04,316.89,318.0,313.42,22370,706042464.0,1.45,-0.01,-0.04,0.18,316.89,318.0,313.42,51.09
3623,2016-11-28,600519,317.55,319.5,320.18,316.6,49253,1568882896.0,1.13,0.82,2.61,0.39,319.5,320.18,316.6,116.7
3624,2016-11-29,600519,320.7,323.96,330.45,319.41,58831,1911874432.0,3.46,1.4,4.46,0.47,323.96,330.45,319.41,202.87
3625,2016-11-30,600519,321.22,319.08,323.3,318.45,26752,855564592.0,1.5,-1.51,-4.88,0.21,319.08,323.3,318.45,112.56
3626,2016-12-01,600519,320.0,321.02,324.59,318.68,27942,896065024.0,1.85,0.61,1.94,0.22,321.02,324.59,318.68,113.07
3627,2016-12-02,600519,321.0,321.77,323.2,319.0,30628,984836864.0,1.31,0.23,0.75,0.24,321.77,323.2,319.0,92.16
3628,2016-12-05,600519,319.2,315.93,324.54,315.82,42061,1342647360.0,2.71,-1.81,-5.84,0.33,315.93,324.54,315.82,44.54
3629,2016-12-06,600519,316.23,326.42,326.58,316.23,38923,1251764480.0,3.28,3.32,10.49,0.31,326.42,326.58,316.23,94.3
3630,2016-12-07,600519,327.12,327.45,328.5,323.97,25272,825849248.0,1.39,0.32,1.03,0.2,327.45,328.5,323.97,124.93
3631,2016-12-08,600519,328.01,337.71,340.0,327.0,54476,1825332448.0,3.97,3.13,10.26,0.43,337.71,340.0,327.0,198.74
3632,2016-12-09,600519,337.2,337.76,339.42,334.02,34496,1162079792.0,1.6,0.01,0.05,0.27,337.76,339.42,334.02,185.2
3633,2016-12-12,600519,337.7,326.86,340.0,325.7,50332,1667557008.0,4.23,-3.23,-10.9,0.4,326.86,340.0,325.7,93.38
3634,2016-12-13,600519,326.84,333.01,335.0,325.5,41780,1384533792.0,2.91,1.88,6.15,0.33,333.01,335.0,325.5,81.28
3635,2016-12-14,600519,333.0,332.27,334.07,328.5,32029,1062697136.0,1.67,-0.22,-0.74,0.25,332.27,334.07,328.5,72.71
3636,2016-12-15,600519,332.46,328.05,332.99,325.58,39203,1285279904.0,2.23,-1.27,-4.22,0.31,328.05,332.99,325.58,31.9
3637,2016-12-16,600519,327.0,327.58,329.88,323.58,25051,818412416.0,1.92,-0.14,-0.47,0.2,327.58,329.88,323.58,0.59
3638,2016-12-19,600519,326.0,325.96,334.37,325.61,30472,1002365472.0,2.67,-0.49,-1.62,0.24,325.96,334.37,325.61,20.02
3639,2016-12-20,600519,326.04,326.48,327.0,321.81,30832,1001345152.0,1.59,0.16,0.52,0.25,326.48,327.0,321.81,-39.16
3640,2016-12-21,600519,326.9,328.66,329.29,323.56,24711,807548096.0,1.76,0.67,2.18,0.2,328.66,329.29,323.56,-14.59
3641,2016-12-22,600519,328.0,325.2,328.46,324.88,14678,478750704.0,1.09,-1.05,-3.46,0.12,325.2,328.46,324.88,-41.4
3642,2016-12-23,600519,323.55,320.03,324.5,319.13,31096,1001068080.0,1.65,-1.59,-5.17,0.25,320.03,324.5,319.13,-146.15
3643,2016-12-26,600519,319.03,324.48,324.99,316.2,26001,835811088.0,2.75,1.39,4.45,0.21,324.48,324.99,316.2,-127.83
3644,2016-12-27,600519,324.51,326.16,328.8,323.5,20062,655887936.0,1.63,0.52,1.68,0.16,326.16,328.8,323.5,-43.67
3645,2016-12-28,600519,326.99,323.72,328.0,323.33,17878,581648976.0,1.43,-0.75,-2.44,0.14,323.72,328.0,323.33,-57.29
3646,2016-12-29,600519,324.0,327.31,327.87,323.0,21225,690986080.0,1.5,1.11,3.59,0.17,327.31,327.87,323.0,-23.95
3647,2016-12-30,600519,326.61,334.15,335.29,326.61,34688,1152982240.0,2.65,2.09,6.84,0.28,334.15,335.29,326.61,133.98
3648,2017-01-03,600519,334.28,334.56,337.0,332.81,20764,695005296.0,1.25,0.12,0.41,0.17,334.56,337.0,332.81,179.08
3649,2017-01-04,600519,334.62,351.91,352.17,334.6,65257,2245051872.0,5.25,5.19,17.35,0.52,351.91,352.17,334.6,288.31
3650,2017-01-05,600519,350.0,346.74,351.45,345.44,41704,1449077680.0,1.71,-1.47,-5.17,0.33,346.74,351.45,345.44,201.18
3651,2017-01-06,600519,346.64,350.76,359.78,346.1,68096,2402546304.0,3.95,1.16,4.02,0.54,350.76,359.78,346.1,173.55
3652,2017-01-09,600519,347.8,348.51,352.88,346.54,35405,1233977968.0,1.81,-0.64,-2.25,0.28,348.51,352.88,346.54,116.25
3653,2017-01-10,600519,348.45,349.0,352.0,346.6,31728,1108100800.0,1.55,0.14,0.49,0.25,349.0,352.0,346.6,94.7
3654,2017-01-11,600519,348.0,345.45,348.0,343.5,23599,814074640.0,1.29,-1.02,-3.55,0.19,345.45,348.0,343.5,60.49
3655,2017-01-12,600519,346.55,347.05,347.4,344.51,17779,614822048.0,0.84,0.46,1.6,0.14,347.05,347.4,344.51,55.48
3656,2017-01-13,600519,346.98,344.87,347.39,343.88,18282,631734944.0,1.01,-0.63,-2.18,0.15,344.87,347.39,343.88,42.15
3657,2017-01-16,600519,344.13,341.47,344.8,338.8,36855,1259384864.0,1.74,-0.99,-3.4,0.29,341.47,344.8,338.8,8.93
3658,2017-01-17,600519,342.6,349.13,351.5,342.0,35188,1223967888.0,2.78,2.24,7.66,0.28,349.13,351.5,342.0,49.99
3659,2017-01-18,600519,348.88,355.08,356.77,347.21,46006,1622110976.0,2.74,1.7,5.95,0.37,355.08,356.77,347.21,99.63
3660,2017-01-19,600519,355.0,354.72,358.48,351.7,28524,1011320064.0,1.91,-0.1,-0.36,0.23,354.72,358.48,351.7,131.51
3661,2017-01-20,600519,354.9,354.99,357.4,353.03,21344,758416000.0,1.23,0.08,0.27,0.17,354.99,357.4,353.03,126.41
3662,2017-01-23,600519,356.88,351.22,359.8,349.46,32581,1151869296.0,2.91,-1.06,-3.77,0.26,351.22,359.8,349.46,86.99
3663,2017-01-24,600519,351.27,350.31,352.8,346.75,26915,939129472.0,1.72,-0.26,-0.91,0.21,350.31,352.8,346.75,11.34
3664,2017-01-25,600519,349.98,347.63,349.98,346.2,22990,799259968.0,1.08,-0.77,-2.68,0.18,347.63,349.98,346.2,-30.96
3665,2017-01-26,600519,348.14,344.42,348.8,341.3,37826,1303262144.0,2.16,-0.92,-3.21,0.3,344.42,348.8,341.3,-82.65
3666,2017-02-03,600519,346.0,346.85,349.18,345.0,20936,727140784.0,1.21,0.71,2.43,0.17,346.85,349.18,345.0,-34.15
3667,2017-02-06,600519,348.49,346.85,348.89,344.96,15681,543401904.0,1.13,0.0,0.0,0.12,346.85,348.89,344.96,-32.59
3668,2017-02-07,600519,346.84,343.58,347.4,343.14,20520,707114112.0,1.23,-0.94,-3.27,0.16,343.58,347.4,343.14,-73.29
3669,2017-02-08,600519,343.76,344.21,345.5,342.67,19089,656786320.0,0.82,0.18,0.63,0.15,344.21,345.5,342.67,-78.92
3670,2017-02-09,600519,345.0,347.61,348.79,344.61,23324,808958176.0,1.21,0.99,3.4,0.19,347.61,348.79,344.61,-27.81
3671,2017-02-10,600519,348.62,345.08,349.82,345.0,24057,835679328.0,1.39,-0.73,-2.53,0.19,345.08,349.82,345.0,-44.95
3672,2017-02-13,600519,344.0,349.75,351.9,341.92,53588,1869148352.0,2.89,1.35,4.67,0.43,349.75,351.9,341.92,-20.2
3673,2017-02-14,600519,349.54,350.21,352.6,349.1,26559,931733728.0,1.0,0.13,0.46,0.21,350.21,352.6,349.1,44.19
3674,2017-02-15,600519,351.5,348.53,352.44,347.2,26257,917475856.0,1.5,-0.48,-1.68,0.21,348.53,352.44,347.2,30.48
3675,2017-02-16,600519,348.5,348.09,348.62,345.51,17642,612607280.0,0.89,-0.13,-0.44,0.14,348.09,348.62,345.51,-10.75
3676,2017-02-17,600519,348.9,350.56,354.44,347.5,29102,1022647968.0,1.99,0.71,2.47,0.23,350.56,354.44,347.5,134.51
3677,2017-02-20,600519,350.41,361.29,362.32,350.01,61853,2215563600.0,3.51,3.06,10.73,0.49,361.29,362.32,350.01,278.54
3678,2017-02-21,600519,361.88,358.74,362.43,357.18,27706,994112864.0,1.45,-0.71,-2.55,0.22,358.74,362.43,357.18,208.0
3679,2017-02-22,600519,360.61,361.89,366.52,360.0,37130,1347469104.0,1.82,0.88,3.15,0.3,361.89,366.52,360.0,192.03
3680,2017-02-23,600519,360.97,361.7,365.48,359.76,23328,844123200.0,1.58,-0.05,-0.19,0.19,361.7,365.48,359.76,137.97
3681,2017-02-24,600519,362.0,362.62,362.89,360.05,17693,639123200.0,0.79,0.25,0.92,0.14,362.62,362.89,360.05,104.24
3682,2017-02-27,600519,362.49,357.2,362.85,356.8,25400,912927184.0,1.67,-1.49,-5.42,0.2,357.2,362.85,356.8,60.53
3683,2017-02-28,600519,357.0,354.66,359.2,353.58,27474,975788672.0,1.57,-0.71,-2.54,0.22,354.66,359.2,353.58,18.98
3684,2017-03-01,600519,355.1,356.61,358.2,355.0,21944,782349008.0,0.9,0.55,1.95,0.17,356.61,358.2,355.0,21.91
3685,2017-03-02,600519,356.71,356.82,357.0,354.53,22104,785560416.0,0.69,0.06,0.21,0.18,356.82,357.0,354.53,8.13
3686,2017-03-03,600519,355.0,356.54,358.22,355.0,14154,505108560.0,0.9,-0.08,-0.28,0.11,356.54,358.22,355.0,6.91
3687,2017-03-06,600519,357.66,358.96,359.54,356.55,22819,818625872.0,0.84,0.68,2.42,0.18,358.96,359.54,356.55,30.79
3688,2017-03-07,600519,358.03,367.2,368.88,358.03,46287,1694198544.0,3.02,2.3,8.24,0.37,367.2,368.88,358.03,135.66
3689,2017-03-08,600519,367.18,367.28,368.49,365.5,16038,588667680.0,0.81,0.02,0.08,0.13,367.28,368.49,365.5,160.83
3690,2017-03-09,600519,367.0,369.9,369.98,365.56,23406,860084032.0,1.2,0.71,2.62,0.19,369.9,369.98,365.56,153.59
3691,2017-03-10,600519,369.92,369.85,377.0,368.36,40951,1524343088.0,2.34,-0.01,-0.05,0.33,369.85,377.0,368.36,167.47
3692,2017-03-13,600519,370.05,371.55,374.33,367.53,27674,1027592800.0,1.84,0.46,1.7,0.22,371.55,374.33,367.53,128.49
3693,2017-03-14,600519,371.55,369.5,373.85,368.34,20416,756359632.0,1.48,-0.55,-2.05,0.16,369.5,373.85,368.34,98.42
3694,2017-03-15,600519,369.5,374.68,375.15,369.01,25155,935994832.0,1.66,1.4,5.18,0.2,374.68,375.15,369.01,105.46
3695,2017-03-16,600519,376.56,374.77,378.3,372.8,25023,938231440.0,1.47,0.02,0.09,0.2,374.77,378.3,372.8,110.48
3696,2017-03-17,600519,373.1,378.48,384.45,373.1,34700,1315336848.0,3.03,0.99,3.71,0.28,378.48,384.45,373.1,123.52
3697,2017-03-20,600519,380.5,386.41,386.71,378.88,31546,1209603920.0,2.07,2.1,7.93,0.25,386.41,386.71,378.88,153.22
3698,2017-03-21,600519,386.55,394.01,396.5,386.5,48461,1901883744.0,2.59,1.97,7.6,0.39,394.01,396.5,386.5,194.88
3699,2017-03-22,600519,390.53,394.48,394.6,385.0,45533,1775217760.0,2.44,0.12,0.47,0.36,394.48,394.6,385.0,151.67
3700,2017-03-23,600519,392.03,389.79,393.99,386.6,34505,1345058752.0,1.87,-1.19,-4.69,0.27,389.79,393.99,386.6,115.66
3701,2017-03-24,600519,392.32,386.82,393.22,385.0,33288,1292313392.0,2.11,-0.76,-2.97,0.26,386.82,393.22,385.0,84.67
3702,2017-03-27,600519,386.03,378.82,389.26,378.39,53690,2054742976.0,2.81,-2.07,-8.0,0.43,378.82,389.26,378.39,27.81
3703,2017-03-28,600519,379.95,380.26,381.15,376.66,41187,1558258560.0,1.19,0.38,1.44,0.33,380.26,381.15,376.66,-3.69
3704,2017-03-29,600519,381.01,383.65,385.8,379.9,37300,1429610960.0,1.55,0.89,3.39,0.3,383.65,385.8,379.9,23.61
3705,2017-03-30,600519,383.0,386.14,386.89,382.6,31613,1216016528.0,1.12,0.65,2.49,0.25,386.14,386.89,382.6,37.82
3706,2017-03-31,600519,386.2,386.36,388.0,384.18,24474,945503280.0,0.99,0.06,0.22,0.19,386.36,388.0,384.18,41.09
3707,2017-04-05,600519,385.66,389.66,394.99,385.0,40790,1594997312.0,2.59,0.85,3.3,0.32,389.66,394.99,385.0,77.94
3708,2017-04-06,600519,389.01,391.91,393.0,386.63,28857,1125204240.0,1.63,0.58,2.25,0.23,391.91,393.0,386.63,77.27
3709,2017-04-07,600519,392.99,392.87,394.0,389.6,24097,945589200.0,1.12,0.24,0.96,0.19,392.87,394.0,389.6,91.35
3710,2017-04-10,600519,394.0,389.2,394.0,388.0,28869,1126296272.0,1.53,-0.93,-3.67,0.23,389.2,394.0,388.0,53.85
3711,2017-04-11,600519,388.05,385.29,390.7,380.6,43531,1679537552.0,2.6,-1.0,-3.91,0.35,385.29,390.7,380.6,-40.35
3712,2017-04-12,600519,385.29,390.23,391.0,384.8,27003,1049245584.0,1.61,1.28,4.94,0.21,390.23,391.0,384.8,27.23
3713,2017-04-13,600519,390.78,398.39,398.59,390.51,45648,1805008864.0,2.07,2.09,8.16,0.36,398.39,398.59,390.51,155.2
3714,2017-04-14,600519,399.43,395.45,399.88,395.0,23647,938378992.0,1.22,-0.74,-2.94,0.19,395.45,399.88,395.0,147.08
3715,2017-04-17,600519,391.0,395.79,398.28,388.55,28794,1136763712.0,2.46,0.09,0.34,0.23,395.79,398.28,388.55,88.03
3716,2017-04-18,600519,394.6,404.65,406.55,394.6,49581,1987661264.0,3.02,2.24,8.86,0.39,404.65,406.55,394.6,174.64
3717,2017-04-19,600519,403.0,405.74,409.1,402.86,37550,1521983648.0,1.54,0.27,1.09,0.3,405.74,409.1,402.86,184.17
3718,2017-04-20,600519,406.09,415.31,420.43,406.09,50458,2091241456.0,3.53,2.36,9.57,0.4,415.31,420.43,406.09,210.17
3719,2017-04-21,600519,415.0,400.53,415.6,400.0,49333,2015062640.0,3.76,-3.56,-14.78,0.39,400.53,415.6,400.0,98.63
3720,2017-04-24,600519,400.62,398.55,405.0,389.0,50038,1986424992.0,3.99,-0.49,-1.98,0.4,398.55,405.0,389.0,12.73
3721,2017-04-25,600519,404.8,418.89,420.17,404.8,76193,3143136336.0,3.86,5.1,20.34,0.61,418.89,420.17,404.8,150.35
3722,2017-04-26,600519,418.85,417.96,428.68,413.01,56624,2384125120.0,3.74,-0.22,-0.93,0.45,417.96,428.68,413.01,151.91
3723,2017-04-27,600519,415.53,421.44,421.97,410.43,28241,1180494896.0,2.76,0.83,3.48,0.22,421.44,421.97,410.43,113.45
3724,2017-04-28,600519,421.99,413.48,423.0,409.9,49506,2052093808.0,3.11,-1.89,-7.96,0.39,413.48,423.0,409.9,81.83
3725,2017-05-02,600519,411.6,412.08,415.0,409.18,23292,960137248.0,1.41,-0.34,-1.4,0.19,412.08,415.0,409.18,49.67
3726,2017-05-03,600519,411.0,417.61,417.66,411.0,20268,842560352.0,1.62,1.34,5.53,0.16,417.61,417.66,411.0,65.0
3727,2017-05-04,600519,414.63,416.0,418.48,414.63,26709,1111200112.0,0.92,-0.39,-1.61,0.21,416.0,418.48,414.63,64.1
3728,2017-05-05,600519,416.2,416.19,422.78,415.1,37437,1566063424.0,1.85,0.05,0.19,0.3,416.19,422.78,415.1,71.72
3729,2017-05-08,600519,416.18,405.48,417.0,404.72,40722,1671035536.0,2.95,-2.57,-10.71,0.32,405.48,417.0,404.72,-31.61
3730,2017-05-09,600519,404.44,408.76,409.88,398.0,52802,2126236512.0,2.93,0.81,3.28,0.42,408.76,409.88,398.0,-82.21
3731,2017-05-10,600519,408.4,410.09,414.44,407.02,26039,1070652720.0,1.82,0.33,1.33,0.21,410.09,414.44,407.02,-24.42
3732,2017-05-11,600519,408.4,412.16,414.7,406.51,30468,1254053008.0,2.0,0.5,2.07,0.24,412.16,414.7,406.51,-13.26
3733,2017-05-12,600519,413.59,413.47,415.3,410.01,22337,921621376.0,1.28,0.32,1.31,0.18,413.47,415.3,410.01,4.99
3734,2017-05-15,600519,413.12,419.55,420.35,413.12,33447,1398908208.0,1.75,1.47,6.08,0.27,419.55,420.35,413.12,73.5
3735,2017-05-16,600519,419.6,430.12,431.22,418.26,50165,2145037952.0,3.09,2.52,10.57,0.4,430.12,431.22,418.26,193.05
3736,2017-05-17,600519,429.0,426.6,430.19,424.88,27515,1174696176.0,1.23,-0.82,-3.52,0.22,426.6,430.19,424.88,176.11
3737,2017-05-18,600519,425.05,429.54,430.7,425.01,24301,1040535488.0,1.33,0.69,2.94,0.19,429.54,430.7,425.01,153.56
3738,2017-05-19,600519,429.57,440.82,441.8,429.57,38311,1672948416.0,2.85,2.63,11.28,0.3,440.82,441.8,429.57,187.59
3739,2017-05-22,600519,439.04,441.78,446.01,436.2,35321,1560087952.0,2.23,0.22,0.96,0.28,441.78,446.01,436.2,162.46
3740,2017-05-23,600519,442.25,454.2,454.47,442.25,48454,2178738032.0,2.77,2.81,12.42,0.39,454.2,454.47,442.25,168.97
3741,2017-05-24,600519,452.9,450.32,456.48,446.0,40226,1812513088.0,2.31,-0.85,-3.88,0.32,450.32,456.48,446.0,137.67
3742,2017-05-25,600519,448.71,450.6,452.96,447.5,28898,1299628592.0,1.21,0.06,0.28,0.23,450.6,452.96,447.5,112.72
3743,2017-05-26,600519,450.82,451.92,455.6,448.0,27387,1237323136.0,1.69,0.29,1.32,0.22,451.92,455.6,448.0,99.96
3744,2017-05-31,600519,450.0,442.94,450.5,440.11,44312,1968887168.0,2.3,-1.99,-8.98,0.35,442.94,450.5,440.11,56.22
3745,2017-06-01,600519,442.5,449.28,449.95,441.01,40605,1808305712.0,2.02,1.43,6.34,0.32,449.28,449.95,441.01,58.69
3746,2017-06-02,600519,450.0,447.31,450.95,445.6,21785,974893312.0,1.19,-0.44,-1.97,0.17,447.31,450.95,445.6,58.07
3747,2017-06-05,600519,448.04,444.41,449.0,442.35,19241,854876928.0,1.49,-0.65,-2.9,0.15,444.41,449.0,442.35,34.36
3748,2017-06-06,600519,444.97,448.82,449.0,444.2,20402,912438704.0,1.08,0.99,4.41,0.16,448.82,449.0,444.2,42.7
3749,2017-06-07,600519,449.12,459.37,460.0,449.12,38834,1774212480.0,2.42,2.35,10.55,0.31,459.37,460.0,449.12,119.95
3750,2017-06-08,600519,461.32,464.31,464.4,458.5,28951,1338443408.0,1.28,1.08,4.94,0.23,464.31,464.4,458.5,179.01
3751,2017-06-09,600519,464.24,465.74,470.8,463.0,31431,1467836832.0,1.68,0.31,1.43,0.25,465.74,470.8,463.0,198.47
3752,2017-06-12,600519,467.0,472.88,475.44,465.0,35109,1654502000.0,2.24,1.53,7.14,0.28,472.88,475.44,465.0,187.03
3753,2017-06-13,600519,473.05,473.04,474.5,467.0,24238,1141536368.0,1.59,0.03,0.16,0.19,473.04,474.5,467.0,143.81
3754,2017-06-14,600519,472.79,474.39,477.5,470.48,33769,1600846624.0,1.48,0.29,1.35,0.27,474.39,477.5,470.48,129.35
3755,2017-06-15,600519,475.0,464.3,475.48,464.0,50203,2347172384.0,2.42,-2.13,-10.09,0.4,464.3,475.48,464.0,71.0
3756,2017-06-16,600519,461.5,462.63,467.49,461.26,33332,1544955952.0,1.34,-0.36,-1.67,0.27,462.63,467.49,461.26,36.79
3757,2017-06-19,600519,461.96,470.17,470.39,461.96,38537,1803585248.0,1.82,1.63,7.54,0.31,470.17,470.39,461.96,54.25
3758,2017-06-20,600519,473.0,466.3,474.88,465.66,34505,1614858144.0,1.96,-0.82,-3.87,0.27,466.3,474.88,465.66,57.38
3759,2017-06-21,600519,469.55,472.71,473.0,466.03,42039,1974672848.0,1.49,1.37,6.41,0.33,472.71,473.0,466.03,64.18
3760,2017-06-22,600519,473.02,472.75,477.93,471.2,38242,1815684368.0,1.42,0.01,0.04,0.3,472.75,477.93,471.2,87.25
3761,2017-06-23,600519,472.86,472.73,474.88,468.33,31304,1473803776.0,1.39,0.0,-0.02,0.25,472.73,474.88,468.33,66.0
3762,2017-06-26,600519,473.01,484.68,485.0,472.0,52933,2536430496.0,2.75,2.53,11.95,0.42,484.68,485.0,472.0,176.94
3763,2017-06-27,600519,482.82,484.1,485.0,480.85,27981,1350476768.0,0.86,-0.12,-0.58,0.22,484.1,485.0,480.85,194.94
3764,2017-06-28,600519,484.09,475.3,484.09,473.0,37729,1799676816.0,2.29,-1.82,-8.8,0.3,475.3,484.09,473.0,86.54
3765,2017-06-29,600519,476.3,473.01,477.35,470.0,35093,1657994400.0,1.55,-0.48,-2.29,0.28,473.01,477.35,470.0,14.77
3766,2017-06-30,600519,471.51,471.85,474.16,467.8,22427,1056424784.0,1.34,-0.25,-1.16,0.18,471.85,474.16,467.8,-22.74
3767,2017-07-03,600519,474.2,460.37,474.2,457.9,49629,2298656464.0,3.45,-2.43,-11.48,0.4,460.37,474.2,457.9,-121.41
3768,2017-07-04,600519,458.96,451.92,460.0,449.0,56489,2563886384.0,2.39,-1.84,-8.45,0.45,451.92,460.0,449.0,-209.93
3769,2017-07-05,600519,453.01,460.13,460.33,453.01,37540,1718844528.0,1.62,1.82,8.21,0.3,460.13,460.33,453.01,-129.54
3770,2017-07-06,600519,458.11,455.98,460.2,450.6,42044,1913037504.0,2.09,-0.9,-4.15,0.33,455.98,460.2,450.6,-132.87
3771,2017-07-07,600519,451.05,445.97,451.1,441.2,37796,1681450720.0,2.17,-2.2,-10.01,0.3,445.97,451.1,441.2,-164.36
3772,2017-07-10,600519,446.88,454.47,454.9,442.97,36624,1648443664.0,2.68,1.91,8.5,0.29,454.47,454.9,442.97,-103.5
3773,2017-07-11,600519,454.5,463.13,464.58,454.0,44602,2054854496.0,2.33,1.91,8.66,0.36,463.13,464.58,454.0,-33.8
3774,2017-07-12,600519,465.8,457.47,465.99,455.0,28951,1330327920.0,2.37,-1.22,-5.66,0.23,457.47,465.99,455.0,-35.1
3775,2017-07-13,600519,455.35,456.16,461.91,453.68,25951,1183440448.0,1.8,-0.29,-1.31,0.21,456.16,461.91,453.68,-43.99
3776,2017-07-14,600519,456.25,456.41,458.76,453.05,17727,806510272.0,1.25,0.05,0.25,0.14,456.41,458.76,453.05,-45.5
3777,2017-07-17,600519,457.04,450.07,458.04,446.28,35264,1595292992.0,2.58,-1.39,-6.34,0.28,450.07,458.04,446.28,-78.52
3778,2017-07-18,600519,451.99,452.55,453.99,448.0,30684,1384468256.0,1.33,0.55,2.48,0.24,452.55,453.99,448.0,-73.36
3779,2017-07-19,600519,454.0,456.86,463.62,452.8,56260,2574934656.0,2.39,0.95,4.31,0.45,456.86,463.62,452.8,16.01
3780,2017-07-20,600519,455.86,466.47,466.89,455.86,46635,2160731536.0,2.41,2.1,9.61,0.37,466.47,466.89,455.86,118.56
3781,2017-07-21,600519,466.96,473.2,475.01,463.66,46792,2207195744.0,2.43,1.44,6.73,0.37,473.2,475.01,463.66,213.77
3782,2017-07-24,600519,474.88,477.8,485.35,474.88,42716,2052709808.0,2.21,0.97,4.6,0.34,477.8,485.35,474.88,237.62
3783,2017-07-25,600519,482.2,477.96,482.8,476.1,21930,1051446096.0,1.4,0.03,0.16,0.17,477.96,482.8,476.1,167.55
3784,2017-07-26,600519,478.05,471.63,481.63,466.56,31470,1487729152.0,3.15,-1.32,-6.33,0.25,471.63,481.63,466.56,95.06
3785,2017-07-27,600519,471.63,473.87,475.85,471.1,19595,928077232.0,1.01,0.47,2.24,0.16,473.87,475.85,471.1,81.29
3786,2017-07-28,600519,471.0,483.92,484.07,467.71,46619,2235811536.0,3.45,2.12,10.05,0.37,483.92,484.07,467.71,98.58
3787,2017-07-31,600519,484.0,481.22,487.96,481.0,38412,1861154800.0,1.44,-0.56,-2.7,0.31,481.22,487.96,481.0,110.12
3788,2017-08-01,600519,481.0,480.24,483.0,477.4,27502,1318453664.0,1.16,-0.2,-0.98,0.22,480.24,483.0,477.4,77.51
3789,2017-08-02,600519,480.04,482.84,484.88,478.51,26774,1289564016.0,1.33,0.54,2.6,0.21,482.84,484.88,478.51,80.44
3790,2017-08-03,600519,483.68,477.22,486.85,475.63,31768,1522998144.0,2.32,-1.16,-5.62,0.25,477.22,486.85,475.63,59.76
3791,2017-08-04,600519,477.0,473.64,478.98,472.6,18681,887074160.0,1.34,-0.75,-3.58,0.15,473.64,478.98,472.6,15.56
3792,2017-08-07,600519,472.5,481.56,482.4,471.13,23099,1104715344.0,2.38,1.67,7.92,0.18,481.56,482.4,471.13,37.21
3793,2017-08-08,600519,482.0,482.58,484.22,479.5,16052,773408192.0,0.98,0.21,1.02,0.13,482.58,484.22,479.5,79.91
3794,2017-08-09,600519,484.84,490.85,492.98,482.03,41794,2045888048.0,2.27,1.71,8.27,0.33,490.85,492.98,482.03,192.23
3795,2017-08-10,600519,491.09,491.63,499.6,489.0,35364,1747693648.0,2.16,0.16,0.78,0.28,491.63,499.6,489.0,222.13
3796,2017-08-11,600519,489.0,484.06,496.55,483.48,36573,1785149168.0,2.66,-1.54,-7.57,0.29,484.06,496.55,483.48,104.29
3797,2017-08-14,600519,485.21,499.83,500.1,485.21,39331,1952353920.0,3.08,3.26,15.77,0.31,499.83,500.1,485.21,160.43
3798,2017-08-15,600519,500.11,495.97,501.1,495.01,27163,1350104672.0,1.22,-0.77,-3.86,0.22,495.97,501.1,495.01,146.71
3799,2017-08-16,600519,498.0,496.49,498.8,493.0,18587,921412992.0,1.17,0.1,0.52,0.15,496.49,498.8,493.0,108.9
3800,2017-08-17,600519,497.6,492.69,497.6,489.8,25847,1272341264.0,1.57,-0.77,-3.8,0.21,492.69,497.6,489.8,69.04
3801,2017-08-18,600519,492.8,489.65,494.44,488.0,23858,1169732672.0,1.31,-0.62,-3.04,0.19,489.65,494.44,488.0,36.37
3802,2017-08-21,600519,488.0,489.73,494.4,486.94,23547,1153168720.0,1.52,0.02,0.08,0.19,489.73,494.4,486.94,27.41
3803,2017-08-22,600519,487.4,487.22,489.48,476.0,42457,2051271360.0,2.75,-0.51,-2.51,0.34,487.22,489.48,476.0,-43.85
3804,2017-08-23,600519,485.45,494.01,494.63,484.32,27215,1337347648.0,2.12,1.39,6.79,0.22,494.01,494.63,484.32,27.38
3805,2017-08-24,600519,493.99,492.81,496.4,492.02,18157,896861680.0,0.89,-0.24,-1.2,0.14,492.81,496.4,492.02,56.47
3806,2017-08-25,600519,493.45,492.99,494.25,489.32,17298,850598720.0,1.0,0.04,0.18,0.14,492.99,494.25,489.32,20.76
3807,2017-08-28,600519,493.0,492.04,497.29,491.03,29021,1432545552.0,1.27,-0.19,-0.95,0.23,492.04,497.29,491.03,36.62
3808,2017-08-29,600519,493.02,489.44,494.88,488.01,25177,1234431712.0,1.4,-0.53,-2.6,0.2,489.44,494.88,488.01,-35.6
3809,2017-08-30,600519,489.7,492.97,493.75,489.16,18504,910133936.0,0.94,0.72,3.53,0.15,492.97,493.75,489.16,-1.66
3810,2017-08-31,600519,494.04,491.15,494.88,489.8,18737,921659712.0,1.03,-0.37,-1.82,0.15,491.15,494.88,489.8,-10.91
3811,2017-09-01,600519,490.2,495.18,496.28,490.03,31451,1554634576.0,1.27,0.82,4.03,0.25,495.18,496.28,490.03,51.79
3812,2017-09-04,600519,495.18,492.42,496.66,491.27,18932,932954816.0,1.09,-0.56,-2.76,0.15,492.42,496.66,491.27,56.06
3813,2017-09-05,600519,492.88,489.99,493.99,489.5,22622,1112006400.0,0.91,-0.49,-2.43,0.18,489.99,493.99,489.5,-17.44
3814,2017-09-06,600519,490.0,484.98,492.77,484.84,33007,1608066096.0,1.62,-1.02,-5.01,0.26,484.98,492.77,484.84,-136.65
3815,2017-09-07,600519,485.31,481.27,486.9,480.06,33320,1605408576.0,1.41,-0.76,-3.71,0.27,481.27,486.9,480.06,-209.14
3816,2017-09-08,600519,478.25,474.37,480.5,474.0,41173,1962989424.0,1.35,-1.43,-6.9,0.33,474.37,480.5,474.0,-225.15
3817,2017-09-11,600519,471.09,478.32,482.22,469.98,45374,2161657248.0,2.58,0.83,3.95,0.36,478.32,482.22,469.98,-173.64
3818,2017-09-12,600519,479.5,484.91,486.0,478.4,34342,1661294224.0,1.59,1.38,6.59,0.27,484.91,486.0,478.4,-69.97
3819,2017-09-13,600519,485.0,491.63,492.2,481.38,33076,1618956528.0,2.23,1.39,6.72,0.26,491.63,492.2,481.38,3.89
3820,2017-09-14,600519,492.99,490.71,494.03,488.99,19399,953145168.0,1.03,-0.19,-0.92,0.15,490.71,494.03,488.99,44.12
3821,2017-09-15,600519,492.5,489.84,492.5,488.0,16039,786562208.0,0.92,-0.18,-0.87,0.13,489.84,492.5,488.0,32.96
3822,2017-09-18,600519,490.14,498.97,500.5,490.14,42207,2101680384.0,2.11,1.86,9.13,0.34,498.97,500.5,490.14,112.05
3823,2017-09-19,600519,500.3,496.95,502.5,496.01,23055,1151152848.0,1.3,-0.4,-2.02,0.18,496.95,502.5,496.01,122.77
3824,2017-09-20,600519,496.9,496.2,500.02,496.0,17318,862024944.0,0.81,-0.15,-0.75,0.14,496.2,500.02,496.0,98.17
3825,2017-09-21,600519,495.94,498.77,500.58,492.88,19403,963615280.0,1.55,0.52,2.57,0.15,498.77,500.58,492.88,91.64
3826,2017-09-22,600519,496.9,499.93,500.18,495.8,16344,815718864.0,0.88,0.23,1.16,0.13,499.93,500.18,495.8,96.16
3827,2017-09-25,600519,500.31,507.24,508.2,500.3,32698,1649582912.0,1.58,1.46,7.31,0.26,507.24,508.2,500.3,135.72
3828,2017-09-26,600519,506.69,509.29,510.0,503.6,25470,1292872640.0,1.26,0.4,2.05,0.2,509.29,510.0,503.6,128.3
3829,2017-09-27,600519,508.92,508.21,511.03,506.07,16671,847627360.0,0.97,-0.21,-1.08,0.13,508.21,511.03,506.07,116.45
3830,2017-09-28,600519,507.2,518.46,520.2,507.15,25970,1340236080.0,2.57,2.02,10.25,0.21,518.46,520.2,507.15,158.79
3831,2017-09-29,600519,516.0,517.64,525.88,515.5,22436,1166403120.0,2.0,-0.16,-0.82,0.18,517.64,525.88,515.5,162.15
3832,2017-10-09,600519,524.54,527.77,535.55,520.1,34891,1844481600.0,2.98,1.96,10.13,0.28,527.77,535.55,520.1,175.42
3833,2017-10-10,600519,527.05,540.06,540.49,527.01,31006,1662690448.0,2.55,2.33,12.29,0.25,540.06,540.49,527.01,180.3
3834,2017-10-11,600519,538.1,545.54,551.25,538.1,33406,1824898704.0,2.43,1.01,5.48,0.27,545.54,551.25,538.1,175.47
3835,2017-10-12,600519,545.0,544.09,547.5,540.18,19646,1067464512.0,1.34,-0.27,-1.45,0.16,544.09,547.5,540.18,135.24
3836,2017-10-13,600519,545.0,556.15,556.6,542.01,27858,1534212912.0,2.68,2.22,12.06,0.22,556.15,556.6,542.01,135.41
3837,2017-10-16,600519,559.99,560.69,566.66,555.87,29909,1676810000.0,1.94,0.82,4.54,0.24,560.69,566.66,555.87,138.23
3838,2017-10-17,600519,560.97,556.73,560.97,554.0,20977,1168943280.0,1.24,-0.71,-3.96,0.17,556.73,560.97,554.0,105.26
3839,2017-10-18,600519,554.2,560.72,562.59,554.2,19179,1072237536.0,1.51,0.72,3.99,0.15,560.72,562.59,554.2,96.37
3840,2017-10-19,600519,561.0,582.6,585.15,560.72,40659,2338901856.0,4.36,3.9,21.88,0.32,582.6,585.15,560.72,134.25
3841,2017-10-20,600519,581.0,574.33,581.0,571.76,31534,1812957248.0,1.59,-1.42,-8.27,0.25,574.33,581.0,571.76,116.65
3842,2017-10-23,600519,574.92,573.41,580.5,568.0,23772,1362900416.0,2.18,-0.16,-0.92,0.19,573.41,580.5,568.0,99.05
3843,2017-10-24,600519,572.0,567.33,573.8,563.61,31274,1775645968.0,1.78,-1.06,-6.08,0.25,567.33,573.8,563.61,69.71
3844,2017-10-25,600519,569.75,565.67,571.68,562.06,25076,1418395216.0,1.7,-0.29,-1.66,0.2,565.67,571.68,562.06,54.78
3845,2017-10-26,600519,605.0,605.09,613.0,591.91,115435,6957625344.0,3.73,6.97,39.42,0.92,605.09,613.0,591.91,196.07
3846,2017-10-27,600519,602.11,649.63,655.0,600.03,84384,5284485888.0,9.08,7.36,44.54,0.67,649.63,655.0,600.03,251.47
3847,2017-10-30,600519,643.05,622.08,644.0,621.0,81008,5099041792.0,3.54,-4.24,-27.55,0.64,622.08,644.0,621.0,174.11
3848,2017-10-31,600519,622.01,618.03,627.6,611.88,51876,3206280608.0,2.53,-0.65,-4.05,0.41,618.03,627.6,611.88,109.84
3849,2017-11-01,600519,620.88,623.01,631.54,619.22,43435,2712016944.0,1.99,0.81,4.98,0.35,623.01,631.54,619.22,99.45
3850,2017-11-02,600519,626.95,626.92,629.78,621.0,34250,2144671936.0,1.41,0.63,3.91,0.27,626.92,629.78,621.0,85.33
3851,2017-11-03,600519,628.65,639.17,643.44,628.65,48189,3075651168.0,2.36,1.95,12.25,0.38,639.17,643.44,628.65,95.42
3852,2017-11-06,600519,641.5,653.06,657.62,640.2,48514,3153638704.0,2.73,2.17,13.89,0.39,653.06,657.62,640.2,110.49
3853,2017-11-07,600519,650.58,642.07,657.15,638.18,55565,3592238400.0,2.9,-1.68,-10.99,0.44,642.07,657.15,638.18,88.59
3854,2017-11-08,600519,642.33,650.38,654.5,642.33,43952,2855374064.0,1.9,1.29,8.31,0.35,650.38,654.5,642.33,87.12
3855,2017-11-09,600519,648.0,650.07,654.15,644.61,33641,2183815392.0,1.47,-0.05,-0.31,0.27,650.07,654.15,644.61,82.8
3856,2017-11-10,600519,650.43,677.95,683.4,650.43,74079,4967970816.0,5.07,4.29,27.88,0.59,677.95,683.4,650.43,134.16
3857,2017-11-13,600519,680.0,687.88,692.78,675.8,49870,3402794000.0,2.5,1.46,9.93,0.4,687.88,692.78,675.8,165.28
3858,2017-11-14,600519,687.14,678.75,687.22,677.35,46367,3159112672.0,1.43,-1.33,-9.13,0.37,678.75,687.22,677.35,136.85
3859,2017-11-15,600519,678.75,688.08,689.99,674.0,45036,3074244080.0,2.36,1.37,9.33,0.36,688.08,689.99,674.0,128.67
3860,2017-11-16,600519,686.01,719.11,719.96,686.01,60716,4299283200.0,4.93,4.51,31.03,0.48,719.11,719.96,686.01,159.59
3861,2017-11-17,600519,696.0,690.25,709.0,677.77,123861,8548748032.0,4.34,-4.01,-28.86,0.99,690.25,709.0,677.77,92.56
3862,2017-11-20,600519,676.8,679.15,685.6,660.0,88306,5954131968.0,3.71,-1.61,-11.1,0.7,679.15,685.6,660.0,35.97
3863,2017-11-21,600519,669.0,677.25,688.8,662.02,96017,6491134464.0,3.94,-0.28,-1.9,0.76,677.25,688.8,662.02,31.6
3864,2017-11-22,600519,677.0,650.52,688.0,650.0,128498,8528143360.0,5.61,-3.95,-26.73,1.02,650.52,688.0,650.0,-24.39
3865,2017-11-23,600519,642.0,633.73,646.0,630.22,109599,6984097536.0,2.43,-2.58,-16.79,0.87,633.73,646.0,630.22,-125.89
3866,2017-11-24,600519,635.9,630.04,642.5,622.23,76542,4835809024.0,3.2,-0.58,-3.69,0.61,630.04,642.5,622.23,-128.89
3867,2017-11-27,600519,634.0,621.29,636.33,613.01,63548,3975262032.0,3.7,-1.39,-8.75,0.51,621.29,636.33,613.01,-138.46
3868,2017-11-28,600519,625.06,648.23,648.88,624.0,70292,4491543552.0,4.0,4.34,26.94,0.56,648.23,648.88,624.0,-79.03
3869,2017-11-29,600519,649.94,638.12,651.97,634.01,46764,3005733408.0,2.77,-1.56,-10.11,0.37,638.12,651.97,634.01,-71.77
3870,2017-11-30,600519,635.51,631.0,648.48,626.0,38020,2419959856.0,3.52,-1.12,-7.12,0.3,631.0,648.48,626.0,-76.71
3871,2017-12-01,600519,638.01,622.35,638.99,620.13,47193,2959772016.0,2.99,-1.37,-8.65,0.38,622.35,638.99,620.13,-84.41
3872,2017-12-04,600519,623.95,637.79,644.1,616.72,54268,3436687376.0,4.4,2.48,15.44,0.43,637.79,644.1,616.72,-60.31
3873,2017-12-05,600519,634.0,632.96,647.4,630.13,47466,3026076464.0,2.71,-0.76,-4.83,0.38,632.96,647.4,630.13,-43.3
3874,2017-12-06,600519,631.5,625.01,644.1,620.0,58174,3657236576.0,3.81,-1.26,-7.95,0.46,625.01,644.1,620.0,-61.18
3875,2017-12-07,600519,624.95,616.69,624.99,615.26,51033,3155212016.0,1.56,-1.33,-8.32,0.41,616.69,624.99,615.26,-108.51
3876,2017-12-08,600519,615.42,627.28,628.85,615.42,45503,2842464432.0,2.18,1.72,10.59,0.36,627.28,628.85,615.42,-83.69
3877,2017-12-11,600519,631.0,650.99,651.95,631.0,72849,4702239232.0,3.34,3.78,23.71,0.58,650.99,651.95,631.0,84.41
3878,2017-12-12,600519,658.7,651.32,658.77,651.02,47889,3138650304.0,1.19,0.05,0.33,0.38,651.32,658.77,651.02,181.74
3879,2017-12-13,600519,654.99,668.21,670.0,650.72,48502,3197982048.0,2.96,2.59,16.89,0.39,668.21,670.0,650.72,196.04
3880,2017-12-14,600519,669.98,664.55,671.3,660.5,31968,2126665888.0,1.62,-0.55,-3.66,0.25,664.55,671.3,660.5,161.15
3881,2017-12-15,600519,664.0,653.79,667.95,650.78,32256,2126579408.0,2.58,-1.62,-10.76,0.26,653.79,667.95,650.78,96.37
3882,2017-12-18,600519,660.0,665.77,669.8,658.58,39162,2599749872.0,1.72,1.83,11.98,0.31,665.77,669.8,658.58,110.28
3883,2017-12-19,600519,663.0,667.09,672.44,661.0,44072,2944470864.0,1.72,0.2,1.32,0.35,667.09,672.44,661.0,99.52
3884,2017-12-20,600519,669.9,684.91,686.86,664.03,63601,4321305856.0,3.42,2.67,17.82,0.51,684.91,686.86,664.03,123.45
3885,2017-12-21,600519,683.0,681.74,687.42,675.5,46680,3178595840.0,1.74,-0.46,-3.17,0.37,681.74,687.42,675.5,116.74
3886,2017-12-22,600519,680.0,682.92,685.9,677.01,28317,1930315472.0,1.3,0.17,1.18,0.23,682.92,685.9,677.01,104.54
3887,2017-12-25,600519,686.0,688.12,696.3,683.72,36214,2497653984.0,1.84,0.76,5.2,0.29,688.12,696.3,683.72,116.95
3888,2017-12-26,600519,688.18,680.81,692.99,676.5,31868,2174103280.0,2.4,-1.06,-7.31,0.25,680.81,692.99,676.5,86.63
3889,2017-12-27,600519,684.86,664.18,684.86,662.5,37722,2539720704.0,3.28,-2.44,-16.63,0.3,664.18,684.86,662.5,23.06
3890,2017-12-28,600519,687.0,718.69,719.9,671.32,124141,8656875776.0,7.31,8.21,54.51,0.99,718.69,719.9,671.32,167.91
3891,2017-12-29,600519,718.0,697.49,726.5,691.6,76039,5372514560.0,4.86,-2.95,-21.2,0.61,697.49,726.5,691.6,149.56
3892,2018-01-02,600519,700.0,703.85,710.16,689.89,49612,3482407648.0,2.91,0.91,6.36,0.39,703.85,710.16,689.89,113.46
3893,2018-01-03,600519,701.5,715.86,721.4,699.74,52019,3713523696.0,3.08,1.71,12.01,0.41,715.86,721.4,699.74,141.22
3894,2018-01-04,600519,721.4,737.07,743.5,719.33,72205,5309890304.0,3.38,2.96,21.21,0.57,737.07,743.5,719.33,180.19
3895,2018-01-05,600519,741.0,738.36,746.03,728.22,39989,2946493008.0,2.42,0.18,1.29,0.32,738.36,746.03,728.22,155.96
3896,2018-01-08,600519,735.02,752.13,756.5,735.02,52205,3899951728.0,2.91,1.86,13.77,0.42,752.13,756.5,735.02,156.45
3897,2018-01-09,600519,752.21,782.52,783.0,752.21,64592,5001164544.0,4.09,4.04,30.39,0.51,782.52,783.0,752.21,181.64
3898,2018-01-10,600519,785.0,785.71,788.88,773.48,47714,3731993152.0,1.97,0.41,3.19,0.38,785.71,788.88,773.48,157.93
3899,2018-01-11,600519,787.0,774.81,788.0,772.0,50656,3942075856.0,2.04,-1.39,-10.9,0.4,774.81,788.0,772.0,118.56
3900,2018-01-12,600519,773.77,788.42,788.8,767.02,45988,3577281776.0,2.81,1.76,13.61,0.37,788.42,788.8,767.02,105.46
3901,2018-01-15,600519,793.46,785.37,799.06,779.02,52473,4136645488.0,2.54,-0.39,-3.05,0.42,785.37,799.06,779.02,101.9
3902,2018-01-16,600519,780.48,772.94,788.61,768.0,65428,5084966144.0,2.62,-1.58,-12.43,0.52,772.94,788.61,768.0,69.1
3903,2018-01-17,600519,770.0,747.93,774.0,738.51,90710,6835580416.0,4.59,-3.24,-25.01,0.72,747.93,774.0,738.51,12.78
3904,2018-01-18,600519,747.93,750.74,765.0,744.09,58979,4443031296.0,2.8,0.38,2.81,0.47,750.74,765.0,744.09,4.3
3905,2018-01-19,600519,752.9,750.18,758.9,739.02,50926,3818021984.0,2.65,-0.07,-0.56,0.41,750.18,758.9,739.02,-17.0
3906,2018-01-22,600519,751.81,773.64,774.0,751.81,67127,5129674752.0,2.96,3.13,23.46,0.53,773.64,774.0,751.81,25.22
3907,2018-01-23,600519,777.81,773.78,780.0,768.6,49549,3836387696.0,1.47,0.02,0.14,0.39,773.78,780.0,768.6,43.9
3908,2018-01-24,600519,776.44,764.46,776.46,758.6,43299,3311348768.0,2.31,-1.2,-9.32,0.34,764.46,776.46,758.6,1.17
3909,2018-01-25,600519,761.0,769.16,776.0,751.0,50041,3821875040.0,3.27,0.61,4.7,0.4,769.16,776.0,751.0,-17.82
3910,2018-01-26,600519,767.24,777.22,777.4,764.0,43978,3389953776.0,1.74,1.05,8.06,0.35,777.22,777.4,764.0,19.97
3911,2018-01-29,600519,778.76,736.32,779.67,735.0,74536,5637041920.0,5.75,-5.26,-40.9,0.59,736.32,779.67,735.0,-113.7
3912,2018-01-30,600519,736.0,742.08,748.77,730.02,51911,3852705104.0,2.55,0.78,5.76,0.41,742.08,748.77,730.02,-145.79
3913,2018-01-31,600519,739.0,764.54,771.71,739.0,60402,4601994752.0,4.41,3.03,22.46,0.48,764.54,771.71,739.0,-33.12
3914,2018-02-01,600519,767.0,757.73,767.3,752.92,50583,3846421616.0,1.88,-0.89,-6.81,0.4,757.73,767.3,752.92,-20.08
3915,2018-02-02,600519,752.22,740.4,753.23,725.0,75421,5583742720.0,3.73,-2.29,-17.33,0.6,740.4,753.23,725.0,-132.99
3916,2018-02-05,600519,727.22,718.23,729.96,705.6,98996,7104095744.0,3.29,-2.99,-22.17,0.79,718.23,729.96,705.6,-216.63
3917,2018-02-06,600519,703.0,708.86,722.6,703.0,88169,6270888704.0,2.73,-1.3,-9.37,0.7,708.86,722.6,703.0,-184.65
3918,2018-02-07,600519,720.0,683.43,723.88,682.01,88290,6231141120.0,5.91,-3.59,-25.43,0.7,683.43,723.88,682.01,-179.95
3919,2018-02-08,600519,682.2,700.99,718.0,682.2,83409,5860233472.0,5.24,2.57,17.56,0.66,700.99,718.0,682.2,-128.37
3920,2018-02-09,600519,680.0,683.43,689.89,658.0,105578,7160206336.0,4.55,-2.51,-17.56,0.84,683.43,689.89,658.0,-152.46
3921,2018-02-12,600519,691.0,697.48,705.5,685.2,64180,4466343168.0,2.97,2.06,14.05,0.51,697.48,705.5,685.2,-87.01
3922,2018-02-13,600519,705.02,711.98,714.82,704.5,53389,3793782384.0,1.48,2.08,14.5,0.43,711.98,714.82,704.5,-44.28
3923,2018-02-14,600519,720.0,718.45,720.0,712.22,30653,2198728704.0,1.09,0.91,6.47,0.24,718.45,720.0,712.22,-21.54
3924,2018-02-22,600519,727.3,742.45,744.0,723.24,50765,3717469264.0,2.89,3.34,24.0,0.4,742.45,744.0,723.24,44.28
3925,2018-02-23,600519,747.0,742.48,756.56,737.0,38159,2844936752.0,2.63,0.0,0.03,0.3,742.48,756.56,737.0,73.9
3926,2018-02-26,600519,746.88,743.51,752.05,733.02,43658,3243216352.0,2.56,0.14,1.03,0.35,743.51,752.05,733.02,64.85
3927,2018-02-27,600519,749.0,737.98,756.0,737.22,42602,3181778848.0,2.53,-0.74,-5.53,0.34,737.98,756.0,737.22,75.05
3928,2018-02-28,600519,732.0,725.62,742.3,719.0,48331,3522004688.0,3.16,-1.67,-12.36,0.38,725.62,742.3,719.0,38.14
3929,2018-03-01,600519,728.0,741.97,746.85,723.77,44795,3303604160.0,3.18,2.25,16.35,0.36,741.97,746.85,723.77,71.56
3930,2018-03-02,600519,738.0,736.41,743.56,730.0,25992,1912613824.0,1.83,-0.75,-5.56,0.21,736.41,743.56,730.0,59.02
3931,2018-03-05,600519,738.18,720.11,742.0,717.03,37235,2703926960.0,3.39,-2.21,-16.3,0.3,720.11,742.0,717.03,19.07
3932,2018-03-06,600519,725.0,718.26,727.6,697.13,64570,4581658624.0,4.23,-0.26,-1.85,0.51,718.26,727.6,697.13,-31.54
3933,2018-03-07,600519,715.0,710.04,724.0,708.99,34596,2480929040.0,2.09,-1.14,-8.22,0.28,710.04,724.0,708.99,-37.93
3934,2018-03-08,600519,714.0,722.76,724.0,708.0,35349,2540452000.0,2.25,1.79,12.72,0.28,722.76,724.0,708.0,-42.95
3935,2018-03-09,600519,727.55,728.2,732.57,723.5,30171,2199081680.0,1.25,0.75,5.44,0.24,728.2,732.57,723.5,-3.32
3936,2018-03-12,600519,729.55,723.95,733.92,722.77,39888,2900950560.0,1.53,-0.58,-4.25,0.32,723.95,733.92,722.77,-21.08
3937,2018-03-13,600519,723.0,710.35,726.6,710.0,38577,2764426992.0,2.29,-1.88,-13.6,0.31,710.35,726.6,710.0,-101.42
3938,2018-03-14,600519,709.67,726.88,728.08,707.22,37356,2683830112.0,2.94,2.33,16.53,0.3,726.88,728.08,707.22,-57.27
3939,2018-03-15,600519,728.02,746.47,747.0,728.02,56149,4161645760.0,2.61,2.7,19.59,0.45,746.47,747.0,728.02,94.01
3940,2018-03-16,600519,747.6,739.85,753.98,738.88,35856,2676682528.0,2.02,-0.89,-6.62,0.29,739.85,753.98,738.88,120.31
3941,2018-03-19,600519,743.97,753.48,753.99,739.0,38667,2897348544.0,2.03,1.84,13.63,0.31,753.48,753.99,739.0,145.36
3942,2018-03-20,600519,750.0,747.73,752.0,740.0,28877,2154897792.0,1.59,-0.76,-5.75,0.23,747.73,752.0,740.0,103.93
3943,2018-03-21,600519,750.11,742.0,753.11,740.0,26743,1996584256.0,1.75,-0.77,-5.73,0.21,742.0,753.11,740.0,86.04
3944,2018-03-22,600519,744.0,726.08,748.0,724.01,37487,2748721664.0,3.23,-2.15,-15.92,0.3,726.08,748.0,724.01,15.29
3945,2018-03-23,600519,701.0,711.06,723.49,700.08,52547,3727044976.0,3.22,-2.07,-15.02,0.42,711.06,723.49,700.08,-98.65
3946,2018-03-26,600519,708.0,713.49,715.06,701.88,46256,3276880064.0,1.85,0.34,2.43,0.37,713.49,715.06,701.88,-102.62
3947,2018-03-27,600519,723.0,714.74,725.88,704.0,47548,3399900240.0,3.07,0.18,1.25,0.38,714.74,725.88,704.0,-77.05
3948,2018-03-28,600519,699.97,682.05,703.0,669.0,113540,7786098176.0,4.76,-4.57,-32.69,0.9,682.05,703.0,669.0,-192.75
3949,2018-03-29,600519,682.2,689.1,697.85,658.41,79082,5362889984.0,5.78,1.03,7.05,0.63,689.1,697.85,658.41,-157.37
3950,2018-03-30,600519,686.0,683.62,693.5,679.88,36540,2502696336.0,1.98,-0.8,-5.48,0.29,683.62,693.5,679.88,-117.56
3951,2018-04-02,600519,680.0,680.06,691.0,674.11,32039,2185060768.0,2.47,-0.52,-3.56,0.26,680.06,691.0,674.11,-109.22
3952,2018-04-03,600519,678.0,677.91,687.0,675.39,40236,2737509488.0,1.71,-0.32,-2.15,0.32,677.91,687.0,675.39,-96.3
3953,2018-04-04,600519,682.0,694.01,700.43,680.38,56891,3948712784.0,2.96,2.37,16.1,0.45,694.01,700.43,680.38,-56.29
3954,2018-04-09,600519,697.1,698.3,705.43,690.15,30833,2149178944.0,2.2,0.62,4.29,0.25,698.3,705.43,690.15,-30.87
3955,2018-04-10,600519,704.8,708.02,708.5,698.46,32043,2252069680.0,1.44,1.39,9.72,0.26,708.02,708.5,698.46,0.13
3956,2018-04-11,600519,710.0,705.36,714.78,703.02,25723,1822237888.0,1.66,-0.38,-2.66,0.2,705.36,714.78,703.02,23.13
3957,2018-04-12,600519,704.0,694.2,706.88,692.22,30714,2139139504.0,2.08,-1.58,-11.16,0.24,694.2,706.88,692.22,-5.43
3958,2018-04-13,600519,698.5,686.86,701.0,685.08,27550,1904051056.0,2.29,-1.06,-7.34,0.22,686.86,701.0,685.08,-30.46
3959,2018-04-16,600519,680.58,681.38,686.85,677.0,32940,2241463088.0,1.43,-0.8,-5.48,0.26,681.38,686.85,677.0,-78.26
3960,2018-04-17,600519,685.0,666.2,685.38,665.6,35173,2377407824.0,2.9,-2.23,-15.18,0.28,666.2,685.38,665.6,-125.98
3961,2018-04-18,600519,671.0,655.64,671.0,645.0,62617,4104175824.0,3.9,-1.59,-10.56,0.5,655.64,671.0,645.0,-198.52
3962,2018-04-19,600519,659.85,679.96,680.0,656.66,44208,2976468496.0,3.56,3.71,24.32,0.35,679.96,680.0,656.66,-85.66
3963,2018-04-20,600519,681.0,670.26,694.0,668.23,41512,2831559744.0,3.79,-1.43,-9.7,0.33,670.26,694.0,668.23,-49.67
3964,2018-04-23,600519,666.01,674.01,680.33,666.01,32659,2196761040.0,2.14,0.56,3.75,0.26,674.01,680.33,666.01,-64.53
3965,2018-04-24,600519,676.0,689.88,693.5,675.0,47283,3252280976.0,2.74,2.35,15.87,0.38,689.88,693.5,675.0,5.75
3966,2018-04-25,600519,689.0,690.97,692.0,683.02,25252,1738767072.0,1.3,0.16,1.09,0.2,690.97,692.0,683.02,17.09
3967,2018-04-26,600519,692.0,678.23,692.28,673.0,35048,2378744480.0,2.79,-1.84,-12.74,0.28,678.23,692.28,673.0,-22.5
3968,2018-04-27,600519,685.25,662.53,688.36,655.0,57915,3866680416.0,4.92,-2.31,-15.7,0.46,662.53,688.36,655.0,-84.41
3969,2018-05-02,600519,660.0,667.83,668.99,645.06,70259,4589885696.0,3.61,0.8,5.3,0.56,667.83,668.99,645.06,-117.17
3970,2018-05-03,600519,666.0,670.88,673.68,658.0,36327,2426248240.0,2.35,0.46,3.05,0.29,670.88,673.68,658.0,-66.06
3971,2018-05-04,600519,670.98,662.87,674.83,660.57,37376,2492610224.0,2.13,-1.19,-8.01,0.3,662.87,674.83,660.57,-67.7
3972,2018-05-07,600519,659.95,698.17,701.88,657.77,85591,5858519296.0,6.65,5.33,35.3,0.68,698.17,701.88,657.77,98.01
3973,2018-05-08,600519,698.03,708.83,712.13,698.03,62498,4414037760.0,2.02,1.53,10.66,0.5,708.83,712.13,698.03,202.88
3974,2018-05-09,600519,709.08,701.95,712.3,697.12,32331,2267880032.0,2.14,-0.97,-6.88,0.26,701.95,712.3,697.12,144.35
3975,2018-05-10,600519,703.5,714.19,716.0,703.5,39294,2794919584.0,1.78,1.74,12.24,0.31,714.19,716.0,703.5,151.88
3976,2018-05-11,600519,718.69,718.02,730.5,715.7,39142,2826877200.0,2.07,0.54,3.83,0.31,718.02,730.5,715.7,160.26
3977,2018-05-14,600519,724.0,742.41,743.0,724.0,51015,3753818032.0,2.65,3.4,24.39,0.41,742.41,743.0,724.0,167.29
3978,2018-05-15,600519,746.0,743.06,746.44,734.0,38056,2811622720.0,1.68,0.09,0.65,0.3,743.06,746.44,734.0,142.36
3979,2018-05-16,600519,740.0,734.52,745.66,733.28,30795,2275092448.0,1.67,-1.15,-8.54,0.25,734.52,745.66,733.28,108.49
3980,2018-05-17,600519,735.12,727.38,737.5,724.0,28518,2077476640.0,1.84,-0.97,-7.14,0.23,727.38,737.5,724.0,74.48
3981,2018-05-18,600519,723.99,739.32,741.0,721.19,29255,2140724032.0,2.72,1.64,11.94,0.23,739.32,741.0,721.19,75.68
3982,2018-05-21,600519,744.0,734.82,747.3,732.48,29060,2150582000.0,2.0,-0.61,-4.5,0.23,734.82,747.3,732.48,77.53
3983,2018-05-22,600519,735.22,739.57,739.84,730.02,16999,1250693952.0,1.34,0.65,4.75,0.14,739.57,739.84,730.02,64.8
3984,2018-05-23,600519,740.0,723.78,740.0,723.58,28269,2061375200.0,2.22,-2.14,-15.79,0.23,723.78,740.0,723.58,34.51
3985,2018-05-24,600519,720.0,715.4,728.66,713.0,30416,2191695808.0,2.16,-1.16,-8.38,0.24,715.4,728.66,713.0,-22.77
3986,2018-05-25,600519,712.0,716.86,727.0,712.0,26511,1908701136.0,2.1,0.2,1.46,0.21,716.86,727.0,712.0,-45.39
3987,2018-05-28,600519,718.0,740.4,740.66,715.12,42805,3129960288.0,3.56,3.28,23.54,0.34,740.4,740.66,715.12,30.86
3988,2018-05-29,600519,738.8,731.43,750.0,731.28,40820,3029700816.0,2.53,-1.21,-8.97,0.32,731.43,750.0,731.28,66.13
3989,2018-05-30,600519,727.22,725.87,737.3,720.05,37147,2706486800.0,2.36,-0.76,-5.56,0.3,725.87,737.3,720.05,-39.67
3990,2018-05-31,600519,730.25,751.13,751.62,730.24,71853,5356222464.0,2.95,3.48,25.26,0.57,751.13,751.62,730.24,126.33
3991,2018-06-01,600519,751.13,745.11,754.98,738.76,36178,2694415008.0,2.16,-0.8,-6.02,0.29,745.11,754.98,738.76,127.49
3992,2018-06-04,600519,752.35,781.97,782.9,745.88,73806,5697540352.0,4.97,4.95,36.86,0.59,781.97,782.9,745.88,266.07
3993,2018-06-05,600519,786.5,788.05,794.7,777.23,52630,4136578576.0,2.23,0.78,6.08,0.42,788.05,794.7,777.23,244.53
3994,2018-06-06,600519,788.0,785.75,800.95,782.3,48969,3870616720.0,2.37,-0.29,-2.3,0.39,785.75,800.95,782.3,180.22
3995,2018-06-07,600519,789.98,780.97,795.55,778.9,39168,3078137472.0,2.12,-0.61,-4.78,0.31,780.97,795.55,778.9,123.89
3996,2018-06-08,600519,780.0,777.95,785.9,770.0,34958,2712363712.0,2.04,-0.39,-3.02,0.28,777.95,785.9,770.0,81.67
3997,2018-06-11,600519,776.05,775.73,786.0,768.33,36548,2837404000.0,2.27,-0.29,-2.22,0.29,775.73,786.0,768.33,65.69
3998,2018-06-12,600519,778.0,799.19,803.5,776.5,55287,4385043200.0,3.48,3.02,23.46,0.44,799.19,803.5,776.5,93.81
3999,2018-06-13,600519,800.0,790.33,802.62,788.88,35244,2803441680.0,1.72,-1.11,-8.86,0.28,790.33,802.62,788.88,85.08
4000,2018-06-14,600519,790.0,786.13,793.8,775.18,36160,2830514224.0,2.36,-0.53,-4.2,0.29,786.13,793.8,775.18,54.25
4001,2018-06-15,600519,773.2,773.33,778.58,769.1,31708,2455441872.0,1.21,-1.63,-12.8,0.25,773.33,778.58,769.1,11.42
4002,2018-06-19,600519,769.0,738.0,769.0,737.0,60196,4535664128.0,4.14,-4.57,-35.33,0.48,738.0,769.0,737.0,-90.69
4003,2018-06-20,600519,741.0,763.59,765.0,741.0,45838,3454583696.0,3.25,3.47,25.59,0.36,763.59,765.0,741.0,-77.46
4004,2018-06-21,600519,765.22,759.32,778.89,758.77,39183,3013867648.0,2.63,-0.56,-4.27,0.31,759.32,778.89,758.77,-48.44
4005,2018-06-22,600519,754.0,766.53,767.0,750.0,28855,2190055872.0,2.24,0.95,7.21,0.23,766.53,767.0,750.0,-85.73
4006,2018-06-25,600519,766.0,765.56,778.97,764.9,32934,2543272256.0,1.84,-0.13,-0.97,0.26,765.56,778.97,764.9,-35.37
4007,2018-06-26,600519,765.31,754.8,769.88,747.0,46578,3516945440.0,2.99,-1.41,-10.76,0.37,754.8,769.88,747.0,-91.45
4008,2018-06-27,600519,752.0,722.44,757.0,721.0,57298,4194739088.0,4.77,-4.29,-32.36,0.46,722.44,757.0,721.0,-175.15
4009,2018-06-28,600519,714.0,710.93,719.0,697.0,50834,3610842736.0,3.05,-1.59,-11.51,0.4,710.93,719.0,697.0,-213.92
4010,2018-06-29,600519,712.3,731.46,732.3,705.0,32929,2378884224.0,3.84,2.89,20.53,0.26,731.46,732.3,705.0,-129.21
4011,2018-07-02,600519,734.52,711.55,739.33,703.0,37558,2709882032.0,4.97,-2.72,-19.91,0.3,711.55,739.33,703.0,-119.2
4012,2018-07-03,600519,709.76,694.92,715.78,678.23,82837,5743330304.0,5.28,-2.34,-16.63,0.66,694.92,715.78,678.23,-146.97
4013,2018-07-04,600519,692.0,690.91,700.0,688.0,37991,2637494704.0,1.73,-0.58,-4.01,0.3,690.91,700.0,688.0,-127.35
4014,2018-07-05,600519,700.0,702.39,716.2,700.0,47124,3333680080.0,2.34,1.66,11.48,0.38,702.39,716.2,700.0,-80.04
4015,2018-07-06,600519,707.0,714.12,720.93,699.26,44157,3140922352.0,3.09,1.67,11.73,0.35,714.12,720.93,699.26,-57.4
4016,2018-07-09,600519,720.03,727.24,729.86,719.73,40573,2944655280.0,1.42,1.84,13.12,0.32,727.24,729.86,719.73,-14.0
4017,2018-07-10,600519,729.0,725.76,731.5,713.33,29010,2096683488.0,2.5,-0.2,-1.48,0.23,725.76,731.5,713.33,-14.49
4018,2018-07-11,600519,710.0,719.58,724.0,702.22,24278,1736875984.0,3.0,-0.85,-6.18,0.19,719.58,724.0,702.22,-34.48
4019,2018-07-12,600519,718.0,737.54,741.17,718.0,40170,2947129136.0,3.22,2.5,17.96,0.32,737.54,741.17,718.0,42.46
4020,2018-07-13,600519,742.3,746.99,748.1,735.12,28907,2152944608.0,1.76,1.28,9.45,0.23,746.99,748.1,735.12,112.75
4021,2018-07-16,600519,752.3,754.68,764.11,751.03,32475,2454501600.0,1.75,1.03,7.69,0.26,754.68,764.11,751.03,178.65
4022,2018-07-17,600519,757.0,742.43,757.0,736.02,27806,2064190608.0,2.78,-1.62,-12.25,0.22,742.43,757.0,736.02,110.99
4023,2018-07-18,600519,742.43,737.44,749.69,735.0,24522,1818760400.0,1.98,-0.67,-4.99,0.2,737.44,749.69,735.0,78.19
4024,2018-07-19,600519,739.0,740.95,743.95,735.02,18079,1337080016.0,1.21,0.48,3.51,0.14,740.95,743.95,735.02,64.32
4025,2018-07-20,600519,741.5,741.13,743.13,728.0,30549,2249792128.0,2.04,0.02,0.18,0.24,741.13,743.13,728.0,46.71
4026,2018-07-23,600519,736.0,732.07,741.15,720.01,35970,2621763712.0,2.85,-1.22,-9.06,0.29,732.07,741.15,720.01,11.5
4027,2018-07-24,600519,732.68,745.4,747.3,723.0,41809,3091209136.0,3.32,1.82,13.33,0.33,745.4,747.3,723.0,39.37
4028,2018-07-25,600519,746.95,743.81,749.88,740.01,21744,1618737616.0,1.32,-0.21,-1.59,0.17,743.81,749.88,740.01,66.91
4029,2018-07-26,600519,748.9,735.62,748.9,734.23,23067,1707662624.0,1.97,-1.1,-8.19,0.18,735.62,748.9,734.23,24.2
4030,2018-07-27,600519,736.0,738.56,744.3,730.0,20914,1546655264.0,1.94,0.4,2.94,0.17,738.56,744.3,730.0,0.67
4031,2018-07-30,600519,738.9,719.21,740.66,715.0,42172,3058614528.0,3.47,-2.62,-19.35,0.34,719.21,740.66,715.0,-125.16
4032,2018-07-31,600519,720.3,726.44,727.88,719.21,20683,1499353472.0,1.21,1.01,7.23,0.16,726.44,727.88,719.21,-153.16
4033,2018-08-01,600519,731.4,714.94,732.3,714.11,25238,1821933664.0,2.5,-1.58,-11.5,0.2,714.94,732.3,714.11,-162.3
4034,2018-08-02,600519,715.97,695.84,715.97,687.88,55001,3840134512.0,3.93,-2.67,-19.1,0.44,695.84,715.97,687.88,-226.78
4035,2018-08-03,600519,695.0,678.99,695.0,676.2,47337,3230239088.0,2.7,-2.42,-16.85,0.38,678.99,695.0,676.2,-230.85
4036,2018-08-06,600519,677.0,669.68,684.0,662.25,45248,3039091104.0,3.2,-1.37,-9.31,0.36,669.68,684.0,662.25,-202.11
4037,2018-08-07,600519,672.3,686.28,687.83,662.02,39086,2645263312.0,3.85,2.48,16.6,0.31,686.28,687.83,662.02,-132.18
4038,2018-08-08,600519,687.02,676.22,689.0,671.87,29685,2016438672.0,2.5,-1.47,-10.06,0.24,676.22,689.0,671.87,-103.58
4039,2018-08-09,600519,671.0,691.88,694.5,670.12,34486,2368461344.0,3.61,2.32,15.66,0.27,691.88,694.5,670.12,-71.15
4040,2018-08-10,600519,691.88,687.18,694.77,684.2,23818,1643993568.0,1.53,-0.68,-4.7,0.19,687.18,694.77,684.2,-53.53
4041,2018-08-13,600519,683.0,679.22,683.0,666.68,34570,2329262064.0,2.37,-1.16,-7.96,0.28,679.22,683.0,666.68,-76.78
4042,2018-08-14,600519,679.22,680.13,684.5,673.51,21697,1474124256.0,1.62,0.13,0.91,0.17,680.13,684.5,673.51,-61.41
4043,2018-08-15,600519,679.8,662.8,680.0,661.0,34997,2336994704.0,2.79,-2.55,-17.33,0.28,662.8,680.0,661.0,-89.64
4044,2018-08-16,600519,652.0,648.44,668.5,640.0,59940,3908421568.0,4.3,-2.17,-14.36,0.48,648.44,668.5,640.0,-141.26
4045,2018-08-17,600519,657.5,634.86,657.5,630.01,46575,3001465856.0,4.24,-2.09,-13.58,0.37,634.86,657.5,630.01,-174.97
4046,2018-08-20,600519,632.45,644.79,645.55,616.86,48852,3081035728.0,4.52,1.56,9.93,0.39,644.79,645.55,616.86,-169.86
4047,2018-08-21,600519,647.0,671.49,672.3,647.0,52249,3460897968.0,3.92,4.14,26.7,0.42,671.49,672.3,647.0,-38.43
4048,2018-08-22,600519,671.0,667.7,673.2,663.0,20676,1381418416.0,1.52,-0.56,-3.79,0.16,667.7,673.2,663.0,-7.51
4049,2018-08-23,600519,671.7,670.21,678.5,665.18,27357,1836880240.0,1.99,0.38,2.51,0.22,670.21,678.5,665.18,15.67
4050,2018-08-24,600519,669.0,660.3,669.0,656.46,26090,1725516320.0,1.87,-1.48,-9.91,0.21,660.3,669.0,656.46,-32.41
4051,2018-08-27,600519,662.0,687.3,687.3,662.0,48017,3261483984.0,3.83,4.09,27.0,0.38,687.3,687.3,662.0,60.92
4052,2018-08-28,600519,693.0,681.0,693.78,678.55,32489,2222697904.0,2.22,-0.92,-6.3,0.26,681.0,693.78,678.55,87.02
4053,2018-08-29,600519,682.0,685.85,688.88,679.1,27404,1877474368.0,1.44,0.71,4.85,0.22,685.85,688.88,679.1,88.71
4054,2018-08-30,600519,688.21,680.4,692.6,679.01,33788,2312993216.0,1.98,-0.79,-5.45,0.27,680.4,692.6,679.01,89.37
4055,2018-08-31,600519,676.25,659.19,677.0,656.5,58981,3911486176.0,3.01,-3.12,-21.21,0.47,659.19,677.0,656.5,-15.2
4056,2018-09-03,600519,652.0,666.21,667.67,650.8,30180,1992654928.0,2.56,1.06,7.02,0.24,666.21,667.67,650.8,-24.08
4057,2018-09-04,600519,666.8,675.04,676.0,661.6,21540,1441658192.0,2.16,1.33,8.83,0.17,675.04,676.0,661.6,28.87
4058,2018-09-05,600519,675.0,657.79,676.99,657.0,28983,1927600144.0,2.96,-2.56,-17.25,0.23,657.79,676.99,657.0,-17.23
4059,2018-09-06,600519,652.0,644.0,659.26,640.0,42371,2744204064.0,2.93,-2.1,-13.79,0.34,644.0,659.26,640.0,-126.61
4060,2018-09-07,600519,645.5,650.97,658.03,645.14,29240,1903829728.0,2.0,1.08,6.97,0.23,650.97,658.03,645.14,-123.11
4061,2018-09-10,600519,652.2,644.8,653.81,640.7,21202,1369296448.0,2.01,-0.95,-6.17,0.17,644.8,653.81,640.7,-133.08
4062,2018-09-11,600519,645.57,646.0,650.97,640.63,19497,1258466304.0,1.6,0.19,1.2,0.16,646.0,650.97,640.63,-113.15
4063,2018-09-12,600519,643.0,630.0,644.87,628.01,41157,2612360000.0,2.61,-2.48,-16.0,0.33,630.0,644.87,628.01,-146.74
4064,2018-09-13,600519,638.0,631.98,642.0,620.0,47713,3004019088.0,3.49,0.31,1.98,0.38,631.98,642.0,620.0,-127.98
4065,2018-09-14,600519,633.98,642.9,649.78,628.53,40900,2617626832.0,3.36,1.73,10.92,0.33,642.9,649.78,628.53,-75.69
4066,2018-09-17,600519,645.0,645.81,652.96,641.06,29113,1884188496.0,1.85,0.45,2.91,0.23,645.81,652.96,641.06,-41.15
4067,2018-09-18,600519,643.0,666.7,668.0,642.22,37859,2480477392.0,3.99,3.23,20.89,0.3,666.7,668.0,642.22,31.26
4068,2018-09-19,600519,666.58,681.42,686.0,666.0,48222,3277470608.0,3.0,2.21,14.72,0.38,681.42,686.0,666.0,145.64
4069,2018-09-20,600519,685.2,678.55,686.9,677.36,27519,1878075360.0,1.4,-0.42,-2.87,0.22,678.55,686.9,677.36,140.18
4070,2018-09-21,600519,682.0,700.01,700.01,680.01,42617,2945196256.0,2.95,3.16,21.46,0.34,700.01,700.01,680.01,160.54
4071,2018-09-25,600519,695.0,697.02,705.77,693.26,30640,2142679104.0,1.79,-0.43,-2.99,0.24,697.02,705.77,693.26,152.54
4072,2018-09-26,600519,702.1,724.93,732.68,701.99,72288,5200776960.0,4.4,4.0,27.91,0.58,724.93,732.68,701.99,169.07
4073,2018-09-27,600519,727.5,724.0,728.0,715.4,40509,2918965008.0,1.74,-0.13,-0.93,0.32,724.0,728.0,715.4,136.82
4074,2018-09-28,600519,726.7,730.0,733.2,718.88,35090,2551115840.0,1.98,0.83,6.0,0.28,730.0,733.2,718.88,121.42
4075,2018-10-08,600519,715.41,686.15,719.0,686.15,82745,5798721536.0,4.5,-6.01,-43.85,0.66,686.15,719.0,686.15,46.63
4076,2018-10-09,600519,686.9,695.0,698.71,685.9,40223,2785526960.0,1.87,1.29,8.85,0.32,695.0,698.71,685.9,31.74
4077,2018-10-10,600519,697.26,670.92,698.0,669.69,63098,4288785952.0,4.07,-3.46,-24.08,0.5,670.92,698.0,669.69,-10.72
4078,2018-10-11,600519,635.01,644.99,668.94,635.01,91582,5953169152.0,5.06,-3.86,-25.93,0.73,644.99,668.94,635.01,-102.87
4079,2018-10-12,600519,651.0,668.0,672.68,650.58,54473,3599837216.0,3.43,3.57,23.01,0.43,668.0,672.68,650.58,-71.64
4080,2018-10-15,600519,669.49,666.9,671.95,660.03,35607,2372056688.0,1.78,-0.16,-1.1,0.28,666.9,671.95,660.03,-72.92
4081,2018-10-16,600519,665.98,667.14,679.53,662.01,26394,1766613792.0,2.63,0.04,0.24,0.21,667.14,679.53,662.01,-66.98
4082,2018-10-17,600519,675.0,665.72,677.3,649.9,43077,2846537056.0,4.11,-0.21,-1.42,0.34,665.72,677.3,649.9,-78.12
4083,2018-10-18,600519,660.0,645.94,660.0,644.97,52156,3394332720.0,2.26,-2.97,-19.78,0.42,645.94,660.0,644.97,-106.1
4084,2018-10-19,600519,638.0,670.0,675.0,635.08,76199,4973381120.0,6.18,3.72,24.06,0.61,670.0,675.0,635.08,-66.76
4085,2018-10-22,600519,675.0,693.0,702.02,675.0,73109,5036971520.0,4.03,3.43,23.0,0.58,693.0,702.02,675.0,22.84
4086,2018-10-23,600519,689.0,641.74,689.0,635.0,123113,8076618496.0,7.79,-7.4,-51.26,0.98,641.74,689.0,635.0,-73.49
4087,2018-10-24,600519,628.11,636.99,650.0,620.0,76113,4818473472.0,4.67,-0.74,-4.75,0.61,636.99,650.0,620.0,-129.55
4088,2018-10-25,600519,620.0,619.0,622.5,608.58,75568,4657019136.0,2.19,-2.82,-17.99,0.6,619.0,622.5,608.58,-191.58
4089,2018-10-26,600519,619.0,610.1,625.0,607.98,55327,3388947808.0,2.75,-1.44,-8.9,0.44,610.1,625.0,607.98,-162.5
4090,2018-10-29,600519,549.09,549.09,549.09,549.09,49076,2694714080.0,0.0,-10.0,-61.01,0.39,549.09,549.09,549.09,-263.77
4091,2018-10-30,600519,510.0,524.0,543.0,509.02,204397,10663392512.0,6.19,-4.57,-25.09,1.63,524.0,543.0,509.02,-215.06
4092,2018-10-31,600519,527.0,548.9,555.0,522.0,96885,5239853056.0,6.3,4.75,24.9,0.77,548.9,555.0,522.0,-136.68
4093,2018-11-01,600519,555.0,563.0,585.5,551.25,98107,5581027328.0,6.24,2.57,14.1,0.78,563.0,585.5,551.25,-81.35
4094,2018-11-02,600519,585.0,599.9,600.0,572.24,89157,5227695104.0,4.93,6.55,36.9,0.71,599.9,600.0,572.24,-38.64
4095,2018-11-05,600519,593.0,575.8,593.0,571.77,75517,4373994240.0,3.54,-4.02,-24.1,0.6,575.8,593.0,571.77,-45.47
4096,2018-11-06,600519,574.0,566.0,574.16,558.01,45566,2572068928.0,2.8,-1.7,-9.8,0.36,566.0,574.16,558.01,-57.27
4097,2018-11-07,600519,569.0,566.4,574.95,562.01,38108,2165679712.0,2.29,0.07,0.4,0.3,566.4,574.95,562.01,-47.33
4098,2018-11-08,600519,574.0,570.34,577.0,568.0,33764,1933594960.0,1.59,0.7,3.94,0.27,570.34,577.0,568.0,-34.46
4099,2018-11-09,600519,567.22,562.0,569.0,562.0,24337,1374731696.0,1.23,-1.46,-8.34,0.19,562.0,569.0,562.0,-40.16
4100,2018-11-12,600519,553.0,552.0,554.2,536.8,67824,3709848784.0,3.1,-1.78,-10.0,0.54,552.0,554.2,536.8,-74.11
4101,2018-11-13,600519,546.12,570.0,570.0,543.0,66429,3695850096.0,4.89,3.26,18.0,0.53,570.0,570.0,543.0,-28.18
4102,2018-11-14,600519,569.96,555.1,569.96,552.55,41767,2331999888.0,3.05,-2.61,-14.9,0.33,555.1,569.96,552.55,-24.65
4103,2018-11-15,600519,558.8,559.7,564.8,555.5,30833,1728199008.0,1.68,0.83,4.6,0.25,559.7,564.8,555.5,-4.77
4104,2018-11-16,600519,561.0,560.0,566.0,558.03,28939,1625453520.0,1.42,0.05,0.3,0.23,560.0,566.0,558.03,-2.28
4105,2018-11-19,600519,560.3,569.02,572.0,559.11,36179,2052509536.0,2.3,1.61,9.02,0.29,569.02,572.0,559.11,16.68
4106,2018-11-20,600519,565.0,561.6,568.0,560.0,26943,1514353120.0,1.41,-1.3,-7.42,0.21,561.6,568.0,560.0,-29.84
4107,2018-11-21,600519,554.0,564.7,568.9,553.68,27107,1527915056.0,2.71,0.55,3.1,0.22,564.7,568.9,553.68,-33.69
4108,2018-11-22,600519,565.15,564.5,567.33,558.0,21213,1193347568.0,1.65,-0.04,-0.2,0.17,564.5,567.33,558.0,-9.11
4109,2018-11-23,600519,564.0,556.9,567.3,556.9,20126,1126652928.0,1.84,-1.35,-7.6,0.16,556.9,567.3,556.9,-39.13
4110,2018-11-26,600519,558.0,552.11,560.2,552.0,19120,1063536976.0,1.47,-0.86,-4.79,0.15,552.11,560.2,552.0,-117.33
4111,2018-11-27,600519,552.0,548.1,554.99,546.5,20234,1112920624.0,1.54,-0.73,-4.01,0.16,548.1,554.99,546.5,-160.66
4112,2018-11-28,600519,550.85,557.0,559.19,545.5,27738,1535544368.0,2.5,1.62,8.9,0.22,557.0,559.19,545.5,-80.62
4113,2018-11-29,600519,566.03,551.6,569.8,549.01,45069,2524752304.0,3.73,-0.97,-5.4,0.36,551.6,569.8,549.01,-28.05
4114,2018-11-30,600519,557.0,565.0,568.89,553.0,49010,2762808224.0,2.88,2.43,13.4,0.39,565.0,568.89,553.0,51.96
4115,2018-12-03,600519,589.0,601.2,605.0,584.77,83415,4964130048.0,3.58,6.41,36.2,0.66,601.2,605.0,584.77,390.45
4116,2018-12-04,600519,602.99,602.23,604.26,595.0,31474,1888148736.0,1.54,0.17,1.03,0.25,602.23,604.26,595.0,240.03
4117,2018-12-05,600519,597.5,610.1,616.5,595.0,41588,2523641856.0,3.57,1.31,7.87,0.33,610.1,616.5,595.0,182.12
4118,2018-12-06,600519,600.0,591.8,605.98,590.36,37758,2250440656.0,2.56,-3.0,-18.3,0.3,591.8,605.98,590.36,100.12
4119,2018-12-07,600519,595.6,587.0,598.86,584.7,26842,1583970320.0,2.39,-0.81,-4.8,0.21,587.0,598.86,584.7,64.04
4120,2018-12-10,600519,576.0,577.23,587.5,574.18,24641,1427993216.0,2.27,-1.66,-9.77,0.2,577.23,587.5,574.18,21.12
4121,2018-12-11,600519,577.0,582.99,586.55,577.0,16317,949962160.0,1.65,1.0,5.76,0.13,582.99,586.55,577.0,25.59
4122,2018-12-12,600519,588.79,589.0,589.2,582.8,19922,1168089520.0,1.1,1.03,6.01,0.16,589.0,589.2,582.8,37.74
4123,2018-12-13,600519,590.0,601.75,606.88,589.6,40399,2427823200.0,2.93,2.16,12.75,0.32,601.75,606.88,589.6,75.53
4124,2018-12-14,600519,598.01,592.96,599.8,592.0,24554,1461585120.0,1.3,-1.46,-8.79,0.2,592.96,599.8,592.0,51.57
4125,2018-12-17,600519,592.57,590.52,595.97,585.01,24896,1466942960.0,1.85,-0.41,-2.44,0.2,590.52,595.97,585.01,24.92
4126,2018-12-18,600519,585.88,590.94,591.54,585.0,19222,1130221280.0,1.11,0.07,0.42,0.15,590.94,591.54,585.0,7.1
4127,2018-12-19,600519,589.0,577.8,590.99,576.03,25716,1501321344.0,2.53,-2.22,-13.14,0.2,577.8,590.99,576.03,-67.21
4128,2018-12-20,600519,576.22,574.5,581.5,568.89,26941,1549600768.0,2.18,-0.57,-3.3,0.21,574.5,581.5,568.89,-145.32
4129,2018-12-21,600519,571.0,567.41,573.45,562.21,30640,1736537280.0,1.96,-1.23,-7.09,0.24,567.41,573.45,562.21,-166.35
4130,2018-12-24,600519,563.5,568.0,570.91,558.0,19110,1080787424.0,2.28,0.1,0.59,0.15,568.0,570.91,558.0,-146.84
4131,2018-12-25,600519,562.22,565.79,567.5,553.61,26593,1490157584.0,2.45,-0.39,-2.21,0.21,565.79,567.5,553.61,-144.65
4132,2018-12-26,600519,563.81,560.08,568.4,558.0,17866,1005617680.0,1.84,-1.01,-5.71,0.14,560.08,568.4,558.0,-121.11
4133,2018-12-27,600519,570.0,563.0,571.85,562.22,29494,1670211280.0,1.72,0.52,2.92,0.23,563.0,571.85,562.22,-82.28
4134,2018-12-28,600519,563.3,590.01,596.4,560.0,63678,3705150496.0,6.47,4.8,27.01,0.51,590.01,596.4,560.0,19.73
4135,2019-01-02,600519,609.98,598.98,612.0,595.01,62286,3754387984.0,2.88,1.52,8.97,0.5,598.98,612.0,595.01,120.47
4136,2019-01-03,600519,599.97,590.0,601.66,585.8,30977,1838179168.0,2.65,-1.5,-8.98,0.25,590.0,601.66,585.8,63.53
4137,2019-01-04,600519,587.28,602.0,607.67,582.02,37683,2258501488.0,4.35,2.03,12.0,0.3,602.0,607.67,582.02,91.07
4138,2019-01-07,600519,608.0,605.49,612.0,602.22,34750,2105981456.0,1.62,0.58,3.49,0.28,605.49,612.0,602.22,130.05
4139,2019-01-08,600519,605.5,604.79,612.0,600.28,28838,1750413216.0,1.94,-0.12,-0.7,0.23,604.79,612.0,600.28,110.32
4140,2019-01-09,600519,609.99,616.12,626.16,609.04,49892,3084214784.0,2.83,1.87,11.33,0.4,616.12,626.16,609.04,133.44
4141,2019-01-10,600519,617.13,618.77,624.88,610.25,29044,1797683136.0,2.37,0.43,2.65,0.23,618.77,624.88,610.25,111.4
4142,2019-01-11,600519,625.0,635.88,637.0,618.75,38884,2445929488.0,2.95,2.77,17.11,0.31,635.88,637.0,618.75,130.68
4143,2019-01-14,600519,633.0,624.6,635.89,621.55,25649,1606308128.0,2.26,-1.77,-11.28,0.2,624.6,635.89,621.55,105.41
4144,2019-01-15,600519,627.86,659.98,661.5,625.0,55765,3613919072.0,5.84,5.66,35.38,0.44,659.98,661.5,625.0,152.22
4145,2019-01-16,600519,658.0,661.1,665.65,653.6,42084,2775103936.0,1.83,0.17,1.12,0.34,661.1,665.65,653.6,158.9
4146,2019-01-17,600519,663.0,659.25,669.7,655.8,30285,2004454112.0,2.1,-0.28,-1.85,0.24,659.25,669.7,655.8,138.36
4147,2019-01-18,600519,665.0,683.61,690.2,661.5,68609,4647515904.0,4.35,3.7,24.36,0.55,683.61,690.2,661.5,154.39
4148,2019-01-21,600519,690.0,686.98,698.88,681.88,47052,3242615728.0,2.49,0.49,3.37,0.37,686.98,698.88,681.88,148.49
4149,2019-01-22,600519,686.0,671.0,686.0,665.22,42122,2834735024.0,3.02,-2.33,-15.98,0.34,671.0,686.0,665.22,90.61
4150,2019-01-23,600519,667.22,665.66,674.5,663.13,33625,2247371216.0,1.69,-0.8,-5.34,0.27,665.66,674.5,663.13,64.65
4151,2019-01-24,600519,670.3,672.5,677.83,664.68,29155,1960227056.0,1.98,1.03,6.84,0.23,672.5,677.83,664.68,65.49
4152,2019-01-25,600519,675.88,679.7,684.9,669.93,28986,1966232096.0,2.23,1.07,7.2,0.23,679.7,684.9,669.93,74.03
4153,2019-01-28,600519,684.0,677.0,693.98,676.03,36103,2476277968.0,2.64,-0.4,-2.7,0.29,677.0,693.98,676.03,79.46
4154,2019-01-29,600519,677.5,685.0,688.0,668.0,30343,2069407520.0,2.95,1.18,8.0,0.24,685.0,688.0,668.0,67.9
4155,2019-01-30,600519,684.99,676.0,686.22,676.0,22700,1545353568.0,1.49,-1.31,-9.0,0.18,676.0,686.22,676.0,58.46
4156,2019-01-31,600519,680.0,689.6,689.6,677.56,36697,2515374976.0,1.78,2.01,13.6,0.29,689.6,689.6,677.56,82.57
4157,2019-02-01,600519,697.04,692.67,699.0,689.61,30521,2121326144.0,1.36,0.45,3.07,0.24,692.67,699.0,689.61,130.93
4158,2019-02-11,600519,695.0,725.3,729.5,688.18,58141,4143849808.0,5.97,4.71,32.63,0.46,725.3,729.5,688.18,240.84
4159,2019-02-12,600519,723.0,717.92,725.49,715.2,35091,2521840128.0,1.42,-1.02,-7.38,0.28,717.92,725.49,715.2,201.23
4160,2019-02-13,600519,723.0,735.25,736.16,717.22,35677,2589623536.0,2.64,2.41,17.33,0.28,735.25,736.16,717.22,185.98
4161,2019-02-14,600519,731.2,737.16,743.66,730.14,32258,2375987072.0,1.84,0.26,1.91,0.26,737.16,743.66,730.14,159.07
4162,2019-02-15,600519,734.88,724.78,734.88,723.02,23238,1691515520.0,1.61,-1.68,-12.38,0.18,724.78,734.88,723.02,99.5
4163,2019-02-18,600519,731.0,740.0,744.95,731.0,37746,2787522992.0,1.92,2.1,15.22,0.3,740.0,744.95,731.0,108.71
4164,2019-02-19,600519,740.96,730.76,742.5,726.66,29502,2164408784.0,2.14,-1.25,-9.24,0.23,730.76,742.5,726.66,80.15
4165,2019-02-20,600519,735.0,722.0,735.0,716.06,37882,2742919648.0,2.59,-1.2,-8.76,0.3,722.0,735.0,716.06,47.15
4166,2019-02-21,600519,720.0,720.25,730.48,717.0,29850,2163554336.0,1.87,-0.24,-1.75,0.24,720.25,730.48,717.0,35.53
4167,2019-02-22,600519,717.0,726.01,728.49,714.1,25909,1867253936.0,2.0,0.8,5.76,0.21,726.01,728.49,714.1,30.63
4168,2019-02-25,600519,730.75,742.33,744.44,717.99,82623,6034261248.0,3.64,2.25,16.32,0.66,742.33,744.44,717.99,73.57
4169,2019-02-26,600519,747.8,727.35,749.18,726.0,57965,4265279120.0,3.12,-2.02,-14.98,0.46,727.35,749.18,726.0,68.66
4170,2019-02-27,600519,733.0,740.7,758.02,731.0,65942,4908445184.0,3.71,1.84,13.35,0.52,740.7,758.02,731.0,120.24
4171,2019-02-28,600519,737.9,755.01,763.42,736.95,56986,4289145216.0,3.57,1.93,14.31,0.45,755.01,763.42,736.95,172.9
4172,2019-03-01,600519,761.5,789.3,790.0,761.0,63840,4952509184.0,3.84,4.54,34.29,0.51,789.3,790.0,761.0,286.52
4173,2019-03-04,600519,795.0,781.86,798.33,777.22,84586,6661386496.0,2.67,-0.94,-7.44,0.67,781.86,798.33,777.22,213.37
4174,2019-03-05,600519,785.0,779.78,789.55,775.88,44831,3501155936.0,1.75,-0.27,-2.08,0.36,779.78,789.55,775.88,142.8
4175,2019-03-06,600519,775.0,768.0,779.5,765.88,46731,3602140480.0,1.75,-1.51,-11.78,0.37,768.0,779.5,765.88,83.21
4176,2019-03-07,600519,762.22,748.6,762.22,745.56,60181,4526351872.0,2.17,-2.53,-19.4,0.48,748.6,762.22,745.56,13.32
4177,2019-03-08,600519,737.9,737.5,746.83,733.65,52275,3868415488.0,1.76,-1.48,-11.1,0.42,737.5,746.83,733.65,-31.96
4178,2019-03-11,600519,740.04,758.54,766.95,740.04,53057,4001728736.0,3.65,2.85,21.04,0.42,758.54,766.95,740.04,19.02
4179,2019-03-12,600519,763.82,745.01,763.83,739.0,52510,3946382128.0,3.27,-1.78,-13.53,0.42,745.01,763.83,739.0,-9.89
4180,2019-03-13,600519,745.5,754.0,760.75,745.5,40561,3058080912.0,2.05,1.21,8.99,0.32,754.0,760.75,745.5,-2.32
4181,2019-03-14,600519,757.0,778.0,785.0,754.0,62173,4808607744.0,4.11,3.18,24.0,0.49,778.0,785.0,754.0,66.86
4182,2019-03-15,600519,776.0,777.3,787.5,764.85,52401,4084798336.0,2.91,-0.09,-0.7,0.42,777.3,787.5,764.85,71.59
4183,2019-03-18,600519,778.8,810.09,814.53,777.0,81319,6499567104.0,4.83,4.22,32.79,0.65,810.09,814.53,777.0,147.44
4184,2019-03-19,600519,803.0,792.61,807.92,792.3,40635,3244967392.0,1.93,-2.16,-17.48,0.32,792.61,807.92,792.3,117.6
4185,2019-03-20,600519,790.0,792.8,802.3,785.0,31118,2470811136.0,2.18,0.02,0.19,0.25,792.8,802.3,785.0,89.07
4186,2019-03-21,600519,788.0,785.75,792.8,781.5,32573,2558222912.0,1.43,-0.89,-7.05,0.26,785.75,792.8,781.5,57.66
4187,2019-03-22,600519,788.22,794.0,799.98,785.0,30518,2420497824.0,1.91,1.05,8.25,0.24,794.0,799.98,785.0,78.76
4188,2019-03-25,600519,786.0,775.6,788.0,773.3,37270,2903744160.0,1.85,-2.32,-18.4,0.3,775.6,788.0,773.3,24.52
4189,2019-03-26,600519,780.0,773.0,785.94,764.1,37596,2914112992.0,2.82,-0.34,-2.6,0.3,773.0,785.94,764.1,5.18
4190,2019-03-27,600519,781.0,788.5,793.88,775.0,42807,3366132240.0,2.44,2.01,15.5,0.34,788.5,793.88,775.0,44.32
4191,2019-03-28,600519,793.43,806.8,814.48,785.68,57567,4615969792.0,3.65,2.32,18.3,0.46,806.8,814.48,785.68,104.77
4192,2019-03-29,600519,835.0,853.99,866.68,830.17,90934,7702154752.0,4.53,5.85,47.19,0.72,853.99,866.68,830.17,254.23
4193,2019-04-01,600519,860.0,859.0,868.95,851.0,60935,5228521984.0,2.1,0.59,5.01,0.49,859.0,868.95,851.0,221.09
4194,2019-04-02,600519,859.99,850.0,859.99,836.06,53227,4496538880.0,2.79,-1.05,-9.0,0.42,850.0,859.99,836.06,142.08
4195,2019-04-03,600519,840.12,844.5,851.74,834.21,43057,3629854320.0,2.06,-0.65,-5.5,0.34,844.5,851.74,834.21,98.0
4196,2019-04-04,600519,840.0,865.0,865.8,836.2,55772,4763897856.0,3.51,2.43,20.5,0.44,865.0,865.8,836.2,103.08
4197,2019-04-08,600519,900.0,900.2,908.0,890.12,66252,5944780544.0,2.07,4.07,35.2,0.53,900.2,908.0,890.12,154.8
4198,2019-04-09,600519,903.0,905.0,908.2,892.51,47990,4308645632.0,1.74,0.53,4.8,0.38,905.0,908.2,892.51,128.9
4199,2019-04-10,600519,903.0,947.99,951.9,900.0,67814,6331858688.0,5.73,4.75,42.99,0.54,947.99,951.9,900.0,150.81
4200,2019-04-11,600519,948.0,925.2,950.0,905.55,61103,5643817472.0,4.69,-2.4,-22.79,0.49,925.2,950.0,905.55,123.85
4201,2019-04-12,600519,909.0,914.0,919.99,900.01,48612,4419350016.0,2.16,-1.21,-11.2,0.39,914.0,919.99,900.01,86.77
4202,2019-04-15,600519,931.0,907.0,939.0,907.0,45523,4205548304.0,3.5,-0.77,-7.0,0.36,907.0,939.0,907.0,81.78
4203,2019-04-16,600519,904.9,939.9,939.9,901.22,46423,4297385216.0,4.26,3.63,32.9,0.37,939.9,939.9,901.22,83.34
4204,2019-04-17,600519,938.0,952.0,955.51,925.0,40761,3848216560.0,3.25,1.29,12.1,0.32,952.0,955.51,925.0,100.75
4205,2019-04-18,600519,945.41,945.5,954.68,936.22,19599,1853076080.0,1.94,-0.68,-6.5,0.16,945.5,954.68,936.22,97.45
4206,2019-04-19,600519,943.96,952.56,960.95,931.31,32380,3064971040.0,3.13,0.75,7.06,0.26,952.56,960.95,931.31,93.64
4207,2019-04-22,600519,959.5,949.2,978.89,940.61,40628,3897168688.0,4.02,-0.35,-3.36,0.32,949.2,978.89,940.61,100.66
4208,2019-04-23,600519,951.0,974.95,981.22,949.2,48852,4725480192.0,3.37,2.71,25.75,0.39,974.95,981.22,949.2,119.0
4209,2019-04-24,600519,979.88,970.0,990.0,951.22,45227,4383873024.0,3.98,-0.51,-4.95,0.36,970.0,990.0,951.22,118.36
4210,2019-04-25,600519,968.79,952.37,973.99,951.22,39801,3822767520.0,2.35,-1.82,-17.63,0.32,952.37,973.99,951.22,77.42
4211,2019-04-26,600519,946.3,945.0,959.88,945.0,43278,4119727296.0,1.56,-0.77,-7.37,0.34,945.0,959.88,945.0,38.02
4212,2019-04-29,600519,945.0,971.97,989.0,935.0,52572,5086408448.0,5.71,2.85,26.97,0.42,971.97,989.0,935.0,90.67
4213,2019-04-30,600519,968.0,974.0,984.96,963.11,35943,3503937520.0,2.25,0.21,2.03,0.29,974.0,984.96,963.11,110.49
4214,2019-05-06,600519,925.5,906.0,935.0,893.0,135100,12299395840.0,4.31,-6.98,-68.0,1.08,906.0,935.0,893.0,-134.92
4215,2019-05-07,600519,893.28,890.0,913.94,870.22,100837,9045117696.0,4.83,-1.77,-16.0,0.8,890.0,913.94,870.22,-187.78
4216,2019-05-08,600519,860.0,884.4,901.8,860.0,81883,7217709568.0,4.7,-0.63,-5.6,0.65,884.4,901.8,860.0,-178.45
4217,2019-05-09,600519,875.0,858.81,879.87,842.5,91545,7863312128.0,4.23,-2.89,-25.59,0.73,858.81,879.87,842.5,-175.54
4218,2019-05-10,600519,875.66,907.12,910.78,868.19,79907,7121198848.0,4.96,5.63,48.31,0.64,907.12,910.78,868.19,-78.62
4219,2019-05-13,600519,898.86,892.0,910.98,884.0,46637,4179329440.0,2.97,-1.67,-15.12,0.37,892.0,910.98,884.0,-65.9
4220,2019-05-14,600519,885.0,886.57,906.0,873.0,59983,5349455616.0,3.7,-0.61,-5.43,0.48,886.57,906.0,873.0,-67.97
4221,2019-05-15,600519,890.24,927.0,933.0,890.24,63124,5778791936.0,4.82,4.56,40.43,0.5,927.0,933.0,890.24,-12.77
4222,2019-05-16,600519,919.0,929.91,932.0,905.0,44540,4108281952.0,2.91,0.31,2.91,0.35,929.91,932.0,905.0,4.48
4223,2019-05-17,600519,927.02,906.79,932.3,900.1,49842,4551116800.0,3.46,-2.49,-23.12,0.4,906.79,932.3,900.1,-7.41
4224,2019-05-20,600519,900.0,884.96,900.0,871.0,44408,3931645936.0,3.2,-2.41,-21.83,0.35,884.96,900.0,871.0,-67.22
4225,2019-05-21,600519,885.0,895.0,910.0,872.02,42386,3791406208.0,4.29,1.13,10.04,0.34,895.0,910.0,872.02,-41.23
4226,2019-05-22,600519,894.98,888.0,904.0,880.0,32042,2853872832.0,2.68,-0.78,-7.0,0.26,888.0,904.0,880.0,-38.24
4227,2019-05-23,600519,881.0,861.0,883.98,856.22,58059,5062812416.0,3.13,-3.04,-27.0,0.46,861.0,883.98,856.22,-135.13
4228,2019-05-24,600519,865.0,878.5,885.0,864.44,44034,3858962208.0,2.39,2.03,17.5,0.35,878.5,885.0,864.44,-80.36
4229,2019-05-27,600519,879.1,879.0,882.99,860.05,39162,3417213664.0,2.61,0.06,0.5,0.31,879.0,882.99,860.05,-77.23
4230,2019-05-28,600519,877.99,888.0,907.49,875.02,74773,6670856192.0,3.69,1.02,9.0,0.6,888.0,907.49,875.02,-1.89
4231,2019-05-29,600519,888.01,911.91,924.95,888.01,65647,5963755520.0,4.16,2.69,23.91,0.52,911.91,924.95,888.01,76.28
4232,2019-05-30,600519,910.0,905.3,919.99,891.22,40247,3634187680.0,3.15,-0.72,-6.61,0.32,905.3,919.99,891.22,54.01
4233,2019-05-31,600519,900.53,890.0,906.99,890.0,35794,3211384928.0,1.88,-1.69,-15.3,0.28,890.0,906.99,890.0,4.86
4234,2019-06-03,600519,892.0,892.0,901.35,886.28,34479,3076922336.0,1.69,0.22,2.0,0.27,892.0,901.35,886.28,-9.26
4235,2019-06-04,600519,895.0,875.3,895.43,871.0,39689,3481384256.0,2.74,-1.87,-16.7,0.32,875.3,895.43,871.0,-66.39
4236,2019-06-05,600519,884.0,871.6,886.26,870.0,34067,2988114672.0,1.86,-0.42,-3.7,0.27,871.6,886.26,870.0,-81.05
4237,2019-06-06,600519,875.62,862.13,875.77,858.0,34787,3009567792.0,2.04,-1.09,-9.47,0.28,862.13,875.77,858.0,-125.68
4238,2019-06-10,600519,857.98,871.08,878.95,840.0,55502,4790052608.0,4.52,1.04,8.95,0.44,871.08,878.95,840.0,-111.85
4239,2019-06-11,600519,876.0,910.89,915.61,875.0,80106,7209086976.0,4.66,4.57,39.81,0.64,910.89,915.61,875.0,80.97
4240,2019-06-12,600519,906.22,906.7,910.99,894.0,37747,3420899280.0,1.87,-0.46,-4.19,0.3,906.7,910.99,894.0,87.21
4241,2019-06-13,600519,910.0,910.0,912.3,897.0,32917,2984741680.0,1.69,0.36,3.3,0.26,910.0,912.3,897.0,87.45
4242,2019-06-14,600519,911.0,913.0,932.3,910.02,42455,3905679104.0,2.45,0.33,3.0,0.34,913.0,932.3,910.02,125.91
4243,2019-06-17,600519,907.0,911.6,926.94,906.02,32769,3001512192.0,2.29,-0.15,-1.4,0.26,911.6,926.94,906.02,97.14
4244,2019-06-18,600519,917.0,917.0,920.0,902.6,29441,2687679920.0,1.91,0.59,5.4,0.23,917.0,920.0,902.6,77.97
4245,2019-06-19,600519,940.0,932.01,946.7,932.01,53726,5051192576.0,1.6,1.64,15.01,0.43,932.01,946.7,932.01,157.76
4246,2019-06-20,600519,932.5,975.0,975.5,932.2,67272,6468666112.0,4.65,4.61,42.99,0.54,975.0,975.5,932.2,195.99
4247,2019-06-21,600519,969.97,976.3,984.49,964.5,45927,4482726912.0,2.05,0.13,1.3,0.37,976.3,984.49,964.5,181.8
4248,2019-06-24,600519,978.3,987.1,999.69,975.0,45779,4532527104.0,2.53,1.11,10.8,0.36,987.1,999.69,975.0,164.41
4249,2019-06-25,600519,992.0,982.98,999.0,967.0,51296,5035624448.0,3.24,-0.42,-4.12,0.41,982.98,999.0,967.0,121.95
4250,2019-06-26,600519,985.0,979.86,985.0,971.22,29588,2896585584.0,1.4,-0.32,-3.12,0.24,979.86,985.0,971.22,93.61
4251,2019-06-27,600519,985.0,996.35,1001.0,981.12,47978,4772724224.0,2.03,1.68,16.49,0.38,996.35,1001.0,981.12,102.57
4252,2019-06-28,600519,985.99,984.0,988.88,971.33,31088,3050739280.0,1.76,-1.24,-12.35,0.25,984.0,988.88,971.33,69.72
4253,2019-07-01,600519,1004.52,1031.86,1035.6,1000.22,52337,5325575936.0,3.6,4.86,47.86,0.42,1031.86,1035.6,1000.22,131.37
4254,2019-07-02,600519,1025.0,1025.0,1029.5,1016.0,39061,3989722048.0,1.31,-0.66,-6.86,0.31,1025.0,1029.5,1016.0,119.37
4255,2019-07-03,600519,1020.0,987.9,1023.0,981.5,67139,6717755648.0,4.05,-3.62,-37.1,0.53,987.9,1023.0,981.5,60.68
4256,2019-07-04,600519,985.8,981.2,990.8,971.22,46217,4531685888.0,1.98,-0.68,-6.7,0.37,981.2,990.8,971.22,16.55
4257,2019-07-05,600519,986.0,999.82,1006.0,976.3,50033,4968920576.0,3.03,1.9,18.62,0.4,999.82,1006.0,976.3,45.55
4258,2019-07-08,600519,995.05,984.86,997.9,975.0,33614,3313713088.0,2.29,-1.5,-14.96,0.27,984.86,997.9,975.0,0.72
4259,2019-07-09,600519,979.3,976.06,989.0,968.35,31723,3103986400.0,2.1,-0.89,-8.8,0.25,976.06,989.0,968.35,-58.36
4260,2019-07-10,600519,980.93,982.52,990.58,977.0,28167,2774054720.0,1.39,0.66,6.46,0.22,982.52,990.58,977.0,-40.89
4261,2019-07-11,600519,989.96,981.5,998.38,976.0,30514,3011117072.0,2.28,-0.1,-1.02,0.24,981.5,998.38,976.0,-35.45
4262,2019-07-12,600519,981.3,986.09,991.5,980.01,28174,2778937968.0,1.17,0.47,4.59,0.22,986.09,991.5,980.01,-31.07
4263,2019-07-15,600519,967.8,975.93,980.1,951.13,59870,5785726720.0,2.94,-1.03,-10.16,0.48,975.93,980.1,951.13,-120.52
4264,2019-07-16,600519,975.45,968.0,982.3,965.0,33245,3226755648.0,1.77,-0.81,-7.93,0.26,968.0,982.3,965.0,-98.96
4265,2019-07-17,600519,968.0,963.5,972.99,962.13,25469,2459954480.0,1.12,-0.46,-4.5,0.2,963.5,972.99,962.13,-113.72
4266,2019-07-18,600519,961.5,947.5,963.0,947.18,39253,3748507472.0,1.64,-1.66,-16.0,0.31,947.5,963.0,947.18,-158.99
4267,2019-07-19,600519,955.0,955.87,960.8,948.0,28015,2679887456.0,1.35,0.88,8.37,0.22,955.87,960.8,948.0,-131.28
4268,2019-07-22,600519,960.0,957.02,964.0,950.25,28125,2695084032.0,1.44,0.12,1.15,0.22,957.02,964.0,950.25,-104.74
4269,2019-07-23,600519,962.3,953.98,962.59,943.86,32484,3087319264.0,1.96,-0.32,-3.04,0.26,953.98,962.59,943.86,-106.83
4270,2019-07-24,600519,958.31,946.36,959.9,944.69,46771,4450509824.0,1.59,-0.8,-7.62,0.37,946.36,959.9,944.69,-104.63
4271,2019-07-25,600519,945.97,963.0,963.36,938.15,38256,3633246144.0,2.66,1.76,16.64,0.3,963.0,963.36,938.15,-71.0
4272,2019-07-26,600519,961.97,965.03,971.0,958.55,26468,2556208816.0,1.29,0.21,2.03,0.21,965.03,971.0,958.55,-8.52
4273,2019-07-29,600519,962.03,976.41,979.5,960.01,26981,2626793552.0,2.02,1.18,11.38,0.21,976.41,979.5,960.01,39.44
4274,2019-07-30,600519,976.5,978.93,983.0,971.0,19538,1911965184.0,1.23,0.26,2.52,0.16,978.93,983.0,971.0,81.64
4275,2019-07-31,600519,975.0,972.6,981.77,966.59,22526,2191909984.0,1.55,-0.65,-6.33,0.18,972.6,981.77,966.59,65.77
4276,2019-08-01,600519,976.51,959.3,977.0,953.02,35090,3385045856.0,2.47,-1.37,-13.3,0.28,959.3,977.0,953.02,1.26
4277,2019-08-02,600519,944.0,954.45,957.98,943.0,39719,3772328944.0,1.56,-0.51,-4.85,0.32,954.45,957.98,943.0,-81.04
4278,2019-08-05,600519,945.0,942.43,954.0,940.0,36774,3473341312.0,1.47,-1.26,-12.02,0.29,942.43,954.0,940.0,-114.97
4279,2019-08-06,600519,931.0,946.3,948.0,923.8,43991,4121445008.0,2.57,0.41,3.87,0.35,946.3,948.0,923.8,-140.72
4280,2019-08-07,600519,949.5,945.0,955.53,945.0,26870,2553463424.0,1.11,-0.14,-1.3,0.21,945.0,955.53,945.0,-67.64
4281,2019-08-08,600519,953.5,971.68,974.0,952.0,38808,3755086992.0,2.33,2.82,26.68,0.31,971.68,974.0,952.0,52.34
4282,2019-08-09,600519,978.5,962.03,980.95,958.99,28462,2760764352.0,2.26,-0.99,-9.65,0.23,962.03,980.95,958.99,54.16
4283,2019-08-12,600519,1010.31,1018.63,1020.1,995.01,81499,8208540672.0,2.61,5.88,56.6,0.65,1018.63,1020.1,995.01,249.83
4284,2019-08-13,600519,1016.16,1017.95,1026.0,1010.68,30330,3088013760.0,1.5,-0.07,-0.68,0.24,1017.95,1026.0,1010.68,208.56
4285,2019-08-14,600519,1030.02,1043.33,1051.9,1030.02,41411,4327071232.0,2.15,2.49,25.38,0.33,1043.33,1051.9,1030.02,207.67
4286,2019-08-15,600519,1028.0,1044.9,1046.48,1028.0,27237,2821331120.0,1.77,0.15,1.57,0.22,1044.9,1046.48,1028.0,145.91
4287,2019-08-16,600519,1049.84,1054.6,1075.58,1041.0,36087,3822488368.0,3.31,0.93,9.7,0.29,1054.6,1075.58,1041.0,139.08
4288,2019-08-19,600519,1061.0,1055.88,1069.98,1049.05,32868,3471558016.0,1.98,0.12,1.28,0.26,1055.88,1069.98,1049.05,112.42
4289,2019-08-20,600519,1055.0,1070.0,1073.68,1050.0,28602,3038219264.0,2.24,1.34,14.12,0.23,1070.0,1073.68,1050.0,101.89
4290,2019-08-21,600519,1070.1,1066.0,1076.97,1061.66,25067,2678841888.0,1.43,-0.37,-4.0,0.2,1066.0,1076.97,1061.66,92.9
4291,2019-08-22,600519,1072.99,1104.0,1104.0,1070.0,37591,4099045120.0,3.19,3.56,38.0,0.3,1104.0,1104.0,1070.0,113.9
4292,2019-08-23,600519,1105.0,1130.1,1133.56,1095.62,40192,4495782912.0,3.44,2.36,26.1,0.32,1130.1,1133.56,1095.62,134.7
4293,2019-08-26,600519,1113.0,1102.95,1128.0,1096.68,48498,5382792448.0,2.77,-2.4,-27.15,0.39,1102.95,1128.0,1096.68,111.05
4294,2019-08-27,600519,1117.0,1109.0,1131.31,1109.0,52164,5830617856.0,2.02,0.55,6.05,0.42,1109.0,1131.31,1109.0,111.56
4295,2019-08-28,600519,1109.0,1100.11,1123.19,1083.01,47010,5169778944.0,3.62,-0.8,-8.89,0.37,1100.11,1123.19,1083.01,78.29
4296,2019-08-29,600519,1105.0,1113.1,1118.18,1092.5,29330,3247704304.0,2.33,1.18,12.99,0.23,1113.1,1118.18,1092.5,77.58
4297,2019-08-30,600519,1125.0,1142.0,1146.0,1123.0,44891,5093877248.0,2.07,2.6,28.9,0.36,1142.0,1146.0,1123.0,119.7
4298,2019-09-02,600519,1139.99,1138.76,1144.98,1129.0,28234,3210850608.0,1.4,-0.28,-3.24,0.22,1138.76,1144.98,1129.0,108.47
4299,2019-09-03,600519,1140.0,1140.0,1151.02,1128.56,29485,3358578416.0,1.97,0.11,1.24,0.23,1140.0,1151.02,1128.56,102.19
4300,2019-09-04,600519,1140.8,1125.01,1142.91,1120.11,33600,3785904736.0,2.0,-1.31,-14.99,0.27,1125.01,1142.91,1120.11,70.93
4301,2019-09-05,600519,1129.0,1144.0,1144.9,1128.0,32931,3746608080.0,1.5,1.69,18.99,0.26,1144.0,1144.9,1128.0,89.1
4302,2019-09-06,600519,1144.5,1142.49,1146.15,1131.0,26177,2978155824.0,1.32,-0.13,-1.51,0.21,1142.49,1146.15,1131.0,82.98
4303,2019-09-09,600519,1145.0,1136.52,1148.0,1135.0,29379,3346080768.0,1.14,-0.52,-5.97,0.23,1136.52,1148.0,1135.0,75.56
4304,2019-09-10,600519,1134.3,1123.85,1135.0,1120.01,26227,2952753648.0,1.32,-1.11,-12.67,0.21,1123.85,1135.0,1120.01,10.79
4305,2019-09-11,600519,1119.22,1069.52,1119.97,1068.0,81717,8904690688.0,4.62,-4.83,-54.33,0.65,1069.52,1119.97,1068.0,-175.83
4306,2019-09-12,600519,1066.0,1099.0,1109.98,1066.0,41211,4498210304.0,4.11,2.76,29.48,0.33,1099.0,1109.98,1066.0,-120.07
4307,2019-09-16,600519,1083.0,1099.0,1103.95,1083.0,31372,3432292112.0,1.91,0.0,0.0,0.25,1099.0,1103.95,1083.0,-94.92
4308,2019-09-17,600519,1094.0,1094.01,1106.66,1087.0,25197,2767385776.0,1.79,-0.45,-4.99,0.2,1094.01,1106.66,1087.0,-79.72
4309,2019-09-18,600519,1108.5,1148.9,1150.0,1108.18,69314,7899560192.0,3.82,5.02,54.89,0.55,1148.9,1150.0,1108.18,50.58
4310,2019-09-19,600519,1148.0,1145.0,1150.0,1137.1,24480,2800064432.0,1.12,-0.34,-3.9,0.19,1145.0,1150.0,1137.1,72.94
4311,2019-09-20,600519,1151.0,1157.42,1160.0,1147.59,37627,4346138368.0,1.08,1.08,12.42,0.3,1157.42,1160.0,1147.59,104.14
4312,2019-09-23,600519,1157.0,1149.0,1157.0,1131.0,30026,3431058976.0,2.25,-0.73,-8.42,0.24,1149.0,1157.0,1131.0,68.12
4313,2019-09-24,600519,1155.0,1184.0,1184.9,1152.0,36269,4259834000.0,2.86,3.05,35.0,0.29,1184.0,1184.9,1152.0,143.9
4314,2019-09-25,600519,1180.0,1174.0,1188.87,1170.5,24025,2832308416.0,1.55,-0.84,-10.0,0.19,1174.0,1188.87,1170.5,130.71
4315,2019-09-26,600519,1174.94,1167.0,1183.35,1158.81,26082,3050478320.0,2.09,-0.6,-7.0,0.21,1167.0,1183.35,1158.81,95.15
4316,2019-09-27,600519,1164.0,1174.75,1183.0,1153.0,22827,2671754320.0,2.57,0.66,7.75,0.18,1174.75,1183.0,1153.0,85.26
4317,2019-09-30,600519,1163.0,1150.0,1169.43,1150.0,30825,3565988672.0,1.65,-2.11,-24.75,0.25,1150.0,1169.43,1150.0,46.05
4318,2019-10-08,600519,1153.0,1167.1,1180.0,1152.01,31045,3631091488.0,2.43,1.49,17.1,0.25,1167.1,1180.0,1152.01,61.97
4319,2019-10-09,600519,1166.2,1146.81,1166.2,1135.05,35789,4105282384.0,2.67,-1.74,-20.29,0.28,1146.81,1166.2,1135.05,13.25
4320,2019-10-10,600519,1127.0,1155.0,1158.93,1109.02,41174,4685560576.0,4.35,0.71,8.19,0.33,1155.0,1158.93,1109.02,-25.82
4321,2019-10-11,600519,1157.0,1174.6,1175.0,1152.21,28689,3343559808.0,1.97,1.7,19.6,0.23,1174.6,1175.0,1152.21,59.21
4322,2019-10-14,600519,1186.0,1180.0,1187.66,1170.0,27188,3209362992.0,1.5,0.46,5.4,0.22,1180.0,1187.66,1170.0,104.54
4323,2019-10-15,600519,1180.0,1211.0,1215.68,1177.03,40035,4806856448.0,3.28,2.63,31.0,0.32,1211.0,1215.68,1177.03,186.66
4324,2019-10-16,600519,1168.0,1170.0,1187.5,1160.0,59151,6935972608.0,2.27,-3.39,-41.0,0.47,1170.0,1187.5,1160.0,35.94
4325,2019-10-17,600519,1176.0,1183.33,1186.66,1162.5,30509,3578144112.0,2.06,1.14,13.33,0.24,1183.33,1186.66,1162.5,56.97
4326,2019-10-18,600519,1179.0,1175.79,1189.99,1171.69,28292,3335011088.0,1.55,-0.64,-7.54,0.23,1175.79,1189.99,1171.69,59.96
4327,2019-10-21,600519,1171.86,1168.5,1178.9,1163.3,25275,2955023936.0,1.33,-0.62,-7.29,0.2,1168.5,1178.9,1163.3,2.52
4328,2019-10-22,600519,1178.0,1170.8,1181.5,1163.89,19309,2262188256.0,1.51,0.2,2.3,0.15,1170.8,1181.5,1163.89,18.24
4329,2019-10-23,600519,1168.0,1158.91,1178.0,1156.11,23080,2684922176.0,1.87,-1.02,-11.89,0.18,1158.91,1178.0,1156.11,-31.69
4330,2019-10-24,600519,1164.95,1150.27,1166.0,1147.16,26178,3025245584.0,1.63,-0.75,-8.64,0.21,1150.27,1166.0,1147.16,-82.33
4331,2019-10-25,600519,1153.3,1171.35,1172.5,1143.03,25998,3015928992.0,2.56,1.83,21.08,0.21,1171.35,1172.5,1143.03,-38.54
4332,2019-10-28,600519,1166.01,1178.29,1181.01,1165.0,22486,2644563040.0,1.37,0.59,6.94,0.18,1178.29,1181.01,1165.0,36.14
4333,2019-10-29,600519,1181.11,1193.0,1199.96,1177.77,27804,3314271728.0,1.88,1.25,14.71,0.22,1193.0,1199.96,1177.77,119.59
4334,2019-10-30,600519,1190.0,1183.8,1192.7,1176.0,21255,2516524160.0,1.4,-0.77,-9.2,0.17,1183.8,1192.7,1176.0,69.57
4335,2019-10-31,600519,1196.0,1180.01,1198.0,1176.15,25909,3068884880.0,1.85,-0.32,-3.79,0.21,1180.01,1198.0,1176.15,63.27
4336,2019-11-01,600519,1181.0,1185.0,1191.95,1172.5,22812,2697638368.0,1.65,0.42,4.99,0.18,1185.0,1191.95,1172.5,48.01
4337,2019-11-04,600519,1190.0,1199.59,1209.99,1189.0,26738,3209264032.0,1.77,1.23,14.59,0.21,1199.59,1209.99,1189.0,169.16
4338,2019-11-05,600519,1199.5,1199.0,1205.0,1192.0,22255,2667596016.0,1.08,-0.05,-0.59,0.18,1199.0,1205.0,1192.0,132.46
4339,2019-11-06,600519,1197.0,1193.0,1204.0,1188.88,19738,2362005424.0,1.26,-0.5,-6.0,0.16,1193.0,1204.0,1188.88,93.0
4340,2019-11-07,600519,1196.51,1201.37,1201.88,1189.0,16168,1933203872.0,1.08,0.7,8.37,0.13,1201.37,1201.88,1189.0,89.39
4341,2019-11-08,600519,1205.0,1205.0,1215.65,1201.51,24512,2964133776.0,1.18,0.3,3.63,0.2,1205.0,1215.65,1201.51,124.45
4342,2019-11-11,600519,1201.5,1199.0,1206.2,1193.51,17342,2082060832.0,1.05,-0.5,-6.0,0.14,1199.0,1206.2,1193.51,73.24
4343,2019-11-12,600519,1204.0,1201.6,1209.6,1198.21,19151,2303205536.0,0.95,0.22,2.6,0.15,1201.6,1209.6,1198.21,81.39
4344,2019-11-13,600519,1207.0,1224.0,1227.8,1200.0,31977,3890666576.0,2.31,1.86,22.4,0.25,1224.0,1227.8,1200.0,149.41
4345,2019-11-14,600519,1227.0,1230.0,1240.0,1222.0,23521,2898399696.0,1.47,0.49,6.0,0.19,1230.0,1240.0,1222.0,210.91
4346,2019-11-15,600519,1230.0,1224.9,1232.91,1221.5,16341,2003665312.0,0.93,-0.41,-5.1,0.13,1224.9,1232.91,1221.5,149.49
4347,2019-11-18,600519,1225.12,1227.28,1229.45,1218.0,18038,2204546128.0,0.93,0.19,2.38,0.14,1227.28,1229.45,1218.0,112.3
4348,2019-11-19,600519,1228.0,1232.32,1241.61,1225.02,20624,2542105920.0,1.35,0.41,5.04,0.16,1232.32,1241.61,1225.02,124.82
4349,2019-11-20,600519,1230.0,1233.75,1239.51,1228.06,15281,1884957280.0,0.93,0.12,1.43,0.12,1233.75,1239.51,1228.06,105.78
4350,2019-11-21,600519,1231.0,1231.3,1235.51,1221.06,19187,2356277760.0,1.17,-0.2,-2.45,0.15,1231.3,1235.51,1221.06,73.32
4351,2019-11-22,600519,1223.0,1194.0,1229.0,1185.0,47054,5677646592.0,3.57,-3.03,-37.3,0.37,1194.0,1229.0,1185.0,-56.53
4352,2019-11-25,600519,1188.05,1182.06,1194.0,1172.06,38282,4518778880.0,1.84,-1.0,-11.94,0.3,1182.06,1194.0,1172.06,-136.97
4353,2019-11-26,600519,1186.68,1185.0,1198.6,1183.0,40240,4794179840.0,1.32,0.25,2.94,0.32,1185.0,1198.6,1183.0,-103.93
4354,2019-11-27,600519,1192.8,1189.95,1196.62,1184.51,19849,2363839728.0,1.02,0.42,4.95,0.16,1189.95,1196.62,1184.51,-92.15
4355,2019-11-28,600519,1194.97,1175.8,1197.51,1169.02,28845,3405325552.0,2.39,-1.19,-14.15,0.23,1175.8,1197.51,1169.02,-111.24
4356,2019-11-29,600519,1165.5,1129.0,1165.5,1112.89,82397,9338326528.0,4.47,-3.98,-46.8,0.66,1129.0,1165.5,1112.89,-209.74
4357,2019-12-02,600519,1118.2,1133.0,1140.02,1118.2,30784,3479717424.0,1.93,0.35,4.0,0.25,1133.0,1140.02,1118.2,-168.55
4358,2019-12-03,600519,1133.0,1118.0,1133.0,1117.74,27341,3066695648.0,1.35,-1.32,-15.0,0.22,1118.0,1133.0,1117.74,-147.29
4359,2019-12-04,600519,1140.0,1122.33,1144.66,1118.0,35283,3980511008.0,2.38,0.39,4.33,0.28,1122.33,1144.66,1118.0,-114.08
4360,2019-12-05,600519,1125.0,1129.8,1132.01,1118.0,21339,2402503472.0,1.25,0.67,7.47,0.17,1129.8,1132.01,1118.0,-97.41
4361,2019-12-06,600519,1135.97,1170.0,1170.0,1130.1,39506,4565643776.0,3.53,3.56,40.2,0.31,1170.0,1170.0,1130.1,-33.67
4362,2019-12-09,600519,1175.0,1158.7,1176.0,1156.1,21824,2543532528.0,1.7,-0.97,-11.3,0.17,1158.7,1176.0,1156.1,-12.37
4363,2019-12-10,600519,1159.6,1164.4,1165.0,1151.0,15087,1749356288.0,1.21,0.49,5.7,0.12,1164.4,1165.0,1151.0,-10.09
4364,2019-12-11,600519,1168.0,1158.98,1170.75,1155.55,14568,1689987680.0,1.31,-0.47,-5.42,0.12,1158.98,1170.75,1155.55,7.07
4365,2019-12-12,600519,1156.0,1137.0,1159.94,1130.08,29409,3362699680.0,2.58,-1.9,-21.98,0.23,1137.0,1159.94,1130.08,-41.28
4366,2019-12-13,600519,1146.0,1163.0,1165.0,1146.0,30001,3473927968.0,1.67,2.29,26.0,0.24,1163.0,1165.0,1146.0,16.32
4367,2019-12-16,600519,1163.0,1147.92,1163.0,1137.94,30936,3554133648.0,2.15,-1.3,-15.08,0.25,1147.92,1163.0,1137.94,-3.59
4368,2019-12-17,600519,1149.7,1169.98,1173.6,1143.03,42617,4937041920.0,2.66,1.92,22.06,0.34,1169.98,1173.6,1143.03,61.03
4369,2019-12-18,600519,1174.0,1168.0,1175.2,1164.0,19640,2295963808.0,0.96,-0.17,-1.98,0.16,1168.0,1175.2,1164.0,100.15
4370,2019-12-19,600519,1163.0,1157.4,1163.0,1152.0,19552,2262598592.0,0.94,-0.91,-10.6,0.16,1157.4,1163.0,1152.0,40.26
4371,2019-12-20,600519,1162.18,1146.3,1162.18,1141.5,23564,2703612352.0,1.79,-0.96,-11.1,0.19,1146.3,1162.18,1141.5,-3.5
4372,2019-12-23,600519,1139.0,1149.3,1162.5,1136.0,25919,2981937536.0,2.31,0.26,3.0,0.21,1149.3,1162.5,1136.0,-21.95
4373,2019-12-24,600519,1153.0,1148.0,1155.0,1145.0,11823,1358536192.0,0.87,-0.11,-1.3,0.09,1148.0,1155.0,1145.0,-38.34
4374,2019-12-25,600519,1143.0,1133.7,1143.0,1130.01,24306,2755735168.0,1.13,-1.25,-14.3,0.19,1133.7,1143.0,1130.01,-172.01
4375,2019-12-26,600519,1132.0,1135.1,1141.98,1119.99,22877,2585996496.0,1.94,0.12,1.4,0.18,1135.1,1141.98,1119.99,-155.0
4376,2019-12-27,600519,1150.0,1163.0,1172.0,1150.0,47066,5486452992.0,1.94,2.46,27.9,0.37,1163.0,1172.0,1150.0,68.17
4377,2019-12-30,600519,1170.2,1185.8,1195.5,1170.2,40761,4827682048.0,2.18,1.96,22.8,0.32,1185.8,1195.5,1170.2,188.38
4378,2019-12-31,600519,1183.0,1183.0,1188.0,1176.51,22589,2666705104.0,0.97,-0.24,-2.8,0.18,1183.0,1188.0,1176.51,149.09
4379,2020-01-02,600519,1128.0,1130.0,1145.06,1116.0,148099,16696837120.0,2.46,-4.48,-53.0,1.18,1130.0,1145.06,1116.0,-129.52
4380,2020-01-03,600519,1117.0,1078.56,1117.0,1076.9,130319,14266380544.0,3.55,-4.55,-51.44,1.04,1078.56,1117.0,1076.9,-241.32
4381,2020-01-06,600519,1070.86,1077.99,1092.9,1067.3,63415,6853917696.0,2.37,-0.05,-0.57,0.5,1077.99,1092.9,1067.3,-194.73
4382,2020-01-07,600519,1077.5,1094.53,1099.0,1076.4,47854,5220697088.0,2.1,1.53,16.54,0.38,1094.53,1099.0,1076.4,-128.41
4383,2020-01-08,600519,1085.05,1088.14,1095.5,1082.58,25008,2720371920.0,1.18,-0.58,-6.39,0.2,1088.14,1095.5,1082.58,-109.43
4384,2020-01-09,600519,1094.0,1102.7,1105.39,1090.0,37406,4110949808.0,1.41,1.34,14.56,0.3,1102.7,1105.39,1090.0,-71.01
4385,2020-01-10,600519,1109.0,1112.5,1115.99,1102.5,35976,3993457120.0,1.22,0.89,9.8,0.29,1112.5,1115.99,1102.5,-38.71
4386,2020-01-13,600519,1112.5,1124.27,1129.2,1112.0,38516,4325688064.0,1.55,1.06,11.77,0.31,1124.27,1129.2,1112.0,-8.53
4387,2020-01-14,600519,1124.2,1107.4,1124.89,1103.0,35145,3916300784.0,1.95,-1.5,-16.87,0.28,1107.4,1124.89,1103.0,-27.01
4388,2020-01-15,600519,1109.01,1112.13,1121.6,1105.0,26029,2895603680.0,1.5,0.43,4.73,0.21,1112.13,1121.6,1105.0,-20.65
4389,2020-01-16,600519,1118.87,1107.0,1118.87,1102.58,23192,2571593136.0,1.46,-0.46,-5.13,0.18,1107.0,1118.87,1102.58,-25.58
4390,2020-01-17,600519,1110.0,1107.5,1112.78,1101.01,23473,2599645152.0,1.06,0.05,0.5,0.19,1107.5,1112.78,1101.01,-25.42
4391,2020-01-20,600519,1111.86,1091.0,1111.86,1082.0,35391,3858246848.0,2.7,-1.49,-16.5,0.28,1091.0,1111.86,1082.0,-58.32
4392,2020-01-21,600519,1081.0,1075.3,1087.0,1072.3,32874,3542441312.0,1.35,-1.44,-15.7,0.26,1075.3,1087.0,1072.3,-120.82
4393,2020-01-22,600519,1070.0,1075.51,1084.0,1055.38,36200,3875275072.0,2.66,0.02,0.21,0.29,1075.51,1084.0,1055.38,-135.4
4394,2020-01-23,600519,1076.0,1052.8,1076.0,1037.0,53468,5638945792.0,3.63,-2.11,-22.71,0.43,1052.8,1076.0,1037.0,-173.09
4395,2020-02-03,600519,985.0,1003.92,1010.68,980.0,123443,12314991872.0,2.91,-4.64,-48.88,0.98,1003.92,1010.68,980.0,-275.43
4396,2020-02-04,600519,1015.0,1038.01,1057.0,1011.01,62624,6490469120.0,4.58,3.4,34.09,0.5,1038.01,1057.0,1011.01,-124.05
4397,2020-02-05,600519,1050.0,1049.99,1054.0,1033.03,47418,4956355328.0,2.02,1.15,11.98,0.38,1049.99,1054.0,1033.03,-81.59
4398,2020-02-06,600519,1059.43,1071.0,1075.0,1052.02,47171,5011246336.0,2.19,2.0,21.01,0.38,1071.0,1075.0,1052.02,-31.03
4399,2020-02-07,600519,1070.01,1076.0,1077.0,1061.02,31279,3348894576.0,1.49,0.47,5.0,0.25,1076.0,1077.0,1061.02,-13.74
4400,2020-02-10,600519,1062.0,1066.49,1074.6,1057.2,30533,3251908512.0,1.62,-0.88,-9.51,0.24,1066.49,1074.6,1057.2,-18.72
4401,2020-02-11,600519,1063.0,1098.0,1099.68,1062.8,47918,5222918912.0,3.46,2.95,31.51,0.38,1098.0,1099.68,1062.8,44.67
4402,2020-02-12,600519,1089.0,1097.27,1098.79,1085.88,28125,3072293968.0,1.18,-0.07,-0.73,0.22,1097.27,1098.79,1085.88,72.9
4403,2020-02-13,600519,1098.0,1091.0,1113.89,1088.01,30357,3335277424.0,2.36,-0.57,-6.27,0.24,1091.0,1113.89,1088.01,89.55
4404,2020-02-14,600519,1090.45,1088.0,1093.51,1083.11,23288,2534568400.0,0.95,-0.27,-3.0,0.19,1088.0,1093.51,1083.11,67.85
4405,2020-02-17,600519,1082.5,1093.82,1096.19,1082.4,27028,2946182656.0,1.27,0.53,5.82,0.22,1093.82,1096.19,1082.4,78.47
4406,2020-02-18,600519,1090.01,1084.0,1096.88,1083.0,26665,2897729696.0,1.27,-0.9,-9.82,0.21,1084.0,1096.88,1083.0,64.59
4407,2020-02-19,600519,1085.0,1096.5,1101.5,1078.0,37051,4052365600.0,2.17,1.15,12.5,0.29,1096.5,1101.5,1078.0,68.83
4408,2020-02-20,600519,1096.7,1118.0,1124.0,1095.41,46803,5220660992.0,2.61,1.96,21.5,0.37,1118.0,1124.0,1095.41,113.03
4409,2020-02-21,600519,1111.46,1112.88,1123.54,1110.01,28940,3225337168.0,1.21,-0.46,-5.12,0.23,1112.88,1123.54,1110.01,123.32
4410,2020-02-24,600519,1105.5,1087.18,1110.0,1085.5,38650,4221857472.0,2.2,-2.31,-25.7,0.31,1087.18,1110.0,1085.5,38.27
4411,2020-02-25,600519,1078.0,1074.81,1082.09,1067.88,38386,4127432128.0,1.31,-1.14,-12.37,0.31,1074.81,1082.09,1067.88,-81.16
4412,2020-02-26,600519,1062.0,1073.7,1084.0,1055.0,43561,4663278336.0,2.7,-0.1,-1.11,0.35,1073.7,1084.0,1055.0,-110.97
4413,2020-02-27,600519,1076.0,1087.39,1094.99,1076.0,34498,3758783808.0,1.77,1.28,13.69,0.27,1087.39,1094.99,1076.0,-25.51
4414,2020-02-28,600519,1070.3,1057.0,1082.0,1049.97,49947,5307929344.0,2.95,-2.79,-30.39,0.4,1057.0,1082.0,1049.97,-179.18
4415,2020-03-02,600519,1050.11,1086.01,1096.55,1050.01,47663,5154329088.0,4.4,2.74,29.01,0.38,1086.01,1096.55,1050.01,-72.05
4416,2020-03-03,600519,1098.0,1113.0,1118.88,1098.0,50250,5585227776.0,1.92,2.49,26.99,0.4,1113.0,1118.88,1098.0,113.15
4417,2020-03-04,600519,1125.0,1128.92,1139.0,1116.24,53793,6080149248.0,2.04,1.43,15.92,0.43,1128.92,1139.0,1116.24,168.91
4418,2020-03-05,600519,1136.31,1171.0,1174.99,1130.56,62426,7210484992.0,3.94,3.73,42.08,0.5,1171.0,1174.99,1130.56,207.69
4419,2020-03-06,600519,1163.0,1155.5,1176.0,1151.98,30641,3553622352.0,2.05,-1.32,-15.5,0.24,1155.5,1176.0,1151.98,159.63
4420,2020-03-09,600519,1135.0,1114.01,1135.0,1111.31,43404,4865288448.0,2.05,-3.59,-41.49,0.35,1114.01,1135.0,1111.31,41.59
4421,2020-03-10,600519,1113.0,1156.0,1168.0,1113.0,58063,6635936256.0,4.94,3.77,41.99,0.46,1156.0,1168.0,1113.0,94.33
4422,2020-03-11,600519,1155.5,1158.52,1169.58,1141.0,35548,4124607952.0,2.47,0.22,2.52,0.28,1158.52,1169.58,1141.0,102.16
4423,2020-03-12,600519,1141.22,1138.5,1153.0,1125.1,36631,4172606112.0,2.41,-1.73,-20.02,0.29,1138.5,1153.0,1125.1,55.26
4424,2020-03-13,600519,1090.0,1112.03,1128.98,1080.0,75885,8348496384.0,4.3,-2.32,-26.47,0.6,1112.03,1128.98,1080.0,-15.96
4425,2020-03-16,600519,1103.98,1067.0,1107.95,1062.0,51233,5548946688.0,4.13,-4.05,-45.03,0.41,1067.0,1107.95,1062.0,-79.69
4426,2020-03-17,600519,1055.0,1045.1,1078.0,1011.12,79359,8277472768.0,6.27,-2.05,-21.9,0.63,1045.1,1078.0,1011.12,-143.38
4427,2020-03-18,600519,1040.0,1007.99,1060.0,1007.99,73460,7582762496.0,4.98,-3.55,-37.11,0.58,1007.99,1060.0,1007.99,-152.98
4428,2020-03-19,600519,993.99,996.0,1015.0,960.1,102265,10075880448.0,5.45,-1.19,-11.99,0.81,996.0,1015.0,960.1,-176.25
4429,2020-03-20,600519,1011.0,1035.28,1043.0,1011.0,60139,6169094400.0,3.21,3.94,39.28,0.48,1035.28,1043.0,1011.0,-99.11
4430,2020-03-23,600519,1000.0,1019.0,1035.28,991.52,48472,4918121984.0,4.23,-1.57,-16.28,0.39,1019.0,1035.28,991.52,-97.14
4431,2020-03-24,600519,1043.0,1056.0,1058.88,1035.0,46651,4900364032.0,2.34,3.63,37.0,0.37,1056.0,1058.88,1035.0,-46.26
4432,2020-03-25,600519,1087.98,1080.1,1091.36,1074.2,37049,4015061216.0,1.63,2.28,24.1,0.29,1080.1,1091.36,1074.2,0.09
4433,2020-03-26,600519,1073.33,1064.92,1091.2,1062.0,30049,3231754304.0,2.7,-1.41,-15.18,0.24,1064.92,1091.2,1062.0,-4.34
4434,2020-03-27,600519,1085.0,1075.5,1092.0,1075.01,36261,3931759360.0,1.6,0.99,10.58,0.29,1075.5,1092.0,1075.01,13.53
4435,2020-03-30,600519,1060.25,1072.0,1077.0,1057.0,30687,3279823024.0,1.86,-0.33,-3.5,0.24,1072.0,1077.0,1057.0,2.77
4436,2020-03-31,600519,1082.0,1111.0,1115.0,1081.8,47984,5293170688.0,3.1,3.64,39.0,0.38,1111.0,1115.0,1081.8,81.5
4437,2020-04-01,600519,1117.0,1103.0,1129.0,1103.0,33205,3700184240.0,2.34,-0.72,-8.0,0.26,1103.0,1129.0,1103.0,110.08
4438,2020-04-02,600519,1104.0,1145.0,1145.0,1103.88,45206,5095167488.0,3.73,3.81,42.0,0.36,1145.0,1145.0,1103.88,142.31
4439,2020-04-03,600519,1139.03,1139.79,1147.96,1131.98,27618,3148421872.0,1.4,-0.46,-5.21,0.22,1139.79,1147.96,1131.98,135.4
4440,2020-04-07,600519,1161.95,1159.95,1166.5,1148.89,43488,5041525504.0,1.55,1.77,20.16,0.35,1159.95,1166.5,1148.89,139.39
4441,2020-04-08,600519,1152.0,1159.76,1166.31,1152.0,24224,2809422096.0,1.23,-0.02,-0.19,0.19,1159.76,1166.31,1152.0,118.48
4442,2020-04-09,600519,1166.0,1158.5,1169.0,1147.96,22817,2640230496.0,1.81,-0.11,-1.26,0.18,1158.5,1169.0,1147.96,101.65
4443,2020-04-10,600519,1157.88,1165.0,1181.5,1153.5,27804,3252600672.0,2.42,0.56,6.5,0.22,1165.0,1181.5,1153.5,100.57
4444,2020-04-13,600519,1165.0,1162.3,1169.98,1148.5,15981,1854563728.0,1.84,-0.23,-2.7,0.13,1162.3,1169.98,1148.5,79.15
4445,2020-04-14,600519,1176.0,1185.1,1191.55,1166.0,36800,4340858624.0,2.2,1.96,22.8,0.29,1185.1,1191.55,1166.0,104.6
4446,2020-04-15,600519,1192.0,1189.6,1203.99,1187.1,29332,3501318256.0,1.43,0.38,4.5,0.23,1189.6,1203.99,1187.1,114.41
4447,2020-04-16,600519,1192.97,1197.1,1197.1,1184.1,21728,2588431840.0,1.09,0.63,7.5,0.17,1197.1,1197.1,1184.1,102.95
4448,2020-04-17,600519,1210.0,1226.0,1234.56,1205.01,38246,4676618240.0,2.47,2.41,28.9,0.3,1226.0,1234.56,1205.01,150.56
4449,2020-04-20,600519,1221.0,1227.3,1231.5,1216.8,24239,2963483328.0,1.2,0.11,1.3,0.19,1227.3,1231.5,1216.8,146.05
4450,2020-04-21,600519,1221.02,1200.0,1223.99,1193.0,29224,3517018480.0,2.53,-2.22,-27.3,0.23,1200.0,1223.99,1193.0,83.56
4451,2020-04-22,600519,1206.0,1244.5,1249.5,1202.22,44035,5430377728.0,3.94,3.71,44.5,0.35,1244.5,1249.5,1202.22,127.58
4452,2020-04-23,600519,1250.0,1252.26,1265.68,1247.77,26899,3377042464.0,1.44,0.62,7.76,0.21,1252.26,1265.68,1247.77,152.93
4453,2020-04-24,600519,1248.0,1250.56,1259.89,1235.18,19122,2390444032.0,1.97,-0.14,-1.7,0.15,1250.56,1259.89,1235.18,116.52
4454,2020-04-27,600519,1257.0,1276.0,1278.17,1250.96,25904,3284513344.0,2.18,2.03,25.44,0.21,1276.0,1278.17,1250.96,133.09
4455,2020-04-28,600519,1285.31,1279.13,1299.94,1271.88,34662,4458549504.0,2.2,0.25,3.13,0.28,1279.13,1299.94,1271.88,136.77
4456,2020-04-29,600519,1277.8,1274.9,1288.1,1258.0,23444,2976724960.0,2.35,-0.33,-4.23,0.19,1274.9,1288.1,1258.0,103.63
4457,2020-04-30,600519,1271.0,1265.7,1285.01,1258.88,24661,3134408880.0,2.05,-0.72,-9.2,0.2,1265.7,1285.01,1258.88,83.7
4458,2020-05-06,600519,1251.0,1300.0,1300.0,1250.0,35835,4598589696.0,3.95,2.71,34.3,0.29,1300.0,1300.0,1250.0,97.83
4459,2020-05-07,600519,1299.4,1312.0,1314.99,1293.0,27935,3647628304.0,1.69,0.92,12.0,0.22,1312.0,1314.99,1293.0,130.99
4460,2020-05-08,600519,1317.0,1314.61,1338.0,1308.51,29079,3839218032.0,2.25,0.2,2.61,0.23,1314.61,1338.0,1308.51,140.99
4461,2020-05-11,600519,1320.0,1323.01,1335.0,1313.67,23671,3135990960.0,1.62,0.64,8.4,0.19,1323.01,1335.0,1313.67,132.69
4462,2020-05-12,600519,1318.0,1333.0,1334.99,1316.0,19722,2621824688.0,1.44,0.76,9.99,0.16,1333.0,1334.99,1316.0,123.39
4463,2020-05-13,600519,1333.0,1335.95,1337.99,1322.88,22014,2931464944.0,1.13,0.22,2.95,0.18,1335.95,1337.99,1322.88,113.04
4464,2020-05-14,600519,1330.0,1326.59,1334.88,1325.11,18575,2467976352.0,0.73,-0.7,-9.36,0.15,1326.59,1334.88,1325.11,90.5
4465,2020-05-15,600519,1329.0,1313.0,1333.5,1301.88,26398,3469736816.0,2.38,-1.02,-13.59,0.21,1313.0,1333.5,1301.88,51.21
4466,2020-05-18,600519,1306.0,1346.21,1351.5,1305.13,34362,4587989760.0,3.53,2.53,33.21,0.27,1346.21,1351.5,1305.13,85.45
4467,2020-05-19,600519,1364.0,1346.11,1364.0,1338.0,24787,3342210480.0,1.93,-0.01,-0.1,0.2,1346.11,1364.0,1338.0,115.42
4468,2020-05-20,600519,1346.11,1351.0,1359.18,1336.81,21183,2859455104.0,1.66,0.36,4.89,0.17,1351.0,1359.18,1336.81,105.31
4469,2020-05-21,600519,1355.0,1366.1,1371.96,1352.86,23052,3147105456.0,1.41,1.12,15.1,0.18,1366.1,1371.96,1352.86,135.82
4470,2020-05-22,600519,1366.0,1328.2,1366.1,1322.88,34427,4608696064.0,3.16,-2.77,-37.9,0.27,1328.2,1366.1,1322.88,52.84
4471,2020-05-25,600519,1330.0,1362.9,1366.58,1321.0,31561,4260387680.0,3.43,2.61,34.7,0.25,1362.9,1366.58,1321.0,87.78
4472,2020-05-26,600519,1369.88,1358.0,1369.95,1355.0,22470,3056188320.0,1.1,-0.36,-4.9,0.18,1358.0,1369.95,1355.0,120.93
4473,2020-05-27,600519,1359.0,1338.0,1360.0,1333.0,26777,3596654304.0,1.99,-1.47,-20.0,0.21,1338.0,1360.0,1333.0,27.76
4474,2020-05-28,600519,1337.97,1344.0,1346.94,1321.13,26486,3536546896.0,1.93,0.45,6.0,0.21,1344.0,1346.94,1321.13,-14.34
4475,2020-05-29,600519,1332.1,1366.6,1369.98,1332.1,30444,4144247216.0,2.82,1.68,22.6,0.24,1366.6,1369.98,1332.1,84.1
4476,2020-06-01,600519,1381.0,1419.5,1420.1,1381.0,35480,4986178816.0,2.86,3.87,52.9,0.28,1419.5,1420.1,1381.0,269.86
4477,2020-06-02,600519,1416.01,1410.71,1427.9,1406.66,25960,3679210592.0,1.5,-0.62,-8.79,0.21,1410.71,1427.9,1406.66,212.95
4478,2020-06-03,600519,1415.0,1399.3,1417.5,1395.77,23557,3308382800.0,1.54,-0.81,-11.41,0.19,1399.3,1417.5,1395.77,135.38
4479,2020-06-04,600519,1396.0,1407.99,1411.0,1396.0,18037,2534459744.0,1.07,0.62,8.69,0.14,1407.99,1411.0,1396.0,109.0
4480,2020-06-05,600519,1405.25,1425.0,1428.88,1401.08,18347,2597524608.0,1.97,1.21,17.01,0.15,1425.0,1428.88,1401.08,113.74
4481,2020-06-08,600519,1425.0,1406.1,1435.0,1402.01,29300,4145298448.0,2.32,-1.33,-18.9,0.23,1406.1,1435.0,1402.01,86.15
4482,2020-06-09,600519,1408.0,1416.55,1425.0,1400.68,22612,3199849664.0,1.73,0.74,10.45,0.18,1416.55,1425.0,1400.68,73.11
4483,2020-06-10,600519,1425.0,1423.66,1433.33,1417.0,22701,3234843856.0,1.15,0.5,7.11,0.18,1423.66,1433.33,1417.0,83.16
4484,2020-06-11,600519,1411.01,1400.46,1417.99,1396.99,30712,4314846208.0,1.48,-1.63,-23.2,0.24,1400.46,1417.99,1396.99,35.95
4485,2020-06-12,600519,1387.17,1416.37,1416.37,1383.31,28427,3992323392.0,2.36,1.14,15.91,0.23,1416.37,1416.37,1383.31,30.91
4486,2020-06-15,600519,1402.0,1383.0,1411.6,1381.0,34615,4819512320.0,2.16,-2.36,-33.37,0.28,1383.0,1411.6,1381.0,-12.1
4487,2020-06-16,600519,1398.5,1403.88,1414.0,1393.13,29207,4099718928.0,1.51,1.51,20.88,0.23,1403.88,1414.0,1393.13,14.26
4488,2020-06-17,600519,1411.86,1405.0,1411.9,1395.02,19453,2730097120.0,1.2,0.08,1.12,0.15,1405.0,1411.9,1395.02,-6.8
4489,2020-06-18,600519,1404.9,1413.0,1413.2,1400.1,21010,2956800080.0,0.93,0.57,8.0,0.17,1413.0,1413.2,1400.1,1.07
4490,2020-06-19,600519,1420.0,1439.84,1445.2,1415.1,38958,5603232768.0,2.13,1.9,26.84,0.31,1439.84,1445.2,1415.1,188.37
4491,2020-06-22,600519,1435.1,1439.0,1443.89,1433.2,23247,3343536640.0,0.74,-0.06,-0.84,0.19,1439.0,1443.89,1433.2,176.27
4492,2020-06-23,600519,1435.0,1474.5,1482.0,1433.52,33934,4963194624.0,3.37,2.47,35.5,0.27,1474.5,1482.0,1433.52,227.74
4493,2020-06-24,600519,1463.6,1460.01,1465.71,1445.0,25139,3663537120.0,1.4,-0.98,-14.49,0.2,1460.01,1465.71,1445.0,147.64
4494,2020-06-29,600519,1448.0,1463.17,1466.0,1437.01,28081,4064048240.0,1.99,0.22,3.16,0.22,1463.17,1466.0,1437.01,112.23
4495,2020-06-30,600519,1463.12,1462.88,1468.98,1455.12,22446,3281641200.0,0.95,-0.02,-0.29,0.18,1462.88,1468.98,1455.12,110.37
4496,2020-07-01,600519,1468.0,1494.27,1506.1,1464.02,38682,5759640320.0,2.88,2.15,31.39,0.31,1494.27,1506.1,1464.02,148.88
4497,2020-07-02,600519,1499.0,1544.0,1550.9,1495.0,45884,7014289664.0,3.74,3.33,49.73,0.37,1544.0,1550.9,1495.0,191.37
4498,2020-07-03,600519,1550.0,1541.79,1552.5,1516.88,35126,5395636992.0,2.31,-0.14,-2.21,0.28,1541.79,1552.5,1516.88,162.91
4499,2020-07-06,600519,1538.0,1600.0,1616.0,1531.81,51822,8228069120.0,5.46,3.78,58.21,0.41,1600.0,1616.0,1531.81,191.14
4500,2020-07-07,600519,1603.09,1688.0,1744.82,1601.0,66664,11219852032.0,8.99,5.5,88.0,0.53,1688.0,1744.82,1601.0,224.71
4501,2020-07-08,600519,1680.0,1681.34,1719.0,1660.0,53170,8963188992.0,3.5,-0.39,-6.66,0.42,1681.34,1719.0,1660.0,170.82
4502,2020-07-09,600519,1691.0,1706.0,1712.0,1682.0,35033,5951732736.0,1.78,1.47,24.66,0.28,1706.0,1712.0,1682.0,143.28
4503,2020-07-10,600519,1689.0,1713.85,1736.6,1688.94,37100,6352507392.0,2.79,0.46,7.85,0.3,1713.85,1736.6,1688.94,123.4
4504,2020-07-13,600519,1714.68,1781.99,1787.0,1714.68,60727,10679460352.0,4.22,3.98,68.14,0.48,1781.99,1787.0,1714.68,126.39
4505,2020-07-14,600519,1781.99,1762.0,1782.03,1748.4,46094,8135834880.0,1.89,-1.12,-19.99,0.37,1762.0,1782.03,1748.4,106.79
4506,2020-07-15,600519,1744.88,1752.53,1782.6,1744.71,40713,7176560640.0,2.15,-0.54,-9.47,0.32,1752.53,1782.6,1744.71,88.72
4507,2020-07-16,600519,1729.91,1614.0,1729.91,1600.0,102242,16901373184.0,7.41,-7.9,-138.53,0.81,1614.0,1729.91,1600.0,14.49
4508,2020-07-17,600519,1620.0,1648.05,1672.59,1620.0,65902,10863420160.0,3.26,2.11,34.05,0.52,1648.05,1672.59,1620.0,5.46
4509,2020-07-20,600519,1652.5,1636.96,1663.99,1588.88,45280,7363823104.0,4.56,-0.67,-11.09,0.36,1636.96,1663.99,1588.88,-20.42
4510,2020-07-21,600519,1646.64,1668.0,1702.8,1630.99,41970,7026353152.0,4.39,1.9,31.04,0.33,1668.0,1702.8,1630.99,2.97
4511,2020-07-22,600519,1658.0,1678.08,1710.0,1658.0,39201,6637265408.0,3.12,0.6,10.08,0.31,1678.08,1710.0,1658.0,8.93
4512,2020-07-23,600519,1672.0,1676.0,1691.0,1650.0,34321,5739050240.0,2.44,-0.12,-2.08,0.27,1676.0,1691.0,1650.0,-21.82
4513,2020-07-24,600519,1654.85,1595.3,1666.0,1585.0,78752,12705942016.0,4.83,-4.82,-80.7,0.63,1595.3,1666.0,1585.0,-128.89
4514,2020-07-27,600519,1616.01,1622.55,1629.8,1600.0,38788,6279664384.0,1.87,1.71,27.25,0.31,1622.55,1629.8,1600.0,-107.2
4515,2020-07-28,600519,1630.0,1670.0,1680.0,1630.0,54912,9133721856.0,3.08,2.92,47.45,0.44,1670.0,1680.0,1630.0,-33.89
4516,2020-07-29,600519,1690.0,1672.0,1690.0,1633.0,50748,8411790080.0,3.41,0.12,2.0,0.4,1672.0,1690.0,1633.0,-22.41
4517,2020-07-30,600519,1671.2,1680.0,1700.59,1670.5,38373,6486855424.0,1.8,0.48,8.0,0.31,1680.0,1700.59,1670.5,12.26
4518,2020-07-31,600519,1685.0,1678.18,1705.0,1646.0,40685,6846747392.0,3.51,-0.11,-1.82,0.32,1678.18,1705.0,1646.0,12.57
4519,2020-08-03,600519,1686.88,1668.0,1696.58,1660.0,34661,5790041344.0,2.18,-0.61,-10.18,0.28,1668.0,1696.58,1660.0,29.59
4520,2020-08-04,600519,1675.0,1669.99,1682.99,1660.0,31941,5337185792.0,1.38,0.12,1.99,0.25,1669.99,1682.99,1660.0,46.49
4521,2020-08-05,600519,1662.09,1668.0,1673.09,1643.31,25522,4236612464.0,1.78,-0.12,-1.99,0.2,1668.0,1673.09,1643.31,9.76
4522,2020-08-06,600519,1670.0,1637.96,1674.03,1630.0,32649,5372942592.0,2.64,-1.8,-30.04,0.26,1637.96,1674.03,1630.0,-42.97
4523,2020-08-07,600519,1644.77,1631.0,1649.67,1598.5,34242,5560065792.0,3.12,-0.42,-6.96,0.27,1631.0,1649.67,1598.5,-117.62
4524,2020-08-10,600519,1627.97,1633.99,1644.96,1608.11,23624,3857721120.0,2.26,0.18,2.99,0.19,1633.99,1644.96,1608.11,-87.18
4525,2020-08-11,600519,1640.0,1642.51,1666.43,1640.0,35818,5936904960.0,1.62,0.52,8.52,0.29,1642.51,1666.43,1640.0,-13.45
4526,2020-08-12,600519,1633.0,1626.95,1641.0,1605.25,27934,4529267456.0,2.18,-0.95,-15.56,0.22,1626.95,1641.0,1605.25,-85.0
4527,2020-08-13,600519,1630.0,1635.0,1638.88,1609.0,20541,3341652192.0,1.84,0.49,8.05,0.16,1635.0,1638.88,1609.0,-80.7
4528,2020-08-14,600519,1639.9,1661.0,1665.7,1631.0,37653,6230475520.0,2.12,1.59,26.0,0.3,1661.0,1665.7,1631.0,-3.81
4529,2020-08-17,600519,1674.0,1690.0,1704.35,1670.0,43572,7363610880.0,2.07,1.75,29.0,0.35,1690.0,1704.35,1670.0,115.38
4530,2020-08-18,600519,1697.38,1705.0,1720.0,1691.0,30423,5192751872.0,1.72,0.89,15.0,0.24,1705.0,1720.0,1691.0,144.1
4531,2020-08-19,600519,1700.0,1687.0,1717.0,1682.99,26915,4578143744.0,1.99,-1.06,-18.0,0.21,1687.0,1717.0,1682.99,107.54
4532,2020-08-20,600519,1674.0,1664.0,1679.0,1656.0,22382,3727183936.0,1.36,-1.36,-23.0,0.18,1664.0,1679.0,1656.0,23.75
4533,2020-08-21,600519,1673.0,1676.0,1698.0,1671.0,25082,4217048416.0,1.62,0.72,12.0,0.2,1676.0,1698.0,1671.0,67.56
4534,2020-08-24,600519,1700.0,1696.35,1708.0,1691.01,30933,5260286464.0,1.01,1.21,20.35,0.25,1696.35,1708.0,1691.01,102.79
4535,2020-08-25,600519,1704.8,1727.0,1746.78,1698.63,41872,7227309824.0,2.84,1.81,30.65,0.33,1727.0,1746.78,1698.63,135.95
4536,2020-08-26,600519,1734.0,1727.0,1745.0,1715.02,26216,4530374144.0,1.74,0.0,0.0,0.21,1727.0,1745.0,1715.02,120.63
4537,2020-08-27,600519,1731.99,1731.0,1733.98,1705.0,22636,3896759440.0,1.68,0.23,4.0,0.18,1731.0,1733.98,1705.0,95.73
4538,2020-08-28,600519,1731.0,1757.0,1764.0,1721.5,42300,7389242368.0,2.46,1.5,26.0,0.34,1757.0,1764.0,1721.5,130.19
4539,2020-08-31,600519,1770.58,1786.5,1816.0,1770.58,47810,8608932608.0,2.59,1.68,29.5,0.38,1786.5,1816.0,1770.58,182.31
4540,2020-09-01,600519,1792.0,1801.98,1802.0,1775.01,31640,5661594368.0,1.51,0.87,15.48,0.25,1801.98,1802.0,1775.01,154.04
4541,2020-09-02,600519,1825.0,1795.0,1828.0,1770.0,32009,5746351872.0,3.22,-0.39,-6.98,0.25,1795.0,1828.0,1770.0,138.29
4542,2020-09-03,600519,1795.0,1793.0,1812.0,1779.7,30437,5471333888.0,1.8,-0.11,-2.0,0.24,1793.0,1812.0,1779.7,110.87
4543,2020-09-04,600519,1766.0,1770.0,1776.99,1746.0,30858,5433479424.0,1.73,-1.28,-23.0,0.25,1770.0,1776.99,1746.0,48.14
4544,2020-09-07,600519,1760.0,1723.5,1777.99,1703.97,31112,5446354688.0,4.18,-2.63,-46.5,0.25,1723.5,1777.99,1703.97,-6.51
4545,2020-09-08,600519,1732.0,1711.4,1737.8,1677.07,34472,5865962752.0,3.52,-0.7,-12.1,0.27,1711.4,1737.8,1677.07,-57.58
4546,2020-09-09,600519,1699.67,1688.0,1711.0,1680.04,25964,4401806080.0,1.81,-1.37,-23.4,0.21,1688.0,1711.0,1680.04,-94.8
4547,2020-09-10,600519,1703.74,1705.8,1720.0,1700.0,24778,4236694400.0,1.18,1.05,17.8,0.2,1705.8,1720.0,1700.0,-71.58
4548,2020-09-11,600519,1688.0,1733.0,1736.0,1688.0,31088,5339883520.0,2.81,1.59,27.2,0.25,1733.0,1736.0,1688.0,-55.4
4549,2020-09-14,600519,1745.0,1766.0,1769.0,1730.58,31056,5448188928.0,2.22,1.9,33.0,0.25,1766.0,1769.0,1730.58,17.53
4550,2020-09-15,600519,1769.99,1760.0,1769.99,1747.75,20821,3654872016.0,1.26,-0.34,-6.0,0.17,1760.0,1769.99,1747.75,22.02
4551,2020-09-16,600519,1760.0,1725.1,1764.81,1719.0,22516,3916457760.0,2.6,-1.98,-34.9,0.18,1725.1,1764.81,1719.0,-32.01
4552,2020-09-17,600519,1700.0,1670.52,1700.0,1658.0,63680,10683350272.0,2.43,-3.16,-54.58,0.51,1670.52,1700.0,1658.0,-134.62
4553,2020-09-18,600519,1665.0,1695.0,1695.0,1635.01,47201,7853673216.0,3.59,1.47,24.48,0.38,1695.0,1695.0,1635.01,-118.81
4554,2020-09-21,600519,1692.76,1666.8,1692.76,1666.66,22444,3756765104.0,1.54,-1.66,-28.2,0.18,1666.8,1692.76,1666.66,-101.75
4555,2020-09-22,600519,1650.0,1665.69,1686.98,1650.0,23265,3890070208.0,2.22,-0.07,-1.11,0.19,1665.69,1686.98,1650.0,-104.76
4556,2020-09-23,600519,1635.0,1649.98,1666.01,1621.02,35726,5878691072.0,2.7,-0.94,-15.71,0.28,1649.98,1666.01,1621.02,-134.34
4557,2020-09-24,600519,1635.97,1629.32,1658.88,1626.8,30051,4915392256.0,1.94,-1.25,-20.66,0.24,1629.32,1658.88,1626.8,-126.62
4558,2020-09-25,600519,1630.0,1635.11,1650.0,1625.0,22583,3700843488.0,1.53,0.36,5.79,0.18,1635.11,1650.0,1625.0,-111.92
4559,2020-09-28,600519,1635.19,1661.0,1668.5,1635.19,24232,4019640144.0,2.04,1.58,25.89,0.19,1661.0,1668.5,1635.19,-65.78
4560,2020-09-29,600519,1669.33,1652.3,1669.4,1652.3,17431,2895081360.0,1.03,-0.52,-8.7,0.14,1652.3,1669.4,1652.3,-53.05
4561,2020-09-30,600519,1660.0,1668.5,1691.9,1660.0,27088,4536012544.0,1.93,0.98,16.2,0.22,1668.5,1691.9,1660.0,-20.19
4562,2020-10-09,600519,1692.0,1696.0,1706.42,1688.0,34240,5817280512.0,1.1,1.65,27.5,0.27,1696.0,1706.42,1688.0,31.39
4563,2020-10-12,600519,1700.0,1750.61,1750.61,1700.0,43729,7597987840.0,2.98,3.22,54.61,0.35,1750.61,1750.61,1700.0,121.74
4564,2020-10-13,600519,1750.62,1739.0,1750.62,1735.0,22944,3995560512.0,0.89,-0.66,-11.61,0.18,1739.0,1750.62,1735.0,151.89
4565,2020-10-14,600519,1740.0,1729.0,1746.98,1726.0,20481,3554316592.0,1.21,-0.58,-10.0,0.16,1729.0,1746.98,1726.0,135.05
4566,2020-10-15,600519,1721.13,1725.0,1735.0,1721.0,16204,2801250560.0,0.81,-0.23,-4.0,0.13,1725.0,1735.0,1721.0,94.15
4567,2020-10-16,600519,1725.0,1712.0,1734.58,1703.0,17377,2991246896.0,1.83,-0.75,-13.0,0.14,1712.0,1734.58,1703.0,61.12
4568,2020-10-19,600519,1725.0,1699.0,1733.98,1691.9,19226,3284383408.0,2.46,-0.76,-13.0,0.15,1699.0,1733.98,1691.9,39.12
4569,2020-10-20,600519,1699.99,1734.0,1734.97,1695.0,27735,4787807488.0,2.35,2.06,35.0,0.22,1734.0,1734.97,1695.0,56.27
4570,2020-10-21,600519,1734.1,1733.33,1742.15,1723.0,18901,3275357440.0,1.1,-0.04,-0.67,0.15,1733.33,1742.15,1723.0,70.33
4571,2020-10-22,600519,1730.0,1742.5,1745.0,1715.51,22481,3897729792.0,1.7,0.53,9.17,0.18,1742.5,1745.0,1715.51,66.89
4572,2020-10-23,600519,1740.78,1715.33,1747.59,1714.0,19292,3339987456.0,1.93,-1.56,-27.17,0.15,1715.33,1747.59,1714.0,40.49
4573,2020-10-26,600519,1619.0,1643.0,1662.92,1600.0,66015,10821908224.0,3.67,-4.22,-72.33,0.53,1643.0,1662.92,1600.0,-195.93
4574,2020-10-27,600519,1643.0,1625.0,1644.0,1616.12,43944,7156688384.0,1.7,-1.1,-18.0,0.35,1625.0,1644.0,1616.12,-187.92
4575,2020-10-28,600519,1626.0,1664.81,1677.0,1625.08,34637,5739452160.0,3.2,2.45,39.81,0.28,1664.81,1677.0,1625.08,-113.11
4576,2020-10-29,600519,1654.84,1676.0,1708.0,1647.0,39374,6633168640.0,3.66,0.67,11.19,0.31,1676.0,1708.0,1647.0,-58.53
4577,2020-10-30,600519,1678.0,1670.02,1696.0,1665.0,26055,4379602176.0,1.85,-0.36,-5.98,0.21,1670.02,1696.0,1665.0,-48.38
4578,2020-11-02,600519,1675.0,1674.01,1695.0,1672.0,21066,3544422240.0,1.38,0.24,3.99,0.17,1674.01,1695.0,1672.0,-33.69
4579,2020-11-03,600519,1684.99,1695.0,1705.9,1675.5,23497,3976621216.0,1.82,1.25,20.99,0.19,1695.0,1705.9,1675.5,-3.47
4580,2020-11-04,600519,1700.0,1699.58,1704.0,1685.0,16444,2788396256.0,1.12,0.27,4.58,0.13,1699.58,1704.0,1685.0,11.23
4581,2020-11-05,600519,1717.0,1721.9,1732.48,1712.1,23524,4053043264.0,1.2,1.31,22.32,0.19,1721.9,1732.48,1712.1,71.42
4582,2020-11-06,600519,1730.55,1700.62,1731.59,1690.0,23052,3932702368.0,2.42,-1.24,-21.28,0.18,1700.62,1731.59,1690.0,36.82
4583,2020-11-09,600519,1701.38,1742.57,1750.68,1700.62,41470,7198679808.0,2.94,2.47,41.95,0.33,1742.57,1750.68,1700.62,89.49
4584,2020-11-10,600519,1752.92,1745.0,1764.48,1736.0,30189,5287968256.0,1.63,0.14,2.43,0.24,1745.0,1764.48,1736.0,121.92
4585,2020-11-11,600519,1745.0,1731.35,1777.5,1731.0,34851,6122365440.0,2.66,-0.78,-13.65,0.28,1731.35,1777.5,1731.0,112.51
4586,2020-11-12,600519,1730.01,1734.79,1750.0,1722.27,23473,4071729792.0,1.6,0.2,3.44,0.19,1734.79,1750.0,1722.27,85.36
4587,2020-11-13,600519,1724.0,1705.0,1728.88,1691.0,28155,4791276544.0,2.18,-1.72,-29.79,0.22,1705.0,1728.88,1691.0,18.56
4588,2020-11-16,600519,1711.0,1730.05,1730.05,1697.26,30613,5247897088.0,1.92,1.47,25.05,0.24,1730.05,1730.05,1697.26,34.74
4589,2020-11-17,600519,1740.0,1715.8,1742.35,1701.07,25224,4355288064.0,2.39,-0.82,-14.25,0.2,1715.8,1742.35,1701.07,26.9
4590,2020-11-18,600519,1715.0,1693.65,1720.53,1683.16,35179,5973146880.0,2.18,-1.29,-22.15,0.28,1693.65,1720.53,1683.16,-49.75
4591,2020-11-19,600519,1684.5,1720.19,1725.0,1680.6,27816,4767508736.0,2.62,1.57,26.54,0.22,1720.19,1725.0,1680.6,-27.36
4592,2020-11-20,600519,1720.0,1719.96,1736.0,1712.65,21875,3771894864.0,1.36,-0.01,-0.23,0.17,1719.96,1736.0,1712.65,21.09
4593,2020-11-23,600519,1771.01,1790.21,1809.9,1771.01,66637,11926870528.0,2.26,4.08,70.25,0.53,1790.21,1809.9,1771.01,241.83
4594,2020-11-24,600519,1769.99,1763.5,1782.5,1751.47,32465,5736960256.0,1.73,-1.49,-26.71,0.26,1763.5,1782.5,1751.47,121.65
4595,2020-11-25,600519,1761.5,1726.88,1768.88,1724.0,28226,4910540800.0,2.54,-2.08,-36.62,0.22,1726.88,1768.88,1724.0,28.13
4596,2020-11-26,600519,1726.0,1734.39,1739.99,1725.18,23228,4027749312.0,0.86,0.43,7.51,0.18,1734.39,1739.99,1725.18,-1.19
4597,2020-11-27,600519,1732.66,1737.9,1740.03,1718.0,21569,3737697984.0,1.27,0.2,3.51,0.17,1737.9,1740.03,1718.0,-5.88
4598,2020-11-30,600519,1735.0,1713.91,1738.9,1713.91,31940,5520322304.0,1.44,-1.38,-23.99,0.25,1713.91,1738.9,1713.91,-36.18
4599,2020-12-01,600519,1726.0,1737.0,1738.99,1720.01,28196,4891829248.0,1.11,1.35,23.09,0.22,1737.0,1738.99,1720.01,5.55
4600,2020-12-02,600519,1746.0,1738.01,1749.0,1731.0,23572,4101369312.0,1.04,0.06,1.01,0.19,1738.01,1749.0,1731.0,33.85
4601,2020-12-03,600519,1738.01,1749.0,1755.66,1732.1,29506,5147357696.0,1.36,0.63,10.99,0.23,1749.0,1755.66,1732.1,49.56
4602,2020-12-04,600519,1752.0,1793.11,1800.1,1752.0,62491,11176048896.0,2.75,2.52,44.11,0.5,1793.11,1800.1,1752.0,151.56
4603,2020-12-07,600519,1802.7,1812.4,1840.39,1800.55,58331,10617305088.0,2.22,1.08,19.29,0.46,1812.4,1840.39,1800.55,192.76
4604,2020-12-08,600519,1815.0,1850.0,1875.0,1813.0,61454,11333352192.0,3.42,2.07,37.6,0.49,1850.0,1875.0,1813.0,188.43
4605,2020-12-09,600519,1865.95,1840.0,1866.0,1839.0,31152,5766037504.0,1.46,-0.54,-10.0,0.25,1840.0,1866.0,1839.0,150.4
4606,2020-12-10,600519,1840.0,1832.9,1849.77,1828.0,32654,6009239808.0,1.18,-0.39,-7.1,0.26,1832.9,1849.77,1828.0,105.7
4607,2020-12-11,600519,1834.78,1820.0,1837.32,1804.81,30776,5595359744.0,1.77,-0.7,-12.9,0.24,1820.0,1837.32,1804.81,70.65
4608,2020-12-14,600519,1827.77,1829.0,1829.98,1815.0,33052,6026813440.0,0.82,0.49,9.0,0.26,1829.0,1829.98,1815.0,65.93
4609,2020-12-15,600519,1833.5,1816.01,1837.22,1805.0,29605,5383582208.0,1.76,-0.71,-12.99,0.24,1816.01,1837.22,1805.0,50.12
4610,2020-12-16,600519,1830.5,1840.0,1845.67,1820.21,32150,5901298176.0,1.4,1.32,23.99,0.26,1840.0,1845.67,1820.21,64.69
4611,2020-12-17,600519,1845.5,1865.51,1868.0,1840.0,36031,6683421952.0,1.52,1.39,25.51,0.29,1865.51,1868.0,1840.0,90.17
4612,2020-12-18,600519,1851.81,1845.0,1869.01,1841.08,27077,5020968960.0,1.5,-1.1,-20.51,0.22,1845.0,1869.01,1841.08,76.67
4613,2020-12-21,600519,1840.0,1842.5,1851.23,1837.6,30697,5663526912.0,0.74,-0.14,-2.5,0.24,1842.5,1851.23,1837.6,59.56
4614,2020-12-22,600519,1849.97,1881.0,1898.99,1842.51,40651,7618583552.0,3.07,2.09,38.5,0.32,1881.0,1898.99,1842.51,129.58
4615,2020-12-23,600519,1897.99,1841.65,1906.2,1821.02,47706,8901002240.0,4.53,-2.09,-39.35,0.38,1841.65,1906.2,1821.02,75.37
4616,2020-12-24,600519,1818.0,1830.34,1858.88,1795.02,37857,6921989376.0,3.47,-0.61,-11.31,0.3,1830.34,1858.88,1795.02,-57.29
4617,2020-12-25,600519,1802.99,1830.0,1847.0,1800.0,23088,4218997632.0,2.57,-0.02,-0.34,0.18,1830.0,1847.0,1800.0,-74.52
4618,2020-12-28,600519,1826.6,1873.0,1888.8,1826.05,30080,5616528640.0,3.43,2.35,43.0,0.24,1873.0,1888.8,1826.05,95.16
4619,2020-12-29,600519,1873.0,1867.0,1886.8,1855.0,22868,4275994832.0,1.7,-0.32,-6.0,0.18,1867.0,1886.8,1855.0,108.82
4620,2020-12-30,600519,1870.0,1933.0,1933.0,1869.99,34452,6604461312.0,3.37,3.54,66.0,0.27,1933.0,1933.0,1869.99,206.13
4621,2020-12-31,600519,1941.0,1998.0,1998.98,1939.0,38860,7682300672.0,3.1,3.36,65.0,0.31,1998.0,1998.98,1939.0,280.95
4622,2021-01-04,600519,1999.98,1997.0,2004.99,1983.81,43514,8686920192.0,1.06,-0.05,-1.0,0.35,1997.0,2004.99,1983.81,211.65
4623,2021-01-05,600519,1990.0,2059.45,2059.45,1982.46,52116,10592557312.0,3.86,3.13,62.45,0.41,2059.45,2059.45,1982.46,184.64
4624,2021-01-06,600519,2064.8,2100.0,2125.0,2036.03,47410,9882593792.0,4.32,1.97,40.55,0.38,2100.0,2125.0,2036.03,176.72
4625,2021-01-07,600519,2097.0,2140.0,2140.0,2075.0,37931,7991178752.0,3.1,1.9,40.0,0.3,2140.0,2140.0,2075.0,152.95
4626,2021-01-08,600519,2142.0,2090.0,2150.88,2063.02,53862,11345202944.0,4.11,-2.34,-50.0,0.43,2090.0,2150.88,2063.02,112.2
4627,2021-01-11,600519,2090.0,2099.73,2150.5,2058.6,51080,10768565504.0,4.4,0.47,9.73,0.41,2099.73,2150.5,2058.6,95.78
4628,2021-01-12,600519,2088.0,2160.9,2160.9,2085.0,41059,8800558336.0,3.61,2.91,61.17,0.33,2160.9,2160.9,2085.0,101.35
4629,2021-01-13,600519,2164.0,2164.0,2173.33,2135.0,34390,7418330880.0,1.77,0.14,3.1,0.27,2164.0,2173.33,2135.0,99.96
4630,2021-01-14,600519,2156.0,2134.0,2163.0,2116.11,36152,7722089728.0,2.17,-1.39,-30.0,0.29,2134.0,2163.0,2116.11,77.5
4631,2021-01-15,600519,2115.0,2082.0,2134.35,2029.0,59509,12372103168.0,4.94,-2.44,-52.0,0.47,2082.0,2134.35,2029.0,32.03
4632,2021-01-18,600519,2061.06,2063.0,2091.48,2040.27,39144,8076715776.0,2.46,-0.91,-19.0,0.31,2063.0,2091.48,2040.27,9.05
4633,2021-01-19,600519,2073.11,2009.41,2096.3,2006.85,46345,9479278592.0,4.34,-2.6,-53.59,0.37,2009.41,2096.3,2006.85,-36.51
4634,2021-01-20,600519,2008.0,2040.63,2055.49,1982.5,45082,9126453248.0,3.63,1.55,31.22,0.36,2040.63,2055.49,1982.5,-72.66
4635,2021-01-21,600519,2048.0,2070.0,2090.02,2041.0,38310,7953455872.0,2.4,1.44,29.37,0.3,2070.0,2090.02,2041.0,-26.07
4636,2021-01-22,600519,2069.0,2079.95,2100.0,2060.1,29248,6090260480.0,1.93,0.48,9.95,0.23,2079.95,2100.0,2060.1,-16.46
4637,2021-01-25,600519,2083.0,2175.0,2179.5,2083.0,55957,12029474560.0,4.64,4.57,95.05,0.45,2175.0,2179.5,2083.0,102.35
4638,2021-01-26,600519,2185.0,2141.89,2187.0,2125.11,31747,6820173312.0,2.85,-1.52,-33.11,0.25,2141.89,2187.0,2125.11,96.32
4639,2021-01-27,600519,2141.89,2089.0,2141.89,2085.0,37120,7809446400.0,2.66,-2.47,-52.89,0.3,2089.0,2141.89,2085.0,10.99
4640,2021-01-28,600519,2080.0,2088.0,2109.66,2060.02,35129,7337084416.0,2.38,-0.05,-1.0,0.28,2088.0,2109.66,2060.02,-23.94
4641,2021-01-29,600519,2101.19,2116.18,2149.48,2090.22,33701,7166179328.0,2.84,1.35,28.18,0.27,2116.18,2149.48,2090.22,34.82
4642,2021-02-01,600519,2130.0,2109.32,2160.0,2095.0,29341,6219639040.0,3.07,-0.32,-6.86,0.23,2109.32,2160.0,2095.0,43.04
4643,2021-02-02,600519,2112.22,2145.0,2149.99,2102.1,34582,7372233472.0,2.27,1.69,35.68,0.28,2145.0,2149.99,2102.1,70.63
4644,2021-02-03,600519,2150.0,2189.91,2198.27,2140.0,38714,8384049408.0,2.72,2.09,44.91,0.31,2189.91,2198.27,2140.0,140.6
4645,2021-02-04,600519,2191.0,2320.85,2330.0,2191.0,63851,14596930304.0,6.35,5.98,130.94,0.51,2320.85,2330.0,2191.0,236.12
4646,2021-02-05,600519,2325.0,2313.0,2364.6,2291.0,39729,9253566208.0,3.17,-0.34,-7.85,0.32,2313.0,2364.6,2291.0,213.99
4647,2021-02-08,600519,2337.0,2368.8,2378.88,2313.0,35786,8420758528.0,2.85,2.41,55.8,0.28,2368.8,2378.88,2313.0,180.49
4648,2021-02-09,600519,2368.8,2456.43,2456.43,2350.0,33297,7972930048.0,4.49,3.7,87.63,0.27,2456.43,2456.43,2350.0,171.89
4649,2021-02-10,600519,2485.0,2601.0,2601.2,2485.0,61371,15675929600.0,4.73,5.89,144.57,0.49,2601.0,2601.2,2485.0,189.21
4650,2021-02-18,600519,2587.98,2471.0,2627.88,2465.0,65912,16704135168.0,6.26,-5.0,-130.0,0.52,2471.0,2627.88,2465.0,131.61
4651,2021-02-19,600519,2451.16,2460.0,2496.66,2381.6,59385,14525164544.0,4.66,-0.45,-11.0,0.47,2460.0,2496.66,2381.6,80.87
4652,2021-02-22,600519,2455.0,2288.02,2455.0,2278.22,78935,18498777344.0,7.19,-6.99,-171.98,0.63,2288.02,2455.0,2278.22,26.63
4653,2021-02-23,600519,2265.14,2307.0,2344.89,2265.0,57455,13316110848.0,3.49,0.83,18.98,0.46,2307.0,2344.89,2265.0,3.43
4654,2021-02-24,600519,2307.99,2189.0,2318.0,2160.5,82116,18195034368.0,6.83,-5.11,-118.0,0.65,2189.0,2318.0,2160.5,-50.09
4655,2021-02-25,600519,2209.0,2150.0,2224.5,2121.21,59726,12982145792.0,4.72,-1.78,-39.0,0.48,2150.0,2224.5,2121.21,-87.74
4656,2021-02-26,600519,2100.0,2122.78,2179.95,2067.3,66525,14097015552.0,5.24,-1.27,-27.22,0.53,2122.78,2179.95,2067.3,-112.97
4657,2021-03-01,600519,2179.0,2158.0,2179.0,2120.0,44916,9686945536.0,2.78,1.66,35.22,0.36,2158.0,2179.0,2120.0,-97.74
4658,2021-03-02,600519,2180.0,2058.0,2180.0,2033.0,70765,14796698624.0,6.81,-4.63,-100.0,0.56,2058.0,2180.0,2033.0,-124.64
4659,2021-03-03,600519,2040.0,2140.0,2149.77,2033.0,54215,11366685440.0,5.67,3.98,82.0,0.43,2140.0,2149.77,2033.0,-96.21
4660,2021-03-04,600519,2095.0,2033.0,2096.0,2010.1,65088,13297304320.0,4.01,-5.0,-107.0,0.52,2033.0,2096.0,2010.1,-104.73
4661,2021-03-05,600519,2000.0,2060.11,2095.0,1988.0,63779,13100315904.0,5.26,1.33,27.11,0.51,2060.11,2095.0,1988.0,-89.49
4662,2021-03-08,600519,2074.96,1960.0,2085.0,1960.0,63100,12724246016.0,6.07,-4.86,-100.11,0.5,1960.0,2085.0,1960.0,-98.07
4663,2021-03-09,600519,1955.0,1936.99,2000.0,1900.18,82266,16100769536.0,5.09,-1.17,-23.01,0.65,1936.99,2000.0,1900.18,-116.51
4664,2021-03-10,600519,1977.0,1970.01,1999.87,1967.0,51172,10136910336.0,1.7,1.7,33.02,0.41,1970.01,1999.87,1967.0,-96.17
4665,2021-03-11,600519,1975.0,2048.0,2079.99,1961.48,56769,11521736448.0,6.02,3.96,77.99,0.45,2048.0,2079.99,1961.48,-59.2
4666,2021-03-12,600519,2070.0,2026.0,2077.0,2002.01,40323,8181594624.0,3.66,-1.07,-22.0,0.32,2026.0,2077.0,2002.01,-46.97
4667,2021-03-15,600519,2050.0,1975.45,2069.8,1951.15,62485,12459955712.0,5.86,-2.5,-50.55,0.5,1975.45,2069.8,1951.15,-70.31
4668,2021-03-16,600519,1974.93,2010.5,2019.99,1965.0,34649,6918600704.0,2.78,1.77,35.05,0.28,2010.5,2019.99,1965.0,-64.92
4669,2021-03-17,600519,2000.0,2030.36,2050.0,1976.01,31375,6352656640.0,3.68,0.99,19.86,0.25,2030.36,2050.0,1976.01,-32.36
4670,2021-03-18,600519,2035.0,2069.7,2086.36,2035.0,33865,6997030400.0,2.53,1.94,39.34,0.27,2069.7,2086.36,2035.0,43.68
4671,2021-03-19,600519,2035.0,2010.0,2043.0,1992.23,35781,7211521792.0,2.45,-2.88,-59.7,0.28,2010.0,2043.0,1992.23,-24.04
4672,2021-03-22,600519,2000.1,1989.99,2026.09,1955.55,36914,7323391232.0,3.51,-1.0,-20.01,0.29,1989.99,2026.09,1955.55,-64.89
4673,2021-03-23,600519,1998.88,1996.0,2008.8,1970.0,27446,5459520768.0,1.95,0.3,6.01,0.22,1996.0,2008.8,1970.0,-53.2
4674,2021-03-24,600519,1981.0,1989.0,2013.0,1981.0,29357,5857848064.0,1.6,-0.35,-7.0,0.23,1989.0,2013.0,1981.0,-38.8
4675,2021-03-25,600519,1970.01,1971.0,1988.88,1946.8,31575,6216733184.0,2.12,-0.9,-18.0,0.25,1971.0,1988.88,1946.8,-102.95
4676,2021-03-26,600519,1985.0,2013.0,2022.0,1958.0,50016,9987629568.0,3.25,2.13,42.0,0.4,2013.0,2022.0,1958.0,-13.12
4677,2021-03-29,600519,2043.2,2034.1,2096.35,2026.15,56992,11740129536.0,3.49,1.05,21.1,0.45,2034.1,2096.35,2026.15,126.57
4678,2021-03-30,600519,2040.0,2056.05,2086.0,2035.08,32627,6717493248.0,2.5,1.08,21.95,0.26,2056.05,2086.0,2035.08,122.39
4679,2021-03-31,600519,2045.1,2009.0,2046.02,2000.0,37154,7489086208.0,2.24,-2.29,-47.05,0.3,2009.0,2046.02,2000.0,11.25
4680,2021-04-01,600519,2021.0,2044.5,2046.8,2001.22,26588,5379776000.0,2.27,1.77,35.5,0.21,2044.5,2046.8,2001.22,49.0
4681,2021-04-02,600519,2056.0,2162.0,2165.0,2056.0,52028,10981752576.0,5.33,5.75,117.5,0.41,2162.0,2165.0,2056.0,224.72
4682,2021-04-06,600519,2161.0,2126.03,2161.98,2102.3,32742,6967525120.0,2.76,-1.66,-35.97,0.26,2126.03,2161.98,2102.3,168.95
4683,2021-04-07,600519,2104.06,2061.0,2117.3,2050.0,40201,8317799936.0,3.17,-3.06,-65.03,0.32,2061.0,2117.3,2050.0,63.66
4684,2021-04-08,600519,2047.03,2070.0,2079.0,2044.0,28548,5893307648.0,1.7,0.44,9.0,0.23,2070.0,2079.0,2044.0,44.44
4685,2021-04-09,600519,2042.0,2020.0,2054.0,2005.01,28809,5832453888.0,2.37,-2.42,-50.0,0.23,2020.0,2054.0,2005.01,-18.75
4686,2021-04-12,600519,2011.0,2008.89,2030.0,1991.7,31943,6409917440.0,1.9,-0.55,-11.11,0.25,2008.89,2030.0,1991.7,-49.13
4687,2021-04-13,600519,2020.0,2021.0,2049.8,2009.0,28992,5883787264.0,2.03,0.6,12.11,0.23,2021.0,2049.8,2009.0,-26.98
4688,2021-04-14,600519,2035.0,2047.0,2048.0,2016.0,24115,4908790016.0,1.58,1.29,26.0,0.19,2047.0,2048.0,2016.0,-14.82
4689,2021-04-15,600519,2030.9,2015.6,2046.9,1990.0,34366,6903769600.0,2.78,-1.53,-31.4,0.27,2015.6,2046.9,1990.0,-64.81
4690,2021-04-16,600519,2025.08,2054.98,2068.0,2012.0,30294,6183895040.0,2.78,1.95,39.38,0.24,2054.98,2068.0,2012.0,-15.2
4691,2021-04-19,600519,2055.0,2088.0,2098.36,2033.0,31754,6610577920.0,3.18,1.61,33.02,0.25,2088.0,2098.36,2033.0,44.2
4692,2021-04-20,600519,2071.1,2094.8,2129.0,2070.0,28290,5949669888.0,2.83,0.33,6.8,0.23,2094.8,2129.0,2070.0,83.86
4693,2021-04-21,600519,2076.0,2080.0,2097.8,2065.1,26150,5446146048.0,1.56,-0.71,-14.8,0.21,2080.0,2097.8,2065.1,42.3
4694,2021-04-22,600519,2089.9,2055.5,2099.0,2051.5,26850,5539295744.0,2.28,-1.18,-24.5,0.21,2055.5,2099.0,2051.5,12.37
4695,2021-04-23,600519,2055.97,2108.94,2119.88,2052.5,33463,7002695424.0,3.28,2.6,53.44,0.27,2108.94,2119.88,2052.5,77.29
4696,2021-04-26,600519,2132.0,2077.82,2135.0,2073.6,34045,7160836864.0,2.91,-1.48,-31.12,0.27,2077.82,2135.0,2073.6,93.94
4697,2021-04-27,600519,2087.08,2094.44,2095.25,2065.09,22108,4607779072.0,1.45,0.8,16.62,0.18,2094.44,2095.25,2065.09,64.55
4698,2021-04-28,600519,2010.0,2042.0,2047.5,2003.0,81343,16463574528.0,2.12,-2.5,-52.44,0.65,2042.0,2047.5,2003.0,-59.23
4699,2021-04-29,600519,2047.04,2026.36,2049.94,2014.0,41284,8370431232.0,1.76,-0.77,-15.64,0.33,2026.36,2049.94,2014.0,-62.15
4700,2021-04-30,600519,2026.0,2006.78,2036.0,2003.71,38401,7723747072.0,1.59,-0.97,-19.58,0.31,2006.78,2036.0,2003.71,-98.63
4701,2021-05-06,600519,2000.0,1959.0,2006.84,1953.0,53546,10584968960.0,2.68,-2.38,-47.78,0.43,1959.0,2006.84,1953.0,-167.79
4702,2021-05-07,600519,1965.0,1903.0,1967.98,1901.0,52493,10101703424.0,3.42,-2.86,-56.0,0.42,1903.0,1967.98,1901.0,-202.13
4703,2021-05-10,600519,1900.0,1879.03,1909.0,1866.01,46003,8677753600.0,2.26,-1.26,-23.97,0.37,1879.03,1909.0,1866.01,-198.16
4704,2021-05-11,600519,1876.0,1959.0,1966.0,1873.3,42494,8209251840.0,4.93,4.26,79.97,0.34,1959.0,1966.0,1873.3,-108.45
4705,2021-05-12,600519,1949.08,1984.0,1999.0,1949.0,32699,6473203200.0,2.55,1.28,25.0,0.26,1984.0,1999.0,1949.0,-48.54
4706,2021-05-13,600519,1965.75,1971.5,1985.05,1953.0,25078,4934955008.0,1.62,-0.63,-12.5,0.2,1971.5,1985.05,1953.0,-47.73
4707,2021-05-14,600519,1982.0,2009.85,2030.5,1976.0,35611,7150301952.0,2.76,1.95,38.35,0.28,2009.85,2030.5,1976.0,-0.89
4708,2021-05-17,600519,2025.1,2057.96,2085.2,2025.1,44524,9178510080.0,2.99,2.39,48.11,0.35,2057.96,2085.2,2025.1,64.1
4709,2021-05-18,600519,2065.0,2059.31,2077.0,2045.06,17504,3595891744.0,1.55,0.07,1.35,0.14,2059.31,2077.0,2045.06,75.52
4710,2021-05-19,600519,2059.0,2049.0,2074.81,2040.0,22410,4606452480.0,1.69,-0.5,-10.31,0.18,2049.0,2074.81,2040.0,75.39
4711,2021-05-20,600519,2074.0,2058.88,2074.1,2045.36,21857,4500663296.0,1.4,0.48,9.88,0.17,2058.88,2074.1,2045.36,87.4
4712,2021-05-21,600519,2055.08,2042.1,2079.88,2037.02,24248,4976601344.0,2.08,-0.82,-16.78,0.19,2042.1,2079.88,2037.02,73.81
4713,2021-05-24,600519,2051.0,2071.29,2080.06,2031.0,32548,6705879296.0,2.4,1.43,29.19,0.26,2071.29,2080.06,2031.0,78.49
4714,2021-05-25,600519,2085.0,2194.5,2200.1,2085.0,67757,14636718848.0,5.56,5.95,123.21,0.54,2194.5,2200.1,2085.0,164.58
4715,2021-05-26,600519,2207.98,2220.0,2241.8,2193.08,38604,8558038272.0,2.22,1.16,25.5,0.31,2220.0,2241.8,2193.08,181.61
4716,2021-05-27,600519,2211.02,2245.0,2320.0,2201.1,45373,10240368896.0,5.36,1.13,25.0,0.36,2245.0,2320.0,2201.1,189.43
4717,2021-05-28,600519,2240.97,2230.0,2250.0,2205.51,25807,5741331968.0,1.98,-0.67,-15.0,0.21,2230.0,2250.0,2205.51,127.69
4718,2021-05-31,600519,2215.5,2218.0,2218.35,2172.0,31739,6960864256.0,2.08,-0.54,-12.0,0.25,2218.0,2218.35,2172.0,85.12
4719,2021-06-01,600519,2222.0,2240.95,2248.95,2206.0,30616,6832594432.0,1.94,1.03,22.95,0.24,2240.95,2248.95,2206.0,90.01
4720,2021-06-02,600519,2250.0,2222.0,2264.0,2208.18,22863,5088908288.0,2.49,-0.85,-18.95,0.18,2222.0,2264.0,2208.18,77.03
4721,2021-06-03,600519,2220.0,2222.22,2260.34,2210.08,23450,5242452992.0,2.26,0.01,0.22,0.19,2222.22,2260.34,2210.08,67.55
4722,2021-06-04,600519,2215.0,2251.5,2288.0,2214.04,31422,7058715136.0,3.33,1.32,29.28,0.25,2251.5,2288.0,2214.04,75.62
4723,2021-06-07,600519,2265.0,2271.0,2279.0,2240.01,25466,5756592640.0,1.73,0.87,19.5,0.2,2271.0,2279.0,2240.01,78.14
4724,2021-06-08,600519,2260.0,2191.0,2279.99,2161.15,47314,10479943168.0,5.23,-3.52,-80.0,0.38,2191.0,2279.99,2161.15,22.87
4725,2021-06-09,600519,2192.0,2199.5,2214.0,2160.11,25502,5591378944.0,2.46,0.39,8.5,0.2,2199.5,2214.0,2160.11,-11.28
4726,2021-06-10,600519,2195.0,2238.48,2251.37,2190.08,25567,5707338496.0,2.79,1.77,38.98,0.2,2238.48,2251.37,2190.08,30.08
4727,2021-06-11,600519,2239.0,2178.81,2244.0,2178.81,33971,7513797120.0,2.91,-2.67,-59.67,0.27,2178.81,2244.0,2178.81,-67.23
4728,2021-06-15,600519,2195.1,2193.0,2208.88,2148.0,29361,6412821504.0,2.79,0.65,14.19,0.23,2193.0,2208.88,2148.0,-140.42
4729,2021-06-16,600519,2192.0,2158.0,2195.0,2148.0,27593,5978924544.0,2.14,-1.6,-35.0,0.22,2158.0,2195.0,2148.0,-151.38
4730,2021-06-17,600519,2155.65,2156.91,2188.0,2144.36,21068,4558702592.0,2.02,-0.05,-1.09,0.17,2156.91,2188.0,2144.36,-135.01
4731,2021-06-18,600519,2147.0,2090.94,2156.5,2065.0,54028,11329180928.0,4.24,-3.06,-65.97,0.43,2090.94,2156.5,2065.0,-215.04
4732,2021-06-21,600519,2085.0,2081.64,2099.69,2050.0,35488,7367986432.0,2.38,-0.44,-9.3,0.28,2081.64,2099.69,2050.0,-193.17
4733,2021-06-22,600519,2092.0,2074.97,2098.0,2053.89,33228,6900830720.0,2.12,-0.32,-6.67,0.26,2074.97,2098.0,2053.89,-151.53
4734,2021-06-23,600519,2080.0,2038.0,2083.0,2034.15,37079,7596735744.0,2.35,-1.78,-36.97,0.3,2038.0,2083.0,2034.15,-143.54
4735,2021-06-24,600519,2040.01,2068.05,2080.0,2021.0,31474,6452557056.0,2.89,1.47,30.05,0.25,2068.05,2080.0,2021.0,-111.45
4736,2021-06-25,600519,2049.96,2092.0,2109.0,2042.6,35875,7459680512.0,3.21,1.16,23.95,0.29,2092.0,2109.0,2042.6,-70.41
4737,2021-06-28,600519,2100.0,2103.01,2118.0,2073.0,27452,5750241280.0,2.15,0.53,11.01,0.22,2103.01,2118.0,2073.0,-42.97
4738,2021-06-29,600519,2108.0,2062.0,2115.0,2051.0,33031,6835635200.0,3.04,-1.95,-41.01,0.26,2062.0,2115.0,2051.0,-60.19
4739,2021-06-30,600519,2065.0,2056.7,2074.0,2046.3,21916,4511484160.0,1.34,-0.26,-5.3,0.17,2056.7,2074.0,2046.3,-73.07
4740,2021-07-01,600519,2059.97,2105.0,2110.0,2031.6,33701,6970731008.0,3.81,2.35,48.3,0.27,2105.0,2110.0,2031.6,-36.99
4741,2021-07-02,600519,2075.0,2013.0,2075.0,2011.5,46275,9388640256.0,3.02,-4.37,-92.0,0.37,2013.0,2075.0,2011.5,-113.19
4742,2021-07-05,600519,2000.0,1994.0,2019.88,1985.0,34421,6872797696.0,1.73,-0.94,-19.0,0.27,1994.0,2019.88,1985.0,-176.07
4743,2021-07-06,600519,1995.0,2012.9,2014.0,1960.01,35283,7015883008.0,2.71,0.95,18.9,0.28,2012.9,2014.0,1960.01,-158.77
4744,2021-07-07,600519,2010.0,2004.0,2028.88,1999.01,28122,5658210816.0,1.48,-0.44,-8.9,0.22,2004.0,2028.88,1999.01,-110.87
4745,2021-07-08,600519,2000.1,1985.0,2004.0,1968.0,35517,7027713792.0,1.8,-0.95,-19.0,0.28,1985.0,2004.0,1968.0,-134.45
4746,2021-07-09,600519,1964.52,1972.11,1985.91,1945.0,30908,6072340992.0,2.06,-0.65,-12.89,0.25,1972.11,1985.91,1945.0,-135.08
4747,2021-07-12,600519,1975.55,1961.0,1998.78,1940.5,39010,7658786304.0,2.96,-0.56,-11.11,0.31,1961.0,1998.78,1940.5,-113.55
4748,2021-07-13,600519,1968.0,1982.9,2005.5,1965.0,29925,5946287360.0,2.07,1.12,21.9,0.24,1982.9,2005.5,1965.0,-71.11
4749,2021-07-14,600519,1974.0,1962.0,1974.5,1945.0,30771,6011814912.0,1.49,-1.05,-20.9,0.24,1962.0,1974.5,1945.0,-94.59
4750,2021-07-15,600519,1955.02,1997.99,2013.0,1950.6,42190,8391506176.0,3.18,1.83,35.99,0.34,1997.99,2013.0,1950.6,-46.83
4751,2021-07-16,600519,1980.0,1955.9,1996.6,1950.0,35408,6958296832.0,2.33,-2.11,-42.09,0.28,1955.9,1996.6,1950.0,-75.69
4752,2021-07-19,600519,1955.89,1975.0,1986.0,1941.0,30052,5900348160.0,2.3,0.98,19.1,0.24,1975.0,1986.0,1941.0,-72.12
4753,2021-07-20,600519,1975.0,1980.0,1988.93,1961.41,23475,4639300864.0,1.39,0.25,5.0,0.19,1980.0,1988.93,1961.41,-43.18
4754,2021-07-21,600519,1989.0,1969.0,2006.0,1962.01,29780,5902656256.0,2.22,-0.56,-11.0,0.24,1969.0,2006.0,1962.01,-24.0
4755,2021-07-22,600519,1960.0,1940.01,1973.9,1938.96,39090,7619076864.0,1.77,-1.47,-28.99,0.31,1940.01,1973.9,1938.96,-139.43
4756,2021-07-23,600519,1937.82,1900.0,1937.82,1895.09,47585,9057761792.0,2.2,-2.06,-40.01,0.38,1900.0,1937.82,1895.09,-251.07
4757,2021-07-26,600519,1879.0,1804.11,1879.0,1780.0,98619,17894360832.0,5.21,-5.05,-95.89,0.79,1804.11,1879.0,1780.0,-329.79
4758,2021-07-27,600519,1803.0,1712.89,1810.0,1703.0,86577,15230805760.0,5.93,-5.06,-91.22,0.69,1712.89,1810.0,1703.0,-266.54
4759,2021-07-28,600519,1703.0,1768.9,1788.2,1682.12,85369,14792471040.0,6.19,3.27,56.01,0.68,1768.9,1788.2,1682.12,-174.51
4760,2021-07-29,600519,1810.01,1749.79,1823.0,1734.34,63864,11299569920.0,5.01,-1.08,-19.11,0.51,1749.79,1823.0,1734.34,-117.14
4761,2021-07-30,600519,1725.0,1678.99,1725.0,1657.76,77736,13109724928.0,3.84,-4.05,-70.8,0.62,1678.99,1725.0,1657.76,-138.49
4762,2021-08-02,600519,1664.0,1755.0,1755.98,1620.72,97401,16515259136.0,8.06,4.53,76.01,0.78,1755.0,1755.98,1620.72,-100.08
4763,2021-08-03,600519,1730.0,1749.3,1768.99,1688.8,54375,9447823360.0,4.57,-0.32,-5.7,0.43,1749.3,1768.99,1688.8,-72.09
4764,2021-08-04,600519,1734.06,1724.0,1760.0,1718.0,38175,6614683392.0,2.4,-1.45,-25.3,0.3,1724.0,1760.0,1718.0,-64.17
4765,2021-08-05,600519,1692.88,1699.0,1745.0,1676.36,48060,8177369856.0,3.98,-1.45,-25.0,0.38,1699.0,1745.0,1676.36,-73.03
4766,2021-08-06,600519,1689.0,1671.0,1694.01,1646.6,45686,7616109568.0,2.79,-1.65,-28.0,0.36,1671.0,1694.01,1646.6,-88.58
4767,2021-08-09,600519,1651.0,1693.8,1709.0,1650.0,47698,8028155392.0,3.53,1.36,22.8,0.38,1693.8,1709.0,1650.0,-75.2
4768,2021-08-10,600519,1700.0,1799.0,1802.88,1675.0,83285,14549496576.0,7.55,6.21,105.2,0.66,1799.0,1802.88,1675.0,-0.24
4769,2021-08-11,600519,1780.01,1750.5,1785.01,1750.01,38663,6821292800.0,1.95,-2.7,-48.5,0.31,1750.5,1785.01,1750.01,25.65
4770,2021-08-12,600519,1732.0,1690.0,1749.0,1686.19,47551,8130692608.0,3.59,-3.46,-60.5,0.38,1690.0,1749.0,1686.19,-48.5
4771,2021-08-13,600519,1690.0,1700.04,1713.0,1679.0,37905,6418412544.0,2.01,0.59,10.04,0.3,1700.04,1713.0,1679.0,-61.0
4772,2021-08-16,600519,1696.0,1699.2,1713.6,1685.08,28057,4773049856.0,1.68,-0.05,-0.84,0.22,1699.2,1713.6,1685.08,-49.16
4773,2021-08-17,600519,1700.0,1635.0,1700.0,1628.88,61201,10140292096.0,4.19,-3.78,-64.2,0.49,1635.0,1700.0,1628.88,-138.58
4774,2021-08-18,600519,1624.66,1620.0,1642.99,1600.0,59970,9701556224.0,2.63,-0.92,-15.0,0.48,1620.0,1642.99,1600.0,-188.53
4775,2021-08-19,600519,1622.22,1619.97,1643.2,1600.0,41292,6682355712.0,2.67,0.0,-0.03,0.33,1619.97,1643.2,1600.0,-151.13
4776,2021-08-20,600519,1555.17,1548.0,1597.55,1525.5,114545,17825198336.0,4.45,-4.44,-71.97,0.91,1548.0,1597.55,1525.5,-194.64
4777,2021-08-23,600519,1537.88,1570.19,1599.0,1536.77,71597,11218832896.0,4.02,1.43,22.19,0.57,1570.19,1599.0,1536.77,-139.43
4778,2021-08-24,600519,1575.0,1625.18,1642.55,1565.77,72594,11703813888.0,4.89,3.5,54.99,0.58,1625.18,1642.55,1565.77,-70.57
4779,2021-08-25,600519,1647.64,1665.02,1680.87,1643.0,54239,9037626368.0,2.33,2.45,39.84,0.43,1665.02,1680.87,1643.0,0.43
4780,2021-08-26,600519,1664.99,1595.0,1664.99,1594.72,54020,8722233088.0,4.22,-4.21,-70.02,0.43,1595.0,1664.99,1594.72,-52.64
4781,2021-08-27,600519,1589.0,1596.03,1625.0,1584.1,36095,5791426304.0,2.56,0.06,1.03,0.29,1596.03,1625.0,1584.1,-64.31
4782,2021-08-30,600519,1605.0,1586.0,1613.0,1545.95,51588,8098190336.0,4.2,-0.63,-10.03,0.41,1586.0,1613.0,1545.95,-80.02
4783,2021-08-31,600519,1589.8,1558.0,1616.35,1555.1,43677,6888080896.0,3.86,-1.77,-28.0,0.35,1558.0,1616.35,1555.1,-82.31
4784,2021-09-01,600519,1559.0,1622.01,1634.99,1531.1,77316,12370243328.0,6.67,4.11,64.01,0.62,1622.01,1634.99,1531.1,-44.5
4785,2021-09-02,600519,1632.99,1618.8,1643.0,1600.89,42837,6939707392.0,2.6,-0.2,-3.21,0.34,1618.8,1643.0,1600.89,16.74
4786,2021-09-03,600519,1610.02,1658.22,1659.79,1582.0,52835,8631165696.0,4.81,2.44,39.42,0.42,1658.22,1659.79,1582.0,66.28
4787,2021-09-06,600519,1649.0,1670.67,1708.16,1626.15,55338,9306030592.0,4.95,0.75,12.45,0.44,1670.67,1708.16,1626.15,153.35
4788,2021-09-07,600519,1661.03,1669.0,1684.48,1651.0,31211,5204051712.0,2.0,-0.1,-1.67,0.25,1669.0,1684.48,1651.0,128.01
4789,2021-09-08,600519,1660.0,1633.1,1671.18,1628.08,33064,5428265728.0,2.58,-2.15,-35.9,0.26,1633.1,1671.18,1628.08,64.4
4790,2021-09-09,600519,1626.0,1634.08,1645.0,1624.01,19950,3257785760.0,1.29,0.06,0.98,0.16,1634.08,1645.0,1624.01,34.37
4791,2021-09-10,600519,1634.08,1662.58,1668.8,1633.0,33388,5528034048.0,2.19,1.74,28.5,0.27,1662.58,1668.8,1633.0,73.15
4792,2021-09-13,600519,1665.0,1654.0,1684.0,1640.1,27720,4605031680.0,2.64,-0.52,-8.58,0.22,1654.0,1684.0,1640.1,73.93
4793,2021-09-14,600519,1659.0,1657.0,1683.0,1653.0,33761,5638962688.0,1.81,0.18,3.0,0.27,1657.0,1683.0,1653.0,85.92
4794,2021-09-15,600519,1650.0,1615.74,1660.0,1610.0,41570,6781755392.0,3.02,-2.49,-41.26,0.33,1615.74,1660.0,1610.0,-5.94
4795,2021-09-16,600519,1603.0,1638.07,1644.0,1585.0,45968,7458455040.0,3.65,1.38,22.33,0.37,1638.07,1644.0,1585.0,-27.73
4796,2021-09-17,600519,1620.0,1686.0,1705.6,1620.0,55130,9242101504.0,5.23,2.93,47.93,0.44,1686.0,1705.6,1620.0,93.58
4797,2021-09-22,600519,1658.83,1637.69,1688.0,1635.0,31743,5227723008.0,3.14,-2.87,-48.31,0.25,1637.69,1688.0,1635.0,33.7
4798,2021-09-23,600519,1638.0,1635.0,1655.88,1625.08,30342,4964210176.0,1.88,-0.16,-2.69,0.24,1635.0,1655.88,1625.08,-36.98
4799,2021-09-24,600519,1628.0,1694.0,1719.98,1628.0,69537,11756596224.0,5.63,3.61,59.0,0.55,1694.0,1719.98,1628.0,126.36
4800,2021-09-27,600519,1750.0,1855.0,1863.4,1750.0,126869,23270689792.0,6.69,9.5,161.0,1.01,1855.0,1863.4,1750.0,397.38
4801,2021-09-28,600519,1848.0,1822.06,1860.0,1795.0,49221,8973408768.0,3.5,-1.78,-32.94,0.39,1822.06,1860.0,1795.0,232.18
4802,2021-09-29,600519,1809.0,1820.0,1845.01,1785.9,43291,7870151680.0,3.24,-0.11,-2.06,0.34,1820.0,1845.01,1785.9,149.96
4803,2021-09-30,600519,1818.18,1830.0,1850.22,1803.4,40539,7411735808.0,2.57,0.55,10.0,0.32,1830.0,1850.22,1803.4,120.96
4804,2021-10-08,600519,1822.42,1839.6,1878.0,1807.23,47452,8780381184.0,3.87,0.52,9.6,0.38,1839.6,1878.0,1807.23,105.5
4805,2021-10-11,600519,1839.51,1867.12,1889.9,1831.01,37676,7040475392.0,3.2,1.5,27.52,0.3,1867.12,1889.9,1831.01,100.18
4806,2021-10-12,600519,1866.0,1870.99,1877.0,1842.42,30606,5688160768.0,1.85,0.21,3.87,0.24,1870.99,1877.0,1842.42,85.42
4807,2021-10-13,600519,1870.0,1929.9,1949.95,1862.0,50143,9625769216.0,4.7,3.15,58.91,0.4,1929.9,1949.95,1862.0,104.48
4808,2021-10-14,600519,1928.93,1911.0,1941.8,1896.0,26623,5097602304.0,2.37,-0.98,-18.9,0.21,1911.0,1941.8,1896.0,96.31
4809,2021-10-15,600519,1890.1,1916.97,1929.99,1890.1,28561,5452953856.0,2.09,0.31,5.97,0.23,1916.97,1929.99,1890.1,89.23
4810,2021-10-18,600519,1888.0,1800.0,1888.0,1787.0,69652,12651498496.0,5.27,-6.1,-116.97,0.55,1800.0,1888.0,1787.0,10.52
4811,2021-10-19,600519,1800.0,1812.18,1838.8,1799.88,40315,7330114048.0,2.16,0.68,12.18,0.32,1812.18,1838.8,1799.88,-11.95
4812,2021-10-20,600519,1833.0,1841.0,1849.8,1806.01,28663,5246404608.0,2.42,1.59,28.82,0.23,1841.0,1849.8,1806.01,-13.13
4813,2021-10-21,600519,1841.1,1844.0,1860.0,1829.0,23019,4238584288.0,1.68,0.16,3.0,0.18,1844.0,1860.0,1829.0,-16.06
4814,2021-10-22,600519,1855.0,1901.0,1921.01,1854.0,35963,6794850048.0,3.63,3.09,57.0,0.29,1901.0,1921.01,1854.0,74.72
4815,2021-10-25,600519,1880.0,1873.03,1885.01,1858.0,32461,6076219904.0,1.42,-1.47,-27.97,0.26,1873.03,1885.01,1858.0,26.57
4816,2021-10-26,600519,1864.03,1861.05,1878.99,1844.0,21130,3934223712.0,1.87,-0.64,-11.98,0.17,1861.05,1878.99,1844.0,-4.04
4817,2021-10-27,600519,1852.3,1819.0,1858.3,1800.1,34647,6302270976.0,3.13,-2.26,-42.05,0.28,1819.0,1858.3,1800.1,-89.66
4818,2021-10-28,600519,1825.2,1825.49,1843.78,1802.0,29491,5383196160.0,2.3,0.36,6.49,0.23,1825.49,1843.78,1802.0,-87.55
4819,2021-10-29,600519,1825.0,1826.08,1848.0,1813.0,28776,5266898944.0,1.92,0.03,0.59,0.23,1826.08,1848.0,1813.0,-64.81
4820,2021-11-01,600519,1780.0,1803.0,1826.3,1760.0,41690,7486936320.0,3.63,-1.26,-23.08,0.33,1803.0,1826.3,1760.0,-111.97
4821,2021-11-02,600519,1796.7,1804.64,1844.22,1788.0,32500,5875341312.0,3.12,0.09,1.64,0.26,1804.64,1844.22,1788.0,-74.48
4822,2021-11-03,600519,1800.0,1765.0,1809.98,1761.19,27829,4958314496.0,2.7,-2.2,-39.64,0.22,1765.0,1809.98,1761.19,-139.83
4823,2021-11-04,600519,1777.94,1804.2,1816.0,1769.42,31130,5592211712.0,2.64,2.22,39.2,0.25,1804.2,1816.0,1769.42,-96.72
4824,2021-11-05,600519,1804.21,1819.94,1844.99,1804.21,27077,4956331264.0,2.26,0.87,15.74,0.22,1819.94,1844.99,1804.21,-17.32
4825,2021-11-08,600519,1820.0,1820.1,1830.8,1802.05,17706,3220439328.0,1.58,0.01,0.16,0.14,1820.1,1830.8,1802.05,-33.5
4826,2021-11-09,600519,1819.98,1790.01,1827.87,1782.0,27352,4915170048.0,2.52,-1.65,-30.09,0.22,1790.01,1827.87,1782.0,-75.21
4827,2021-11-10,600519,1790.01,1753.99,1795.0,1735.0,35349,6204803328.0,3.35,-2.01,-36.02,0.28,1753.99,1795.0,1735.0,-152.22
4828,2021-11-11,600519,1752.93,1769.6,1769.6,1741.5,22652,3987243280.0,1.6,0.89,15.61,0.18,1769.6,1769.6,1741.5,-136.51
4829,2021-11-12,600519,1778.0,1773.78,1785.05,1766.66,17607,3124400976.0,1.04,0.24,4.18,0.14,1773.78,1785.05,1766.66,-84.02
4830,2021-11-15,600519,1773.68,1761.14,1784.0,1750.0,24947,4410975488.0,1.92,-0.71,-12.64,0.2,1761.14,1784.0,1750.0,-101.62
4831,2021-11-16,600519,1768.0,1808.0,1818.0,1765.0,33526,6033536256.0,3.01,2.66,46.86,0.27,1808.0,1818.0,1765.0,5.32
4832,2021-11-17,600519,1805.0,1795.0,1820.5,1790.01,24505,4411450880.0,1.69,-0.72,-13.0,0.2,1795.0,1820.5,1790.01,28.82
4833,2021-11-18,600519,1781.22,1792.0,1807.0,1770.0,19521,3485674960.0,2.06,-0.17,-3.0,0.16,1792.0,1807.0,1770.0,-5.62
4834,2021-11-19,600519,1794.19,1828.41,1849.0,1788.2,31156,5699883776.0,3.39,2.03,36.41,0.25,1828.41,1849.0,1788.2,106.41
4835,2021-11-22,600519,1849.0,1854.27,1909.0,1848.0,42573,7994018304.0,3.34,1.41,25.86,0.34,1854.27,1909.0,1848.0,224.46
4836,2021-11-23,600519,1852.0,1896.43,1917.0,1852.0,45782,8676297728.0,3.51,2.27,42.16,0.36,1896.43,1917.0,1852.0,197.95
4837,2021-11-24,600519,1900.0,1941.0,1966.0,1897.0,54512,10555736832.0,3.64,2.35,44.57,0.43,1941.0,1966.0,1897.0,209.07
4838,2021-11-25,600519,1953.0,1956.03,1986.2,1946.25,39753,7803035392.0,2.06,0.77,15.03,0.32,1956.03,1986.2,1946.25,180.28
4839,2021-11-26,600519,1964.83,1941.01,1967.0,1925.0,32656,6337346304.0,2.15,-0.77,-15.02,0.26,1941.01,1967.0,1925.0,119.47
4840,2021-11-29,600519,1960.0,1985.0,1990.0,1951.08,42399,8372476160.0,2.01,2.27,43.99,0.34,1985.0,1990.0,1951.08,120.87
4841,2021-11-30,600519,1985.4,1930.77,1989.9,1927.5,36925,7192172544.0,3.14,-2.73,-54.23,0.29,1930.77,1989.9,1927.5,82.47
4842,2021-12-01,600519,1950.0,1932.99,1959.95,1919.02,26254,5071457024.0,2.12,0.11,2.22,0.21,1932.99,1959.95,1919.02,62.39
4843,2021-12-02,600519,1940.0,1934.0,1942.15,1919.6,20422,3939731536.0,1.17,0.05,1.01,0.16,1934.0,1942.15,1919.6,49.5
4844,2021-12-03,600519,1932.0,1971.88,1988.62,1931.05,35818,7045848064.0,2.98,1.96,37.88,0.29,1971.88,1988.62,1931.05,73.86
4845,2021-12-06,600519,1983.0,1967.3,1990.0,1950.0,31064,6122543872.0,2.03,-0.23,-4.58,0.25,1967.3,1990.0,1950.0,72.85
4846,2021-12-07,600519,1980.74,1955.87,1987.87,1946.73,36980,7286659584.0,2.09,-0.58,-11.43,0.29,1955.87,1987.87,1946.73,61.82
4847,2021-12-08,600519,1964.88,2043.0,2045.0,1950.0,61048,12285102080.0,4.86,4.45,87.13,0.49,2043.0,2045.0,1950.0,145.68
4848,2021-12-09,600519,2054.94,2086.55,2116.92,2045.0,64239,13404724480.0,3.52,2.13,43.55,0.51,2086.55,2116.92,2045.0,249.57
4849,2021-12-10,600519,2060.0,2090.0,2095.78,2056.0,43148,8944582400.0,1.91,0.17,3.45,0.34,2090.0,2095.78,2056.0,191.46
4850,2021-12-13,600519,2154.0,2118.2,2180.0,2118.0,65807,14139012352.0,2.97,1.35,28.2,0.52,2118.2,2180.0,2118.0,194.81
4851,2021-12-14,600519,2118.2,2150.0,2167.9,2100.0,40449,8673733632.0,3.21,1.5,31.8,0.32,2150.0,2167.9,2100.0,145.26
4852,2021-12-15,600519,2142.15,2135.0,2164.95,2125.02,30078,6444715008.0,1.86,-0.7,-15.0,0.24,2135.0,2164.95,2125.02,116.66
4853,2021-12-16,600519,2115.0,2118.99,2144.05,2086.23,37211,7865499392.0,2.71,-0.75,-16.01,0.3,2118.99,2144.05,2086.23,77.63
4854,2021-12-17,600519,2100.5,2050.7,2108.0,2036.0,48403,9988869888.0,3.4,-3.22,-68.29,0.39,2050.7,2108.0,2036.0,26.78
4855,2021-12-20,600519,2050.7,2058.96,2085.66,2041.0,32258,6654596608.0,2.18,0.4,8.26,0.26,2058.96,2085.66,2041.0,18.14
4856,2021-12-21,600519,2045.0,2038.2,2069.13,2012.83,26286,5354186496.0,2.73,-1.01,-20.76,0.21,2038.2,2069.13,2012.83,-11.58
4857,2021-12-22,600519,2040.0,2048.0,2063.0,2040.0,17431,3570928368.0,1.13,0.48,9.8,0.14,2048.0,2063.0,2040.0,-11.39
4858,2021-12-23,600519,2053.0,2120.0,2120.0,2025.0,39099,8126298112.0,4.64,3.52,72.0,0.31,2120.0,2120.0,2025.0,30.53
4859,2021-12-24,600519,2148.88,2194.09,2216.96,2148.88,56130,12295953408.0,3.21,3.49,74.09,0.45,2194.09,2216.96,2148.88,155.1
4860,2021-12-27,600519,2168.0,2131.82,2168.0,2112.0,37556,8020677632.0,2.55,-2.84,-62.27,0.3,2131.82,2168.0,2112.0,67.85
4861,2021-12-28,600519,2133.0,2138.18,2155.5,2116.6,27651,5901940736.0,1.82,0.3,6.36,0.22,2138.18,2155.5,2116.6,56.7
4862,2021-12-29,600519,2150.0,2041.0,2154.25,2041.0,54049,11195625216.0,5.3,-4.54,-97.18,0.43,2041.0,2154.25,2041.0,-45.01
4863,2021-12-30,600519,2041.0,2075.0,2088.98,2028.0,35261,7272866560.0,2.99,1.67,34.0,0.28,2075.0,2088.98,2028.0,-66.74
4864,2021-12-31,600519,2070.0,2050.0,2072.98,2028.0,29665,6061415424.0,2.17,-1.2,-25.0,0.24,2050.0,2072.98,2028.0,-78.57
4865,2022-01-04,600519,2055.0,2051.23,2068.95,2014.0,33843,6913653248.0,2.68,0.06,1.23,0.27,2051.23,2068.95,2014.0,-79.08
4866,2022-01-05,600519,2045.0,2024.0,2065.0,2018.0,28396,5774992128.0,2.29,-1.33,-27.23,0.23,2024.0,2065.0,2018.0,-86.68
4867,2022-01-06,600519,2022.01,1982.22,2036.0,1938.51,51795,10226933760.0,4.82,-2.06,-41.78,0.41,1982.22,2036.0,1938.51,-156.35
4868,2022-01-07,600519,1975.0,1942.0,1988.88,1939.32,29817,5831695360.0,2.5,-2.03,-40.22,0.24,1942.0,1988.88,1939.32,-169.06
4869,2022-01-10,600519,1928.01,1966.0,1977.0,1917.55,29627,5792738048.0,3.06,1.24,24.0,0.24,1966.0,1977.0,1917.55,-140.94
4870,2022-01-11,600519,1948.0,1940.55,1965.0,1931.17,22277,4332180736.0,1.72,-1.29,-25.45,0.18,1940.55,1965.0,1931.17,-127.59
4871,2022-01-12,600519,1948.0,1967.0,1978.8,1948.0,27474,5384359680.0,1.59,1.36,26.45,0.22,1967.0,1978.8,1948.0,-87.58
4872,2022-01-13,600519,1964.82,1877.39,1967.99,1865.56,56747,10781720576.0,5.21,-4.56,-89.61,0.45,1877.39,1967.99,1865.56,-124.35
4873,2022-01-14,600519,1877.39,1867.0,1893.0,1863.0,29322,5506185984.0,1.6,-0.55,-10.39,0.23,1867.0,1893.0,1863.0,-130.83
4874,2022-01-17,600519,1868.0,1861.61,1878.3,1835.34,27354,5074077696.0,2.3,-0.29,-5.39,0.22,1861.61,1878.3,1835.34,-129.2
4875,2022-01-18,600519,1861.68,1892.27,1908.85,1852.0,31216,5906705920.0,3.05,1.65,30.66,0.25,1892.27,1908.85,1852.0,-94.42
4876,2022-01-19,600519,1919.0,1912.0,1919.0,1888.88,26371,5026993408.0,1.59,1.04,19.73,0.21,1912.0,1919.0,1888.88,-62.85
4877,2022-01-20,600519,1916.0,1969.52,1979.99,1916.0,34014,6665294848.0,3.35,3.01,57.52,0.27,1969.52,1979.99,1916.0,5.28
4878,2022-01-21,600519,1960.0,1984.99,1993.49,1951.01,30813,6091427584.0,2.16,0.79,15.47,0.25,1984.99,1993.49,1951.01,46.71
4879,2022-01-24,600519,1955.0,1950.2,1984.0,1931.44,23986,4685441792.0,2.65,-1.75,-34.79,0.19,1950.2,1984.0,1931.44,26.68
4880,2022-01-25,600519,1943.0,1943.0,1966.0,1931.0,25510,4971078400.0,1.79,-0.37,-7.2,0.2,1943.0,1966.0,1931.0,25.96
4881,2022-01-26,600519,1942.04,1955.0,1969.0,1919.0,23905,4655706624.0,2.57,0.62,12.0,0.19,1955.0,1969.0,1919.0,35.17
4882,2022-01-27,600519,2001.01,1965.0,2010.82,1952.0,42665,8450329088.0,3.01,0.51,10.0,0.34,1965.0,2010.82,1952.0,88.09
4883,2022-01-28,600519,1955.0,1887.0,1968.0,1880.01,41020,7889492992.0,4.48,-3.97,-78.0,0.33,1887.0,1968.0,1880.01,-34.46
4884,2022-02-07,600519,1900.99,1867.96,1913.56,1850.0,35150,6601799680.0,3.37,-1.01,-19.04,0.28,1867.96,1913.56,1850.0,-86.72
4885,2022-02-08,600519,1868.88,1839.0,1872.87,1790.0,41713,7585130496.0,4.44,-1.55,-28.96,0.33,1839.0,1872.87,1790.0,-140.64
4886,2022-02-09,600519,1839.09,1895.98,1908.0,1826.97,33885,6346699776.0,4.41,3.1,56.98,0.27,1895.98,1908.0,1826.97,-59.93
4887,2022-02-10,600519,1900.0,1873.0,1905.9,1857.39,23032,4315456768.0,2.56,-1.21,-22.98,0.18,1873.0,1905.9,1857.39,-57.88
4888,2022-02-11,600519,1857.0,1849.97,1900.79,1841.0,33746,6296909568.0,3.19,-1.23,-23.03,0.27,1849.97,1900.79,1841.0,-84.19
4889,2022-02-14,600519,1840.0,1868.67,1877.0,1837.31,20196,3762313344.0,2.15,1.01,18.7,0.16,1868.67,1877.0,1837.31,-83.29
4890,2022-02-15,600519,1868.8,1890.62,1911.0,1859.0,27106,5131842048.0,2.78,1.17,21.95,0.22,1890.62,1911.0,1859.0,-37.42
4891,2022-02-16,600519,1900.0,1892.55,1907.0,1888.0,14587,2769034320.0,1.0,0.1,1.93,0.12,1892.55,1907.0,1888.0,-17.67
4892,2022-02-17,600519,1900.61,1886.99,1911.48,1881.0,18214,3450265040.0,1.61,-0.29,-5.56,0.14,1886.99,1911.48,1881.0,-14.25
4893,2022-02-18,600519,1877.63,1907.0,1907.98,1865.66,19385,3670339744.0,2.24,1.06,20.01,0.15,1907.0,1907.98,1865.66,-5.64
4894,2022-02-21,600519,1900.0,1876.99,1906.9,1868.95,20816,3920377360.0,1.99,-1.57,-30.01,0.17,1876.99,1906.9,1868.95,-19.9
4895,2022-02-22,600519,1860.01,1807.87,1861.0,1800.02,52299,9473992704.0,3.25,-3.68,-69.12,0.42,1807.87,1861.0,1800.02,-170.38
4896,2022-02-23,600519,1811.41,1827.01,1834.0,1800.08,28112,5118197760.0,1.88,1.06,19.14,0.22,1827.01,1834.0,1800.08,-153.73
4897,2022-02-24,600519,1808.0,1764.11,1813.99,1748.1,65359,11578557184.0,3.61,-3.44,-62.9,0.52,1764.11,1813.99,1748.1,-206.63
4898,2022-02-25,600519,1775.0,1799.06,1808.28,1775.0,38979,6999524096.0,1.89,1.98,34.95,0.31,1799.06,1808.28,1775.0,-123.98
4899,2022-02-28,600519,1787.06,1790.4,1797.0,1767.0,28923,5158148352.0,1.67,-0.48,-8.66,0.23,1790.4,1797.0,1767.0,-119.39
4900,2022-03-01,600519,1802.0,1858.48,1863.57,1802.0,47379,8721229312.0,3.44,3.8,68.08,0.38,1858.48,1863.57,1802.0,-15.09
4901,2022-03-02,600519,1840.0,1844.88,1850.99,1825.0,20074,3690612336.0,1.4,-0.73,-13.6,0.16,1844.88,1850.99,1825.0,-12.53
4902,2022-03-03,600519,1845.8,1800.0,1850.25,1794.0,31547,5703580672.0,3.05,-2.43,-44.88,0.25,1800.0,1850.25,1794.0,-52.82
4903,2022-03-04,600519,1772.0,1780.5,1792.89,1755.1,31047,5509157632.0,2.1,-1.08,-19.5,0.25,1780.5,1792.89,1755.1,-104.56
4904,2022-03-07,600519,1760.2,1707.0,1768.0,1703.8,49156,8487507456.0,3.61,-4.13,-73.5,0.39,1707.0,1768.0,1703.8,-158.89
4905,2022-03-08,600519,1759.98,1753.2,1786.66,1732.0,57215,10087484416.0,3.2,2.71,46.2,0.46,1753.2,1786.66,1732.0,-96.7
4906,2022-03-09,600519,1764.1,1779.18,1805.0,1721.11,56434,10018589952.0,4.78,1.48,25.98,0.45,1779.18,1805.0,1721.11,-67.53
4907,2022-03-10,600519,1808.0,1794.43,1821.0,1791.0,36462,6587438848.0,1.69,0.86,15.25,0.29,1794.43,1821.0,1791.0,3.22
4908,2022-03-11,600519,1766.0,1769.01,1777.0,1718.08,47727,8335618304.0,3.28,-1.42,-25.42,0.38,1769.01,1777.0,1718.08,-87.08
4909,2022-03-14,600519,1730.0,1700.0,1750.0,1700.0,49007,8416841984.0,2.83,-3.9,-69.01,0.39,1700.0,1750.0,1700.0,-148.09
4910,2022-03-15,600519,1650.0,1603.0,1685.0,1603.0,89056,14567142656.0,4.82,-5.71,-97.0,0.71,1603.0,1685.0,1603.0,-244.02
4911,2022-03-16,600519,1634.0,1674.95,1683.9,1593.0,77593,12753010176.0,5.67,4.49,71.95,0.62,1674.95,1683.9,1593.0,-155.64
4912,2022-03-17,600519,1720.0,1720.15,1755.0,1711.66,68352,11843531776.0,2.59,2.7,45.2,0.54,1720.15,1755.0,1711.66,-38.89
4913,2022-03-18,600519,1718.0,1707.79,1745.0,1692.28,38349,6564085504.0,3.06,-0.72,-12.36,0.31,1707.79,1745.0,1692.28,-49.96
4914,2022-03-21,600519,1724.0,1704.3,1725.65,1695.01,27877,4763083264.0,1.79,-0.2,-3.49,0.22,1704.3,1725.65,1695.01,-49.5
4915,2022-03-22,600519,1723.88,1695.0,1723.88,1686.33,21054,3578291200.0,2.2,-0.55,-9.3,0.17,1695.0,1723.88,1686.33,-50.84
4916,2022-03-23,600519,1705.0,1752.19,1770.0,1697.0,58067,10096341504.0,4.31,3.37,57.19,0.46,1752.19,1770.0,1697.0,25.06
4917,2022-03-24,600519,1738.0,1720.93,1740.0,1717.35,25815,4457504512.0,1.29,-1.78,-31.26,0.21,1720.93,1740.0,1717.35,5.99
4918,2022-03-25,600519,1712.0,1690.0,1734.0,1685.0,29709,5054831360.0,2.85,-1.8,-30.93,0.24,1690.0,1734.0,1685.0,-38.53
4919,2022-03-28,600519,1625.0,1660.8,1664.8,1604.0,57542,9392007936.0,3.6,-1.73,-29.2,0.46,1660.8,1664.8,1604.0,-134.57
4920,2022-03-29,600519,1661.5,1667.0,1691.5,1661.5,25935,4343365376.0,1.81,0.37,6.2,0.21,1667.0,1691.5,1661.5,-65.43
4921,2022-03-30,600519,1698.0,1730.1,1730.1,1695.0,42433,7276379136.0,2.11,3.79,63.1,0.34,1730.1,1730.1,1695.0,40.17
4922,2022-03-31,600519,1720.0,1719.0,1738.6,1708.8,25174,4338022912.0,1.72,-0.64,-11.1,0.2,1719.0,1738.6,1708.8,56.49
4923,2022-04-01,600519,1729.94,1780.01,1793.0,1721.69,44862,7936957184.0,4.15,3.55,61.01,0.36,1780.01,1793.0,1721.69,140.15
4924,2022-04-06,600519,1753.0,1765.0,1788.73,1753.0,27820,4910792448.0,2.01,-0.84,-15.01,0.22,1765.0,1788.73,1753.0,140.26
4925,2022-04-07,600519,1758.0,1765.0,1785.0,1750.1,20196,3568182336.0,1.98,0.0,0.0,0.16,1765.0,1785.0,1750.1,122.91
4926,2022-04-08,600519,1768.0,1784.0,1788.7,1766.54,22941,4081618544.0,1.26,1.08,19.0,0.18,1784.0,1788.7,1766.54,128.23
4927,2022-04-11,600519,1770.0,1720.0,1770.0,1706.03,43864,7568782592.0,3.59,-3.59,-64.0,0.35,1720.0,1770.0,1706.03,16.33
4928,2022-04-12,600519,1729.0,1782.0,1787.97,1708.0,41630,7284546304.0,4.65,3.6,62.0,0.33,1782.0,1787.97,1708.0,67.91
4929,2022-04-13,600519,1767.0,1769.0,1795.0,1751.08,31148,5534915840.0,2.46,-0.73,-13.0,0.25,1769.0,1795.0,1751.08,82.33
4930,2022-04-14,600519,1788.0,1809.0,1835.9,1780.2,37650,6834657280.0,3.15,2.26,40.0,0.3,1809.0,1835.9,1780.2,130.19
4931,2022-04-15,600519,1802.2,1805.99,1818.0,1795.89,21041,3800797632.0,1.22,-0.17,-3.01,0.17,1805.99,1818.0,1795.89,106.8
4932,2022-04-18,600519,1781.13,1790.82,1798.0,1768.0,19793,3525102976.0,1.66,-0.84,-15.17,0.16,1790.82,1798.0,1768.0,63.48
4933,2022-04-19,600519,1800.0,1790.3,1832.99,1775.5,24205,4359852032.0,3.21,-0.03,-0.52,0.19,1790.3,1832.99,1775.5,89.06
4934,2022-04-20,600519,1801.69,1797.0,1820.0,1768.68,24156,4342043392.0,2.87,0.37,6.7,0.19,1797.0,1820.0,1768.68,75.03
4935,2022-04-21,600519,1790.2,1779.98,1806.0,1770.0,28953,5160787968.0,2.0,-0.95,-17.02,0.23,1779.98,1806.0,1770.0,36.0
4936,2022-04-22,600519,1763.0,1773.0,1787.88,1760.18,27900,4955360768.0,1.56,-0.39,-6.98,0.22,1773.0,1787.88,1760.18,-19.74
4937,2022-04-25,600519,1750.0,1708.0,1776.5,1702.0,53658,9352986880.0,4.2,-3.67,-65.0,0.43,1708.0,1776.5,1702.0,-169.14
4938,2022-04-26,600519,1703.33,1732.48,1748.98,1700.0,44564,7692845312.0,2.87,1.43,24.48,0.35,1732.48,1748.98,1700.0,-140.87
4939,2022-04-27,600519,1767.12,1794.92,1810.0,1767.12,57402,10289893120.0,2.48,3.6,62.44,0.46,1794.92,1810.0,1767.12,48.63
4940,2022-04-28,600519,1793.0,1835.0,1845.0,1786.5,44010,8038681856.0,3.26,2.23,40.08,0.35,1835.0,1845.0,1786.5,120.34
4941,2022-04-29,600519,1836.0,1828.38,1849.0,1810.98,34885,6384066560.0,2.07,-0.36,-6.62,0.28,1828.38,1849.0,1810.98,129.28
4942,2022-05-05,600519,1830.0,1837.0,1870.0,1828.98,33661,6235017472.0,2.24,0.47,8.62,0.27,1837.0,1870.0,1828.98,148.32
4943,2022-05-06,600519,1814.99,1793.0,1819.0,1781.0,28596,5138176768.0,2.07,-2.4,-44.0,0.23,1793.0,1819.0,1781.0,14.55
4944,2022-05-09,600519,1780.0,1752.0,1780.0,1738.0,30352,5324616192.0,2.34,-2.29,-41.0,0.24,1752.0,1780.0,1738.0,-85.42
4945,2022-05-10,600519,1720.0,1766.19,1784.96,1705.01,40119,7018451200.0,4.56,0.81,14.19,0.32,1766.19,1784.96,1705.01,-82.38
4946,2022-05-11,600519,1755.0,1768.0,1788.48,1752.0,30313,5372950016.0,2.07,0.1,1.81,0.24,1768.0,1788.48,1752.0,-34.27
4947,2022-05-12,600519,1753.0,1762.67,1778.0,1750.0,22038,3888480080.0,1.58,-0.3,-5.33,0.18,1762.67,1778.0,1750.0,-41.83
4948,2022-05-13,600519,1780.0,1778.24,1797.94,1766.0,20731,3690141232.0,1.81,0.88,15.57,0.17,1778.24,1797.94,1766.0,1.3
4949,2022-05-16,600519,1797.0,1758.0,1797.0,1742.67,27765,4881208576.0,3.06,-1.14,-20.24,0.22,1758.0,1797.0,1742.67,-31.22
4950,2022-05-17,600519,1769.88,1768.0,1775.0,1755.0,20145,3557048800.0,1.14,0.57,10.0,0.16,1768.0,1775.0,1755.0,-29.13
4951,2022-05-18,600519,1773.66,1761.0,1773.92,1743.02,24850,4362487040.0,1.75,-0.4,-7.0,0.2,1761.0,1773.92,1743.02,-53.76
4952,2022-05-19,600519,1745.0,1756.0,1757.0,1739.0,19776,3459059184.0,1.02,-0.28,-5.0,0.16,1756.0,1757.0,1739.0,-84.02
4953,2022-05-20,600519,1759.99,1800.01,1801.15,1752.0,41950,7493460224.0,2.8,2.51,44.01,0.33,1800.01,1801.15,1752.0,7.43
4954,2022-05-23,600519,1800.0,1781.0,1803.89,1772.0,22157,3950856592.0,1.77,-1.06,-19.01,0.18,1781.0,1803.89,1772.0,20.6
4955,2022-05-24,600519,1786.0,1760.0,1787.0,1755.5,27342,4824599808.0,1.77,-1.18,-21.0,0.22,1760.0,1787.0,1755.5,-27.61
4956,2022-05-25,600519,1765.27,1755.51,1772.0,1747.0,22389,3929477104.0,1.42,-0.26,-4.49,0.18,1755.51,1772.0,1747.0,-62.98
4957,2022-05-26,600519,1761.0,1742.8,1761.0,1730.0,28053,4888109312.0,1.77,-0.72,-12.71,0.22,1742.8,1761.0,1730.0,-138.81
4958,2022-05-27,600519,1759.99,1755.16,1780.0,1753.01,25120,4436904960.0,1.55,0.71,12.36,0.2,1755.16,1780.0,1753.01,-16.9
4959,2022-05-30,600519,1766.0,1778.41,1790.55,1766.0,34466,6135631360.0,1.4,1.32,23.25,0.27,1778.41,1790.55,1766.0,82.44
4960,2022-05-31,600519,1774.77,1804.03,1814.9,1766.98,40751,7329201152.0,2.69,1.44,25.62,0.32,1804.03,1814.9,1766.98,153.79
4961,2022-06-01,600519,1802.0,1788.25,1814.78,1779.0,21760,3897858992.0,1.98,-0.87,-15.78,0.17,1788.25,1814.78,1779.0,116.11
4962,2022-06-02,600519,1787.97,1786.0,1795.8,1780.0,16915,3019718032.0,0.88,-0.13,-2.25,0.13,1786.0,1795.8,1780.0,76.72
4963,2022-06-06,600519,1790.0,1788.0,1795.0,1758.0,36741,6535329280.0,2.07,0.11,2.0,0.29,1788.0,1795.0,1758.0,37.51
4964,2022-06-07,600519,1784.14,1817.9,1825.0,1770.31,35049,6356030976.0,3.06,1.67,29.9,0.28,1817.9,1825.0,1770.31,126.06
4965,2022-06-08,600519,1825.0,1865.6,1882.0,1825.0,44354,8236953856.0,3.14,2.62,47.7,0.35,1865.6,1882.0,1825.0,264.1
4966,2022-06-09,600519,1872.0,1853.0,1888.35,1849.0,26329,4897066752.0,2.11,-0.68,-12.6,0.21,1853.0,1888.35,1849.0,209.03
4967,2022-06-10,600519,1845.01,1900.6,1907.0,1835.0,47345,8882462720.0,3.89,2.57,47.6,0.38,1900.6,1907.0,1835.0,179.5
4968,2022-06-13,600519,1890.0,1856.0,1892.0,1848.08,36755,6847248896.0,2.31,-2.35,-44.6,0.29,1856.0,1892.0,1848.08,113.35
4969,2022-06-14,600519,1834.0,1871.0,1875.42,1832.0,29416,5467949312.0,2.34,0.81,15.0,0.23,1871.0,1875.42,1832.0,83.55
4970,2022-06-15,600519,1870.0,1875.1,1905.0,1862.99,33664,6354868992.0,2.25,0.22,4.1,0.27,1875.1,1905.0,1862.99,98.22
4971,2022-06-16,600519,1894.59,1877.0,1907.63,1875.33,26887,5087605504.0,1.72,0.1,1.9,0.21,1877.0,1907.63,1875.33,91.94
4972,2022-06-17,600519,1878.09,1951.0,1952.0,1878.09,50542,9749530880.0,3.94,3.94,74.0,0.4,1951.0,1952.0,1878.09,134.9
4973,2022-06-20,600519,1950.0,1942.02,1970.0,1930.0,34975,6802792448.0,2.05,-0.46,-8.98,0.28,1942.02,1970.0,1930.0,148.37
4974,2022-06-21,600519,1949.0,1945.74,1966.99,1928.0,23717,4617805056.0,2.01,0.19,3.72,0.19,1945.74,1966.99,1928.0,132.85
4975,2022-06-22,600519,1955.0,1936.0,1958.0,1932.0,19647,3813775296.0,1.34,-0.5,-9.74,0.16,1936.0,1958.0,1932.0,107.56
4976,2022-06-23,600519,1942.7,1957.1,1965.04,1940.0,26844,5239860480.0,1.29,1.09,21.1,0.21,1957.1,1965.04,1940.0,109.91
4977,2022-06-24,600519,1970.0,2009.01,2020.0,1965.0,39635,7921199872.0,2.81,2.65,51.91,0.32,2009.01,2020.0,1965.0,146.35
4978,2022-06-27,600519,2019.94,2010.55,2049.94,2000.3,40115,8124449024.0,2.47,0.08,1.54,0.32,2010.55,2049.94,2000.3,151.14
4979,2022-06-28,600519,2019.74,2036.0,2041.0,2001.0,25246,5112298752.0,1.99,1.27,25.45,0.2,2036.0,2041.0,2001.0,135.74
4980,2022-06-29,600519,2028.0,2030.0,2042.0,2011.01,30360,6142508544.0,1.52,-0.29,-6.0,0.24,2030.0,2042.0,2011.01,119.82
4981,2022-06-30,600519,2000.0,2045.0,2077.0,1999.99,38982,7984019456.0,3.79,0.74,15.0,0.31,2045.0,2077.0,1999.99,116.41
4982,2022-07-01,600519,2055.0,2029.05,2067.77,2015.21,21596,4385555200.0,2.57,-0.78,-15.95,0.17,2029.05,2067.77,2015.21,93.5
4983,2022-07-04,600519,2020.01,2018.0,2024.29,2001.01,25076,5042804224.0,1.15,-0.54,-11.05,0.2,2018.0,2024.29,2001.01,54.23
4984,2022-07-05,600519,2025.28,2033.01,2054.45,2010.0,26329,5345189888.0,2.2,0.74,15.01,0.21,2033.01,2054.45,2010.0,70.17
4985,2022-07-06,600519,2032.0,2002.0,2039.0,1986.0,32752,6566374912.0,2.61,-1.53,-31.01,0.26,2002.0,2039.0,1986.0,26.49
4986,2022-07-07,600519,2005.0,1990.0,2009.35,1985.01,20932,4179088240.0,1.22,-0.6,-12.0,0.17,1990.0,2009.35,1985.01,-10.0
4987,2022-07-08,600519,2005.0,1999.0,2014.89,1996.16,15644,3134903456.0,0.94,0.45,9.0,0.12,1999.0,2014.89,1996.16,-0.01
4988,2022-07-11,600519,1990.2,1963.6,1994.77,1950.5,23949,4709248256.0,2.21,-1.77,-35.4,0.19,1963.6,1994.77,1950.5,-98.17
4989,2022-07-12,600519,1965.0,1948.41,1972.8,1930.06,23447,4562731381.0,2.18,-0.77,-15.19,0.19,1948.41,1972.8,1930.06,-157.68
4990,2022-07-13,600519,1945.0,1958.89,1972.0,1940.67,19854,3893406034.0,1.61,0.54,10.48,0.16,1958.89,1972.0,1940.67,-140.53
4991,2022-07-14,600519,1960.0,1953.0,1976.8,1941.0,20527,4014985518.0,1.83,-0.3,-5.89,0.16,1953.0,1976.8,1941.0,-115.63
4992,2022-07-15,600519,1945.11,1949.5,1999.68,1944.51,33416,6588730699.0,2.82,-0.18,-3.5,0.27,1949.5,1999.68,1944.51,-80.17
4993,2022-07-18,600519,1952.36,1951.66,1959.0,1922.0,24221,4701936868.0,1.9,0.11,2.16,0.19,1951.66,1959.0,1922.0,-105.82
4994,2022-07-19,600519,1945.0,1943.1,1951.65,1926.0,21956,4250852886.0,1.31,-0.44,-8.56,0.17,1943.1,1951.65,1926.0,-96.8
4995,2022-07-20,600519,1958.75,1950.1,1970.0,1945.0,18705,3659970961.0,1.29,0.36,7.0,0.15,1950.1,1970.0,1945.0,-57.76
4996,2022-07-21,600519,1943.1,1939.0,1955.9,1934.51,14061,2735503093.0,1.1,-0.57,-11.1,0.11,1939.0,1955.9,1934.51,-78.06
4997,2022-07-22,600519,1949.22,1947.0,1962.0,1935.0,25114,4894378605.0,1.39,0.41,8.0,0.2,1947.0,1962.0,1935.0,-60.67
4998,2022-07-25,600519,1949.51,1944.65,1952.3,1931.0,16912,3285451347.0,1.09,-0.12,-2.35,0.13,1944.65,1952.3,1931.0,-73.83
4999,2022-07-26,600519,1952.99,1950.21,1964.97,1947.02,20685,4041100077.0,0.92,0.29,5.56,0.16,1950.21,1964.97,1947.02,-23.16
5000,2022-07-27,600519,1942.0,1919.6,1948.0,1917.0,21490,4149807166.0,1.59,-1.57,-30.61,0.17,1919.6,1948.0,1917.0,-147.52
5001,2022-07-28,600519,1921.1,1898.0,1938.0,1892.66,34870,6669448409.0,2.36,-1.13,-21.6,0.28,1898.0,1938.0,1892.66,-231.0
5002,2022-07-29,600519,1895.1,1898.44,1918.99,1878.1,37032,7028415881.0,2.15,0.02,0.44,0.29,1898.44,1918.99,1878.1,-220.31
5003,2022-08-01,600519,1890.01,1890.3,1908.0,1881.18,21037,3988198590.0,1.41,-0.43,-8.14,0.17,1890.3,1908.0,1881.18,-170.28
5004,2022-08-02,600519,1880.0,1879.98,1887.98,1858.01,28221,5284516568.0,1.59,-0.55,-10.32,0.22,1879.98,1887.98,1858.01,-169.38
5005,2022-08-03,600519,1889.99,1885.0,1904.0,1877.0,24598,4642442196.0,1.44,0.27,5.02,0.2,1885.0,1904.0,1877.0,-105.18
5006,2022-08-04,600519,1890.0,1916.01,1923.1,1880.13,30357,5797110733.0,2.28,1.65,31.01,0.24,1916.01,1923.1,1880.13,-46.94
5007,2022-08-05,600519,1927.8,1923.96,1935.0,1904.9,20086,3857406327.0,1.57,0.41,7.95,0.16,1923.96,1935.0,1904.9,-1.31
5008,2022-08-08,600519,1915.15,1911.53,1932.88,1907.51,16799,3220702892.0,1.32,-0.65,-12.43,0.13,1911.53,1932.88,1907.51,-8.57
5009,2022-08-09,600519,1911.53,1910.0,1918.99,1905.0,13875,2651800008.0,0.73,-0.08,-1.53,0.11,1910.0,1918.99,1905.0,-19.38
5010,2022-08-10,600519,1909.98,1876.0,1918.0,1864.58,27927,5259452686.0,2.8,-1.78,-34.0,0.22,1876.0,1918.0,1864.58,-92.96
5011,2022-08-11,600519,1886.0,1906.9,1907.0,1878.01,26061,4940834195.0,1.55,1.65,30.9,0.21,1906.9,1907.0,1878.01,-46.82
5012,2022-08-12,600519,1906.9,1928.0,1930.0,1900.0,20260,3882570566.0,1.57,1.11,21.1,0.16,1928.0,1930.0,1900.0,50.74
5013,2022-08-15,600519,1920.46,1919.89,1939.5,1915.55,19323,3717178491.0,1.24,-0.42,-8.11,0.15,1919.89,1939.5,1915.55,96.43
5014,2022-08-16,600519,1923.94,1917.84,1933.79,1916.0,14836,2854189586.0,0.93,-0.11,-2.05,0.12,1917.84,1933.79,1916.0,88.63
5015,2022-08-17,600519,1930.0,1918.0,1930.0,1895.0,18361,3508295541.0,1.82,0.01,0.16,0.15,1918.0,1930.0,1895.0,44.1
5016,2022-08-18,600519,1908.0,1895.5,1913.08,1881.07,23168,4384060205.0,1.67,-1.17,-22.5,0.18,1895.5,1913.08,1881.07,-43.24
5017,2022-08-19,600519,1898.0,1895.01,1908.35,1888.0,13544,2572000762.0,1.07,-0.03,-0.49,0.11,1895.01,1908.35,1888.0,-42.85
5018,2022-08-22,600519,1885.01,1893.98,1907.0,1881.38,15427,2925285473.0,1.35,-0.05,-1.03,0.12,1893.98,1907.0,1881.38,-72.76
5019,2022-08-23,600519,1898.6,1870.01,1898.6,1867.0,23756,4452538978.0,1.67,-1.27,-23.97,0.19,1870.01,1898.6,1867.0,-147.56
5020,2022-08-24,600519,1869.99,1854.2,1875.23,1851.0,18728,3486382969.0,1.3,-0.85,-15.81,0.15,1854.2,1875.23,1851.0,-180.6
5021,2022-08-25,600519,1859.0,1885.0,1888.0,1854.2,21925,4107597895.0,1.82,1.66,30.8,0.17,1885.0,1888.0,1854.2,-100.01
5022,2022-08-26,600519,1900.0,1898.0,1912.0,1886.0,23142,4397161135.0,1.38,0.69,13.0,0.18,1898.0,1912.0,1886.0,1.47
5023,2022-08-29,600519,1883.0,1878.82,1899.97,1874.0,13570,2555981192.0,1.37,-1.01,-19.18,0.11,1878.82,1899.97,1874.0,-56.99
5024,2022-08-30,600519,1882.35,1870.0,1885.0,1854.2,18235,3400091358.0,1.64,-0.47,-8.82,0.15,1870.0,1885.0,1854.2,-109.29
5025,2022-08-31,600519,1860.1,1924.0,1925.56,1860.01,44692,8518225337.0,3.51,2.89,54.0,0.36,1924.0,1925.56,1860.01,31.53
5026,2022-09-01,600519,1912.15,1880.89,1916.0,1880.89,26845,5088658955.0,1.82,-2.24,-43.11,0.21,1880.89,1916.0,1880.89,-5.32
5027,2022-09-02,600519,1889.94,1875.0,1892.96,1866.17,19391,3635162804.0,1.42,-0.31,-5.89,0.15,1875.0,1892.96,1866.17,-60.1
5028,2022-09-05,600519,1862.64,1835.0,1869.0,1820.0,36822,6764549173.0,2.61,-2.13,-40.0,0.29,1835.0,1869.0,1820.0,-193.4
5029,2022-09-06,600519,1835.36,1845.0,1848.2,1825.0,20830,3832086313.0,1.26,0.54,10.0,0.17,1845.0,1848.2,1825.0,-166.33
5030,2022-09-07,600519,1835.03,1818.01,1837.66,1811.01,28306,5151537330.0,1.44,-1.46,-26.99,0.23,1818.01,1837.66,1811.01,-176.34
5031,2022-09-08,600519,1820.0,1815.0,1832.0,1815.0,16591,3026766448.0,0.94,-0.17,-3.01,0.13,1815.0,1832.0,1815.0,-140.67
5032,2022-09-09,600519,1825.0,1844.79,1852.0,1816.0,27090,4991679523.0,1.98,1.64,29.79,0.22,1844.79,1852.0,1816.0,-75.79
5033,2022-09-13,600519,1880.0,1879.0,1888.38,1858.23,28693,5387987148.0,1.63,1.85,34.21,0.23,1879.0,1888.38,1858.23,31.34
5034,2022-09-14,600519,1864.01,1869.0,1880.0,1863.0,16042,3002693247.0,0.9,-0.53,-10.0,0.13,1869.0,1880.0,1863.0,16.31
5035,2022-09-15,600519,1870.0,1880.0,1893.12,1869.96,20810,3917954256.0,1.24,0.59,11.0,0.17,1880.0,1893.12,1869.96,44.28
5036,2022-09-16,600519,1871.8,1859.0,1885.6,1855.11,24121,4501527357.0,1.62,-1.12,-21.0,0.19,1859.0,1885.6,1855.11,10.71
5037,2022-09-19,600519,1855.0,1871.64,1888.59,1852.88,18584,3479680771.0,1.92,0.68,12.64,0.15,1871.64,1888.59,1852.88,27.97
5038,2022-09-20,600519,1869.98,1878.0,1884.6,1858.55,14116,2645281859.0,1.39,0.34,6.36,0.11,1878.0,1884.6,1858.55,35.13
5039,2022-09-21,600519,1876.67,1848.0,1883.0,1848.0,20995,3904096421.0,1.86,-1.6,-30.0,0.17,1848.0,1883.0,1848.0,1.38
5040,2022-09-22,600519,1840.0,1820.81,1841.02,1816.85,22704,4147900996.0,1.31,-1.47,-27.19,0.18,1820.81,1841.02,1816.85,-94.53
5041,2022-09-23,600519,1820.81,1834.43,1855.0,1820.81,28288,5191904760.0,1.88,0.75,13.62,0.23,1834.43,1855.0,1820.81,-50.58
5042,2022-09-26,600519,1820.0,1863.0,1888.0,1819.98,35135,6566771227.0,3.71,1.56,28.57,0.28,1863.0,1888.0,1819.98,15.04
5043,2022-09-27,600519,1868.86,1888.0,1897.0,1851.11,28820,5422668135.0,2.46,1.34,25.0,0.23,1888.0,1897.0,1851.11,80.76
5044,2022-09-28,600519,1880.5,1883.0,1899.4,1874.01,21446,4042506330.0,1.34,-0.26,-5.0,0.17,1883.0,1899.4,1874.01,97.17
5045,2022-09-29,600519,1897.98,1880.35,1902.18,1871.13,21590,4075515187.0,1.65,-0.14,-2.65,0.17,1880.35,1902.18,1871.13,88.17
5046,2022-09-30,600519,1898.62,1872.5,1901.99,1866.0,21289,4000917951.0,1.91,-0.42,-7.85,0.17,1872.5,1901.99,1866.0,63.66
5047,2022-10-10,600519,1890.0,1786.0,1891.0,1780.2,48584,8865386496.0,5.92,-4.62,-86.5,0.39,1786.0,1891.0,1780.2,-174.15
5048,2022-10-11,600519,1789.0,1779.99,1806.0,1760.0,32047,5712249507.0,2.58,-0.34,-6.01,0.26,1779.99,1806.0,1760.0,-212.44
5049,2022-10-12,600519,1773.66,1760.0,1779.0,1708.0,48195,8372252823.0,3.99,-1.12,-19.99,0.38,1760.0,1779.0,1708.0,-203.92
5050,2022-10-13,600519,1720.46,1699.99,1735.0,1697.0,63969,10919727537.0,2.16,-3.41,-60.01,0.51,1699.99,1735.0,1697.0,-198.31
5051,2022-10-14,600519,1710.0,1737.61,1755.0,1701.94,46520,8045032623.0,3.12,2.21,37.62,0.37,1737.61,1755.0,1701.94,-129.94
5052,2022-10-17,600519,1726.0,1718.5,1727.99,1697.8,33550,5740146639.0,1.74,-1.1,-19.11,0.27,1718.5,1727.99,1697.8,-120.71
5053,2022-10-18,600519,1725.0,1705.83,1730.0,1701.0,28083,4800689502.0,1.69,-0.74,-12.67,0.22,1705.83,1730.0,1701.0,-100.72
5054,2022-10-19,600519,1701.98,1648.0,1701.98,1648.0,60121,9997656284.0,3.16,-3.39,-57.83,0.48,1648.0,1701.98,1648.0,-121.92
5055,2022-10-20,600519,1621.0,1643.5,1668.43,1611.0,42778,7020555512.0,3.48,-0.27,-4.5,0.34,1643.5,1668.43,1611.0,-121.71
5056,2022-10-21,600519,1640.0,1624.0,1647.8,1610.0,38907,6317945876.0,2.3,-1.19,-19.5,0.31,1624.0,1647.8,1610.0,-114.82
5057,2022-10-24,600519,1570.0,1501.28,1589.0,1488.01,132098,20217576174.0,6.22,-7.56,-122.72,1.05,1501.28,1589.0,1488.01,-172.39
5058,2022-10-25,600519,1479.42,1479.75,1515.0,1472.0,81362,12136909034.0,2.86,-1.43,-21.53,0.65,1479.75,1515.0,1472.0,-172.05
5059,2022-10-26,600519,1488.8,1464.08,1514.99,1460.0,81781,12120993864.0,3.72,-1.06,-15.67,0.65,1464.08,1514.99,1460.0,-143.22
5060,2022-10-27,600519,1480.0,1401.0,1487.98,1383.85,107106,15258551283.0,7.11,-4.31,-63.08,0.85,1401.0,1487.98,1383.85,-148.96
5061,2022-10-28,600519,1390.77,1360.0,1406.0,1358.71,93143,12823821843.0,3.38,-2.93,-41.0,0.74,1360.0,1406.0,1358.71,-143.03
5062,2022-10-31,600519,1350.0,1350.0,1382.01,1333.0,71847,9758303071.0,3.6,-0.74,-10.0,0.57,1350.0,1382.01,1333.0,-124.38
5063,2022-11-01,600519,1359.0,1462.01,1469.4,1359.0,118766,16859775304.0,8.18,8.3,112.01,0.95,1462.01,1469.4,1359.0,-71.93
5064,2022-11-02,600519,1460.0,1471.96,1506.0,1436.0,79777,11717204099.0,4.79,0.68,9.95,0.64,1471.96,1506.0,1436.0,-42.61
5065,2022-11-03,600519,1443.57,1439.5,1462.5,1428.1,45160,6509550787.0,2.34,-2.21,-32.46,0.36,1439.5,1462.5,1428.1,-52.04
5066,2022-11-04,600519,1437.96,1516.57,1527.77,1437.96,80008,11996968945.0,6.24,5.35,77.07,0.64,1516.57,1527.77,1437.96,-11.58
5067,2022-11-07,600519,1494.05,1507.11,1518.48,1486.59,42698,6414049133.0,2.1,-0.62,-9.46,0.34,1507.11,1518.48,1486.59,8.88
5068,2022-11-08,600519,1508.0,1484.88,1517.99,1468.96,39325,5842320995.0,3.25,-1.48,-22.23,0.31,1484.88,1517.99,1468.96,9.9
5069,2022-11-09,600519,1483.95,1459.9,1488.88,1450.0,36090,5276777530.0,2.62,-1.68,-24.98,0.29,1459.9,1488.88,1450.0,-4.97
5070,2022-11-10,600519,1444.0,1475.0,1485.0,1435.15,37720,5518325849.0,3.41,1.03,15.1,0.3,1475.0,1485.0,1435.15,12.28
5071,2022-11-11,600519,1528.0,1528.15,1544.45,1494.98,73947,11252112275.0,3.35,3.6,53.15,0.59,1528.15,1544.45,1494.98,115.3
5072,2022-11-14,600519,1543.5,1533.0,1563.53,1528.0,57370,8858049581.0,2.33,0.32,4.85,0.46,1533.0,1563.53,1528.0,132.92
5073,2022-11-15,600519,1532.0,1588.0,1598.97,1521.0,56318,8858377894.0,5.09,3.59,55.0,0.45,1588.0,1598.97,1521.0,149.01
5074,2022-11-16,600519,1581.0,1585.25,1598.0,1568.0,26848,4250886805.0,1.89,-0.17,-2.75,0.21,1585.25,1598.0,1568.0,139.13
5075,2022-11-17,600519,1590.5,1567.0,1596.3,1552.88,30580,4793001162.0,2.74,-1.15,-18.25,0.24,1567.0,1596.3,1552.88,110.16
5076,2022-11-18,600519,1576.0,1567.13,1584.0,1556.0,23609,3703793426.0,1.79,0.01,0.13,0.19,1567.13,1584.0,1556.0,92.05
5077,2022-11-21,600519,1541.35,1519.98,1541.35,1498.53,39096,5917086070.0,2.73,-3.01,-47.15,0.31,1519.98,1541.35,1498.53,8.15
5078,2022-11-22,600519,1517.44,1539.95,1559.74,1516.11,29901,4582790131.0,2.87,1.31,19.97,0.24,1539.95,1559.74,1516.11,33.79
5079,2022-11-23,600519,1528.0,1549.0,1557.0,1521.04,22177,3428793052.0,2.34,0.59,9.05,0.18,1549.0,1557.0,1521.04,31.37
5080,2022-11-24,600519,1559.0,1519.99,1568.88,1513.98,27687,4241974248.0,3.54,-1.87,-29.01,0.22,1519.99,1568.88,1513.98,9.56
5081,2022-11-25,600519,1520.51,1522.01,1532.0,1510.0,18621,2833988373.0,1.45,0.13,2.02,0.15,1522.01,1532.0,1510.0,-22.83
5082,2022-11-28,600519,1484.78,1509.88,1515.0,1451.0,47723,7040991068.0,4.2,-0.8,-12.13,0.38,1509.88,1515.0,1451.0,-91.47
5083,2022-11-29,600519,1569.56,1599.0,1600.0,1551.0,73420,11587859176.0,3.25,5.9,89.12,0.58,1599.0,1600.0,1551.0,110.9
5084,2022-11-30,600519,1587.12,1599.0,1604.0,1585.0,31497,5019450678.0,1.19,0.0,0.0,0.25,1599.0,1604.0,1585.0,122.19
5085,2022-12-01,600519,1660.0,1630.8,1680.0,1630.79,51358,8480772923.0,3.08,1.99,31.8,0.41,1630.8,1680.0,1630.79,193.48
5086,2022-12-02,600519,1635.0,1633.88,1652.99,1621.2,23884,3910860618.0,1.95,0.19,3.08,0.19,1633.88,1652.99,1621.2,139.07
5087,2022-12-05,600519,1668.0,1664.9,1679.0,1649.0,36127,6018521304.0,1.84,1.9,31.02,0.29,1664.9,1679.0,1649.0,153.36
5088,2022-12-06,600519,1655.0,1688.0,1726.9,1652.0,44147,7477917194.0,4.5,1.39,23.1,0.35,1688.0,1726.9,1652.0,150.08
5089,2022-12-07,600519,1677.81,1684.0,1720.0,1670.03,35526,6012253045.0,2.96,-0.24,-4.0,0.28,1684.0,1720.0,1670.03,121.49
5090,2022-12-08,600519,1682.0,1687.02,1695.0,1665.0,19730,3323420877.0,1.78,0.18,3.02,0.16,1687.02,1695.0,1665.0,92.62
5091,2022-12-09,600519,1692.0,1730.0,1730.0,1682.0,39215,6716944493.0,2.85,2.55,42.98,0.31,1730.0,1730.0,1682.0,106.51
5092,2022-12-12,600519,1715.86,1739.02,1766.0,1715.0,34755,6063957619.0,2.95,0.52,9.02,0.28,1739.02,1766.0,1715.0,114.48
5093,2022-12-13,600519,1737.0,1750.0,1760.69,1730.0,21385,3735089152.0,1.76,0.63,10.98,0.17,1750.0,1760.69,1730.0,108.25
5094,2022-12-14,600519,1743.0,1770.87,1780.8,1743.0,29098,5141262368.0,2.16,1.19,20.87,0.23,1770.87,1780.8,1743.0,113.17
5095,2022-12-15,600519,1805.0,1786.99,1816.0,1780.0,30634,5497063390.0,2.03,0.91,16.12,0.24,1786.99,1816.0,1780.0,130.89
5096,2022-12-16,600519,1773.25,1786.87,1791.0,1743.0,33303,5901587128.0,2.69,-0.01,-0.12,0.27,1786.87,1791.0,1743.0,100.69
5097,2022-12-19,600519,1798.8,1773.0,1798.8,1760.17,24987,4447236356.0,2.16,-0.78,-13.87,0.2,1773.0,1798.8,1760.17,91.29
5098,2022-12-20,600519,1765.33,1715.0,1765.33,1682.45,46198,7944120661.0,4.67,-3.27,-58.0,0.37,1715.0,1765.33,1682.45,5.7
5099,2022-12-21,600519,1724.0,1739.0,1739.0,1717.65,22816,3948926227.0,1.24,1.4,24.0,0.18,1739.0,1739.0,1717.65,15.0
5100,2022-12-22,600519,1756.7,1768.0,1783.0,1745.0,23175,4093861570.0,2.19,1.67,29.0,0.18,1768.0,1783.0,1745.0,65.22
5101,2022-12-23,600519,1752.4,1771.0,1782.0,1745.0,17319,3063608409.0,2.09,0.17,3.0,0.14,1771.0,1782.0,1745.0,58.22
5102,2022-12-26,600519,1771.0,1742.06,1771.0,1735.02,21384,3749121030.0,2.03,-1.63,-28.94,0.17,1742.06,1771.0,1735.02,13.15
5103,2022-12-27,600519,1738.0,1733.0,1747.15,1725.5,17905,3109270166.0,1.24,-0.52,-9.06,0.14,1733.0,1747.15,1725.5,-35.27
5104,2022-12-28,600519,1745.88,1733.0,1747.0,1708.01,21438,3699948995.0,2.25,0.0,0.0,0.17,1733.0,1747.0,1708.01,-72.3
5105,2022-12-29,600519,1717.0,1719.0,1726.99,1701.05,22418,3844499655.0,1.5,-0.81,-14.0,0.18,1719.0,1726.99,1701.05,-119.65
5106,2022-12-30,600519,1736.0,1727.0,1752.99,1727.0,25333,4409544297.0,1.51,0.47,8.0,0.2,1727.0,1752.99,1727.0,-49.78
5107,2023-01-03,600519,1731.2,1730.01,1738.43,1706.01,26034,4487760231.0,1.88,0.17,3.01,0.21,1730.01,1738.43,1706.01,-75.55
5108,2023-01-04,600519,1730.0,1725.01,1738.7,1716.0,20416,3523582306.0,1.31,-0.29,-5.0,0.16,1725.01,1738.7,1716.0,-61.28
5109,2023-01-05,600519,1737.0,1801.0,1801.0,1733.0,47943,8541587089.0,3.94,4.41,75.99,0.38,1801.0,1801.0,1733.0,111.14
5110,2023-01-06,600519,1806.12,1803.77,1811.9,1787.0,24904,4480838898.0,1.38,0.15,2.77,0.2,1803.77,1811.9,1787.0,161.84
5111,2023-01-09,600519,1835.0,1841.2,1849.98,1807.82,30977,5684181147.0,2.34,2.08,37.43,0.25,1841.2,1849.98,1807.82,202.74
5112,2023-01-10,600519,1839.06,1854.45,1864.5,1830.5,22732,4204783734.0,1.85,0.72,13.25,0.18,1854.45,1864.5,1830.5,179.96
5113,2023-01-11,600519,1856.0,1844.95,1860.0,1836.84,22720,4201487773.0,1.25,-0.51,-9.5,0.18,1844.95,1860.0,1836.84,137.66
5114,2023-01-12,600519,1848.0,1834.0,1856.0,1833.0,17193,3162637136.0,1.25,-0.59,-10.95,0.14,1834.0,1856.0,1833.0,101.97
5115,2023-01-13,600519,1844.18,1887.0,1888.0,1840.0,31940,5969876222.0,2.62,2.89,53.0,0.25,1887.0,1888.0,1840.0,118.53
5116,2023-01-16,600519,1886.0,1912.9,1935.0,1881.0,36848,7059982640.0,2.86,1.37,25.9,0.29,1912.9,1935.0,1881.0,135.04
5117,2023-01-17,600519,1913.16,1908.0,1923.0,1895.0,21299,4068321409.0,1.46,-0.26,-4.9,0.17,1908.0,1923.0,1895.0,113.68
5118,2023-01-18,600519,1914.0,1893.0,1925.3,1890.0,21063,4008665438.0,1.85,-0.79,-15.0,0.17,1893.0,1925.3,1890.0,93.93
5119,2023-01-19,600519,1892.5,1880.21,1892.52,1866.0,23439,4401994437.0,1.4,-0.68,-12.79,0.19,1880.21,1892.52,1866.0,61.78
5120,2023-01-20,600519,1889.19,1860.01,1898.25,1858.0,25609,4807356071.0,2.14,-1.07,-20.2,0.2,1860.01,1898.25,1858.0,46.58
5121,2023-01-30,600519,1909.0,1888.0,1909.0,1880.0,35923,6799756571.0,1.56,1.5,27.99,0.29,1888.0,1909.0,1880.0,68.95
5122,2023-01-31,600519,1896.5,1845.76,1899.95,1833.07,32991,6128311548.0,3.54,-2.24,-42.24,0.26,1845.76,1899.95,1833.07,-1.92
5123,2023-02-01,600519,1854.98,1844.97,1859.0,1811.4,33974,6244678925.0,2.58,-0.04,-0.79,0.27,1844.97,1859.0,1811.4,-66.97
5124,2023-02-02,600519,1848.38,1836.11,1859.0,1826.0,29759,5465509510.0,1.79,-0.48,-8.86,0.24,1836.11,1859.0,1826.0,-77.63
5125,2023-02-03,600519,1820.0,1818.0,1826.0,1795.68,34945,6324635031.0,1.65,-0.99,-18.11,0.28,1818.0,1826.0,1795.68,-142.42
5126,2023-02-06,600519,1780.0,1795.0,1795.0,1760.0,42661,7595739044.0,1.93,-1.27,-23.0,0.34,1795.0,1795.0,1760.0,-176.27
5127,2023-02-07,600519,1808.08,1797.0,1808.8,1787.73,24322,4373671735.0,1.17,0.11,2.0,0.19,1797.0,1808.8,1787.73,-120.2
5128,2023-02-08,600519,1800.01,1784.0,1805.97,1775.0,16676,2980574806.0,1.72,-0.72,-13.0,0.13,1784.0,1805.97,1775.0,-116.66
5129,2023-02-09,600519,1778.0,1818.0,1829.75,1775.01,29754,5401399088.0,3.07,1.91,34.0,0.24,1818.0,1829.75,1775.01,-70.51
5130,2023-02-10,600519,1810.1,1810.0,1818.49,1801.05,17985,3253859317.0,0.96,-0.44,-8.0,0.14,1810.0,1818.49,1801.05,-58.38
5131,2023-02-13,600519,1810.0,1856.35,1874.5,1810.0,38147,7058382498.0,3.56,2.56,46.35,0.3,1856.35,1874.5,1810.0,18.28
5132,2023-02-14,600519,1856.46,1843.79,1857.4,1835.0,19566,3601769574.0,1.21,-0.68,-12.56,0.16,1843.79,1857.4,1835.0,26.33
5133,2023-02-15,600519,1843.78,1841.0,1855.3,1835.81,18177,3351422211.0,1.06,-0.15,-2.79,0.14,1841.0,1855.3,1835.81,31.38
5134,2023-02-16,600519,1841.34,1861.82,1887.0,1828.0,33246,6196915130.0,3.2,1.13,20.82,0.26,1861.82,1887.0,1828.0,72.86
5135,2023-02-17,600519,1850.16,1820.78,1873.0,1820.05,26443,4880328952.0,2.84,-2.2,-41.04,0.21,1820.78,1873.0,1820.05,33.37
5136,2023-02-20,600519,1821.0,1875.0,1878.8,1817.2,29669,5488800056.0,3.38,2.98,54.22,0.24,1875.0,1878.8,1817.2,90.4
5137,2023-02-21,600519,1874.0,1867.0,1874.0,1851.0,18751,3491633510.0,1.23,-0.43,-8.0,0.15,1867.0,1874.0,1851.0,98.83
5138,2023-02-22,600519,1855.01,1836.0,1863.9,1831.8,21869,4031016045.0,1.72,-1.66,-31.0,0.17,1836.0,1863.9,1831.8,42.27
5139,2023-02-23,600519,1840.0,1818.0,1848.8,1805.25,21881,3983991208.0,2.37,-0.98,-18.0,0.17,1818.0,1848.8,1805.25,-14.78
5140,2023-02-24,600519,1810.11,1788.0,1810.19,1782.18,24635,4415621498.0,1.54,-1.65,-30.0,0.2,1788.0,1810.19,1782.18,-107.37
5141,2023-02-27,600519,1778.5,1810.41,1815.0,1775.02,22065,3978128676.0,2.24,1.25,22.41,0.18,1810.41,1815.0,1775.02,-88.91
5142,2023-02-28,600519,1819.0,1813.74,1822.01,1783.3,23952,4314877096.0,2.14,0.18,3.33,0.19,1813.74,1822.01,1783.3,-79.52
5143,2023-03-01,600519,1813.0,1838.53,1848.0,1803.23,24458,4475592195.0,2.47,1.37,24.79,0.19,1838.53,1848.0,1803.23,-10.68
5144,2023-03-02,600519,1829.0,1828.0,1838.99,1821.1,13144,2405292304.0,0.97,-0.57,-10.53,0.1,1828.0,1838.99,1821.1,-19.05
5145,2023-03-03,600519,1839.77,1818.04,1841.61,1802.48,16198,2946842659.0,2.14,-0.54,-9.96,0.13,1818.04,1841.61,1802.48,-44.55
5146,2023-03-06,600519,1818.18,1807.14,1818.5,1796.77,20646,3730079522.0,1.2,-0.6,-10.9,0.16,1807.14,1818.5,1796.77,-81.99
5147,2023-03-07,600519,1805.98,1788.3,1816.6,1788.0,22785,4101302456.0,1.58,-1.04,-18.84,0.18,1788.3,1816.6,1788.0,-99.28
5148,2023-03-08,600519,1780.02,1770.42,1785.94,1761.12,22764,4035787172.0,1.39,-1.0,-17.88,0.18,1770.42,1785.94,1761.12,-154.61
5149,2023-03-09,600519,1768.0,1770.02,1785.0,1740.0,27612,4881442710.0,2.54,-0.02,-0.4,0.22,1770.02,1785.0,1740.0,-143.27
5150,2023-03-10,600519,1751.57,1750.0,1781.0,1750.0,21161,3725139075.0,1.75,-1.13,-20.02,0.17,1750.0,1781.0,1750.0,-137.28
5151,2023-03-13,600519,1751.0,1762.0,1775.0,1749.0,20560,3626476291.0,1.49,0.69,12.0,0.16,1762.0,1775.0,1749.0,-116.91
5152,2023-03-14,600519,1763.78,1766.0,1779.88,1738.5,23705,4177289027.0,2.35,0.23,4.0,0.19,1766.0,1779.88,1738.5,-100.8
5153,2023-03-15,600519,1778.37,1750.92,1784.88,1750.12,19213,3392698490.0,1.97,-0.85,-15.08,0.15,1750.92,1784.88,1750.12,-83.32
5154,2023-03-16,600519,1740.0,1751.99,1770.0,1739.01,17646,3096791142.0,1.77,0.06,1.07,0.14,1751.99,1770.0,1739.01,-89.7
5155,2023-03-17,600519,1770.0,1742.0,1775.89,1736.0,27023,4744249369.0,2.28,-0.57,-9.99,0.22,1742.0,1775.89,1736.0,-82.77
5156,2023-03-20,600519,1751.0,1729.6,1755.0,1728.0,20491,3557872017.0,1.55,-0.71,-12.4,0.16,1729.6,1755.0,1728.0,-103.59
5157,2023-03-21,600519,1735.0,1775.0,1785.85,1723.97,31142,5491052284.0,3.58,2.62,45.4,0.25,1775.0,1785.85,1723.97,-38.15
5158,2023-03-22,600519,1780.0,1773.35,1793.0,1765.55,15330,2727648674.0,1.55,-0.09,-1.65,0.12,1773.35,1793.0,1765.55,25.09
5159,2023-03-23,600519,1766.0,1774.86,1791.11,1765.01,17356,3082821551.0,1.47,0.09,1.51,0.14,1774.86,1791.11,1765.01,46.62
5160,2023-03-24,600519,1769.08,1778.62,1783.6,1766.0,12770,2269649179.0,0.99,0.21,3.76,0.1,1778.62,1783.6,1766.0,67.8
5161,2023-03-27,600519,1778.6,1767.79,1778.6,1756.0,15296,2700755933.0,1.27,-0.61,-10.83,0.12,1767.79,1778.6,1756.0,35.32
5162,2023-03-28,600519,1770.0,1781.8,1790.0,1765.02,17261,3073113077.0,1.41,0.79,14.01,0.14,1781.8,1790.0,1765.02,119.33
5163,2023-03-29,600519,1799.0,1790.0,1800.0,1785.07,15393,2761909333.0,0.84,0.46,8.2,0.12,1790.0,1800.0,1785.07,162.61
5164,2023-03-30,600519,1793.0,1800.0,1805.0,1779.0,19257,3453573052.0,1.45,0.56,10.0,0.15,1800.0,1805.0,1779.0,142.17
5165,2023-03-31,600519,1825.0,1820.0,1848.0,1819.0,27446,5024790356.0,1.61,1.11,20.0,0.22,1820.0,1848.0,1819.0,228.26
5166,2023-04-03,600519,1825.0,1802.07,1827.77,1800.08,21417,3875811673.0,1.52,-0.99,-17.93,0.17,1802.07,1827.77,1800.08,126.25
5167,2023-04-04,600519,1812.0,1814.59,1815.17,1787.0,20066,3614275263.0,1.56,0.69,12.52,0.16,1814.59,1815.17,1787.0,91.25
5168,2023-04-06,600519,1805.0,1796.96,1815.9,1788.22,14874,2676251956.0,1.53,-0.97,-17.63,0.12,1796.96,1815.9,1788.22,60.98
5169,2023-04-07,600519,1795.0,1790.99,1806.01,1788.34,13525,2428160574.0,0.98,-0.33,-5.97,0.11,1790.99,1806.01,1788.34,34.41
5170,2023-04-10,600519,1790.88,1771.7,1790.88,1744.0,29418,5171150567.0,2.62,-1.08,-19.29,0.23,1771.7,1790.88,1744.0,-82.01
5171,2023-04-11,600519,1793.0,1745.5,1793.0,1744.0,29209,5138854627.0,2.77,-1.48,-26.2,0.23,1745.5,1793.0,1744.0,-115.55
5172,2023-04-12,600519,1747.26,1694.1,1750.0,1692.82,51105,8732657376.0,3.28,-2.94,-51.4,0.41,1694.1,1750.0,1692.82,-232.95
5173,2023-04-13,600519,1690.0,1723.0,1723.59,1684.01,29543,5049310126.0,2.34,1.71,28.9,0.24,1723.0,1723.59,1684.01,-181.34
5174,2023-04-14,600519,1726.0,1713.42,1733.0,1704.8,21232,3646526766.0,1.64,-0.56,-9.58,0.17,1713.42,1733.0,1704.8,-127.55
5175,2023-04-17,600519,1740.0,1753.0,1753.0,1728.0,30467,5303401395.0,1.46,2.31,39.58,0.24,1753.0,1753.0,1728.0,-58.91
5176,2023-04-18,600519,1753.0,1758.0,1769.0,1746.02,18314,3220107647.0,1.31,0.29,5.0,0.15,1758.0,1769.0,1746.02,-27.94
5177,2023-04-19,600519,1762.0,1759.0,1765.5,1750.0,14601,2568632845.0,0.88,0.06,1.0,0.12,1759.0,1765.5,1750.0,-22.61
5178,2023-04-20,600519,1760.11,1741.88,1765.0,1729.0,19885,3468366835.0,2.05,-0.97,-17.12,0.16,1741.88,1765.0,1729.0,-43.22
5179,2023-04-21,600519,1746.0,1725.47,1748.08,1721.28,18518,3210937222.0,1.54,-0.94,-16.41,0.15,1725.47,1748.08,1721.28,-65.72
5180,2023-04-24,600519,1721.0,1705.0,1722.0,1701.0,20231,3456728718.0,1.22,-1.19,-20.47,0.16,1705.0,1722.0,1701.0,-103.94
5181,2023-04-25,600519,1706.0,1730.38,1735.98,1702.0,20583,3534989917.0,1.99,1.49,25.38,0.16,1730.38,1735.98,1702.0,-62.12
5182,2023-04-26,600519,1744.0,1743.91,1761.0,1720.0,27892,4861477657.0,2.37,0.78,13.53,0.22,1743.91,1761.0,1720.0,1.71
5183,2023-04-27,600519,1748.0,1757.92,1770.0,1730.0,25605,4489906864.0,2.29,0.8,14.01,0.2,1757.92,1770.0,1730.0,54.3
5184,2023-04-28,600519,1763.01,1760.52,1782.77,1753.97,26225,4636084177.0,1.64,0.15,2.6,0.21,1760.52,1782.77,1753.97,105.14
5185,2023-05-04,600519,1769.0,1749.9,1777.67,1736.0,27466,4818999650.0,2.37,-0.6,-10.62,0.22,1749.9,1777.67,1736.0,65.96
5186,2023-05-05,600519,1766.0,1750.0,1766.0,1736.39,20714,3621305973.0,1.69,0.01,0.1,0.16,1750.0,1766.0,1736.39,45.25
5187,2023-05-08,600519,1768.32,1720.52,1769.0,1717.17,33171,5742915994.0,2.96,-1.68,-29.48,0.26,1720.52,1769.0,1717.17,-31.86
5188,2023-05-09,600519,1715.0,1722.0,1739.98,1707.07,29378,5057346564.0,1.91,0.09,1.48,0.23,1722.0,1739.98,1707.07,-100.02
5189,2023-05-10,600519,1715.19,1725.0,1736.0,1715.0,20773,3588550877.0,1.22,0.17,3.0,0.17,1725.0,1736.0,1715.0,-74.33
5190,2023-05-11,600519,1731.0,1717.07,1735.0,1715.0,15246,2623835905.0,1.16,-0.46,-7.93,0.12,1717.07,1735.0,1715.0,-75.72
5191,2023-05-12,600519,1715.0,1706.4,1729.88,1705.01,19460,3335038590.0,1.45,-0.62,-10.67,0.15,1706.4,1729.88,1705.01,-101.59
5192,2023-05-15,600519,1702.0,1716.3,1717.0,1691.2,25740,4384647977.0,1.51,0.58,9.9,0.2,1716.3,1717.0,1691.2,-108.94
5193,2023-05-16,600519,1713.99,1703.29,1719.99,1697.0,22224,3785811907.0,1.34,-0.76,-13.01,0.18,1703.29,1719.99,1697.0,-97.41
5194,2023-05-17,600519,1708.0,1701.0,1713.0,1699.01,16777,2858697942.0,0.82,-0.13,-2.29,0.13,1701.0,1713.0,1699.01,-103.83
5195,2023-05-18,600519,1704.99,1691.0,1705.4,1690.0,19219,3260170684.0,0.91,-0.59,-10.0,0.15,1691.0,1705.4,1690.0,-119.38
5196,2023-05-19,600519,1671.0,1699.5,1704.33,1655.55,26741,4504022549.0,2.88,0.5,8.5,0.21,1699.5,1704.33,1655.55,-130.26
5197,2023-05-22,600519,1690.01,1746.0,1752.0,1690.0,41284,7165754129.0,3.65,2.74,46.5,0.33,1746.0,1752.0,1690.0,24.03
5198,2023-05-23,600519,1753.99,1724.55,1754.0,1724.55,16894,2934118394.0,1.69,-1.23,-21.45,0.13,1724.55,1754.0,1724.55,58.14
5199,2023-05-24,600519,1732.33,1710.9,1733.55,1710.11,18479,3182416491.0,1.36,-0.79,-13.65,0.15,1710.9,1733.55,1710.11,0.25
5200,2023-05-25,600519,1705.99,1701.0,1710.0,1690.0,22466,3814504093.0,1.17,-0.58,-9.9,0.18,1701.0,1710.0,1690.0,-76.66
5201,2023-05-26,600519,1702.0,1690.56,1705.0,1675.01,18291,3090691546.0,1.76,-0.61,-10.44,0.15,1690.56,1705.0,1675.01,-112.77
5202,2023-05-29,600519,1697.0,1689.0,1698.35,1678.0,17771,2998147159.0,1.2,-0.09,-1.56,0.14,1689.0,1698.35,1678.0,-105.15
5203,2023-05-30,600519,1689.0,1668.29,1698.89,1658.56,26453,4424706688.0,2.39,-1.23,-20.71,0.21,1668.29,1698.89,1658.56,-145.48
5204,2023-05-31,600519,1661.01,1628.9,1665.72,1626.67,36957,6053737281.0,2.34,-2.36,-39.39,0.29,1628.9,1665.72,1626.67,-229.09
5205,2023-06-01,600519,1618.0,1635.92,1674.99,1618.0,28645,4708722933.0,3.5,0.43,7.02,0.23,1635.92,1674.99,1618.0,-168.49
5206,2023-06-02,600519,1645.0,1670.6,1673.15,1636.11,25058,4163116244.0,2.26,2.12,34.68,0.2,1670.6,1673.15,1636.11,-94.65
5207,2023-06-05,600519,1666.16,1665.0,1682.88,1663.0,16201,2704294313.0,1.19,-0.34,-5.6,0.13,1665.0,1682.88,1663.0,-54.4
5208,2023-06-06,600519,1670.0,1666.99,1684.0,1651.55,19914,3326778183.0,1.95,0.12,1.99,0.16,1666.99,1684.0,1651.55,-53.75
5209,2023-06-07,600519,1672.99,1650.9,1678.8,1650.0,17890,2971782064.0,1.73,-0.97,-16.09,0.14,1650.9,1678.8,1650.0,-65.46
5210,2023-06-08,600519,1655.83,1668.0,1675.0,1650.01,14703,2441569677.0,1.51,1.04,17.1,0.12,1668.0,1675.0,1650.01,-46.76
5211,2023-06-09,600519,1671.99,1666.0,1677.97,1666.0,17580,2938014322.0,0.72,-0.12,-2.0,0.14,1666.0,1677.97,1666.0,-23.51
5212,2023-06-12,600519,1666.02,1696.0,1708.0,1661.52,27029,4562308599.0,2.79,1.8,30.0,0.22,1696.0,1708.0,1661.52,57.88
5213,2023-06-13,600519,1693.88,1699.0,1704.61,1685.0,14663,2485398902.0,1.16,0.18,3.0,0.12,1699.0,1704.61,1685.0,106.35
5214,2023-06-14,600519,1719.0,1726.88,1734.24,1706.21,31506,5438040356.0,1.65,1.64,27.88,0.25,1726.88,1734.24,1706.21,193.34
5215,2023-06-15,600519,1730.34,1755.0,1755.65,1723.0,25223,4395900802.0,1.89,1.63,28.12,0.2,1755.0,1755.65,1723.0,206.51
5216,2023-06-16,600519,1757.0,1797.69,1800.0,1750.1,37918,6742301361.0,2.84,2.43,42.69,0.3,1797.69,1800.0,1750.1,216.54
5217,2023-06-19,600519,1790.0,1744.0,1797.95,1738.0,31700,5584248725.0,3.33,-2.99,-53.69,0.25,1744.0,1797.95,1738.0,128.16
5218,2023-06-20,600519,1740.0,1743.46,1765.0,1735.0,20947,3659824529.0,1.72,-0.03,-0.54,0.17,1743.46,1765.0,1735.0,86.9
5219,2023-06-21,600519,1740.0,1735.83,1756.6,1735.0,17721,3088635934.0,1.24,-0.44,-7.63,0.14,1735.83,1756.6,1735.0,64.67
5220,2023-06-26,600519,1720.11,1709.0,1730.0,1695.0,23993,4098619510.0,2.02,-1.55,-26.83,0.19,1709.0,1730.0,1695.0,4.14
5221,2023-06-27,600519,1709.99,1711.05,1719.7,1700.09,15174,2598138744.0,1.15,0.12,2.05,0.12,1711.05,1719.7,1700.09,-3.51
5222,2023-06-28,600519,1713.18,1728.38,1734.0,1711.0,18574,3199294221.0,1.34,1.01,17.33,0.15,1728.38,1734.0,1711.0,18.49
5223,2023-06-29,600519,1731.0,1713.71,1734.99,1713.01,14231,2446524134.0,1.27,-0.85,-14.67,0.11,1713.71,1734.99,1713.01,0.45
5224,2023-06-30,600519,1700.0,1691.0,1708.99,1686.48,20459,3472586730.0,1.31,-1.33,-22.71,0.16,1691.0,1708.99,1686.48,-76.2
5225,2023-07-03,600519,1699.0,1724.1,1725.28,1692.0,19139,3286737792.0,1.97,1.96,33.1,0.15,1724.1,1725.28,1692.0,-37.53
5226,2023-07-04,600519,1724.2,1730.6,1734.44,1718.08,12472,2155553635.0,0.95,0.38,6.5,0.1,1730.6,1734.44,1718.08,-2.92
5227,2023-07-05,600519,1730.0,1715.38,1731.97,1700.0,14745,2523960725.0,1.85,-0.88,-15.22,0.12,1715.38,1731.97,1700.0,-51.77
5228,2023-07-06,600519,1709.16,1702.98,1733.0,1700.0,15141,2589459002.0,1.92,-0.72,-12.4,0.12,1702.98,1733.0,1700.0,-61.11
5229,2023-07-07,600519,1701.0,1690.03,1708.99,1690.0,15167,2571458553.0,1.12,-0.76,-12.95,0.12,1690.03,1708.99,1690.0,-104.17
5230,2023-07-10,600519,1705.0,1700.9,1714.96,1700.0,13477,2298241728.0,0.89,0.64,10.87,0.11,1700.9,1714.96,1700.0,-68.67
5231,2023-07-11,600519,1710.0,1710.0,1715.17,1702.1,12583,2151079270.0,0.77,0.54,9.1,0.1,1710.0,1715.17,1702.1,-43.8
5232,2023-07-12,600519,1713.04,1713.8,1723.0,1711.33,13285,2280785351.0,0.68,0.22,3.8,0.11,1713.8,1723.0,1711.33,13.08
5233,2023-07-13,600519,1721.99,1738.4,1745.41,1719.01,25807,4479772500.0,1.54,1.44,24.6,0.21,1738.4,1745.41,1719.01,169.82
5234,2023-07-14,600519,1756.0,1753.0,1758.5,1741.2,18550,3245530255.0,1.0,0.84,14.6,0.15,1753.0,1758.5,1741.2,213.46
5235,2023-07-17,600519,1751.0,1729.97,1751.0,1726.6,14336,2482069846.0,1.39,-1.31,-23.03,0.11,1729.97,1751.0,1726.6,97.72
5236,2023-07-18,600519,1733.58,1722.8,1734.51,1721.0,14738,2544005063.0,0.78,-0.41,-7.17,0.12,1722.8,1734.51,1721.0,41.99
5237,2023-07-19,600519,1715.01,1723.0,1728.0,1713.8,12483,2147704435.0,0.82,0.01,0.2,0.1,1723.0,1728.0,1713.8,16.54
5238,2023-07-20,600519,1727.99,1724.0,1748.98,1722.0,16693,2897176490.0,1.57,0.06,1.0,0.13,1724.0,1748.98,1722.0,61.26
5239,2023-07-21,600519,1731.88,1771.3,1772.5,1726.0,39377,6931535726.0,2.7,2.74,47.3,0.31,1771.3,1772.5,1726.0,161.59
5240,2023-07-24,600519,1750.52,1771.15,1771.15,1750.52,19713,3476648177.0,1.16,-0.01,-0.15,0.16,1771.15,1771.15,1750.52,155.26
5241,2023-07-25,600519,1800.0,1828.55,1828.88,1799.99,43086,7837450019.0,1.63,3.24,57.4,0.34,1828.55,1828.88,1799.99,254.52
5242,2023-07-26,600519,1828.55,1828.55,1835.99,1815.08,19611,3580171484.0,1.14,0.0,0.0,0.16,1828.55,1835.99,1815.08,191.13
5243,2023-07-27,600519,1836.0,1838.03,1854.79,1828.7,20340,3749635290.0,1.43,0.52,9.48,0.16,1838.03,1854.79,1828.7,168.25
5244,2023-07-28,600519,1832.0,1897.0,1900.0,1828.01,39018,7330314112.0,3.92,3.21,58.97,0.31,1897.0,1900.0,1828.01,170.32
5245,2023-07-31,600519,1908.0,1880.58,1935.0,1874.0,45379,8615279839.0,3.22,-0.87,-16.42,0.36,1880.58,1935.0,1874.0,150.59
5246,2023-08-01,600519,1878.01,1889.0,1906.95,1877.89,19231,3635857283.0,1.55,0.45,8.42,0.15,1889.0,1906.95,1877.89,115.97
5247,2023-08-02,600519,1883.4,1880.0,1890.0,1866.8,18509,3478674239.0,1.23,-0.48,-9.0,0.15,1880.0,1890.0,1866.8,86.42
5248,2023-08-03,600519,1870.0,1878.47,1890.0,1850.5,21543,4031087705.0,2.1,-0.08,-1.53,0.17,1878.47,1890.0,1850.5,69.79
5249,2023-08-04,600519,1887.82,1893.47,1906.52,1882.0,24574,4655813751.0,1.31,0.8,15.0,0.2,1893.47,1906.52,1882.0,83.58
5250,2023-08-07,600519,1880.95,1887.93,1898.0,1871.03,23892,4491893140.0,1.42,-0.29,-5.54,0.19,1887.93,1898.0,1871.03,66.16
5251,2023-08-08,600519,1880.03,1890.0,1893.71,1864.08,17736,3333559505.0,1.57,0.11,2.07,0.14,1890.0,1893.71,1864.08,55.43
5252,2023-08-09,600519,1890.0,1890.28,1905.0,1882.96,18523,3506306394.0,1.17,0.01,0.28,0.15,1890.28,1905.0,1882.96,64.32
5253,2023-08-10,600519,1882.0,1875.0,1889.0,1862.3,18436,3454219140.0,1.41,-0.81,-15.28,0.15,1875.0,1889.0,1862.3,26.03
5254,2023-08-11,600519,1885.0,1834.0,1885.4,1833.88,26786,4959166751.0,2.75,-2.19,-41.0,0.21,1834.0,1885.4,1833.88,-62.09
5255,2023-08-14,600519,1810.0,1803.0,1824.98,1796.0,23731,4285362053.0,1.58,-1.69,-31.0,0.19,1803.0,1824.98,1796.0,-189.24
5256,2023-08-15,600519,1809.0,1812.98,1818.0,1801.01,14818,2682125119.0,0.94,0.55,9.98,0.12,1812.98,1818.0,1801.01,-165.14
5257,2023-08-16,600519,1807.58,1820.0,1823.35,1806.0,13184,2396261791.0,0.96,0.39,7.02,0.1,1820.0,1823.35,1806.0,-129.9
5258,2023-08-17,600519,1806.08,1828.05,1834.0,1801.55,17290,3141408018.0,1.78,0.44,8.05,0.14,1828.05,1834.0,1801.55,-93.97
5259,2023-08-18,600519,1831.99,1802.59,1834.99,1802.59,17023,3084761577.0,1.77,-1.39,-25.46,0.14,1802.59,1834.99,1802.59,-92.1
5260,2023-08-21,600519,1793.0,1791.0,1813.99,1790.07,18912,3405415645.0,1.33,-0.64,-11.59,0.15,1791.0,1813.99,1790.07,-103.84
5261,2023-08-22,600519,1800.99,1788.0,1802.56,1771.02,26650,4763131152.0,1.76,-0.17,-3.0,0.21,1788.0,1802.56,1771.02,-105.36
5262,2023-08-23,600519,1797.0,1774.0,1800.0,1770.08,19912,3556178584.0,1.67,-0.78,-14.0,0.16,1774.0,1800.0,1770.08,-100.09
5263,2023-08-24,600519,1779.62,1816.3,1828.0,1775.0,26055,4703417600.0,2.99,2.38,42.3,0.21,1816.3,1828.0,1775.0,-48.55
5264,2023-08-25,600519,1808.79,1824.98,1837.77,1806.01,18831,3433296756.0,1.75,0.48,8.68,0.15,1824.98,1837.77,1806.01,-7.95
5265,2023-08-28,600519,1898.58,1834.97,1898.58,1831.88,41052,7633221012.0,3.65,0.55,9.99,0.33,1834.97,1898.58,1831.88,81.21
5266,2023-08-29,600519,1828.0,1851.33,1869.08,1828.0,28950,5371260173.0,2.24,0.89,16.36,0.23,1851.33,1869.08,1828.0,89.1
5267,2023-08-30,600519,1867.9,1856.0,1868.0,1843.66,19812,3672570260.0,1.31,0.25,4.67,0.16,1856.0,1868.0,1843.66,123.05
5268,2023-08-31,600519,1860.0,1847.0,1860.0,1841.01,14820,2738445519.0,1.02,-0.48,-9.0,0.12,1847.0,1860.0,1841.01,101.88
5269,2023-09-01,600519,1852.83,1851.05,1865.47,1846.03,13145,2438622738.0,1.05,0.22,4.05,0.1,1851.05,1865.47,1846.03,97.65
5270,2023-09-04,600519,1862.6,1866.0,1879.94,1853.53,23871,4453823216.0,1.43,0.81,14.95,0.19,1866.0,1879.94,1853.53,109.35
5271,2023-09-05,600519,1868.0,1858.7,1868.0,1856.8,15659,2915625961.0,0.6,-0.39,-7.3,0.12,1858.7,1868.0,1856.8,80.15
5272,2023-09-06,600519,1858.0,1861.0,1866.66,1849.01,11121,2067605990.0,0.95,0.12,2.3,0.09,1861.0,1866.66,1849.01,64.72
5273,2023-09-07,600519,1852.6,1838.0,1856.89,1831.19,16982,3128587116.0,1.38,-1.24,-23.0,0.14,1838.0,1856.89,1831.19,18.6
5274,2023-09-08,600519,1834.94,1818.5,1834.94,1814.95,12212,2224338144.0,1.09,-1.06,-19.5,0.1,1818.5,1834.94,1814.95,-39.8
5275,2023-09-11,600519,1808.0,1822.17,1840.0,1808.0,15926,2902617736.0,1.76,0.2,3.67,0.13,1822.17,1840.0,1808.0,-53.11
5276,2023-09-12,600519,1826.6,1819.96,1826.98,1816.02,12168,2214514112.0,0.6,-0.12,-2.21,0.1,1819.96,1826.98,1816.02,-86.4
5277,2023-09-13,600519,1829.92,1819.91,1829.92,1800.05,19501,3540583633.0,1.64,0.0,-0.05,0.16,1819.91,1829.92,1800.05,-113.02
5278,2023-09-14,600519,1822.53,1818.69,1826.98,1806.0,17505,3180447848.0,1.15,-0.07,-1.22,0.14,1818.69,1826.98,1806.0,-105.51
5279,2023-09-15,600519,1819.0,1781.99,1819.78,1781.3,28431,5105749077.0,2.12,-2.02,-36.7,0.23,1781.99,1819.78,1781.3,-153.37
5280,2023-09-18,600519,1776.31,1829.2,1829.5,1773.0,32559,5905121000.0,3.17,2.65,47.21,0.26,1829.2,1829.5,1773.0,-81.79
5281,2023-09-19,600519,1822.2,1826.94,1829.0,1808.0,14990,2727858953.0,1.15,-0.12,-2.26,0.12,1826.94,1829.0,1808.0,-39.68
5282,2023-09-20,600519,1822.0,1824.0,1830.0,1818.05,12502,2281583949.0,0.65,-0.16,-2.94,0.1,1824.0,1830.0,1818.05,-25.52
5283,2023-09-21,600519,1818.01,1798.39,1822.0,1798.39,19489,3521486755.0,1.29,-1.4,-25.61,0.16,1798.39,1822.0,1798.39,-84.13
5284,2023-09-22,600519,1805.63,1849.0,1849.96,1792.41,34390,6287832575.0,3.2,2.81,50.61,0.27,1849.0,1849.96,1792.41,27.5
5285,2023-09-25,600519,1847.5,1832.38,1848.0,1826.59,13979,2565773541.0,1.16,-0.9,-16.62,0.11,1832.38,1848.0,1826.59,77.27
5286,2023-09-26,600519,1828.0,1816.0,1834.88,1813.1,15762,2870852363.0,1.19,-0.89,-16.38,0.13,1816.0,1834.88,1813.1,6.71
5287,2023-09-27,600519,1815.0,1814.0,1833.5,1802.8,20880,3791876119.0,1.69,-0.11,-2.0,0.17,1814.0,1833.5,1802.8,-17.87
5288,2023-09-28,600519,1824.98,1798.55,1824.98,1797.8,20538,3704812960.0,1.5,-0.85,-15.45,0.16,1798.55,1824.98,1797.8,-90.24
5289,2023-10-09,600519,1796.94,1777.0,1796.94,1764.9,29763,5279950406.0,1.78,-1.2,-21.55,0.24,1777.0,1796.94,1764.9,-218.69
5290,2023-10-10,600519,1782.89,1770.0,1798.98,1768.0,20284,3615557182.0,1.74,-0.39,-7.0,0.16,1770.0,1798.98,1768.0,-165.0
5291,2023-10-11,600519,1784.65,1778.5,1784.65,1768.0,21945,3896568648.0,0.94,0.48,8.5,0.17,1778.5,1784.65,1768.0,-135.98
5292,2023-10-12,600519,1797.9,1786.0,1798.23,1777.2,14865,2657095942.0,1.18,0.42,7.5,0.12,1786.0,1798.23,1777.2,-78.15
5293,2023-10-13,600519,1770.88,1751.0,1778.01,1738.19,25028,4387687934.0,2.23,-1.96,-35.0,0.2,1751.0,1778.01,1738.19,-159.89
5294,2023-10-16,600519,1750.98,1729.9,1756.0,1722.45,20790,3603604610.0,1.92,-1.21,-21.1,0.17,1729.9,1756.0,1722.45,-165.39
5295,2023-10-17,600519,1739.0,1726.0,1739.44,1716.0,14945,2577312288.0,1.35,-0.23,-3.9,0.12,1726.0,1739.44,1716.0,-150.63
5296,2023-10-18,600519,1718.8,1728.0,1742.0,1717.18,20318,3511987514.0,1.44,0.12,2.0,0.16,1728.0,1742.0,1717.18,-123.77
5297,2023-10-19,600519,1700.0,1630.0,1700.03,1626.03,73492,12146921769.0,4.28,-5.67,-98.0,0.59,1630.0,1700.03,1626.03,-211.17
5298,2023-10-20,600519,1630.0,1645.0,1655.0,1616.25,45376,7421390806.0,2.38,0.92,15.0,0.36,1645.0,1655.0,1616.25,-175.85
5299,2023-10-23,600519,1629.97,1643.98,1660.0,1621.6,25234,4138279588.0,2.33,-0.06,-1.02,0.2,1643.98,1660.0,1621.6,-138.09
5300,2023-10-24,600519,1648.0,1642.95,1653.36,1621.21,29861,4894807617.0,1.96,-0.06,-1.03,0.24,1642.95,1653.36,1621.21,-118.13
5301,2023-10-25,600519,1670.11,1677.5,1698.0,1667.02,36179,6075417064.0,1.89,2.1,34.55,0.29,1677.5,1698.0,1667.02,-54.62
5302,2023-10-26,600519,1667.0,1672.23,1688.0,1662.01,22386,3741418874.0,1.55,-0.31,-5.27,0.18,1672.23,1688.0,1662.01,-52.19
5303,2023-10-27,600519,1664.0,1676.71,1691.88,1660.6,34262,5754795486.0,1.87,0.27,4.48,0.27,1676.71,1691.88,1660.6,-41.16
5304,2023-10-30,600519,1669.0,1681.0,1688.88,1669.0,24086,4050573178.0,1.19,0.26,4.29,0.19,1681.0,1688.88,1669.0,-29.71
5305,2023-10-31,600519,1680.0,1684.58,1690.0,1667.85,19859,3335804699.0,1.32,0.21,3.58,0.16,1684.58,1690.0,1667.85,-20.57
5306,2023-11-01,600519,1850.0,1780.99,1850.0,1773.79,93143,16747292689.0,4.52,5.72,96.41,0.74,1780.99,1850.0,1773.79,179.24
5307,2023-11-02,600519,1795.0,1779.5,1795.0,1776.06,27908,4982090753.0,1.06,-0.08,-1.49,0.22,1779.5,1795.0,1776.06,137.16
5308,2023-11-03,600519,1780.0,1811.24,1814.89,1774.0,30176,5433116881.0,2.3,1.78,31.74,0.24,1811.24,1814.89,1774.0,136.99
5309,2023-11-06,600519,1820.0,1812.0,1823.79,1801.12,25524,4624102375.0,1.25,0.04,0.76,0.2,1812.0,1823.79,1801.12,125.28
5310,2023-11-07,600519,1805.0,1791.17,1810.0,1784.08,19582,3511590028.0,1.43,-1.15,-20.83,0.16,1791.17,1810.0,1784.08,89.67
5311,2023-11-08,600519,1784.05,1798.34,1803.8,1782.87,14546,2610041959.0,1.17,0.4,7.17,0.12,1798.34,1803.8,1782.87,74.81
5312,2023-11-09,600519,1790.11,1794.11,1799.0,1783.0,12800,2291996819.0,0.89,-0.24,-4.23,0.1,1794.11,1799.0,1783.0,61.47
5313,2023-11-10,600519,1780.55,1775.84,1788.0,1773.1,16466,2928380668.0,0.83,-1.02,-18.27,0.13,1775.84,1788.0,1773.1,40.8
5314,2023-11-13,600519,1772.28,1764.0,1784.88,1756.98,18370,3244573621.0,1.57,-0.67,-11.84,0.15,1764.0,1784.88,1756.98,22.08
5315,2023-11-14,600519,1764.0,1765.27,1774.99,1760.01,12817,2263963957.0,0.85,0.07,1.27,0.1,1765.27,1774.99,1760.01,13.56
5316,2023-11-15,600519,1779.0,1772.93,1782.89,1767.0,18435,3271230275.0,0.9,0.43,7.66,0.15,1772.93,1782.89,1767.0,17.47
5317,2023-11-16,600519,1774.0,1760.05,1776.0,1760.05,12558,2215937273.0,0.9,-0.73,-12.88,0.1,1760.05,1776.0,1760.05,-13.57
5318,2023-11-17,600519,1752.0,1753.42,1759.0,1737.9,21714,3793781119.0,1.2,-0.38,-6.63,0.17,1753.42,1759.0,1737.9,-80.52
5319,2023-11-20,600519,1755.0,1762.5,1769.5,1736.66,18608,3265514010.0,1.87,0.52,9.08,0.15,1762.5,1769.5,1736.66,-107.28
5320,2023-11-21,600519,1783.42,1790.0,1798.0,1770.1,30098,5383107810.0,1.58,1.56,27.5,0.24,1790.0,1798.0,1770.1,26.22
5321,2023-11-22,600519,1783.3,1781.51,1794.35,1780.54,12665,2263460167.0,0.77,-0.47,-8.49,0.1,1781.51,1794.35,1780.54,22.77
5322,2023-11-23,600519,1778.3,1786.0,1788.0,1771.0,11550,2055272193.0,0.95,0.25,4.49,0.09,1786.0,1788.0,1771.0,12.61
5323,2023-11-24,600519,1789.0,1777.0,1789.0,1775.0,13085,2329345658.0,0.78,-0.5,-9.0,0.1,1777.0,1789.0,1775.0,20.36
5324,2023-11-27,600519,1773.3,1763.0,1773.3,1755.0,16261,2865075217.0,1.03,-0.79,-14.0,0.13,1763.0,1773.3,1755.0,-65.58
5325,2023-11-28,600519,1761.0,1769.04,1773.88,1758.0,14520,2562905659.0,0.9,0.34,6.04,0.12,1769.04,1773.88,1758.0,-37.34
5326,2023-11-29,600519,1768.0,1774.71,1776.0,1758.0,17149,3034175614.0,1.02,0.32,5.67,0.14,1774.71,1776.0,1758.0,-11.07
5327,2023-11-30,600519,1776.72,1791.5,1794.76,1771.08,21353,3817513545.0,1.33,0.95,16.79,0.17,1791.5,1794.76,1771.08,103.22
5328,2023-12-01,600519,1789.31,1760.28,1789.7,1748.0,33051,5830850111.0,2.33,-1.74,-31.22,0.26,1760.28,1789.7,1748.0,-37.74
5329,2023-12-04,600519,1760.28,1750.71,1761.83,1745.28,18440,3233102118.0,0.94,-0.54,-9.57,0.15,1750.71,1761.83,1745.28,-115.02
5330,2023-12-05,600519,1748.78,1709.0,1748.88,1708.02,29903,5168983317.0,2.33,-2.38,-41.71,0.24,1709.0,1748.88,1708.02,-231.49
5331,2023-12-06,600519,1702.63,1703.0,1719.47,1701.13,23851,4078003022.0,1.07,-0.35,-6.0,0.19,1703.0,1719.47,1701.13,-206.26
5332,2023-12-07,600519,1704.0,1700.0,1709.08,1687.3,25042,4249170906.0,1.28,-0.18,-3.0,0.2,1700.0,1709.08,1687.3,-178.91
5333,2023-12-08,600519,1700.0,1704.92,1708.84,1692.22,26288,4474160126.0,0.98,0.29,4.92,0.21,1704.92,1708.84,1692.22,-129.07
5334,2023-12-11,600519,1690.0,1698.0,1704.0,1657.0,36831,6172810248.0,2.76,-0.41,-6.92,0.29,1698.0,1704.0,1657.0,-129.19
5335,2023-12-12,600519,1687.6,1709.99,1709.99,1684.0,21011,3564305866.0,1.53,0.71,11.99,0.17,1709.99,1709.99,1684.0,-81.23
5336,2023-12-13,600519,1705.22,1660.0,1705.72,1657.08,38789,6480807500.0,2.84,-2.92,-49.99,0.31,1660.0,1705.72,1657.08,-113.42
5337,2023-12-14,600519,1665.96,1635.9,1669.87,1635.02,40672,6703240107.0,2.1,-1.45,-24.1,0.32,1635.9,1669.87,1635.02,-140.9
5338,2023-12-15,600519,1648.23,1645.0,1677.77,1644.01,37093,6140791726.0,2.06,0.56,9.1,0.3,1645.0,1677.77,1644.01,-109.22
5339,2023-12-18,600519,1640.0,1662.0,1663.33,1635.0,19897,3292194757.0,1.72,1.03,17.0,0.16,1662.0,1663.33,1635.0,-102.34
5340,2023-12-19,600519,1665.0,1675.0,1679.87,1645.09,22207,3706057587.0,2.09,0.78,13.0,0.18,1675.0,1679.87,1645.09,-71.16
5341,2023-12-20,600519,1658.0,1649.79,1660.0,1643.0,23092,3816133219.0,1.01,-1.51,-25.21,0.18,1649.79,1660.0,1643.0,-91.53
5342,2023-12-21,600519,1640.01,1670.0,1672.32,1640.01,29012,4827827888.0,1.96,1.23,20.21,0.23,1670.0,1672.32,1640.01,-60.47
5343,2023-12-22,600519,1669.7,1670.65,1679.1,1658.01,21667,3613238325.0,1.26,0.04,0.65,0.17,1670.65,1679.1,1658.01,-28.41
5344,2023-12-25,600519,1671.0,1672.0,1678.6,1668.0,12471,2086014390.0,0.63,0.08,1.35,0.1,1672.0,1678.6,1668.0,-7.33
5345,2023-12-26,600519,1672.5,1670.0,1674.9,1657.5,14771,2457177339.0,1.04,-0.12,-2.0,0.12,1670.0,1674.9,1657.5,-19.87
5346,2023-12-27,600519,1668.0,1667.06,1677.15,1661.0,16056,2679221365.0,0.97,-0.18,-2.94,0.13,1667.06,1677.15,1661.0,-7.03
5347,2023-12-28,600519,1670.99,1724.99,1727.99,1667.06,38338,6537401380.0,3.65,3.47,57.93,0.31,1724.99,1727.99,1667.06,187.47
5348,2023-12-29,600519,1720.0,1726.0,1749.58,1720.0,27539,4768857531.0,1.71,0.06,1.01,0.22,1726.0,1749.58,1720.0,226.04
5349,2024-01-02,600519,1715.0,1685.01,1718.19,1678.1,32156,5440082548.0,2.32,-2.37,-40.99,0.26,1685.01,1718.19,1678.1,84.77
5350,2024-01-03,600519,1681.11,1694.0,1695.22,1676.33,20229,3411400667.0,1.12,0.53,8.99,0.16,1694.0,1695.22,1676.33,54.68
5351,2024-01-04,600519,1693.0,1669.0,1693.0,1662.93,21551,3603970147.0,1.78,-1.48,-25.0,0.17,1669.0,1693.0,1662.93,-3.26
5352,2024-01-05,600519,1661.33,1663.36,1678.66,1652.11,20243,3373155627.0,1.59,-0.34,-5.64,0.16,1663.36,1678.66,1652.11,-47.63
5353,2024-01-08,600519,1661.0,1643.99,1662.0,1640.01,25586,4211918629.0,1.32,-1.16,-19.37,0.2,1643.99,1662.0,1640.01,-110.03
5354,2024-01-09,600519,1641.01,1641.0,1652.32,1635.07,24412,4009826496.0,1.05,-0.18,-2.99,0.19,1641.0,1652.32,1635.07,-119.17
5355,2024-01-10,600519,1641.1,1641.5,1659.46,1638.0,17351,2856120718.0,1.31,0.03,0.5,0.14,1641.5,1659.46,1638.0,-103.27
5356,2024-01-11,600519,1640.1,1646.57,1657.94,1638.06,16441,2708764500.0,1.21,0.31,5.07,0.13,1646.57,1657.94,1638.06,-91.81
5357,2024-01-12,600519,1639.97,1643.06,1651.26,1639.4,11603,1908084612.0,0.72,-0.21,-3.51,0.09,1643.06,1651.26,1639.4,-89.01
5358,2024-01-15,600519,1635.0,1640.0,1654.97,1634.45,17854,2931202343.0,1.25,-0.19,-3.06,0.14,1640.0,1654.97,1634.45,-81.43
5359,2024-01-16,600519,1638.5,1639.43,1647.0,1624.94,25903,4236042960.0,1.35,-0.03,-0.57,0.21,1639.43,1647.0,1624.94,-86.41
5360,2024-01-17,600519,1630.0,1577.0,1635.48,1577.0,51633,8251735591.0,3.57,-3.81,-62.43,0.41,1577.0,1635.48,1577.0,-161.7
5361,2024-01-18,600519,1574.0,1610.87,1612.8,1555.55,60440,9566349514.0,3.63,2.15,33.87,0.48,1610.87,1612.8,1555.55,-153.49
5362,2024-01-19,600519,1608.87,1635.0,1638.01,1600.88,46378,7550144389.0,2.3,1.5,24.13,0.37,1635.0,1638.01,1600.88,-71.11
5363,2024-01-22,600519,1629.0,1642.0,1643.0,1618.88,46946,7678297836.0,1.48,0.43,7.0,0.37,1642.0,1643.0,1618.88,-27.58
5364,2024-01-23,600519,1632.01,1619.0,1639.95,1609.0,34835,5659457115.0,1.88,-1.4,-23.0,0.28,1619.0,1639.95,1609.0,-59.28
5365,2024-01-24,600519,1629.0,1626.0,1633.84,1603.56,33216,5373603703.0,1.87,0.43,7.0,0.26,1626.0,1633.84,1603.56,-52.49
5366,2024-01-25,600519,1626.82,1638.0,1641.0,1622.0,31206,5094508165.0,1.17,0.74,12.0,0.25,1638.0,1641.0,1622.0,11.89
5367,2024-01-26,600519,1630.36,1637.32,1644.1,1623.0,26955,4402111882.0,1.29,-0.04,-0.68,0.21,1637.32,1644.1,1623.0,23.22
5368,2024-01-29,600519,1640.3,1650.0,1660.58,1640.29,31421,5189014946.0,1.24,0.77,12.68,0.25,1650.0,1660.58,1640.29,95.53
5369,2024-01-30,600519,1649.98,1613.0,1649.98,1610.0,30866,5010784454.0,2.42,-2.24,-37.0,0.25,1613.0,1649.98,1610.0,-24.3
5370,2024-01-31,600519,1613.0,1604.91,1619.97,1598.13,29649,4770104891.0,1.35,-0.5,-8.09,0.24,1604.91,1619.97,1598.13,-92.37
5371,2024-02-01,600519,1605.5,1610.03,1623.89,1601.0,26485,4272298576.0,1.43,0.32,5.12,0.21,1610.03,1623.89,1601.0,-63.1
5372,2024-02-02,600519,1615.0,1596.0,1627.78,1581.0,39382,6336691194.0,2.91,-0.87,-14.03,0.31,1596.0,1627.78,1581.0,-95.81
5373,2024-02-05,600519,1596.0,1630.01,1637.44,1595.25,53130,8590683071.0,2.64,2.13,34.01,0.42,1630.01,1637.44,1595.25,5.68
5374,2024-02-06,600519,1630.01,1676.0,1685.48,1626.1,52472,8740646588.0,3.64,2.82,45.99,0.42,1676.0,1685.48,1626.1,189.97
5375,2024-02-07,600519,1681.03,1710.99,1714.59,1661.61,52601,8899606867.0,3.16,2.09,34.99,0.42,1710.99,1714.59,1661.61,247.47
5376,2024-02-08,600519,1720.01,1706.0,1725.0,1685.0,46757,7953438044.0,2.34,-0.29,-4.99,0.37,1706.0,1725.0,1685.0,193.42
5377,2024-02-19,600519,1737.87,1695.43,1737.93,1688.0,36977,6288277980.0,2.93,-0.62,-10.57,0.29,1695.43,1737.93,1688.0,145.02
5378,2024-02-20,600519,1697.36,1670.0,1697.36,1656.56,34470,5755266893.0,2.41,-1.5,-25.43,0.27,1670.0,1697.36,1656.56,60.6
5379,2024-02-21,600519,1666.02,1717.66,1731.0,1662.0,46154,7868784082.0,4.13,2.85,47.66,0.37,1717.66,1731.0,1662.0,101.8
5380,2024-02-22,600519,1707.5,1718.38,1723.01,1700.53,22794,3905984695.0,1.31,0.04,0.72,0.18,1718.38,1723.01,1700.53,101.83
5381,2024-02-23,600519,1711.11,1714.09,1724.38,1700.02,27306,4670706950.0,1.42,-0.25,-4.29,0.22,1714.09,1724.38,1700.02,85.79
5382,2024-02-26,600519,1708.0,1694.98,1708.74,1685.02,27318,4625594409.0,1.38,-1.11,-19.11,0.22,1694.98,1708.74,1685.02,49.91
5383,2024-02-27,600519,1683.0,1689.5,1692.92,1678.0,22080,3718478358.0,0.88,-0.32,-5.48,0.18,1689.5,1692.92,1678.0,28.29
5384,2024-02-28,600519,1688.92,1681.55,1696.57,1674.01,31867,5371312847.0,1.34,-0.47,-7.95,0.25,1681.55,1696.57,1674.01,15.57
5385,2024-02-29,600519,1681.55,1695.0,1696.5,1679.2,24758,4184917973.0,1.03,0.8,13.45,0.2,1695.0,1696.5,1679.2,21.06
5386,2024-03-01,600519,1690.0,1685.06,1694.97,1676.68,26868,4526845398.0,1.08,-0.59,-9.94,0.21,1685.06,1694.97,1676.68,-11.86
5387,2024-03-04,600519,1679.0,1676.3,1680.99,1670.05,26485,4434401015.0,0.65,-0.52,-8.76,0.21,1676.3,1680.99,1670.05,-88.84
5388,2024-03-05,600519,1670.81,1695.1,1697.0,1666.68,36238,6102136582.0,1.81,1.12,18.8,0.29,1695.1,1697.0,1666.68,-48.63
5389,2024-03-06,600519,1691.0,1680.55,1695.0,1678.02,22142,3725582802.0,1.0,-0.86,-14.55,0.18,1680.55,1695.0,1678.02,-52.18
5390,2024-03-07,600519,1680.0,1683.63,1689.8,1678.0,21599,3633934774.0,0.7,0.18,3.08,0.17,1683.63,1689.8,1678.0,-50.03
5391,2024-03-08,600519,1680.56,1671.43,1686.68,1670.05,22156,3710678522.0,0.99,-0.72,-12.2,0.18,1671.43,1686.68,1670.05,-91.76
5392,2024-03-11,600519,1675.0,1694.49,1698.88,1673.18,29895,5048394347.0,1.54,1.38,23.06,0.24,1694.49,1698.88,1673.18,-12.8
5393,2024-03-12,600519,1693.94,1745.0,1749.1,1690.5,54227,9393309052.0,3.46,2.98,50.51,0.43,1745.0,1749.1,1690.5,204.48
5394,2024-03-13,600519,1739.97,1727.45,1748.0,1720.1,26500,4588879420.0,1.6,-1.01,-17.55,0.21,1727.45,1748.0,1720.1,188.58
5395,2024-03-14,600519,1719.0,1716.63,1734.84,1711.5,19405,3338768308.0,1.35,-0.63,-10.82,0.15,1716.63,1734.84,1711.5,124.42
5396,2024-03-15,600519,1712.5,1717.49,1732.4,1712.0,17834,3066692399.0,1.19,0.05,0.86,0.14,1717.49,1732.4,1712.0,97.7
5397,2024-03-18,600519,1715.0,1708.26,1719.85,1699.0,26055,4446059130.0,1.21,-0.54,-9.23,0.21,1708.26,1719.85,1699.0,43.58
5398,2024-03-19,600519,1703.0,1708.02,1719.94,1693.11,23948,4093701261.0,1.57,-0.01,-0.24,0.19,1708.02,1719.94,1693.11,29.79
5399,2024-03-20,600519,1703.36,1709.6,1713.68,1700.23,15249,2604543856.0,0.79,0.09,1.58,0.12,1709.6,1713.68,1700.23,28.14
5400,2024-03-21,600519,1708.1,1709.0,1719.0,1704.5,16596,2839332631.0,0.85,-0.04,-0.6,0.13,1709.0,1719.0,1704.5,33.81
5401,2024-03-22,600519,1705.03,1701.35,1708.99,1688.0,25456,4318592818.0,1.23,-0.45,-7.65,0.2,1701.35,1708.99,1688.0,-20.07
5402,2024-03-25,600519,1698.54,1689.01,1698.77,1680.58,24473,4131446237.0,1.07,-0.73,-12.34,0.19,1689.01,1698.77,1680.58,-66.76
5403,2024-03-26,600519,1687.46,1709.29,1712.8,1687.46,28069,4782899074.0,1.5,1.2,20.28,0.22,1709.29,1712.8,1687.46,-11.79
5404,2024-03-27,600519,1705.0,1701.0,1712.0,1699.0,18113,3087792980.0,0.76,-0.48,-8.29,0.14,1701.0,1712.0,1699.0,-17.08
5405,2024-03-28,600519,1695.0,1701.64,1718.0,1693.2,24642,4201857059.0,1.46,0.04,0.64,0.2,1701.64,1718.0,1693.2,-32.34
5406,2024-03-29,600519,1701.64,1702.9,1710.99,1698.1,13457,2290584417.0,0.76,0.07,1.26,0.11,1702.9,1710.99,1698.1,-45.43
5407,2024-04-01,600519,1709.99,1721.33,1734.0,1708.7,27131,4679371035.0,1.49,1.08,18.43,0.22,1721.33,1734.0,1708.7,95.06
5408,2024-04-02,600519,1722.0,1713.99,1724.99,1705.05,25449,4360973684.0,1.16,-0.43,-7.34,0.2,1713.99,1724.99,1705.05,62.3
5409,2024-04-03,600519,1734.0,1715.11,1739.44,1710.02,29046,5002390042.0,1.72,0.07,1.12,0.23,1715.11,1739.44,1710.02,128.39
5410,2024-04-08,600519,1695.0,1666.66,1696.0,1662.6,59167,9907355766.0,1.95,-2.82,-48.45,0.47,1666.66,1696.0,1662.6,-248.47
5411,2024-04-09,600519,1660.67,1662.22,1673.0,1658.45,25590,4256226333.0,0.87,-0.27,-4.44,0.2,1662.22,1673.0,1658.45,-220.2
5412,2024-04-10,600519,1662.27,1647.98,1664.99,1645.0,27631,4562853880.0,1.2,-0.86,-14.24,0.22,1647.98,1664.99,1645.0,-191.77
5413,2024-04-11,600519,1640.11,1648.0,1650.0,1634.69,22766,3736417595.0,0.93,0.0,0.02,0.18,1648.0,1650.0,1634.69,-162.43
5414,2024-04-12,600519,1651.0,1634.03,1664.0,1634.03,26744,4403968129.0,1.82,-0.85,-13.97,0.21,1634.03,1664.0,1634.03,-127.91
5415,2024-04-15,600519,1635.01,1672.98,1675.61,1634.98,35818,5960815532.0,2.49,2.38,38.95,0.29,1672.98,1675.61,1634.98,-66.45
5416,2024-04-16,600519,1665.49,1670.0,1679.56,1659.0,26266,4382796962.0,1.23,-0.18,-2.98,0.21,1670.0,1679.56,1659.0,-38.88
5417,2024-04-17,600519,1668.0,1667.0,1675.2,1658.0,24819,4130322018.0,1.03,-0.18,-3.0,0.2,1667.0,1675.2,1658.0,-40.01
5418,2024-04-18,600519,1659.01,1670.78,1682.98,1658.18,26568,4445487745.0,1.49,0.23,3.78,0.21,1670.78,1682.98,1658.18,-24.91
5419,2024-04-19,600519,1660.78,1646.64,1668.5,1641.28,23500,3879233242.0,1.63,-1.44,-24.14,0.19,1646.64,1668.5,1641.28,-70.11
5420,2024-04-22,600519,1654.0,1675.06,1678.88,1645.0,29951,5001684635.0,2.06,1.73,28.42,0.24,1675.06,1678.88,1645.0,-22.94
5421,2024-04-23,600519,1675.0,1692.28,1695.0,1675.0,24980,4217855279.0,1.19,1.03,17.22,0.2,1692.28,1695.0,1675.0,67.23
5422,2024-04-24,600519,1696.98,1693.6,1699.91,1683.33,17086,2893555635.0,0.98,0.08,1.32,0.14,1693.6,1699.91,1683.33,106.28
5423,2024-04-25,600519,1690.33,1693.04,1695.6,1682.25,14476,2447183879.0,0.79,-0.03,-0.56,0.12,1693.04,1695.6,1682.25,130.34
5424,2024-04-26,600519,1694.0,1709.43,1714.0,1693.98,30996,5290248521.0,1.18,0.97,16.39,0.25,1709.43,1714.0,1693.98,169.12
5425,2024-04-29,600519,1696.95,1704.0,1728.0,1693.82,41332,7072096590.0,2.0,-0.32,-5.43,0.33,1704.0,1728.0,1693.82,137.8
5426,2024-04-30,600519,1705.01,1705.0,1729.88,1705.0,30760,5273902374.0,1.46,0.06,1.0,0.24,1705.0,1729.88,1705.0,124.0
5427,2024-05-06,600519,1733.97,1760.2,1765.0,1727.0,59909,10504351712.0,2.23,3.24,55.2,0.48,1760.2,1765.0,1727.0,195.31
5428,2024-05-07,600519,1765.79,1770.0,1777.8,1756.68,24925,4413196426.0,1.2,0.56,9.8,0.2,1770.0,1777.8,1756.68,193.37
5429,2024-05-08,600519,1769.69,1763.97,1769.97,1755.67,14769,2603293863.0,0.81,-0.34,-6.03,0.12,1763.97,1769.97,1755.67,141.25
5430,2024-05-09,600519,1758.0,1756.0,1764.98,1750.0,22387,3929804849.0,0.85,-0.45,-7.97,0.18,1756.0,1764.98,1750.0,106.24
5431,2024-05-10,600519,1761.1,1738.98,1767.88,1733.99,26207,4571398242.0,1.93,-0.97,-17.02,0.21,1738.98,1767.88,1733.99,71.69
5432,2024-05-13,600519,1732.02,1706.0,1732.66,1701.22,37662,6435415674.0,1.81,-1.9,-32.98,0.3,1706.0,1732.66,1701.22,-4.69
5433,2024-05-14,600519,1705.99,1701.98,1713.27,1700.01,21274,3623282672.0,0.78,-0.24,-4.02,0.17,1701.98,1713.27,1700.01,-34.57
5434,2024-05-15,600519,1702.58,1700.0,1708.0,1698.59,15739,2677203002.0,0.55,-0.12,-1.98,0.13,1700.0,1708.0,1698.59,-51.42
5435,2024-05-16,600519,1705.0,1704.5,1709.88,1690.0,29680,5048754769.0,1.17,0.26,4.5,0.24,1704.5,1709.88,1690.0,-57.62
5436,2024-05-17,600519,1700.01,1715.0,1716.58,1700.0,28924,4936920634.0,0.97,0.62,10.5,0.23,1715.0,1716.58,1700.0,-38.04
5437,2024-05-20,600519,1717.99,1709.0,1732.99,1708.11,31426,5401389335.0,1.45,-0.35,-6.0,0.25,1709.0,1732.99,1708.11,-27.54
5438,2024-05-21,600519,1708.0,1705.0,1709.73,1698.16,16293,2776847499.0,0.68,-0.23,-4.0,0.13,1705.0,1709.73,1698.16,-64.01
5439,2024-05-22,600519,1703.0,1697.71,1709.96,1691.0,20286,3443977767.0,1.11,-0.43,-7.29,0.16,1697.71,1709.96,1691.0,-74.64
5440,2024-05-23,600519,1700.0,1692.01,1706.38,1690.08,18885,3199923320.0,0.96,-0.34,-5.7,0.15,1692.01,1706.38,1690.08,-78.0
5441,2024-05-24,600519,1693.0,1677.08,1695.0,1677.0,20217,3401323915.0,1.06,-0.88,-14.93,0.16,1677.08,1695.0,1677.0,-106.02
5442,2024-05-27,600519,1678.0,1670.12,1687.45,1668.01,25098,4199001866.0,1.16,-0.42,-6.96,0.2,1670.12,1687.45,1668.01,-129.09
5443,2024-05-28,600519,1670.4,1664.64,1675.17,1663.0,23521,3923020375.0,0.73,-0.33,-5.48,0.19,1664.64,1675.17,1663.0,-152.73
5444,2024-05-29,600519,1666.0,1674.0,1680.0,1665.0,19651,3289173345.0,0.9,0.56,9.36,0.16,1674.0,1680.0,1665.0,-120.33
5445,2024-05-30,600519,1675.0,1649.0,1675.38,1649.0,32208,5333306808.0,1.58,-1.49,-25.0,0.26,1649.0,1675.38,1649.0,-150.85
5446,2024-05-31,600519,1650.5,1648.45,1663.5,1648.45,21857,3617654788.0,0.91,-0.03,-0.55,0.17,1648.45,1663.5,1648.45,-133.81
5447,2024-06-03,600519,1650.0,1639.39,1650.92,1635.11,30261,4966041477.0,0.96,-0.55,-9.06,0.24,1639.39,1650.92,1635.11,-142.77
5448,2024-06-04,600519,1640.5,1653.2,1656.0,1636.55,20841,3432497303.0,1.19,0.84,13.81,0.17,1653.2,1656.0,1636.55,-101.72
5449,2024-06-05,600519,1652.0,1644.0,1658.68,1643.03,19056,3140824328.0,0.95,-0.56,-9.2,0.15,1644.0,1658.68,1643.03,-88.66
5450,2024-06-06,600519,1643.66,1639.81,1651.99,1635.91,25610,4205700983.0,0.98,-0.25,-4.19,0.2,1639.81,1651.99,1635.91,-95.6
5451,2024-06-07,600519,1646.13,1619.18,1646.18,1619.01,33525,5453120695.0,1.66,-1.26,-20.63,0.27,1619.18,1646.18,1619.01,-126.18
5452,2024-06-11,600519,1602.99,1569.0,1605.0,1567.0,70247,11090577610.0,2.35,-3.1,-50.18,0.56,1569.0,1605.0,1567.0,-231.19
5453,2024-06-12,600519,1570.0,1571.68,1590.0,1570.0,33171,5230086503.0,1.27,0.17,2.68,0.26,1571.68,1590.0,1570.0,-194.04
5454,2024-06-13,600519,1576.77,1555.01,1576.89,1553.15,36186,5654938942.0,1.51,-1.06,-16.67,0.29,1555.01,1576.89,1553.15,-173.49
5455,2024-06-14,600519,1555.0,1555.0,1563.96,1520.46,59514,9177637168.0,2.8,0.0,-0.01,0.47,1555.0,1563.96,1520.46,-153.64
5456,2024-06-17,600519,1532.29,1541.5,1548.77,1511.01,48318,7400883243.0,2.43,-0.87,-13.5,0.38,1541.5,1548.77,1511.01,-134.86
5457,2024-06-18,600519,1530.89,1521.5,1554.54,1516.68,41258,6317590943.0,2.46,-1.3,-20.0,0.33,1521.5,1554.54,1516.68,-112.69
5458,2024-06-19,600519,1497.99,1501.0,1504.0,1482.1,41262,6167728416.0,1.44,-1.35,-20.5,0.33,1501.0,1504.0,1482.1,-135.02
5459,2024-06-20,600519,1500.0,1500.1,1516.01,1498.0,24711,3715924984.0,1.2,-0.06,-0.9,0.2,1500.1,1516.01,1498.0,-106.99
5460,2024-06-21,600519,1500.5,1471.0,1504.98,1470.22,43320,6418543742.0,2.32,-1.94,-29.1,0.34,1471.0,1504.98,1470.22,-119.26
5461,2024-06-24,600519,1423.0,1476.55,1488.99,1414.01,63840,9319362390.0,5.1,0.38,5.55,0.51,1476.55,1488.99,1414.01,-127.46
5462,2024-06-25,600519,1477.0,1486.65,1502.99,1477.0,42098,6273919386.0,1.76,0.68,10.1,0.34,1486.65,1502.99,1477.0,-80.42
5463,2024-06-26,600519,1480.0,1489.22,1501.07,1477.8,29570,4414601922.0,1.57,0.17,2.57,0.24,1489.22,1501.07,1477.8,-71.45
5464,2024-06-27,600519,1492.0,1490.49,1493.97,1468.0,32822,4857959457.0,1.74,0.09,1.27,0.26,1490.49,1493.97,1468.0,-70.43
5465,2024-06-28,600519,1480.0,1467.39,1494.49,1464.0,38582,5699649047.0,2.05,-1.55,-23.1,0.31,1467.39,1494.49,1464.0,-77.19
5466,2024-07-01,600519,1468.88,1440.38,1472.99,1428.0,32161,4636689118.0,3.07,-1.84,-27.01,0.26,1440.38,1472.99,1428.0,-122.47
5467,2024-07-02,600519,1433.0,1490.7,1498.0,1433.0,51853,7659166816.0,4.51,3.49,50.32,0.41,1490.7,1498.0,1433.0,-60.52
5468,2024-07-03,600519,1499.0,1500.0,1513.01,1488.02,31573,4740808130.0,1.68,0.62,9.3,0.25,1500.0,1513.01,1488.02,20.59
5469,2024-07-04,600519,1505.0,1485.74,1512.0,1481.13,24380,3637968895.0,2.06,-0.95,-14.26,0.19,1485.74,1512.0,1481.13,11.9
5470,2024-07-05,600519,1479.0,1453.0,1493.18,1450.0,38829,5664477336.0,2.91,-2.2,-32.74,0.31,1453.0,1493.18,1450.0,-85.28
5471,2024-07-08,600519,1443.0,1420.0,1457.77,1419.14,39527,5657951348.0,2.66,-2.27,-33.0,0.31,1420.0,1457.77,1419.14,-186.83
5472,2024-07-09,600519,1420.0,1438.03,1454.89,1410.1,33621,4807957927.0,3.15,1.27,18.03,0.27,1438.03,1454.89,1410.1,-142.0
5473,2024-07-10,600519,1439.25,1437.59,1465.88,1435.0,23763,3436693365.0,2.15,-0.03,-0.44,0.19,1437.59,1465.88,1435.0,-82.65
5474,2024-07-11,600519,1449.97,1462.09,1469.0,1440.21,29020,4236960596.0,2.0,1.7,24.5,0.23,1462.09,1469.0,1440.21,-37.51
5475,2024-07-12,600519,1473.01,1478.82,1486.4,1465.45,23386,3451132648.0,1.43,1.14,16.73,0.19,1478.82,1486.4,1465.45,28.61
5476,2024-07-15,600519,1470.0,1474.9,1488.0,1470.0,19176,2835374730.0,1.22,-0.27,-3.92,0.15,1474.9,1488.0,1470.0,35.43
5477,2024-07-16,600519,1476.0,1476.0,1482.0,1465.05,20316,2998367128.0,1.15,0.07,1.1,0.16,1476.0,1482.0,1465.05,28.71
5478,2024-07-17,600519,1476.1,1501.4,1503.0,1470.02,34311,5115680654.0,2.23,1.72,25.4,0.27,1501.4,1503.0,1470.02,91.11
5479,2024-07-18,600519,1499.5,1497.51,1515.0,1492.53,28870,4337214601.0,1.5,-0.26,-3.89,0.23,1497.51,1515.0,1492.53,112.41
5480,2024-07-19,600519,1490.81,1525.62,1529.18,1484.01,38943,5888615145.0,3.02,1.88,28.11,0.31,1525.62,1529.18,1484.01,133.81
5481,2024-07-22,600519,1525.03,1499.0,1529.98,1491.65,28543,4300813310.0,2.51,-1.74,-26.62,0.23,1499.0,1529.98,1491.65,95.19
5482,2024-07-23,600519,1499.0,1455.0,1501.0,1455.0,30944,4555460198.0,3.07,-2.94,-44.0,0.25,1455.0,1501.0,1455.0,-13.25
5483,2024-07-24,600519,1450.2,1440.02,1463.7,1435.0,24123,3490200973.0,1.97,-1.03,-14.98,0.19,1440.02,1463.7,1435.0,-79.63
5484,2024-07-25,600519,1440.02,1430.49,1448.0,1420.01,28347,4054086714.0,1.94,-0.66,-9.53,0.23,1430.49,1448.0,1420.01,-102.59
5485,2024-07-26,600519,1430.49,1422.19,1437.72,1410.9,32354,4594928574.0,1.87,-0.58,-8.3,0.26,1422.19,1437.72,1410.9,-123.47
5486,2024-07-29,600519,1415.0,1398.02,1421.99,1398.0,30869,4342610100.0,1.69,-1.7,-24.17,0.25,1398.02,1421.99,1398.0,-152.09
5487,2024-07-30,600519,1385.98,1379.99,1390.27,1361.3,51779,7103491566.0,2.07,-1.29,-18.03,0.41,1379.99,1390.27,1361.3,-175.15
5488,2024-07-31,600519,1373.1,1421.28,1427.27,1373.1,43272,6098149721.0,3.93,2.99,41.29,0.34,1421.28,1427.27,1373.1,-93.14
5489,2024-08-01,600519,1418.0,1386.16,1420.0,1384.7,32038,4470988088.0,2.48,-2.47,-35.12,0.26,1386.16,1420.0,1384.7,-93.9
5490,2024-08-02,600519,1373.6,1385.45,1396.97,1373.6,21928,3041726372.0,1.69,-0.05,-0.71,0.17,1385.45,1396.97,1373.6,-97.23
5491,2024-08-05,600519,1388.88,1410.01,1426.0,1385.52,37736,5327127147.0,2.92,1.77,24.56,0.3,1410.01,1426.0,1385.52,-54.05
5492,2024-08-06,600519,1422.0,1404.7,1424.0,1394.01,27444,3860735014.0,2.13,-0.38,-5.31,0.22,1404.7,1424.0,1394.01,-47.12
5493,2024-08-07,600519,1405.5,1415.5,1421.99,1398.3,20622,2910580747.0,1.69,0.77,10.8,0.16,1415.5,1421.99,1398.3,-32.76
5494,2024-08-08,600519,1411.0,1430.69,1448.18,1409.0,25131,3592705430.0,2.77,1.07,15.19,0.2,1430.69,1448.18,1409.0,19.12
5495,2024-08-09,600519,1460.03,1436.8,1469.0,1436.8,30138,4368705515.0,2.25,0.43,6.11,0.24,1436.8,1469.0,1436.8,97.01
5496,2024-08-12,600519,1430.0,1436.1,1443.0,1426.58,13632,1956573438.0,1.14,-0.05,-0.7,0.11,1436.1,1443.0,1426.58,75.65
5497,2024-08-13,600519,1433.0,1423.01,1435.0,1412.01,16308,2317037756.0,1.6,-0.91,-13.09,0.13,1423.01,1435.0,1412.01,41.12
5498,2024-08-14,600519,1423.01,1413.3,1424.9,1412.02,13414,1898377426.0,0.91,-0.68,-9.71,0.11,1413.3,1424.9,1412.02,19.62
5499,2024-08-15,600519,1405.03,1426.89,1435.99,1403.95,23039,3275699572.0,2.27,0.96,13.59,0.18,1426.89,1435.99,1403.95,46.06
5500,2024-08-16,600519,1426.79,1431.2,1435.92,1417.01,16455,2349825846.0,1.33,0.3,4.31,0.13,1431.2,1435.92,1417.01,62.75
5501,2024-08-19,600519,1432.0,1425.44,1458.88,1425.0,20433,2942106435.0,2.37,-0.4,-5.76,0.16,1425.44,1458.88,1425.0,89.87
5502,2024-08-20,600519,1429.9,1422.72,1429.93,1414.0,18591,2644814344.0,1.12,-0.19,-2.72,0.15,1422.72,1429.93,1414.0,15.16
5503,2024-08-21,600519,1420.0,1417.58,1427.98,1415.69,15092,2144746551.0,0.86,-0.36,-5.14,0.12,1417.58,1427.98,1415.69,-3.35
5504,2024-08-22,600519,1416.0,1410.05,1420.0,1400.01,19527,2750868073.0,1.41,-0.53,-7.53,0.16,1410.05,1420.0,1400.01,-93.42
5505,2024-08-23,600519,1408.0,1414.99,1423.5,1406.12,15320,2166499202.0,1.23,0.35,4.94,0.12,1414.99,1423.5,1406.12,-65.19
5506,2024-08-26,600519,1417.0,1412.0,1423.86,1403.15,15628,2207595461.0,1.46,-0.21,-2.99,0.12,1412.0,1423.86,1403.15,-85.52
5507,2024-08-27,600519,1412.0,1404.07,1413.0,1401.11,13657,1920770570.0,0.84,-0.56,-7.93,0.11,1404.07,1413.0,1401.11,-132.84
5508,2024-08-28,600519,1404.07,1389.0,1406.0,1375.0,31664,4388025875.0,2.21,-1.07,-15.07,0.25,1389.0,1406.0,1375.0,-197.35
5509,2024-08-29,600519,1380.0,1413.3,1418.0,1380.0,27472,3864270621.0,2.74,1.75,24.3,0.22,1413.3,1418.0,1380.0,-94.72
5510,2024-08-30,600519,1413.0,1443.19,1458.07,1405.0,38739,5576118649.0,3.76,2.11,29.89,0.31,1443.19,1458.07,1405.0,126.29
5511,2024-09-02,600519,1430.0,1395.0,1438.0,1395.0,34135,4801049927.0,2.98,-3.34,-48.19,0.27,1395.0,1438.0,1395.0,-48.55
5512,2024-09-03,600519,1398.0,1410.0,1414.98,1393.02,17888,2516125842.0,1.57,1.08,15.0,0.14,1410.0,1414.98,1393.02,-62.46
5513,2024-09-04,600519,1402.0,1400.0,1419.19,1399.74,14211,1995221417.0,1.38,-0.71,-10.0,0.11,1400.0,1419.19,1399.74,-53.41
5514,2024-09-05,600519,1400.5,1404.88,1407.0,1397.0,14503,2033680839.0,0.71,0.35,4.88,0.12,1404.88,1407.0,1397.0,-67.77
5515,2024-09-06,600519,1405.0,1398.0,1406.0,1398.0,10321,1445537257.0,0.57,-0.49,-6.88,0.08,1398.0,1406.0,1398.0,-79.03
5516,2024-09-09,600519,1380.01,1375.0,1393.71,1370.08,28638,3950086825.0,1.69,-1.65,-23.0,0.23,1375.0,1393.71,1370.08,-210.28
5517,2024-09-10,600519,1370.02,1378.0,1393.0,1370.02,19803,2737295644.0,1.67,0.22,3.0,0.16,1378.0,1393.0,1370.02,-164.31
5518,2024-09-11,600519,1375.6,1380.0,1385.88,1365.0,20996,2892932794.0,1.52,0.15,2.0,0.17,1380.0,1385.88,1365.0,-142.33
5519,2024-09-12,600519,1380.0,1335.06,1385.0,1334.91,47948,6482445000.0,3.63,-3.26,-44.94,0.38,1335.06,1385.0,1334.91,-197.37
5520,2024-09-13,600519,1331.0,1304.13,1332.0,1297.3,56005,7329376917.0,2.6,-2.32,-30.93,0.45,1304.13,1332.0,1297.3,-244.74
5521,2024-09-18,600519,1300.0,1266.9,1300.01,1266.66,46185,5895948011.0,2.56,-2.85,-37.23,0.37,1266.9,1300.01,1266.66,-231.54
5522,2024-09-19,600519,1262.0,1261.0,1292.88,1245.83,59988,7623739997.0,3.71,-0.47,-5.9,0.48,1261.0,1292.88,1245.83,-175.2
5523,2024-09-20,600519,1261.5,1263.92,1273.9,1250.03,39982,5038507835.0,1.89,0.23,2.92,0.32,1263.92,1273.9,1250.03,-136.37
5524,2024-09-23,600519,1268.0,1261.54,1293.5,1260.66,45550,5809791682.0,2.6,-0.19,-2.38,0.36,1261.54,1293.5,1260.66,-101.23
5525,2024-09-24,600519,1285.09,1372.6,1373.0,1265.09,100413,13297277523.0,8.55,8.8,111.06,0.8,1372.6,1373.0,1265.09,-11.15
5526,2024-09-25,600519,1400.05,1399.0,1427.0,1396.71,73954,10420109655.0,2.21,1.92,26.4,0.59,1399.0,1427.0,1396.71,84.51
5527,2024-09-26,600519,1399.96,1529.0,1529.87,1396.0,97278,14269262657.0,9.57,9.29,130.0,0.77,1529.0,1529.87,1396.0,165.57
5528,2024-09-27,600519,1600.0,1629.2,1629.2,1565.36,87922,14050260569.0,4.18,6.55,100.2,0.7,1629.2,1629.2,1565.36,235.87
5529,2024-09-30,600519,1692.0,1748.0,1759.88,1652.0,157293,26982747037.0,6.62,7.29,118.8,1.25,1748.0,1759.88,1652.0,231.96
5530,2024-10-08,600519,1910.0,1723.0,1910.0,1680.18,194709,35114075007.0,13.15,-1.43,-25.0,1.55,1723.0,1910.0,1680.18,180.19
5531,2024-10-09,600519,1700.0,1595.15,1700.0,1590.0,120197,19708432734.0,6.38,-7.42,-127.85,0.96,1595.15,1700.0,1590.0,87.03
5532,2024-10-10,600519,1622.26,1640.0,1668.08,1591.0,74603,12198964035.0,4.83,2.81,44.85,0.59,1640.0,1668.08,1591.0,74.54
5533,2024-10-11,600519,1615.4,1604.99,1639.96,1590.0,41915,6764982707.0,3.05,-2.13,-35.01,0.33,1604.99,1639.96,1590.0,56.6
5534,2024-10-14,600519,1613.0,1601.99,1620.63,1581.17,44812,7181350822.0,2.46,-0.19,-3.0,0.36,1601.99,1620.63,1581.17,45.21
5535,2024-10-15,600519,1599.0,1554.25,1600.99,1553.01,43571,6884141869.0,3.0,-2.98,-47.74,0.35,1554.25,1600.99,1553.01,25.51
5536,2024-10-16,600519,1540.88,1522.5,1549.8,1510.0,46664,7140169692.0,2.56,-2.04,-31.75,0.37,1522.5,1549.8,1510.0,-1.86
5537,2024-10-17,600519,1537.0,1494.6,1537.66,1493.41,39460,5964778958.0,2.91,-1.83,-27.9,0.31,1494.6,1537.66,1493.41,-24.76
5538,2024-10-18,600519,1493.0,1541.0,1567.84,1478.96,68619,10418043492.0,5.95,3.1,46.4,0.55,1541.0,1567.84,1478.96,-28.97
5539,2024-10-21,600519,1541.21,1528.8,1549.97,1521.21,42008,6433918335.0,1.87,-0.79,-12.2,0.33,1528.8,1549.97,1521.21,-43.92
5540,2024-10-22,600519,1526.56,1543.0,1560.18,1524.2,36269,5607826492.0,2.35,0.93,14.2,0.29,1543.0,1560.18,1524.2,-51.2
5541,2024-10-23,600519,1544.11,1567.5,1576.95,1532.0,40088,6259600035.0,2.91,1.59,24.5,0.32,1567.5,1576.95,1532.0,-43.04
5542,2024-10-24,600519,1561.0,1552.2,1575.0,1545.01,23923,3723973209.0,1.91,-0.98,-15.3,0.19,1552.2,1575.0,1545.01,-39.55
5543,2024-10-25,600519,1547.0,1558.85,1574.79,1546.01,27745,4328271351.0,1.85,0.43,6.65,0.22,1558.85,1574.79,1546.01,-28.69
5544,2024-10-28,600519,1560.0,1565.0,1565.0,1522.23,39121,6064453668.0,2.74,0.39,6.15,0.31,1565.0,1565.0,1522.23,-30.75
5545,2024-10-29,600519,1560.0,1531.62,1580.0,1530.0,41166,6368105233.0,3.19,-2.13,-33.38,0.33,1531.62,1580.0,1530.0,-31.64
5546,2024-10-30,600519,1525.0,1532.0,1551.19,1523.41,32006,4913175983.0,1.81,0.02,0.38,0.25,1532.0,1551.19,1523.41,-54.4
5547,2024-10-31,600519,1532.15,1527.79,1540.0,1520.0,29957,4575545180.0,1.31,-0.27,-4.21,0.24,1527.79,1540.0,1520.0,-67.22
5548,2024-11-01,600519,1521.0,1533.75,1545.13,1520.8,32284,4954302212.0,1.59,0.39,5.96,0.26,1533.75,1545.13,1520.8,-41.33
5549,2024-11-04,600519,1544.93,1548.2,1550.0,1528.06,29093,4481761764.0,1.43,0.94,14.45,0.23,1548.2,1550.0,1528.06,14.0
5550,2024-11-05,600519,1540.0,1576.99,1577.7,1536.01,45640,7134443464.0,2.69,1.86,28.79,0.36,1576.99,1577.7,1536.01,117.91
5551,2024-11-06,600519,1575.0,1571.0,1588.99,1561.22,37631,5916917616.0,1.76,-0.38,-5.99,0.3,1571.0,1588.99,1561.22,150.75
5552,2024-11-07,600519,1562.46,1649.14,1653.5,1562.3,74739,12074951757.0,5.81,4.97,78.14,0.59,1649.14,1653.5,1562.3,278.76
5553,2024-11-08,600519,1660.89,1609.97,1667.11,1601.01,60771,9885645907.0,4.01,-2.38,-39.17,0.48,1609.97,1667.11,1601.01,212.84
5554,2024-11-11,600519,1590.0,1598.01,1609.95,1567.19,43854,6957095385.0,2.66,-0.74,-11.96,0.35,1598.01,1609.95,1567.19,82.63
5555,2024-11-12,600519,1589.0,1577.2,1623.0,1573.95,49223,7844798676.0,3.07,-1.3,-20.81,0.39,1577.2,1623.0,1573.95,67.91
5556,2024-11-13,600519,1568.0,1578.5,1586.66,1561.28,29125,4594445032.0,1.61,0.08,1.3,0.23,1578.5,1586.66,1561.28,21.76
5557,2024-11-14,600519,1570.0,1573.8,1594.45,1565.65,29248,4617144097.0,1.82,-0.3,-4.7,0.23,1573.8,1594.45,1565.65,24.69
5558,2024-11-15,600519,1569.0,1559.0,1583.8,1553.0,33761,5295326892.0,1.96,-0.94,-14.8,0.27,1559.0,1583.8,1553.0,-11.78
5559,2024-11-18,600519,1562.0,1559.0,1575.99,1555.0,27092,4237197499.0,1.35,0.0,0.0,0.22,1559.0,1575.99,1555.0,-21.21
5560,2024-11-19,600519,1565.0,1541.92,1569.37,1525.0,33266,5138831155.0,2.85,-1.1,-17.08,0.26,1541.92,1569.37,1525.0,-76.87
5561,2024-11-20,600519,1543.0,1544.81,1553.97,1531.3,21345,3292675257.0,1.47,0.19,2.89,0.17,1544.81,1553.97,1531.3,-89.98
5562,2024-11-21,600519,1543.87,1545.13,1548.99,1532.0,18262,2810933515.0,1.1,0.02,0.32,0.15,1545.13,1548.99,1532.0,-98.9
5563,2024-11-22,600519,1541.15,1507.82,1547.77,1507.82,33436,5107288992.0,2.59,-2.41,-37.31,0.27,1507.82,1547.77,1507.82,-150.01
5564,2024-11-25,600519,1511.0,1498.57,1532.0,1496.67,33186,5011136234.0,2.34,-0.61,-9.25,0.26,1498.57,1532.0,1496.67,-148.51
5565,2024-11-26,600519,1498.57,1509.0,1518.88,1488.88,25745,3876885984.0,2.0,0.7,10.43,0.2,1509.0,1518.88,1488.88,-127.01
5566,2024-11-27,600519,1509.0,1519.05,1522.15,1505.0,25934,3927607772.0,1.14,0.67,10.05,0.21,1519.05,1522.15,1505.0,-90.86
5567,2024-11-28,600519,1522.0,1518.0,1524.99,1502.0,23952,3627662382.0,1.51,-0.07,-1.05,0.19,1518.0,1524.99,1502.0,-83.12
5568,2024-11-29,600519,1517.0,1525.74,1555.0,1513.21,36088,5534035503.0,2.75,0.51,7.74,0.29,1525.74,1555.0,1513.21,-33.75
5569,2024-12-02,600519,1526.0,1525.0,1529.99,1515.1,26820,4086609952.0,0.98,-0.05,-0.74,0.21,1525.0,1529.99,1515.1,-47.19
5570,2024-12-03,600519,1524.0,1526.74,1528.9,1516.08,24807,3777197199.0,0.84,0.11,1.74,0.2,1526.74,1528.9,1516.08,-37.6
5571,2024-12-04,600519,1520.07,1520.0,1523.66,1510.0,23924,3626565544.0,0.89,-0.44,-6.74,0.19,1520.0,1523.66,1510.0,-52.1
5572,2024-12-05,600519,1510.86,1511.0,1517.86,1510.0,16141,2441318387.0,0.52,-0.59,-9.0,0.13,1511.0,1517.86,1510.0,-67.24
5573,2024-12-06,600519,1513.0,1521.01,1538.9,1508.07,32040,4883148600.0,2.04,0.66,10.01,0.26,1521.01,1538.9,1508.07,-5.78
5574,2024-12-09,600519,1522.02,1518.8,1529.72,1513.2,19800,3008173586.0,1.09,-0.15,-2.21,0.16,1518.8,1529.72,1513.2,-9.62
5575,2024-12-10,600519,1570.0,1546.59,1579.73,1545.18,60312,9421340719.0,2.27,1.83,27.79,0.48,1546.59,1579.73,1545.18,250.41
5576,2024-12-11,600519,1540.0,1535.6,1555.0,1530.98,29671,4569662604.0,1.55,-0.71,-10.99,0.24,1535.6,1555.0,1530.98,132.13
5577,2024-12-12,600519,1532.02,1565.8,1566.0,1529.0,41937,6510547810.0,2.41,1.97,30.2,0.33,1565.8,1566.0,1529.0,161.41
5578,2024-12-13,600519,1550.01,1519.0,1554.99,1518.88,49512,7580908315.0,2.31,-2.99,-46.8,0.39,1519.0,1554.99,1518.88,25.69
5579,2024-12-16,600519,1521.0,1527.2,1529.0,1510.71,32537,4945298799.0,1.2,0.54,8.2,0.26,1527.2,1529.0,1510.71,-33.43
5580,2024-12-17,600519,1525.99,1558.0,1569.0,1521.01,54172,8398945449.0,3.14,2.02,30.8,0.43,1558.0,1569.0,1521.01,109.1
5581,2024-12-18,600519,1557.97,1571.5,1577.0,1547.1,41162,6440801971.0,1.92,0.87,13.5,0.33,1571.5,1577.0,1547.1,151.02
5582,2024-12-19,600519,1565.14,1551.01,1567.93,1550.33,24809,3862602665.0,1.12,-1.3,-20.49,0.2,1551.01,1567.93,1550.33,89.37
5583,2024-12-20,600519,1531.13,1522.0,1541.8,1520.02,28158,4307425535.0,1.4,-1.87,-29.01,0.22,1522.0,1541.8,1520.02,-34.24
5584,2024-12-23,600519,1523.0,1526.45,1538.0,1517.0,21603,3300971424.0,1.38,0.29,4.45,0.17,1526.45,1538.0,1517.0,-39.19
5585,2024-12-24,600519,1525.0,1538.82,1544.0,1521.59,22105,3394160299.0,1.47,0.81,12.37,0.18,1538.82,1544.0,1521.59,-11.6
5586,2024-12-25,600519,1538.8,1530.0,1538.8,1526.1,17123,2621061878.0,0.83,-0.57,-8.82,0.14,1530.0,1538.8,1526.1,-35.8
5587,2024-12-26,600519,1534.0,1527.79,1538.78,1523.0,18287,2798840003.0,1.03,-0.14,-2.21,0.15,1527.79,1538.78,1523.0,-49.26
5588,2024-12-27,600519,1528.9,1528.97,1536.0,1519.5,20759,3170191445.0,1.08,0.08,1.18,0.17,1528.97,1536.0,1519.5,-63.55
5589,2024-12-30,600519,1533.97,1525.0,1543.96,1525.0,25130,3849542646.0,1.24,-0.26,-3.97,0.2,1525.0,1543.96,1525.0,-39.75
5590,2024-12-31,600519,1525.4,1524.0,1545.0,1522.01,39354,6033540366.0,1.51,-0.07,-1.0,0.31,1524.0,1545.0,1522.01,-41.21
5591,2025-01-02,600519,1524.0,1488.0,1524.49,1480.0,50029,7490883773.0,2.92,-2.36,-36.0,0.4,1488.0,1524.49,1480.0,-225.82
5592,2025-01-03,600519,1494.5,1475.0,1494.99,1467.01,32628,4836610288.0,1.88,-0.87,-13.0,0.26,1475.0,1494.99,1467.01,-249.78
5593,2025-01-06,600519,1453.0,1440.0,1462.66,1432.8,44255,6392479712.0,2.02,-2.37,-35.0,0.35,1440.0,1462.66,1432.8,-245.01
5594,2025-01-07,600519,1444.66,1440.2,1451.89,1439.0,24221,3494634227.0,0.9,0.01,0.2,0.19,1440.2,1451.89,1439.0,-169.53
5595,2025-01-08,600519,1440.0,1442.5,1451.82,1426.66,35258,5071821246.0,1.75,0.16,2.3,0.28,1442.5,1451.82,1426.66,-135.33
5596,2025-01-09,600519,1448.99,1444.0,1464.58,1432.98,29706,4295852736.0,2.19,0.1,1.5,0.24,1444.0,1464.58,1432.98,-99.95
5597,2025-01-10,600519,1447.1,1436.0,1451.95,1436.0,21872,3154677598.0,1.1,-0.55,-8.0,0.17,1436.0,1451.95,1436.0,-92.17
5598,2025-01-13,600519,1425.0,1443.98,1444.44,1422.01,21083,3030806870.0,1.56,0.56,7.98,0.17,1443.98,1444.44,1422.01,-85.04
5599,2025-01-14,600519,1444.95,1472.5,1478.68,1442.0,30957,4535651504.0,2.54,1.98,28.52,0.25,1472.5,1478.68,1442.0,-31.75
5600,2025-01-15,600519,1467.0,1471.27,1474.6,1460.01,18399,2701518712.0,0.99,-0.08,-1.23,0.15,1471.27,1474.6,1460.01,-17.68
5601,2025-01-16,600519,1474.0,1446.38,1482.66,1442.0,26342,3840411437.0,2.76,-1.69,-24.89,0.21,1446.38,1482.66,1442.0,-34.53
5602,2025-01-17,600519,1446.39,1454.75,1461.0,1446.38,18309,2663227309.0,1.01,0.58,8.37,0.15,1454.75,1461.0,1446.38,-34.86
5603,2025-01-20,600519,1461.0,1474.8,1489.79,1460.0,31410,4647626351.0,2.05,1.38,20.05,0.25,1474.8,1489.79,1460.0,40.7
5604,2025-01-21,600519,1481.0,1468.15,1482.0,1465.0,16856,2481821229.0,1.15,-0.45,-6.65,0.13,1468.15,1482.0,1465.0,58.48
5605,2025-01-22,600519,1463.27,1441.0,1467.95,1438.0,28294,4088101682.0,2.04,-1.85,-27.15,0.23,1441.0,1467.95,1438.0,-34.56
5606,2025-01-23,600519,1449.97,1443.0,1468.0,1438.0,27125,3932700850.0,2.08,0.14,2.0,0.22,1443.0,1468.0,1438.0,-22.47
5607,2025-01-24,600519,1442.0,1436.0,1447.79,1430.31,31360,4515322685.0,1.21,-0.49,-7.0,0.25,1436.0,1447.79,1430.31,-90.83
5608,2025-01-27,600519,1437.0,1434.99,1443.97,1427.02,29356,4213534543.0,1.18,-0.07,-1.01,0.23,1434.99,1443.97,1427.02,-99.22
5609,2025-02-05,600519,1440.0,1403.8,1443.0,1402.21,40757,5753730034.0,2.84,-2.17,-31.19,0.32,1403.8,1443.0,1402.21,-178.52
5610,2025-02-06,600519,1400.01,1412.84,1421.99,1400.01,27356,3859568163.0,1.57,0.64,9.04,0.22,1412.84,1421.99,1400.01,-157.43
5611,2025-02-07,600519,1413.68,1436.0,1442.68,1403.41,37242,5310850624.0,2.78,1.64,23.16,0.3,1436.0,1442.68,1403.41,-78.66
5612,2025-02-10,600519,1438.0,1431.51,1440.0,1427.09,20840,2988101756.0,0.9,-0.31,-4.49,0.17,1431.51,1440.0,1427.09,-54.15
5613,2025-02-11,600519,1434.95,1418.0,1435.96,1415.9,23573,3348668867.0,1.4,-0.94,-13.51,0.19,1418.0,1435.96,1415.9,-78.78
5614,2025-02-12,600519,1418.0,1443.0,1445.0,1416.88,25476,3644170477.0,1.98,1.76,25.0,0.2,1443.0,1445.0,1416.88,-26.4
5615,2025-02-13,600519,1443.02,1465.06,1475.25,1434.51,43385,6335985851.0,2.82,1.53,22.06,0.35,1465.06,1475.25,1434.51,72.19
5616,2025-02-14,600519,1465.06,1475.0,1477.0,1458.22,27100,3978694098.0,1.28,0.68,9.94,0.22,1475.0,1477.0,1458.22,108.34
5617,2025-02-17,600519,1481.0,1471.62,1494.98,1467.1,32471,4804663813.0,1.89,-0.23,-3.38,0.26,1471.62,1494.98,1467.1,136.13
5618,2025-02-18,600519,1470.0,1475.0,1492.99,1462.08,27800,4113845397.0,2.1,0.23,3.38,0.22,1475.0,1492.99,1462.08,127.11
5619,2025-02-19,600519,1475.05,1491.0,1494.44,1464.9,32393,4803378441.0,2.0,1.08,16.0,0.26,1491.0,1494.44,1464.9,123.63
5620,2025-02-20,600519,1483.0,1474.0,1491.97,1473.39,23750,3513552984.0,1.25,-1.14,-17.0,0.19,1474.0,1491.97,1473.39,93.53
5621,2025-02-21,600519,1480.0,1488.21,1496.73,1473.01,36418,5418169587.0,1.61,0.96,14.21,0.29,1488.21,1496.73,1473.01,93.2
5622,2025-02-24,600519,1488.0,1479.07,1499.52,1474.0,34744,5157907322.0,1.71,-0.61,-9.14,0.28,1479.07,1499.52,1474.0,76.83
5623,2025-02-25,600519,1470.01,1454.0,1473.39,1452.0,28387,4142814459.0,1.45,-1.69,-25.07,0.23,1454.0,1473.39,1452.0,6.53
5624,2025-02-26,600519,1455.45,1460.01,1464.96,1445.0,26366,3835949041.0,1.37,0.41,6.01,0.21,1460.01,1464.96,1445.0,-14.62
5625,2025-02-27,600519,1460.02,1485.56,1489.9,1454.0,49762,7368002361.0,2.46,1.75,25.55,0.4,1485.56,1489.9,1454.0,47.32
5626,2025-02-28,600519,1485.5,1500.79,1528.38,1482.0,56129,8475738166.0,3.12,1.03,15.23,0.45,1500.79,1528.38,1482.0,140.72
5627,2025-03-03,600519,1502.6,1487.02,1520.99,1481.5,31596,4736679903.0,2.63,-0.92,-13.77,0.25,1487.02,1520.99,1481.5,109.57
5628,2025-03-04,600519,1485.0,1470.11,1486.0,1465.21,25211,3710675863.0,1.4,-1.14,-16.91,0.2,1470.11,1486.0,1465.21,-24.07
5629,2025-03-05,600519,1472.0,1466.37,1474.0,1460.1,24605,3606932152.0,0.95,-0.25,-3.74,0.2,1466.37,1474.0,1460.1,-79.3
5630,2025-03-06,600519,1474.0,1505.98,1510.2,1472.08,42168,6297117400.0,2.6,2.7,39.61,0.34,1505.98,1510.2,1472.08,106.95
5631,2025-03-07,600519,1503.0,1521.0,1528.36,1503.0,37991,5760608729.0,1.68,1.0,15.02,0.3,1521.0,1528.36,1503.0,183.01
5632,2025-03-10,600519,1519.81,1522.9,1526.88,1506.14,31369,4758789260.0,1.36,0.12,1.9,0.25,1522.9,1526.88,1506.14,147.41
5633,2025-03-11,600519,1517.0,1548.68,1548.68,1512.0,39776,6094007854.0,2.41,1.69,25.78,0.32,1548.68,1548.68,1512.0,165.99
5634,2025-03-12,600519,1546.96,1542.58,1549.68,1526.35,29604,4552923644.0,1.51,-0.39,-6.1,0.24,1542.58,1549.68,1526.35,140.34
5635,2025-03-13,600519,1544.0,1537.77,1555.5,1530.88,25724,3966369271.0,1.6,-0.31,-4.81,0.2,1537.77,1555.5,1530.88,119.19
5636,2025-03-14,600519,1547.66,1628.01,1628.01,1541.0,92913,14882842708.0,5.66,5.87,90.24,0.74,1628.01,1628.01,1541.0,200.09
5637,2025-03-17,600519,1657.0,1637.86,1657.99,1626.88,54689,8985138902.0,1.91,0.61,9.85,0.44,1637.86,1657.99,1626.88,216.47
5638,2025-03-18,600519,1645.04,1624.0,1652.0,1621.7,31613,5153210436.0,1.85,-0.85,-13.86,0.25,1624.0,1652.0,1621.7,156.58
5639,2025-03-19,600519,1624.29,1635.71,1648.0,1623.0,27390,4477128770.0,1.54,0.72,11.71,0.22,1635.71,1648.0,1623.0,128.51
5640,2025-03-20,600519,1635.71,1604.0,1637.6,1595.07,36737,5903879207.0,2.6,-1.94,-31.71,0.29,1604.0,1637.6,1595.07,78.32
5641,2025-03-21,600519,1599.0,1573.75,1612.2,1568.83,33614,5324973190.0,2.7,-1.89,-30.25,0.27,1573.75,1612.2,1568.83,36.01
5642,2025-03-24,600519,1570.0,1583.0,1589.66,1562.38,25566,4032223482.0,1.73,0.59,9.25,0.2,1583.0,1589.66,1562.38,19.68
5643,2025-03-25,600519,1588.0,1575.5,1592.8,1566.66,17674,2783286813.0,1.65,-0.47,-7.5,0.14,1575.5,1592.8,1566.66,9.99
5644,2025-03-26,600519,1572.77,1576.0,1582.58,1571.0,14324,2257639750.0,0.74,0.03,0.5,0.11,1576.0,1582.58,1571.0,-2.87
5645,2025-03-27,600519,1576.0,1589.0,1598.25,1573.38,17956,2848889210.0,1.58,0.82,13.0,0.14,1589.0,1598.25,1573.38,8.67
5646,2025-03-28,600519,1590.93,1585.21,1593.0,1576.0,16228,2569470015.0,1.07,-0.24,-3.79,0.13,1585.21,1593.0,1576.0,-7.53
5647,2025-03-31,600519,1580.98,1561.0,1586.96,1560.06,21085,3311857714.0,1.7,-1.53,-24.21,0.17,1561.0,1586.96,1560.06,-56.71
5648,2025-04-01,600519,1564.0,1556.02,1569.89,1552.21,18556,2893739955.0,1.13,-0.32,-4.98,0.15,1556.02,1569.89,1552.21,-91.74
5649,2025-04-02,600519,1558.0,1549.02,1567.8,1545.5,21674,3371883024.0,1.43,-0.45,-7.0,0.17,1549.02,1567.8,1545.5,-112.55
5650,2025-04-03,600519,1530.0,1568.88,1586.0,1529.01,35481,5557442052.0,3.68,1.28,19.86,0.28,1568.88,1586.0,1529.01,-81.35
5651,2025-04-07,600519,1520.01,1500.0,1536.85,1462.0,101953,15314738235.0,4.77,-4.39,-68.88,0.81,1500.0,1536.85,1462.0,-233.83
5652,2025-04-08,600519,1513.0,1545.0,1545.0,1495.0,73876,11226977557.0,3.33,3.0,45.0,0.59,1545.0,1545.0,1495.0,-127.2
5653,2025-04-09,600519,1525.02,1541.04,1556.8,1520.55,55630,8562928225.0,2.35,-0.26,-3.96,0.44,1541.04,1556.8,1520.55,-80.6
5654,2025-04-10,600519,1550.99,1549.0,1555.0,1528.0,38620,5963650791.0,1.75,0.52,7.96,0.31,1549.0,1555.0,1528.0,-55.63
5655,2025-04-11,600519,1579.97,1568.98,1579.97,1545.0,32634,5087359924.0,2.26,1.29,19.98,0.26,1568.98,1579.97,1545.0,20.68
5656,2025-04-14,600519,1560.97,1551.99,1566.0,1551.53,21711,3379425640.0,0.92,-1.08,-16.99,0.17,1551.99,1566.0,1551.53,-3.29
5657,2025-04-15,600519,1552.0,1558.0,1565.0,1545.0,21489,3339942729.0,1.29,0.39,6.01,0.17,1558.0,1565.0,1545.0,0.93
5658,2025-04-16,600519,1552.0,1559.17,1576.0,1537.0,31156,4834880596.0,2.5,0.08,1.17,0.25,1559.17,1576.0,1537.0,13.07
5659,2025-04-17,600519,1554.0,1570.0,1576.5,1549.99,23846,3733924973.0,1.7,0.69,10.83,0.19,1570.0,1576.5,1549.99,58.82
5660,2025-04-18,600519,1566.0,1565.94,1575.0,1556.0,20298,3179974340.0,1.21,-0.26,-4.06,0.16,1565.94,1575.0,1556.0,69.67
5661,2025-04-21,600519,1565.5,1551.0,1565.5,1551.0,18057,2808158177.0,0.93,-0.95,-14.94,0.14,1551.0,1565.5,1551.0,27.15
5662,2025-04-22,600519,1550.0,1548.8,1556.3,1543.21,18432,2857525967.0,0.84,-0.14,-2.2,0.15,1548.8,1556.3,1543.21,-2.14
5663,2025-04-23,600519,1559.0,1552.0,1559.22,1545.0,18669,2895468892.0,0.92,0.21,3.2,0.15,1552.0,1559.22,1545.0,12.66
5664,2025-04-24,600519,1552.0,1552.25,1560.68,1548.98,14872,2313372072.0,0.75,0.02,0.25,0.12,1552.25,1560.68,1548.98,26.25
5665,2025-04-25,600519,1557.1,1550.0,1561.2,1550.0,14765,2295029705.0,0.72,-0.14,-2.25,0.12,1550.0,1561.2,1550.0,6.25
5666,2025-04-28,600519,1552.0,1550.0,1555.0,1546.6,14660,2274252465.0,0.54,0.0,0.0,0.12,1550.0,1555.0,1546.6,-48.75
5667,2025-04-29,600519,1550.0,1544.0,1552.54,1532.02,18922,2917422938.0,1.32,-0.39,-6.0,0.15,1544.0,1552.54,1532.02,-149.64
5668,2025-04-30,600519,1549.99,1547.0,1566.66,1546.3,25754,4005439429.0,1.32,0.19,3.0,0.21,1547.0,1566.66,1546.3,-31.47
5669,2025-05-06,600519,1559.0,1550.2,1559.0,1544.33,18300,2838614215.0,0.95,0.21,3.2,0.15,1550.2,1559.0,1544.33,-53.75
5670,2025-05-07,600519,1570.0,1555.0,1570.0,1550.2,27462,4275142569.0,1.28,0.31,4.8,0.22,1555.0,1570.0,1550.2,56.47
5671,2025-05-08,600519,1553.0,1578.19,1592.78,1549.83,33481,5265446444.0,2.76,1.49,23.19,0.27,1578.19,1592.78,1549.83,202.12
5672,2025-05-09,600519,1578.99,1591.18,1597.45,1575.05,23672,3757574546.0,1.42,0.82,12.99,0.19,1591.18,1597.45,1575.05,230.13
5673,2025-05-12,600519,1598.0,1604.5,1618.93,1596.61,24735,3967785800.0,1.4,0.84,13.32,0.2,1604.5,1618.93,1596.61,237.78
5674,2025-05-13,600519,1608.92,1590.3,1608.92,1585.11,21258,3386617848.0,1.48,-0.89,-14.2,0.17,1590.3,1608.92,1585.11,133.76
5675,2025-05-14,600519,1590.0,1634.99,1645.0,1588.18,39460,6394735058.0,3.57,2.81,44.69,0.31,1634.99,1645.0,1588.18,175.14
5676,2025-05-15,600519,1634.8,1632.01,1643.59,1624.13,24733,4043402636.0,1.19,-0.18,-2.98,0.2,1632.01,1643.59,1624.13,157.56
5677,2025-05-16,600519,1633.99,1614.13,1636.99,1614.13,22935,3714508659.0,1.4,-1.1,-17.88,0.18,1614.13,1636.99,1614.13,103.26
5678,2025-05-19,600519,1596.0,1578.98,1600.0,1573.88,38063,6021950010.0,1.62,-2.18,-35.15,0.3,1578.98,1600.0,1573.88,8.17
5679,2025-05-20,600519,1580.0,1586.0,1594.8,1575.1,19522,3095742637.0,1.25,0.44,7.02,0.16,1586.0,1594.8,1575.1,5.42
5680,2025-05-21,600519,1585.0,1580.97,1595.94,1580.97,19795,3143941416.0,0.94,-0.32,-5.03,0.16,1580.97,1595.94,1580.97,0.32
5681,2025-05-22,600519,1580.99,1580.0,1584.99,1570.1,15090,2381236586.0,0.94,-0.06,-0.97,0.12,1580.0,1584.99,1570.1,-34.1
5682,2025-05-23,600519,1575.2,1572.6,1587.9,1571.66,21537,3399424961.0,1.03,-0.47,-7.4,0.17,1572.6,1587.9,1571.66,-46.16
5683,2025-05-26,600519,1570.0,1550.5,1574.63,1545.0,27087,4212944430.0,1.88,-1.41,-22.1,0.22,1550.5,1574.63,1545.0,-124.53
5684,2025-05-27,600519,1551.0,1543.9,1558.6,1543.51,17752,2748945675.0,0.97,-0.43,-6.6,0.14,1543.9,1558.6,1543.51,-147.54
5685,2025-05-28,600519,1543.99,1537.0,1546.46,1533.0,16266,2504624605.0,0.87,-0.45,-6.9,0.13,1537.0,1546.46,1533.0,-158.17
5686,2025-05-29,600519,1540.0,1540.0,1555.0,1532.0,21860,3375465796.0,1.5,0.2,3.0,0.17,1540.0,1555.0,1532.0,-120.13
5687,2025-05-30,600519,1540.15,1522.0,1545.0,1515.24,31239,4764875947.0,1.93,-1.17,-18.0,0.25,1522.0,1545.0,1515.24,-132.82
5688,2025-06-03,600519,1508.01,1509.0,1519.0,1505.02,28979,4377892799.0,0.92,-0.85,-13.0,0.23,1509.0,1519.0,1505.02,-136.75
5689,2025-06-04,600519,1510.5,1509.96,1523.0,1509.22,23008,3480363797.0,0.91,0.06,0.96,0.18,1509.96,1523.0,1509.22,-110.54
5690,2025-06-05,600519,1514.0,1514.0,1516.0,1502.2,23214,3504925524.0,0.91,0.27,4.04,0.18,1514.0,1516.0,1502.2,-106.29
5691,2025-06-06,600519,1513.8,1506.39,1518.97,1503.0,25023,3777727616.0,1.05,-0.5,-7.61,0.2,1506.39,1518.97,1503.0,-98.87
5692,2025-06-09,600519,1505.02,1486.11,1508.7,1485.68,44959,6723839138.0,1.53,-1.35,-20.28,0.36,1486.11,1508.7,1485.68,-120.94
5693,2025-06-10,600519,1486.0,1475.01,1492.0,1474.8,30492,4511934584.0,1.16,-0.75,-11.1,0.24,1475.01,1492.0,1474.8,-130.47
5694,2025-06-11,600519,1476.8,1480.0,1494.0,1476.1,30893,4585522755.0,1.21,0.34,4.99,0.25,1480.0,1494.0,1476.1,-109.96
5695,2025-06-12,600519,1480.0,1459.0,1483.87,1454.1,49904,7306800800.0,2.01,-1.42,-21.0,0.4,1459.0,1483.87,1454.1,-137.11
5696,2025-06-13,600519,1444.41,1426.95,1449.97,1425.06,59113,8466515559.0,1.71,-2.2,-32.05,0.47,1426.95,1449.97,1425.06,-188.05
5697,2025-06-16,600519,1401.2,1422.29,1425.04,1401.18,42888,6060448438.0,1.67,-0.33,-4.66,0.34,1422.29,1425.04,1401.18,-177.1
5698,2025-06-17,600519,1420.0,1427.0,1427.0,1412.18,27232,3868364671.0,1.04,0.33,4.71,0.22,1427.0,1427.0,1412.18,-134.23
5699,2025-06-18,600519,1440.0,1425.0,1443.44,1421.01,30761,4404131364.0,1.57,-0.14,-2.0,0.24,1425.0,1443.44,1421.01,-100.24
5700,2025-06-19,600519,1426.0,1426.0,1433.67,1417.18,24501,3490268568.0,1.16,0.07,1.0,0.2,1426.0,1433.67,1417.18,-90.34
5701,2025-06-20,600519,1423.58,1428.66,1441.14,1420.2,34816,4990683314.0,1.47,0.19,2.66,0.28,1428.66,1441.14,1420.2,-70.37
5702,2025-06-23,600519,1420.0,1420.0,1433.0,1405.18,26723,3794012343.0,1.95,-0.61,-8.66,0.21,1420.0,1433.0,1405.18,-78.13
5703,2025-06-24,600519,1423.35,1437.2,1451.68,1423.35,36312,5229183514.0,2.0,1.21,17.2,0.29,1437.2,1451.68,1423.35,-35.69
5704,2025-06-25,600519,1439.11,1435.86,1449.2,1420.51,41050,5869292227.0,2.0,-0.09,-1.34,0.33,1435.86,1449.2,1420.51,-33.45
5705,2025-06-26,600519,1415.0,1420.0,1428.0,1410.08,34860,4955829982.0,1.25,-1.1,-15.86,0.28,1420.0,1428.0,1410.08,-69.53
5706,2025-06-27,600519,1420.01,1403.09,1423.0,1403.09,38250,5404312675.0,1.4,-1.19,-16.91,0.3,1403.09,1423.0,1403.09,-101.87
5707,2025-06-30,600519,1403.5,1409.52,1413.23,1402.0,30457,4287373691.0,0.8,0.46,6.43,0.24,1409.52,1413.23,1402.0,-106.94
5708,2025-07-01,600519,1409.0,1405.1,1411.94,1403.31,19878,2794423203.0,0.61,-0.31,-4.42,0.16,1405.1,1411.94,1403.31,-112.98
5709,2025-07-02,600519,1409.5,1409.6,1414.8,1400.0,26218,3689246316.0,1.05,0.32,4.5,0.21,1409.6,1414.8,1400.0,-99.28
5710,2025-07-03,600519,1412.0,1415.6,1422.69,1408.0,24413,3456733002.0,1.04,0.43,6.0,0.19,1415.6,1422.69,1408.0,-38.25
5711,2025-07-04,600519,1415.7,1422.22,1431.89,1410.01,28767,4086547268.0,1.55,0.47,6.62,0.23,1422.22,1431.89,1410.01,6.23
5712,2025-07-07,600519,1422.28,1410.7,1423.5,1410.01,23855,3370562659.0,0.95,-0.81,-11.52,0.19,1410.7,1423.5,1410.01,-42.4
5713,2025-07-08,600519,1410.71,1416.11,1420.0,1410.7,18674,2643302691.0,0.66,0.38,5.41,0.15,1416.11,1420.0,1410.7,-29.52
5714,2025-07-09,600519,1415.0,1418.88,1429.97,1414.17,27745,3950810723.0,1.12,0.2,2.77,0.22,1418.88,1429.97,1414.17,20.11
5715,2025-07-10,600519,1418.97,1426.5,1436.18,1410.4,38725,5503329754.0,1.82,0.54,7.62,0.31,1426.5,1436.18,1410.4,56.51
5716,2025-07-11,600519,1423.16,1427.0,1458.0,1423.16,57243,8239010390.0,2.44,0.04,0.5,0.46,1427.0,1458.0,1423.16,132.46
5717,2025-07-14,600519,1430.0,1423.6,1434.98,1421.6,27781,3961736006.0,0.94,-0.24,-3.4,0.22,1423.6,1434.98,1421.6,70.48
5718,2025-07-15,600519,1420.98,1411.0,1422.93,1408.32,35406,5005150165.0,1.03,-0.89,-12.6,0.28,1411.0,1422.93,1408.32,-32.7
5719,2025-07-16,600519,1410.01,1411.03,1417.49,1409.95,21286,3006882579.0,0.53,0.0,0.03,0.17,1411.03,1417.49,1409.95,-40.65
5720,2025-07-17,600519,1413.98,1416.35,1423.01,1412.88,23106,3273100406.0,0.72,0.38,5.32,0.18,1416.35,1423.01,1412.88,0.79
5721,2025-07-18,600519,1420.0,1437.0,1437.81,1416.38,41823,5984949774.0,1.51,1.46,20.65,0.33,1437.0,1437.81,1416.38,115.45
5722,2025-07-21,600519,1436.99,1443.0,1446.8,1435.0,26203,3779891829.0,0.82,0.42,6.0,0.21,1443.0,1446.8,1435.0,180.89
5723,2025-07-22,600519,1444.0,1464.98,1466.6,1440.68,42119,6127636851.0,1.8,1.52,21.98,0.34,1464.98,1466.6,1440.68,224.47
5724,2025-07-23,600519,1469.0,1475.5,1495.0,1468.95,45045,6676301462.0,1.78,0.72,10.52,0.36,1475.5,1495.0,1468.95,240.35
5725,2025-07-24,600519,1476.0,1491.5,1499.0,1475.0,38804,5786337377.0,1.63,1.08,16.0,0.31,1491.5,1499.0,1475.0,191.87
5726,2025-07-25,600519,1491.4,1455.0,1491.4,1453.0,41911,6140078741.0,2.57,-2.45,-36.5,0.33,1455.0,1491.4,1453.0,92.38
5727,2025-07-28,600519,1453.0,1438.66,1454.99,1436.3,38586,5560966386.0,1.28,-1.12,-16.34,0.31,1438.66,1454.99,1436.3,11.29
5728,2025-07-29,600519,1439.6,1439.0,1448.79,1435.01,26304,3785848102.0,0.96,0.02,0.34,0.21,1439.0,1448.79,1435.01,-1.77
5729,2025-07-30,600519,1444.0,1449.44,1457.16,1437.0,31868,4612883040.0,1.4,0.73,10.44,0.25,1449.44,1457.16,1437.0,17.82
5730,2025-07-31,600519,1443.0,1421.67,1444.87,1418.0,51798,7386302758.0,1.85,-1.92,-27.77,0.41,1421.67,1444.87,1418.0,-52.29
5731,2025-08-01,600519,1421.87,1417.0,1425.96,1414.0,29636,4200850790.0,0.84,-0.33,-4.67,0.24,1417.0,1425.96,1414.0,-81.64
5732,2025-08-04,600519,1415.0,1419.0,1419.8,1414.0,18688,2647105740.0,0.41,0.14,2.0,0.15,1419.0,1419.8,1414.0,-88.47
5733,2025-08-05,600519,1421.0,1427.74,1429.94,1417.11,25342,3607931488.0,0.9,0.62,8.74,0.2,1427.74,1429.94,1417.11,-67.96
5734,2025-08-06,600519,1429.0,1423.88,1429.0,1419.3,23699,3372334940.0,0.68,-0.27,-3.86,0.19,1423.88,1429.0,1419.3,-74.54
5735,2025-08-07,600519,1423.88,1422.35,1427.7,1420.06,28001,3988765795.0,0.54,-0.11,-1.53,0.22,1422.35,1427.7,1420.06,-73.6
5736,2025-08-08,600519,1423.05,1420.97,1426.5,1418.0,18655,2651478118.0,0.6,-0.1,-1.38,0.15,1420.97,1426.5,1418.0,-69.39
5737,2025-08-11,600519,1423.5,1445.0,1451.99,1423.0,47159,6794034090.0,2.04,1.69,24.03,0.38,1445.0,1451.99,1423.0,-1.58
5738,2025-08-12,600519,1449.0,1437.04,1465.07,1436.0,42019,6095342036.0,2.01,-0.55,-7.96,0.33,1437.04,1465.07,1436.0,35.0
5739,2025-08-13,600519,1425.0,1420.05,1433.68,1420.0,65528,9325460101.0,0.95,-1.18,-16.99,0.52,1420.05,1433.68,1420.0,-49.24
5740,2025-08-14,600519,1420.94,1426.99,1447.51,1420.94,48129,6897535330.0,1.87,0.49,6.94,0.38,1426.99,1447.51,1420.94,6.18
5741,2025-08-15,600519,1426.01,1422.08,1428.66,1420.22,47582,6772436997.0,0.59,-0.34,-4.91,0.38,1422.08,1428.66,1420.22,-46.83
5742,2025-08-18,600519,1426.99,1428.5,1436.64,1423.1,47378,6773477871.0,0.95,0.45,6.42,0.38,1428.5,1436.64,1423.1,6.14
5743,2025-08-19,600519,1433.5,1438.0,1446.66,1432.0,46372,6678541001.0,1.03,0.67,9.5,0.37,1438.0,1446.66,1432.0,110.06
5744,2025-08-20,600519,1438.0,1450.0,1452.8,1430.02,45805,6623095725.0,1.58,0.83,12.0,0.36,1450.0,1452.8,1430.02,127.63
5745,2025-08-21,600519,1453.45,1448.25,1454.99,1443.65,30891,4470441662.0,0.78,-0.12,-1.75,0.25,1448.25,1454.99,1443.65,133.04
5746,2025-08-22,600519,1448.88,1463.95,1464.0,1444.77,44971,6544867368.0,1.33,1.08,15.7,0.36,1463.95,1464.0,1444.77,154.92
5747,2025-08-25,600519,1470.01,1490.33,1496.0,1466.0,65325,9676719498.0,2.05,1.8,26.38,0.52,1490.33,1496.0,1466.0,235.19
5748,2025-08-26,600519,1490.32,1481.61,1494.23,1480.01,39602,5883917000.0,0.95,-0.59,-8.72,0.32,1481.61,1494.23,1480.01,181.39
5749,2025-08-27,600519,1481.88,1448.0,1484.93,1448.0,56006,8184169113.0,2.49,-2.27,-33.61,0.45,1448.0,1484.93,1448.0,63.26
5750,2025-08-28,600519,1447.97,1446.1,1456.1,1438.77,39282,5683673273.0,1.2,-0.13,-1.9,0.31,1446.1,1456.1,1438.77,-1.34
5751,2025-08-29,600519,1453.0,1480.0,1482.58,1452.0,62256,9159701454.0,2.11,2.34,33.9,0.5,1480.0,1482.58,1452.0,92.35
5752,2025-09-01,600519,1482.2,1476.1,1488.0,1465.7,45123,6658918555.0,1.51,-0.26,-3.9,0.36,1476.1,1488.0,1465.7,92.82
5753,2025-09-02,600519,1478.66,1491.3,1509.0,1478.0,56688,8470012816.0,2.1,1.03,15.2,0.45,1491.3,1509.0,1478.0,127.84
5754,2025-09-03,600519,1491.0,1480.55,1503.5,1466.0,45045,6656011145.0,2.51,-0.72,-10.75,0.36,1480.55,1503.5,1466.0,81.56
5755,2025-09-04,600519,1472.0,1472.66,1479.3,1460.47,47747,7017084750.0,1.27,-0.53,-7.89,0.38,1472.66,1479.3,1460.47,28.14
