,Date,code,Open,Close,High,Low,Vol,VoT,振幅,涨跌幅,涨跌额,exchange,CLOSE,HIGH,LOW,MTR,DMP,DMM,PDI,MDI,ADX,ADXR
0,2001-08-27,600519,34.51,35.55,37.78,32.85,406318,1410347000.0,15.71,13.25,4.16,56.83,35.55,37.78,32.85,,,,,,,
1,2001-08-28,600519,34.99,36.86,37.0,34.61,129647,463463000.0,6.72,3.68,1.31,18.13,36.86,37.0,34.61,,,,,,,
2,2001-08-29,600519,36.98,36.38,37.0,36.1,53252,194689000.0,2.44,-1.3,-0.48,7.45,36.38,37.0,36.1,,,,,,,
3,2001-08-30,600519,36.28,37.1,37.51,36.0,48013,177558000.0,4.15,1.98,0.72,6.72,37.1,37.51,36.0,,,,,,,
4,2001-08-31,600519,37.15,37.01,37.62,36.8,23231,86231000.0,2.21,-0.24,-0.09,3.25,37.01,37.62,36.8,,,,,,,
5,2001-09-03,600519,37.2,36.99,37.57,36.85,22112,82129000.0,1.95,-0.05,-0.02,3.09,36.99,37.57,36.85,,,,,,,
6,2001-09-04,600519,37.01,37.46,38.08,36.88,37006,139204000.0,3.24,1.27,0.47,5.18,37.46,38.08,36.88,,,,,,,
7,2001-09-05,600519,37.61,37.44,37.92,37.21,26066,97796000.0,1.9,-0.05,-0.02,3.65,37.44,37.92,37.21,,,,,,,
8,2001-09-06,600519,37.35,36.7,37.47,36.51,28997,107078000.0,2.56,-1.98,-0.74,4.06,36.7,37.47,36.51,,,,,,,
9,2001-09-07,600519,36.5,35.68,36.95,35.65,31552,113868000.0,3.54,-2.78,-1.02,4.41,35.68,36.95,35.65,,,,,,,
10,2001-09-10,600519,35.4,36.7,36.85,35.01,18878,68406000.0,5.16,2.86,1.02,2.64,36.7,36.85,35.01,,,,,,,
11,2001-09-11,600519,36.8,36.29,36.95,36.2,11390,41579000.0,2.04,-1.12,-0.41,1.59,36.29,36.95,36.2,,,,,,,
12,2001-09-12,600519,35.33,35.98,36.2,35.3,25045,89421000.0,2.48,-0.85,-0.31,3.5,35.98,36.2,35.3,,,,,,,
13,2001-09-13,600519,36.01,35.89,36.3,35.7,10986,39512000.0,1.67,-0.25,-0.09,1.54,35.89,36.3,35.7,19.62,1.33,3.1,6.78,15.8,,
14,2001-09-14,600519,36.01,36.3,36.5,35.8,7672,27740000.0,1.95,1.14,0.41,1.07,36.3,36.5,35.8,15.39,1.53,3.1,9.94,20.14,,
15,2001-09-17,600519,36.08,35.84,36.29,35.5,8983,32183000.0,2.18,-1.27,-0.46,1.26,35.84,36.29,35.5,13.8,1.53,3.4,11.09,24.64,,
16,2001-09-18,600519,35.88,36.25,36.55,35.85,10773,39006000.0,1.95,1.14,0.41,1.51,36.25,36.55,35.85,13.61,1.79,3.4,13.15,24.98,,
17,2001-09-19,600519,36.3,36.92,36.92,36.06,8650,31597000.0,2.37,1.85,0.67,1.21,36.92,36.92,36.06,12.96,1.65,3.4,12.73,26.23,,
18,2001-09-20,600519,36.9,36.61,37.05,36.5,11173,41189000.0,1.49,-0.84,-0.31,1.56,36.61,37.05,36.5,12.69,1.67,3.4,13.16,26.79,35.27,
19,2001-09-21,600519,36.28,36.06,36.6,36.0,7879,28638000.0,1.64,-1.5,-0.55,1.1,36.06,36.6,36.0,12.58,1.67,3.9,13.28,31.0,35.28,
20,2001-09-24,600519,36.06,36.05,36.39,36.0,4068,14703000.0,1.08,-0.03,-0.01,0.57,36.05,36.39,36.0,11.77,1.16,3.9,9.86,33.14,38.65,
21,2001-09-25,600519,36.28,36.23,36.54,36.05,3488,12639000.0,1.36,0.5,0.18,0.49,36.23,36.54,36.05,11.55,1.31,3.9,11.34,33.77,40.62,
22,2001-09-26,600519,36.11,36.08,36.48,36.0,4956,17892000.0,1.32,-0.41,-0.15,0.69,36.08,36.48,36.0,11.07,1.31,3.25,11.83,29.36,42.54,
23,2001-09-27,600519,36.08,36.7,36.98,36.0,8778,32085000.0,2.72,1.72,0.62,1.23,36.7,36.98,36.0,10.75,1.81,2.39,16.84,22.23,39.06,
24,2001-09-28,600519,36.9,37.09,37.2,36.5,17088,63169000.0,1.91,1.06,0.39,2.39,37.09,37.2,36.5,9.61,2.03,1.75,21.12,18.21,34.61,34.94
25,2001-10-08,600519,37.0,36.58,37.18,36.25,6552,24091000.0,2.51,-1.38,-0.51,0.92,36.58,37.18,36.25,9.79,1.93,2.0,19.71,20.43,28.23,31.76
26,2001-10-09,600519,36.6,37.3,37.5,36.6,9558,35498000.0,2.46,1.97,0.72,1.34,37.3,37.5,36.6,9.72,2.25,1.1,23.15,11.32,24.93,31.79
27,2001-10-10,600519,37.3,36.1,37.43,36.03,17548,63956000.0,3.75,-3.22,-1.2,2.45,36.1,37.43,36.03,10.52,2.15,1.67,20.44,15.87,18.74,29.68
28,2001-10-11,600519,36.01,35.75,36.5,35.65,12306,44319000.0,2.35,-0.97,-0.35,1.72,35.75,36.5,35.65,10.67,1.95,2.05,18.28,19.21,12.07,27.3
29,2001-10-12,600519,35.9,36.0,36.65,34.05,20010,70897000.0,7.27,0.7,0.25,2.8,36.0,36.65,34.05,12.47,1.95,3.35,15.64,26.86,14.17,26.61
30,2001-10-15,600519,35.9,35.3,36.0,34.9,9755,34501000.0,3.06,-1.94,-0.7,1.36,35.3,36.0,34.9,12.86,1.69,3.35,13.14,26.05,18.42,26.52
31,2001-10-16,600519,35.13,34.8,35.8,34.75,8319,29068000.0,2.97,-1.42,-0.5,1.16,34.8,35.8,34.75,13.05,1.32,3.5,10.11,26.82,25.66,26.95
32,2001-10-17,600519,34.79,34.2,34.81,33.9,12507,42766000.0,2.61,-1.72,-0.6,1.75,34.2,34.81,33.9,13.41,1.19,4.35,8.87,32.44,29.45,27.19
33,2001-10-18,600519,34.2,34.04,34.66,33.91,4983,16999000.0,2.19,-0.47,-0.16,0.7,34.04,34.66,33.91,13.55,1.19,3.85,8.78,28.41,36.15,27.44
34,2001-10-19,600519,34.0,33.5,34.15,33.01,15687,52422000.0,3.35,-1.59,-0.54,2.19,33.5,34.15,33.01,14.3,1.19,4.75,8.32,33.22,45.72,28.89
35,2001-10-22,600519,33.3,32.79,33.7,32.7,9760,32268000.0,2.99,-2.12,-0.71,1.37,32.79,33.7,32.7,14.81,1.04,5.06,7.02,34.17,52.3,33.23
36,2001-10-23,600519,36.0,36.07,36.07,35.01,40598,145710000.0,3.23,10.0,3.28,5.68,36.07,36.07,35.01,17.61,3.41,5.01,19.36,28.45,49.98,34.2
37,2001-10-24,600519,36.78,35.86,36.8,35.11,40682,147001000.0,4.69,-0.58,-0.21,5.69,35.86,36.8,35.11,18.32,3.64,5.01,19.87,27.35,45.08,35.37
38,2001-10-25,600519,35.7,34.88,35.8,34.86,16036,56527000.0,2.62,-2.73,-0.98,2.24,34.88,35.8,34.86,18.62,3.42,5.26,18.37,28.25,39.11,34.28
39,2001-10-26,600519,34.7,35.0,35.1,34.42,9002,31280000.0,1.95,0.34,0.12,1.26,35.0,35.1,34.42,18.37,3.42,5.45,18.62,29.67,34.13,35.14
40,2001-10-29,600519,34.88,35.3,35.63,34.88,4587,16205000.0,2.14,0.86,0.3,0.64,35.3,35.63,34.88,18.2,3.63,5.45,19.95,29.95,27.48,36.6
41,2001-10-30,600519,35.25,35.0,35.49,34.92,3484,12214000.0,1.61,-0.85,-0.3,0.49,35.0,35.49,34.92,17.37,3.63,4.88,20.9,28.09,18.94,35.62
42,2001-10-31,600519,35.0,35.05,35.09,34.8,4762,16633000.0,0.83,0.14,0.05,0.67,35.05,35.09,34.8,16.81,3.63,4.62,21.59,27.48,17.78,33.88
43,2001-11-01,600519,35.05,35.57,35.64,34.95,6643,23511000.0,1.97,1.48,0.52,0.93,35.57,35.64,34.95,14.9,4.18,3.02,28.05,20.27,17.82,31.45
44,2001-11-02,600519,35.28,35.36,35.72,35.16,3435,12189000.0,1.57,-0.59,-0.21,0.48,35.36,35.72,35.16,14.36,4.26,3.02,29.67,21.03,17.13,28.12
45,2001-11-05,600519,35.0,34.9,35.26,34.7,3690,12879000.0,1.58,-1.3,-0.46,0.52,34.9,35.26,34.7,13.97,4.26,3.33,30.49,23.84,15.35,24.74
46,2001-11-06,600519,34.8,35.15,35.3,34.72,2609,9138000.0,1.66,0.72,0.25,0.36,35.15,35.3,34.72,13.64,4.3,2.48,31.52,18.18,16.49,21.98
47,2001-11-07,600519,35.0,33.85,35.0,33.8,9325,31791000.0,3.41,-3.7,-1.3,1.3,33.85,35.0,33.8,14.24,4.3,3.4,30.2,23.88,15.99,17.47
48,2001-11-08,600519,33.35,33.7,33.89,32.98,7402,24682000.0,2.69,-0.44,-0.15,1.04,33.7,33.89,32.98,14.01,4.3,3.32,30.69,23.7,16.13,16.95
49,2001-11-09,600519,33.7,34.15,34.48,33.34,3760,12737000.0,3.38,1.34,0.45,0.53,34.15,34.48,33.34,14.15,4.89,3.01,34.56,21.27,17.41,17.62
50,2001-11-12,600519,34.4,33.6,34.4,33.52,2683,9088000.0,2.58,-1.61,-0.55,0.38,33.6,34.4,33.52,11.75,2.52,3.01,21.45,25.62,16.05,16.59
51,2001-11-13,600519,33.28,33.64,33.7,33.21,2673,8965000.0,1.46,0.12,0.04,0.37,33.64,33.7,33.21,10.55,1.79,3.32,16.97,31.47,19.0,17.18
52,2001-11-14,600519,33.64,33.65,34.0,33.64,769,2599000.0,1.07,0.03,0.01,0.11,33.65,34.0,33.64,9.91,2.09,3.07,21.09,30.98,17.69,17.09
53,2001-11-15,600519,33.65,33.68,33.8,33.5,2193,7378000.0,0.89,0.09,0.03,0.31,33.68,33.8,33.5,9.53,2.09,2.77,21.93,29.07,18.07,17.03
54,2001-11-16,600519,36.2,34.09,36.2,33.99,9954,34600000.0,6.56,1.22,0.41,1.39,34.09,36.2,33.99,11.3,3.96,2.77,35.04,24.51,18.88,17.5
55,2001-11-19,600519,34.15,35.05,35.08,34.1,9955,34600364.0,2.87,2.82,0.96,1.39,35.05,35.08,34.1,11.72,3.96,2.77,33.79,23.63,17.86,17.64
56,2001-11-20,600519,35.2,35.38,35.53,34.9,3735,12950484.0,1.8,0.94,0.33,0.52,35.38,35.53,34.9,12.06,4.41,2.65,36.57,21.97,20.54,18.29
57,2001-11-21,600519,35.48,35.18,35.5,34.9,5114,17957000.0,1.7,-0.57,-0.2,0.72,35.18,35.5,34.9,11.97,3.86,2.65,32.25,22.14,18.64,18.82
58,2001-11-22,600519,35.22,35.12,35.3,34.91,4198,14713000.0,1.11,-0.17,-0.06,0.59,35.12,35.3,34.91,11.8,3.78,2.65,32.03,22.46,18.41,18.05
59,2001-11-23,600519,35.01,34.98,35.25,34.78,3960,13866000.0,1.34,-0.4,-0.14,0.55,34.98,35.25,34.78,11.61,3.78,2.32,32.56,19.98,20.06,19.07
60,2001-11-26,600519,35.0,34.61,35.0,34.5,3100,10749000.0,1.43,-1.06,-0.37,0.43,34.61,35.0,34.5,11.53,3.74,2.6,32.44,22.55,20.11,19.5
61,2001-11-27,600519,34.58,35.0,35.07,34.58,2569,8954000.0,1.42,1.13,0.39,0.36,35.0,35.07,34.58,10.67,3.81,1.68,35.71,15.75,23.63,20.75
62,2001-11-28,600519,35.05,35.05,35.39,34.9,3773,13256000.0,1.4,0.14,0.05,0.53,35.05,35.39,34.9,10.25,4.13,0.86,40.29,8.39,30.4,25.47
63,2001-11-29,600519,35.01,34.83,35.2,34.81,3046,10658000.0,1.11,-0.63,-0.22,0.43,34.83,35.2,34.81,9.5,3.54,0.95,37.26,10.0,36.92,27.78
64,2001-11-30,600519,34.83,35.34,35.45,34.8,4070,14292000.0,1.87,1.46,0.51,0.57,35.34,35.45,34.8,9.27,3.79,0.95,40.88,10.25,43.97,31.19
65,2001-12-03,600519,35.35,36.17,36.27,35.34,16037,57741000.0,2.63,2.35,0.83,2.24,36.17,36.27,35.34,9.71,4.61,0.64,47.48,6.59,52.59,36.33
66,2001-12-04,600519,36.25,36.23,36.27,35.81,6894,24859000.0,1.27,0.17,0.06,0.96,36.23,36.27,35.81,9.81,4.31,0.64,43.93,6.52,61.95,41.03
67,2001-12-05,600519,37.0,36.0,37.0,35.96,15028,54737513.0,2.87,-0.63,-0.23,2.1,36.0,37.0,35.96,10.55,5.04,0.5,47.77,4.74,69.14,46.39
68,2001-12-06,600519,35.9,36.06,36.3,35.8,6372,23004767.0,1.39,0.17,0.06,0.89,36.06,36.3,35.8,8.53,2.64,0.66,30.95,7.74,68.22,49.31
69,2001-12-07,600519,36.1,35.86,36.2,35.8,3908,14031912.0,1.11,-0.55,-0.2,0.55,35.86,36.2,35.8,7.94,2.64,0.66,33.25,8.31,68.6,52.76
70,2001-12-10,600519,36.0,35.99,36.08,35.71,4162,14941666.0,1.03,0.36,0.13,0.58,35.99,36.08,35.71,7.68,2.19,0.75,28.52,9.77,66.78,55.38
71,2001-12-11,600519,36.0,35.64,36.0,35.61,3580,12821499.0,1.08,-0.97,-0.35,0.5,35.64,36.0,35.61,7.47,2.19,0.85,29.32,11.38,61.52,57.06
72,2001-12-12,600519,35.6,35.77,36.1,35.6,4633,16611472.0,1.4,0.36,0.13,0.65,35.77,36.1,35.6,7.58,2.29,0.85,30.21,11.21,56.81,59.38
73,2001-12-13,600519,35.61,35.26,35.97,35.2,3540,12580276.0,2.15,-1.43,-0.51,0.5,35.26,35.97,35.2,7.88,2.29,1.12,29.06,14.21,48.87,59.01
74,2001-12-14,600519,35.02,35.2,35.5,35.02,2841,10026619.0,1.36,-0.17,-0.06,0.4,35.2,35.5,35.02,7.86,2.29,1.02,29.13,12.98,45.27,56.74
75,2001-12-17,600519,35.11,35.36,35.61,35.05,4414,15611050.0,1.59,0.45,0.16,0.62,35.36,35.61,35.05,7.93,2.33,1.02,29.38,12.86,41.78,55.19
76,2001-12-18,600519,35.48,35.9,35.96,35.1,4821,17167382.0,2.43,1.53,0.54,0.67,35.9,35.96,35.1,8.3,2.36,1.02,28.43,12.29,40.23,53.5
77,2001-12-19,600519,35.9,35.96,36.49,35.63,9620,34761229.0,2.4,0.17,0.06,1.35,35.96,36.49,35.63,8.77,2.89,0.93,32.95,10.6,41.43,51.48
78,2001-12-20,600519,35.9,34.76,35.9,34.65,11362,39988830.0,3.48,-3.34,-1.2,1.59,34.76,35.9,34.65,9.43,2.64,1.91,28.0,20.25,36.46,46.64
79,2001-12-21,600519,34.7,35.87,35.97,34.7,8135,28861442.0,3.65,3.19,1.11,1.14,35.87,35.97,34.7,9.77,1.89,1.91,19.34,19.55,30.83,39.85
80,2001-12-24,600519,35.99,36.42,37.25,35.81,27251,99947172.0,4.01,1.53,0.55,3.81,36.42,37.25,35.81,10.75,3.17,1.91,29.49,17.77,28.57,36.92
81,2001-12-25,600519,36.45,36.5,36.72,35.95,12183,44420025.0,2.11,0.22,0.08,1.7,36.5,36.72,35.95,10.48,2.44,1.91,23.28,18.23,24.09,32.93
82,2001-12-26,600519,36.54,37.19,37.25,36.1,16810,62127143.0,3.15,1.89,0.69,2.35,37.19,37.25,36.1,11.13,2.97,1.75,26.68,15.72,21.79,31.01
83,2001-12-27,600519,37.22,37.32,37.84,36.92,23285,87052679.0,2.47,0.35,0.13,3.26,37.32,37.84,36.92,11.65,3.56,1.75,30.56,15.02,18.92,30.17
84,2001-12-28,600519,37.3,37.3,37.6,36.88,12279,45692306.0,1.93,-0.05,-0.02,1.72,37.3,37.6,36.88,12.0,3.56,1.7,29.67,14.17,22.13,29.3
85,2001-12-31,600519,37.67,38.55,39.3,37.46,52195,202281565.0,4.93,3.35,1.25,7.3,38.55,39.3,37.46,13.61,5.26,1.6,38.65,11.76,30.94,30.89
86,2002-01-04,600519,38.72,37.55,38.8,37.45,29110,111030307.0,3.5,-2.59,-1.0,4.07,37.55,38.8,37.45,14.46,5.16,1.61,35.68,11.13,35.54,32.06
87,2002-01-07,600519,37.15,37.35,37.5,36.68,18943,70279717.0,2.18,-0.53,-0.2,2.65,37.35,37.5,36.68,14.56,5.16,1.98,35.44,13.6,40.94,32.51
88,2002-01-08,600519,37.0,36.59,37.59,36.48,13287,48947614.0,2.97,-2.03,-0.76,1.86,36.59,37.59,36.48,15.19,5.16,2.0,33.97,13.17,43.98,32.89
89,2002-01-09,600519,36.5,36.87,37.18,36.35,10607,38912708.0,2.27,0.77,0.28,1.48,36.87,37.18,36.35,15.46,5.05,2.13,32.66,13.78,45.08,32.0
90,2002-01-10,600519,36.98,37.24,37.39,36.35,18816,69093753.0,2.82,1.0,0.37,2.63,37.24,37.39,36.35,15.64,4.91,2.13,31.39,13.62,45.77,33.95
91,2002-01-11,600519,37.01,36.05,37.14,36.0,11835,43306414.0,3.06,-3.2,-1.19,1.66,36.05,37.14,36.0,16.02,4.38,2.48,27.34,15.48,41.49,36.22
92,2002-01-14,600519,35.7,36.1,36.4,35.43,18719,67196713.0,2.69,0.14,0.05,2.62,36.1,36.4,35.43,15.68,4.38,2.07,27.93,13.2,38.72,37.13
93,2002-01-15,600519,35.98,36.54,37.05,35.91,18247,66666866.0,3.16,1.22,0.44,2.55,36.54,37.05,35.91,15.55,4.96,2.07,31.9,13.31,38.15,39.54
94,2002-01-16,600519,36.48,36.35,36.97,35.4,13974,50700232.0,4.3,-0.52,-0.19,1.95,36.35,36.97,35.4,15.68,3.68,2.58,23.47,16.45,33.72,38.85
95,2002-01-17,600519,36.2,35.06,36.49,34.7,24180,85418339.0,4.92,-3.55,-1.29,3.38,35.06,36.49,34.7,16.7,3.68,3.28,22.04,19.64,27.9,36.49
96,2002-01-18,600519,34.8,36.65,36.88,34.7,32262,116437266.0,6.22,4.54,1.59,4.51,36.65,36.88,34.7,17.73,3.54,3.28,19.97,18.5,21.96,33.86
97,2002-01-21,600519,36.3,35.87,36.6,35.58,15756,56764193.0,2.78,-2.13,-0.78,2.2,35.87,36.6,35.58,17.88,2.95,3.28,16.5,18.34,18.23,29.86
98,2002-01-22,600519,35.8,36.44,36.95,35.8,13486,49186214.0,3.21,1.59,0.57,1.89,36.44,36.95,35.8,18.31,3.3,3.24,18.02,17.7,12.41,25.57
99,2002-01-23,600519,36.65,37.62,37.65,36.2,23336,86396947.0,3.98,3.24,1.18,3.26,37.62,37.65,36.2,17.76,2.3,3.24,12.95,18.24,8.39,23.27
100,2002-01-24,600519,37.36,37.29,37.87,36.8,26616,99483236.0,2.84,-0.88,-0.33,3.72,37.29,37.87,36.8,17.48,2.52,3.23,14.42,18.48,7.51,20.62
101,2002-01-25,600519,37.24,37.1,37.57,36.8,13941,51685502.0,2.06,-0.51,-0.19,1.95,37.1,37.57,36.8,17.38,2.52,2.46,14.5,14.15,6.76,17.33
102,2002-01-28,600519,37.0,35.49,37.29,35.3,21668,77886073.0,5.36,-4.34,-1.61,3.03,35.49,37.29,35.3,18.26,2.52,3.76,13.8,20.59,9.41,15.69
103,2002-01-29,600519,35.2,35.66,36.2,34.98,11872,42283085.0,3.44,0.48,0.17,1.66,35.66,36.2,34.98,18.65,2.52,3.95,13.51,21.18,12.21,15.22
104,2002-01-30,600519,35.6,35.58,36.28,35.2,8419,30030708.0,3.03,-0.22,-0.08,1.18,35.58,36.28,35.2,18.69,2.39,3.95,12.79,21.13,16.16,14.29
105,2002-01-31,600519,36.0,37.6,38.0,36.0,40828,152780902.0,5.62,5.68,2.02,5.71,37.6,38.0,36.0,19.87,4.11,3.6,20.68,18.12,14.44,11.41
106,2002-02-01,600519,37.5,37.06,37.98,36.9,17345,64926556.0,2.87,-1.44,-0.54,2.43,37.06,37.98,36.9,19.98,4.11,3.03,20.57,15.17,14.9,11.21
107,2002-02-04,600519,37.18,37.92,38.15,37.0,16510,62395237.0,3.1,2.32,0.86,2.31,37.92,38.15,37.0,19.99,3.63,3.03,18.16,15.16,16.2,11.48
108,2002-02-05,600519,37.93,37.9,38.68,37.63,11196,42691507.0,2.77,-0.05,-0.02,1.57,37.9,38.68,37.63,19.47,4.16,2.52,21.37,12.94,17.0,13.21
109,2002-02-06,600519,37.86,37.18,38.11,37.09,9669,36137656.0,2.69,-1.9,-0.72,1.35,37.18,38.11,37.09,18.7,4.16,2.36,22.25,12.62,17.92,15.07
110,2002-02-07,600519,37.18,37.41,37.92,37.12,6688,25158901.0,2.15,0.62,0.23,0.94,37.41,37.92,37.12,17.32,3.77,2.36,21.77,13.63,17.65,16.91
111,2002-02-08,600519,37.6,37.65,38.2,37.58,12569,47643920.0,1.66,0.64,0.24,1.76,37.65,38.2,37.58,17.04,4.05,2.36,23.77,13.85,20.94,17.69
112,2002-02-26,600519,37.99,37.77,38.5,37.45,14816,56234511.0,2.79,0.32,0.12,2.07,37.77,38.5,37.45,16.94,4.0,2.36,23.61,13.93,22.72,18.81
113,2002-02-27,600519,37.85,37.93,38.1,37.5,8291,31387541.0,1.59,0.42,0.16,1.16,37.93,38.1,37.5,16.09,3.3,2.36,20.51,14.67,23.99,20.09
114,2002-02-28,600519,38.0,38.0,38.46,37.78,12507,47786791.0,1.79,0.18,0.07,1.75,38.0,38.46,37.78,15.7,3.44,2.36,21.91,15.03,23.0,20.0
115,2002-03-01,600519,37.95,37.39,38.15,37.2,7421,27907358.0,2.5,-1.61,-0.61,1.04,37.39,38.15,37.2,15.88,3.44,2.94,21.66,18.51,19.7,18.81
116,2002-03-04,600519,37.35,38.04,38.08,37.12,5225,19593096.0,2.57,1.74,0.65,0.73,38.04,38.08,37.12,14.85,3.44,1.52,23.16,10.24,22.32,19.99
117,2002-03-05,600519,38.06,38.59,39.1,37.86,22189,85787001.0,3.26,1.45,0.55,3.1,38.59,39.1,37.86,14.87,4.46,1.2,29.99,8.07,27.53,24.23
118,2002-03-06,600519,38.8,38.36,39.08,38.02,18620,71904848.0,2.75,-0.6,-0.23,2.6,38.36,39.08,38.02,14.85,4.38,1.2,29.49,8.08,32.73,27.72
119,2002-03-07,600519,38.2,38.5,38.6,38.05,13616,52163426.0,1.43,0.36,0.14,1.9,38.5,38.6,38.05,12.98,2.66,1.2,20.49,9.24,36.26,30.12
120,2002-03-08,600519,38.55,39.63,39.78,38.55,35327,137988821.0,3.19,2.94,1.13,4.94,39.63,39.78,38.55,13.18,3.84,1.2,29.14,9.1,41.89,32.44
121,2002-03-11,600519,39.69,39.45,39.69,39.07,17606,69191402.0,1.56,-0.45,-0.18,2.46,39.45,39.69,39.07,12.65,3.67,1.2,29.01,9.49,49.04,34.37
122,2002-03-12,600519,39.45,38.5,39.45,38.5,17252,66875879.0,2.41,-2.41,-0.95,2.41,38.5,39.45,38.5,12.55,3.14,1.77,25.02,14.1,47.24,34.78
123,2002-03-13,600519,38.31,38.24,38.8,38.19,7794,29935169.0,1.58,-0.68,-0.26,1.09,38.24,38.8,38.19,12.14,3.14,1.54,25.86,12.69,43.33,35.43
124,2002-03-14,600519,38.11,38.62,38.7,38.05,6388,24487493.0,1.7,0.99,0.38,0.89,38.62,38.7,38.05,11.99,3.14,1.68,26.19,14.01,38.88,35.81
125,2002-03-15,600519,38.02,37.92,38.9,37.85,11893,45551718.0,2.72,-1.81,-0.7,1.66,37.92,38.9,37.85,12.25,2.86,1.68,23.35,13.71,36.91,36.59
126,2002-03-18,600519,38.12,38.0,38.8,37.9,6070,23162182.0,2.37,0.21,0.08,0.85,38.0,38.8,37.9,12.1,2.56,1.68,21.16,13.88,31.64,36.77
127,2002-03-19,600519,38.1,38.75,38.88,38.02,6774,26123110.0,2.26,1.97,0.75,0.95,38.75,38.88,38.02,12.38,2.64,1.68,21.32,13.57,26.89,37.96
128,2002-03-20,600519,38.8,38.97,39.5,38.7,15031,58767953.0,2.06,0.57,0.22,2.1,38.97,39.5,38.7,12.5,2.9,1.68,23.2,13.44,26.68,36.96
129,2002-03-21,600519,39.3,38.92,39.56,38.66,15037,58789396.0,2.31,-0.13,-0.05,2.1,38.92,39.56,38.66,12.45,2.96,1.1,23.78,8.84,28.62,35.98
130,2002-03-22,600519,38.92,38.54,39.0,38.42,7973,30733685.0,1.49,-0.98,-0.38,1.12,38.54,39.0,38.42,12.07,2.96,1.26,24.52,10.44,30.28,34.58
131,2002-03-25,600519,38.49,38.78,38.9,38.3,4315,16693141.0,1.56,0.62,0.24,0.6,38.78,38.9,38.3,11.43,1.94,1.38,16.97,12.07,28.76,32.84
132,2002-03-26,600519,38.7,38.2,38.8,38.12,6239,23950585.0,1.75,-1.5,-0.58,0.87,38.2,38.8,38.12,11.05,1.94,1.56,17.56,14.12,27.11,29.38
133,2002-03-27,600519,38.15,38.1,38.46,37.91,4991,19022433.0,1.44,-0.26,-0.1,0.7,38.1,38.46,37.91,11.05,1.94,1.77,17.56,16.02,24.17,25.53
134,2002-03-28,600519,38.01,38.01,38.28,38.0,5292,20150615.0,0.73,-0.24,-0.09,0.74,38.01,38.28,38.0,10.05,0.76,1.77,7.56,17.61,26.39,26.53
135,2002-03-29,600519,38.0,37.26,38.05,37.1,10625,39865325.0,2.5,-1.97,-0.75,1.49,37.26,38.05,37.1,10.38,0.76,2.67,7.32,25.72,28.03,28.33
136,2002-04-01,600519,37.16,37.6,37.79,37.12,2766,10386559.0,1.8,0.91,0.34,0.39,37.6,37.79,37.12,10.1,0.76,2.1,7.52,20.79,29.13,29.71
137,2002-04-02,600519,37.61,37.02,37.76,36.81,7329,27163339.0,2.53,-1.54,-0.58,1.03,37.02,37.76,36.81,10.44,0.76,2.1,7.28,20.11,34.13,31.44
138,2002-04-03,600519,37.02,36.98,37.3,36.82,6019,22255856.0,1.3,-0.11,-0.04,0.84,36.98,37.3,36.82,10.27,0.76,1.96,7.4,19.08,39.67,33.39
139,2002-04-04,600519,36.97,37.58,37.6,36.51,5161,19068025.0,2.95,1.62,0.6,0.72,37.58,37.6,36.51,10.31,0.76,2.27,7.37,22.02,47.21,35.69
140,2002-04-05,600519,37.78,37.28,37.94,37.1,3047,11402145.0,2.24,-0.8,-0.3,0.43,37.28,37.94,37.1,10.25,1.1,2.27,10.73,22.15,46.34,36.37
141,2002-04-08,600519,37.3,37.0,37.4,36.95,2300,8539346.0,1.21,-0.75,-0.28,0.32,37.0,37.4,36.95,9.82,1.02,2.42,10.39,24.64,43.85,35.94
142,2002-04-09,600519,37.0,37.43,37.5,36.88,3292,12257478.0,1.68,1.16,0.43,0.46,37.43,37.5,36.88,9.64,0.5,2.42,5.19,25.1,47.0,38.06
143,2002-04-10,600519,37.43,37.48,37.77,37.2,3424,12828309.0,1.52,0.13,0.05,0.48,37.48,37.77,37.2,9.31,0.71,2.42,7.63,25.99,48.29,41.21
144,2002-04-11,600519,37.49,37.49,37.88,37.41,6798,25576043.0,1.25,0.03,0.01,0.95,37.49,37.88,37.41,9.2,0.82,2.18,8.91,23.7,48.5,44.08
145,2002-04-12,600519,37.62,38.0,38.22,37.52,4519,17168808.0,1.87,1.36,0.51,0.63,38.0,38.22,37.52,9.33,1.16,2.06,12.43,22.08,44.85,46.03
146,2002-04-15,600519,38.46,37.89,38.5,37.6,2926,11085699.0,2.37,-0.29,-0.11,0.41,37.89,38.5,37.6,9.55,1.44,1.88,15.08,19.69,41.27,43.81
147,2002-04-16,600519,37.88,38.26,38.3,37.88,6036,23013458.0,1.11,0.98,0.37,0.84,38.26,38.3,37.88,9.42,1.44,1.67,15.29,17.73,35.72,39.78
148,2002-04-17,600519,38.5,36.98,38.5,36.85,13219,48993045.0,4.31,-3.35,-1.28,1.85,36.98,38.5,36.85,10.79,1.44,2.7,13.35,25.02,29.83,38.41
149,2002-04-18,600519,37.0,36.39,37.19,36.38,8538,31299469.0,2.19,-1.6,-0.59,1.19,36.39,37.19,36.38,10.65,1.44,2.27,13.52,21.31,24.46,36.37
150,2002-04-19,600519,36.39,36.22,36.45,35.89,8854,31912486.0,1.54,-0.47,-0.17,1.24,36.22,36.45,35.89,10.54,1.44,2.76,13.66,26.19,22.14,35.32
151,2002-04-22,600519,36.0,36.19,36.4,35.9,4114,14831735.0,1.38,-0.08,-0.03,0.58,36.19,36.4,35.9,10.09,1.44,2.45,14.27,24.28,21.81,33.33
152,2002-04-23,600519,36.19,35.52,36.19,35.51,4088,14622595.0,1.88,-1.85,-0.67,0.57,35.52,36.19,35.51,10.29,1.44,2.84,13.99,27.6,25.05,33.16
153,2002-04-24,600519,35.5,35.24,35.88,35.16,5051,17876338.0,2.03,-0.79,-0.28,0.71,35.24,35.88,35.16,9.92,1.44,2.88,14.52,29.03,29.37,32.55
154,2002-04-25,600519,35.1,35.51,35.68,35.1,2597,9206508.0,1.65,0.77,0.27,0.36,35.51,35.68,35.1,9.66,1.1,2.94,11.39,30.43,31.89,30.86
155,2002-04-26,600519,35.5,36.02,36.08,35.4,2381,8537641.0,1.91,1.44,0.51,0.33,36.02,36.08,35.4,9.89,1.5,2.79,15.17,28.21,33.18,28.82
156,2002-04-29,600519,36.2,36.35,37.0,36.2,4665,17015082.0,2.22,0.92,0.33,0.65,36.35,37.0,36.2,10.25,2.32,2.79,22.63,27.22,29.47,25.8
157,2002-04-30,600519,36.48,36.2,36.6,35.95,5978,21592851.0,1.79,-0.41,-0.15,0.84,36.2,36.6,35.95,10.33,2.05,3.04,19.85,29.43,28.38,25.1
158,2002-05-08,600519,36.31,36.25,36.5,36.02,1700,6152534.0,1.33,0.14,0.05,0.24,36.25,36.5,36.02,10.34,1.94,3.04,18.76,29.4,26.61,25.83
159,2002-05-09,600519,36.0,36.03,36.45,36.0,1712,6186437.0,1.24,-0.61,-0.22,0.24,36.03,36.45,36.0,10.06,1.6,3.06,15.9,30.42,26.28,27.83
160,2002-05-10,600519,36.05,35.66,36.13,35.65,2689,9625820.0,1.33,-1.03,-0.37,0.38,35.66,36.13,35.65,9.64,1.32,3.41,13.69,35.37,26.05,28.97
161,2002-05-13,600519,35.57,35.4,35.7,35.38,2831,10033864.0,0.9,-0.73,-0.26,0.4,35.4,35.7,35.38,9.54,1.32,3.68,13.84,38.57,28.91,31.04
162,2002-05-14,600519,35.4,35.48,36.48,35.21,5070,18159637.0,3.59,0.23,0.08,0.71,35.48,36.48,35.21,9.16,2.1,2.65,22.93,28.93,29.31,29.39
163,2002-05-15,600519,35.68,35.34,35.69,35.2,2244,7948908.0,1.38,-0.39,-0.14,0.31,35.34,35.69,35.2,8.84,2.1,2.19,23.76,24.77,26.41,27.4
164,2002-05-16,600519,35.25,34.96,35.36,34.91,5550,19465458.0,1.27,-1.08,-0.38,0.78,34.96,35.36,34.91,8.73,2.1,1.99,24.05,22.79,23.18,24.9
165,2002-05-17,600519,34.89,35.04,35.59,34.75,3860,13508333.0,2.4,0.23,0.08,0.54,35.04,35.59,34.75,9.07,2.33,1.99,25.69,21.94,19.27,22.78
166,2002-05-20,600519,34.99,34.51,34.99,34.5,3354,11623861.0,1.4,-1.51,-0.53,0.47,34.51,34.99,34.5,8.93,2.33,1.85,26.09,20.72,13.82,19.94
167,2002-05-21,600519,35.54,35.03,35.54,34.9,5707,20081800.0,1.85,1.51,0.52,0.8,35.03,35.54,34.9,9.24,2.88,1.5,31.17,16.23,11.2,20.06
168,2002-05-22,600519,35.1,35.02,35.48,34.95,2974,10442708.0,1.51,-0.03,-0.01,0.42,35.02,35.48,34.95,9.19,2.88,1.44,31.34,15.67,14.83,22.07
169,2002-05-23,600519,35.88,35.2,35.88,35.1,1620,5705093.0,2.23,0.51,0.18,0.23,35.2,35.88,35.1,9.37,2.88,1.44,30.74,15.37,20.04,23.22
170,2002-05-24,600519,35.01,34.89,35.2,34.68,2407,8401313.0,1.48,-0.88,-0.31,0.34,34.89,35.2,34.68,8.91,1.96,1.86,22.0,20.88,20.02,21.6
171,2002-05-27,600519,35.0,35.11,35.34,34.89,1653,5801250.0,1.29,0.63,0.22,0.23,35.11,35.34,34.89,8.71,2.1,1.61,24.11,18.48,20.91,20.09
172,2002-05-28,600519,35.2,35.16,35.55,35.1,2615,9258306.0,1.28,0.14,0.05,0.37,35.16,35.55,35.1,8.68,2.31,1.61,26.61,18.55,21.98,17.9
173,2002-05-29,600519,35.21,34.77,35.38,34.66,2685,9340641.0,2.05,-1.11,-0.39,0.38,34.77,35.38,34.66,8.95,2.31,2.03,25.81,22.68,17.8,14.5
174,2002-05-30,600519,34.88,34.86,35.06,34.6,1962,6813508.0,1.32,0.26,0.09,0.27,34.86,35.06,34.6,8.93,2.31,1.74,25.87,19.48,14.59,14.71
175,2002-05-31,600519,35.0,34.95,35.16,34.8,1806,6326360.0,1.03,0.26,0.09,0.25,34.95,35.16,34.8,8.97,2.41,1.47,26.87,16.39,13.07,16.55
176,2002-06-03,600519,34.9,34.93,35.01,34.51,2290,7966689.0,1.43,-0.06,-0.02,0.32,34.93,35.01,34.51,8.2,1.63,1.76,19.88,21.46,13.28,16.65
177,2002-06-04,600519,34.9,34.5,35.0,34.0,1976,6831604.0,2.86,-1.23,-0.43,0.28,34.5,35.0,34.0,8.71,1.63,2.26,18.71,25.95,13.77,17.34
178,2002-06-05,600519,34.5,34.35,34.5,34.1,2225,7636262.0,1.16,-0.43,-0.15,0.31,34.35,34.5,34.1,8.66,1.63,1.97,18.82,22.75,12.37,17.17
179,2002-06-06,600519,34.38,34.99,35.47,34.1,5757,19928860.0,3.99,1.86,0.64,0.81,34.99,35.47,34.1,9.19,2.37,1.97,25.79,21.44,12.83,15.32
180,2002-06-07,600519,34.8,34.92,35.16,34.61,3622,12686067.0,1.57,-0.2,-0.07,0.51,34.92,35.16,34.61,9.2,2.37,1.72,25.76,18.7,13.14,13.86
181,2002-06-10,600519,35.0,34.64,35.05,34.51,1833,6371263.0,1.55,-0.8,-0.28,0.26,34.64,35.05,34.51,8.71,1.82,1.82,20.9,20.9,9.1,11.08
182,2002-06-11,600519,34.75,34.82,35.02,34.65,1539,5368576.0,1.07,0.52,0.18,0.22,34.82,35.02,34.65,8.56,1.82,1.82,21.26,21.26,8.46,10.87
183,2002-06-12,600519,34.8,35.11,35.12,34.55,2082,7240715.0,1.64,0.83,0.29,0.29,35.11,35.12,34.55,8.27,1.42,1.92,17.17,23.22,8.25,11.01
184,2002-06-13,600519,35.1,34.9,35.3,34.88,1623,5701623.0,1.2,-0.6,-0.21,0.23,34.9,35.3,34.88,8.17,1.6,1.5,19.58,18.36,7.22,9.79
185,2002-06-14,600519,34.9,34.65,35.2,34.6,947,3289645.0,1.72,-0.72,-0.25,0.13,34.65,35.2,34.6,8.32,1.46,1.78,17.55,21.39,7.33,10.08
186,2002-06-17,600519,34.55,34.65,34.66,34.3,1358,4678657.0,1.04,0.0,0.0,0.19,34.65,34.66,34.3,8.23,1.25,2.08,15.19,25.27,8.83,10.98
187,2002-06-18,600519,34.7,34.97,35.08,34.69,1637,5721280.0,1.13,0.92,0.32,0.23,34.97,35.08,34.69,7.94,1.67,1.64,21.03,20.65,8.98,9.04
188,2002-06-19,600519,34.9,34.73,35.0,34.7,834,2900266.0,0.86,-0.69,-0.24,0.12,34.73,35.0,34.7,7.78,1.67,1.58,21.47,20.31,9.45,8.95
189,2002-06-20,600519,34.98,34.88,35.05,34.76,1319,4609083.0,0.84,0.43,0.15,0.18,34.88,35.05,34.76,7.74,1.62,1.58,20.93,20.41,7.16,7.71
190,2002-06-21,600519,35.0,35.49,35.7,34.88,4267,15107102.0,2.35,1.75,0.61,0.6,35.49,35.7,34.88,8.06,2.27,1.29,28.16,16.0,11.21,9.21
191,2002-06-24,600519,39.04,38.18,39.04,37.0,61254,234474989.0,5.75,7.58,2.69,8.57,38.18,39.04,37.0,10.61,5.61,0.78,52.87,7.35,22.16,14.74
192,2002-06-26,600519,37.28,36.85,37.4,36.56,15423,56971879.0,2.2,-3.48,-1.33,2.16,36.85,37.4,36.56,11.83,5.61,1.22,47.42,10.31,28.72,18.78
193,2002-06-27,600519,36.9,36.78,37.18,36.6,5580,20570000.0,1.57,-0.19,-0.07,0.78,36.78,37.18,36.6,11.04,4.64,1.22,42.03,11.05,38.3,23.64
194,2002-06-28,600519,36.7,37.03,37.38,36.7,10764,39735942.0,1.85,0.68,0.25,1.51,37.03,37.38,36.7,11.17,4.84,1.22,43.33,10.92,47.79,28.62
195,2002-07-01,600519,37.08,36.8,37.49,36.78,4320,16032014.0,1.92,-0.62,-0.23,0.6,36.8,37.49,36.78,11.34,4.95,1.12,43.65,9.88,58.1,32.63
196,2002-07-02,600519,36.8,36.75,36.8,36.58,3935,14439880.0,0.6,-0.14,-0.05,0.55,36.75,36.8,36.58,11.18,4.95,1.32,44.28,11.81,63.16,37.18
197,2002-07-03,600519,36.75,36.66,36.85,36.5,5333,19520104.0,0.95,-0.24,-0.09,0.75,36.66,36.85,36.5,10.96,4.95,1.3,45.16,11.86,60.29,41.23
198,2002-07-04,600519,36.68,36.07,36.7,36.0,6670,24199148.0,1.91,-1.61,-0.59,0.93,36.07,36.7,36.0,11.24,4.77,1.8,42.44,16.01,57.12,42.92
199,2002-07-05,600519,36.06,36.16,36.18,36.0,6816,24596151.0,0.5,0.25,0.09,0.95,36.16,36.18,36.0,10.82,4.77,1.52,44.09,14.05,56.0,47.15
200,2002-07-08,600519,36.18,36.17,36.46,36.1,3193,11563090.0,1.0,0.03,0.01,0.45,36.17,36.46,36.1,10.82,5.05,1.22,46.67,11.28,56.23,52.01
201,2002-07-09,600519,36.18,36.12,36.24,36.03,3523,12721871.0,0.58,-0.14,-0.05,0.49,36.12,36.24,36.03,10.6,4.63,1.29,43.68,12.17,55.11,56.6
202,2002-07-10,600519,36.12,35.72,36.24,35.65,4623,16561215.0,1.63,-1.11,-0.4,0.65,35.72,36.24,35.65,10.89,4.63,1.67,42.52,15.34,53.29,58.23
203,2002-07-11,600519,35.63,35.93,36.25,35.63,2358,8471292.0,1.74,0.59,0.21,0.33,35.93,36.25,35.63,11.19,4.58,1.69,40.93,15.1,51.24,55.77
204,2002-07-12,600519,35.99,36.03,36.18,35.8,1588,5724883.0,1.06,0.28,0.1,0.22,36.03,36.18,35.8,10.75,3.93,1.69,36.56,15.72,50.35,53.73
205,2002-07-15,600519,36.01,35.91,36.16,35.9,1309,4708941.0,0.72,-0.33,-0.12,0.18,35.91,36.16,35.9,7.46,0.59,1.69,7.91,22.65,49.78,52.89
206,2002-07-16,600519,35.68,35.9,36.13,35.68,2316,8339593.0,1.25,-0.03,-0.01,0.32,35.9,36.13,35.68,6.29,0.59,1.47,9.38,23.37,46.72,51.47
207,2002-07-17,600519,35.95,35.9,36.0,35.65,1342,4803760.0,0.97,0.0,0.0,0.19,35.9,36.0,35.65,6.06,0.59,1.5,9.74,24.75,44.57,49.84
208,2002-07-18,600519,36.05,36.24,36.49,36.0,5894,21394400.0,1.36,0.95,0.34,0.82,36.24,36.49,36.0,5.97,0.88,1.5,14.74,25.13,41.08,47.19
209,2002-07-19,600519,36.37,36.39,36.46,36.26,2517,9151205.0,0.55,0.41,0.15,0.35,36.39,36.46,36.26,5.48,0.77,1.5,14.05,27.37,38.76,45.0
210,2002-07-22,600519,36.68,36.4,36.7,36.33,6104,22267992.0,1.02,0.03,0.01,0.85,36.4,36.7,36.33,5.63,1.01,1.3,17.94,23.09,34.21,42.28
211,2002-07-23,600519,36.45,36.25,36.45,36.01,2902,10500988.0,1.21,-0.41,-0.15,0.41,36.25,36.45,36.01,5.72,1.01,1.54,17.66,26.92,29.63,39.71
212,2002-07-24,600519,36.3,36.4,36.49,36.1,4664,16952456.0,1.08,0.41,0.15,0.65,36.4,36.49,36.1,5.41,1.05,1.04,19.41,19.22,22.59,34.66
213,2002-07-25,600519,32.61,32.31,32.81,32.11,1700,5497155.0,1.92,-11.24,-4.09,0.22,32.31,32.81,32.11,9.52,1.05,5.03,11.03,52.84,26.25,35.41
214,2002-07-26,600519,32.5,32.13,32.5,32.07,1558,5017641.0,1.33,-0.56,-0.18,0.2,32.13,32.5,32.07,9.59,0.77,5.07,8.03,52.87,34.18,37.63
215,2002-07-29,600519,32.2,31.69,32.28,31.58,2557,8122111.0,2.18,-1.37,-0.44,0.33,31.69,32.28,31.58,10.08,0.77,5.49,7.64,54.46,41.38,40.07
216,2002-07-30,600519,31.68,31.52,31.75,31.48,3446,10878707.0,0.85,-0.54,-0.17,0.44,31.52,31.75,31.48,9.76,0.77,5.21,7.89,53.38,51.67,42.94
217,2002-07-31,600519,31.52,31.32,31.7,31.25,2580,8116149.0,1.43,-0.63,-0.2,0.33,31.32,31.7,31.25,9.59,0.77,5.42,8.03,56.52,60.72,45.18
218,2002-08-01,600519,31.28,31.24,31.49,31.15,2001,6261720.0,1.09,-0.26,-0.08,0.25,31.24,31.49,31.15,9.55,0.77,5.52,8.06,57.8,73.23,47.91
219,2002-08-02,600519,31.3,31.43,31.78,31.05,1254,3927364.0,2.34,0.61,0.19,0.16,31.43,31.78,31.05,10.02,1.06,5.52,10.58,55.09,73.62,49.93
220,2002-08-05,600519,31.44,31.32,31.5,31.25,1078,3381000.0,0.8,-0.35,-0.11,0.14,31.32,31.5,31.25,9.82,1.06,5.3,10.79,53.97,72.46,53.32
221,2002-08-06,600519,31.32,31.42,31.58,31.22,2092,6575058.0,1.15,0.32,0.1,0.27,31.42,31.58,31.22,9.83,1.14,5.27,11.6,53.61,70.63,56.01
222,2002-08-07,600519,31.43,31.42,31.5,31.35,1356,4259610.0,0.48,0.0,0.0,0.17,31.42,31.5,31.35,9.39,0.65,5.27,6.92,56.12,71.26,61.46
223,2002-08-08,600519,31.42,31.29,31.57,31.2,1265,3969885.0,1.18,-0.41,-0.13,0.16,31.29,31.57,31.2,9.54,0.65,5.42,6.81,56.81,71.84,66.28
224,2002-08-09,600519,31.21,30.98,31.35,30.94,2490,7741685.0,1.31,-0.99,-0.31,0.32,30.98,31.35,30.94,9.58,0.41,5.68,4.28,59.29,73.67,73.45
225,2002-08-12,600519,30.8,30.6,30.88,30.6,2251,6900600.0,0.9,-1.23,-0.38,0.29,30.6,30.88,30.6,9.52,0.41,5.7,4.31,59.87,76.81,75.21
226,2002-08-13,600519,30.7,30.6,30.7,30.4,1704,5204223.0,0.98,0.0,0.0,0.22,30.6,30.7,30.4,9.43,0.37,5.9,3.92,62.57,80.39,76.42
227,2002-08-14,600519,30.98,30.98,30.98,30.6,2472,7621220.0,1.24,1.24,0.38,0.31,30.98,30.98,30.6,5.52,0.65,1.91,11.78,34.6,77.86,74.24
228,2002-08-15,600519,30.98,30.76,30.98,30.75,1260,3886298.0,0.74,-0.71,-0.22,0.16,30.76,30.98,30.75,5.32,0.65,1.87,12.22,35.15,72.92,72.09
229,2002-08-16,600519,30.5,30.8,30.87,30.3,2241,6857222.0,1.85,0.13,0.04,0.28,30.8,30.87,30.3,5.19,0.65,1.83,12.52,35.26,67.75,69.8
230,2002-08-19,600519,30.79,30.66,30.9,30.61,1109,3407937.0,0.94,-0.45,-0.14,0.14,30.66,30.9,30.61,5.21,0.68,1.73,13.05,33.21,60.59,67.13
231,2002-08-20,600519,30.59,30.9,30.99,30.59,2372,7316845.0,1.3,0.78,0.24,0.3,30.9,30.99,30.59,5.16,0.77,1.5,14.92,29.07,51.52,64.16
232,2002-08-21,600519,31.0,30.9,31.0,30.77,1695,5229829.0,0.74,0.0,0.0,0.22,30.9,31.0,30.77,5.05,0.78,1.4,15.45,27.72,41.56,60.98
233,2002-08-22,600519,31.0,31.18,31.37,30.9,4220,13173485.0,1.52,0.91,0.28,0.54,31.18,31.37,30.9,4.79,0.86,1.4,17.95,29.23,37.34,57.6
234,2002-08-23,600519,31.15,31.23,31.35,31.15,2431,7592485.0,0.64,0.16,0.05,0.31,31.23,31.35,31.15,4.74,0.86,1.4,18.14,29.54,33.26,53.09
235,2002-08-26,600519,31.15,30.73,31.15,30.69,2631,8109133.0,1.47,-1.6,-0.5,0.33,30.73,31.15,30.69,4.92,0.78,1.86,15.85,37.8,32.14,49.95
236,2002-08-27,600519,30.73,30.85,30.9,30.6,2584,7938100.0,0.98,0.39,0.12,0.33,30.85,30.9,30.6,5.07,0.78,1.95,15.38,38.46,32.03,46.31
237,2002-08-28,600519,30.89,30.55,31.12,30.5,3765,11550000.0,2.01,-0.97,-0.3,0.48,30.55,31.12,30.5,5.32,1.0,1.8,18.8,33.83,31.43,41.48
238,2002-08-29,600519,30.55,30.49,30.68,30.45,2899,8846652.0,0.75,-0.2,-0.06,0.37,30.49,30.68,30.45,5.14,1.0,1.59,19.46,30.93,30.48,36.02
239,2002-08-30,600519,30.56,30.47,30.56,30.42,1887,5751168.0,0.46,-0.07,-0.02,0.24,30.47,30.56,30.42,4.9,1.0,1.28,20.41,26.12,28.55,32.95
240,2002-09-02,600519,30.45,30.4,30.5,30.35,2341,7119903.0,0.49,-0.23,-0.07,0.3,30.4,30.5,30.35,4.75,1.0,1.15,21.05,24.21,25.73,29.49
241,2002-09-03,600519,30.4,30.63,30.88,30.4,2277,6981608.0,1.58,0.76,0.23,0.29,30.63,30.88,30.4,4.85,1.1,1.15,22.68,23.71,19.28,25.71
242,2002-09-04,600519,30.63,30.59,30.79,30.42,1789,5457397.0,1.21,-0.13,-0.04,0.23,30.59,30.79,30.42,4.99,1.1,1.15,22.04,23.05,12.51,22.27
243,2002-09-05,600519,30.52,30.3,30.52,30.3,2894,8795149.0,0.72,-0.95,-0.29,0.37,30.3,30.52,30.3,4.71,1.1,0.82,23.35,17.41,10.18,20.8
244,2002-09-06,600519,30.35,30.35,30.46,30.2,1860,5634774.0,0.86,0.17,0.05,0.24,30.35,30.46,30.2,4.68,1.07,0.92,22.86,19.66,7.64,19.06
245,2002-09-09,600519,30.3,30.07,30.35,30.02,2614,7873842.0,1.09,-0.92,-0.28,0.33,30.07,30.35,30.02,4.61,0.98,1.1,21.26,23.86,6.55,17.55
246,2002-09-10,600519,30.0,29.6,30.1,29.48,8057,23941530.0,2.06,-1.56,-0.47,1.02,29.6,30.1,29.48,5.0,0.97,1.64,19.4,32.8,9.67,17.7
247,2002-09-11,600519,29.46,29.1,29.6,28.6,9845,28552916.0,3.38,-1.69,-0.5,1.25,29.1,29.6,28.6,5.53,0.6,2.52,10.85,45.57,19.55,19.42
248,2002-09-12,600519,29.0,29.07,29.25,28.77,1717,4984486.0,1.65,-0.1,-0.03,0.22,29.07,29.25,28.77,5.81,0.6,2.52,10.33,43.37,29.44,20.97
249,2002-09-13,600519,29.01,29.16,29.18,28.92,1072,3119148.0,0.89,0.31,0.09,0.14,29.16,29.18,28.92,5.53,0.6,2.06,10.85,37.25,36.16,23.17
250,2002-09-16,600519,29.11,28.7,29.17,28.69,3924,11280816.0,1.65,-1.58,-0.46,0.5,28.7,29.17,28.69,5.71,0.6,2.2,10.51,38.53,44.42,26.03
251,2002-09-17,600519,28.75,28.9,29.08,28.62,2613,7538521.0,1.6,0.7,0.2,0.33,28.9,29.08,28.62,5.55,0.38,2.27,6.85,40.9,55.35,30.95
252,2002-09-18,600519,28.99,28.87,28.99,28.73,1616,4660761.0,0.9,-0.1,-0.03,0.21,28.87,28.99,28.73,5.58,0.38,2.22,6.81,39.78,62.87,36.27
253,2002-09-19,600519,28.8,29.0,29.15,28.57,3650,10478770.0,2.01,0.45,0.13,0.46,29.0,29.15,28.57,6.02,0.38,2.19,6.31,36.38,64.35,41.95
254,2002-09-20,600519,28.97,28.73,28.97,28.67,1373,3949578.0,1.03,-0.93,-0.27,0.17,28.73,28.97,28.67,6.2,0.38,2.12,6.13,34.19,65.69,47.57
255,2002-09-23,600519,28.68,28.43,28.73,28.4,2121,6061634.0,1.15,-1.04,-0.3,0.27,28.43,28.73,28.4,6.05,0.0,2.39,0.0,39.5,73.21,54.68
256,2002-09-24,600519,28.4,27.98,28.43,27.9,7149,20063143.0,1.86,-1.58,-0.45,0.91,27.98,28.43,27.9,6.21,0.0,2.89,0.0,46.54,80.35,62.39
257,2002-09-25,600519,27.98,28.3,28.55,27.98,3557,10075783.0,2.04,1.14,0.32,0.45,28.3,28.55,27.98,6.49,0.12,2.77,1.85,42.68,83.75,69.55
258,2002-09-26,600519,28.36,28.03,28.36,28.01,2168,6093149.0,1.24,-0.95,-0.27,0.28,28.03,28.36,28.01,6.58,0.12,2.67,1.82,40.58,87.19,75.03
259,2002-09-27,600519,28.12,28.18,28.35,27.98,1505,4234851.0,1.32,0.54,0.15,0.19,28.18,28.35,27.98,6.62,0.12,2.52,1.81,38.07,90.6,77.47
260,2002-10-08,600519,28.15,28.08,28.15,27.93,3590,10069826.0,0.78,-0.35,-0.1,0.46,28.08,28.15,27.93,6.25,0.12,2.03,1.92,32.48,93.81,79.75
261,2002-10-09,600519,28.0,27.73,28.05,27.58,2459,6822147.0,1.67,-1.25,-0.35,0.31,27.73,28.05,27.58,5.75,0.12,1.5,2.09,26.09,91.34,82.27
262,2002-10-10,600519,27.7,27.78,28.03,27.65,1088,3018141.0,1.37,0.18,0.05,0.14,27.78,28.03,27.65,5.65,0.12,1.5,2.12,26.55,88.87,84.61
263,2002-10-11,600519,27.68,27.58,27.9,27.5,1217,3366265.0,1.44,-0.72,-0.2,0.15,27.58,27.9,27.5,5.79,0.12,1.65,2.07,28.5,87.99,85.87
264,2002-10-14,600519,27.9,27.62,27.9,27.52,1095,3024408.0,1.38,0.15,0.04,0.14,27.62,27.9,27.52,5.69,0.12,1.42,2.11,24.96,86.83,87.01
265,2002-10-15,600519,27.6,27.78,27.79,27.55,2066,5710573.0,0.87,0.58,0.16,0.26,27.78,27.79,27.55,5.47,0.12,1.35,2.19,24.68,85.62,88.11
266,2002-10-16,600519,27.78,27.91,28.19,27.77,2261,6327939.0,1.51,0.47,0.13,0.29,27.91,28.19,27.77,5.63,0.52,1.35,9.24,23.98,78.21,86.01
267,2002-10-17,600519,27.91,27.59,28.0,27.5,1565,4336014.0,1.79,-1.15,-0.32,0.2,27.59,28.0,27.5,5.55,0.52,1.62,9.37,29.19,72.58,81.96
268,2002-10-18,600519,27.5,26.81,27.68,26.55,4635,12464187.0,4.1,-2.83,-0.78,0.59,26.81,27.68,26.55,6.35,0.52,2.57,8.19,40.47,69.44,79.16
269,2002-10-21,600519,26.79,26.85,27.28,26.55,1646,4391499.0,2.72,0.15,0.04,0.21,26.85,27.28,26.55,6.75,0.52,2.3,7.7,34.07,65.56,76.77
270,2002-10-22,600519,26.97,27.38,27.55,26.9,2106,5735513.0,2.42,1.97,0.53,0.27,27.38,27.55,26.9,6.92,0.79,1.8,11.42,26.01,57.99,72.41
271,2002-10-23,600519,27.45,27.13,27.45,27.03,1081,2938025.0,1.53,-0.91,-0.25,0.14,27.13,27.45,27.03,6.77,0.67,1.8,9.9,26.59,51.67,68.64
272,2002-10-24,600519,27.1,27.11,27.38,27.1,971,2637743.0,1.03,-0.07,-0.02,0.12,27.11,27.38,27.1,6.7,0.67,1.8,10.0,26.87,51.89,65.05
273,2002-10-25,600519,27.11,26.65,27.12,26.6,2368,6346386.0,1.92,-1.7,-0.46,0.3,26.65,27.12,26.6,6.85,0.67,2.27,9.78,33.14,52.4,62.49
274,2002-10-28,600519,26.6,25.96,26.6,25.9,4472,11679872.0,2.63,-2.59,-0.69,0.57,25.96,26.6,25.9,7.35,0.67,2.92,9.12,39.73,51.79,60.61
275,2002-10-29,600519,26.5,26.21,26.5,25.61,3199,8294858.0,3.43,0.96,0.25,0.41,26.21,26.5,25.61,7.74,0.67,2.86,8.66,36.95,51.6,58.58
276,2002-10-30,600519,26.25,26.03,26.3,25.96,2036,5323624.0,1.3,-0.69,-0.18,0.26,26.03,26.3,25.96,7.7,0.67,2.86,8.7,37.14,55.45,56.72
277,2002-10-31,600519,26.03,26.09,26.48,26.0,2817,7375701.0,1.84,0.23,0.06,0.36,26.09,26.48,26.0,7.78,0.85,2.71,10.93,34.83,56.53,54.1
278,2002-11-01,600519,26.08,26.22,26.27,25.96,1471,3830309.0,1.19,0.5,0.13,0.19,26.22,26.27,25.96,7.71,0.85,2.75,11.02,35.67,57.7,54.8
279,2002-11-04,600519,26.22,26.66,26.66,26.22,1995,5271415.0,1.68,1.68,0.44,0.25,26.66,26.66,26.22,7.91,1.24,2.75,15.68,34.77,54.94,53.67
280,2002-11-05,600519,26.7,26.91,27.2,26.51,3485,9402742.0,2.59,0.94,0.25,0.44,26.91,27.2,26.51,8.18,1.38,2.75,16.87,33.62,50.02,50.9
281,2002-11-06,600519,26.95,26.72,26.98,26.7,1623,4344756.0,1.04,-0.71,-0.19,0.21,26.72,26.98,26.7,7.96,1.38,2.48,17.34,31.16,44.43,48.02
282,2002-11-07,600519,26.75,26.63,26.85,26.52,2417,6446131.0,1.24,-0.34,-0.09,0.31,26.63,26.85,26.52,7.16,1.38,1.71,19.27,23.88,35.87,45.66
283,2002-11-08,600519,27.2,26.08,27.2,25.96,2718,7151816.0,4.66,-2.07,-0.55,0.35,26.08,27.2,25.96,7.67,1.38,2.27,17.99,29.6,31.23,43.88
284,2002-11-11,600519,26.13,26.01,26.35,25.81,1883,4915876.0,2.07,-0.27,-0.07,0.24,26.01,26.35,25.81,7.51,1.11,2.42,14.78,32.22,28.61,43.16
285,2002-11-12,600519,26.05,25.8,26.28,25.75,2396,6207445.0,2.04,-0.81,-0.21,0.3,25.8,26.28,25.75,7.62,1.11,2.48,14.57,32.55,28.67,41.8
286,2002-11-13,600519,25.78,25.97,25.99,25.67,1954,5035473.0,1.24,0.66,0.17,0.25,25.97,25.99,25.67,7.66,1.11,2.56,14.49,33.42,29.72,39.87
287,2002-11-14,600519,25.98,25.83,26.13,25.8,1688,4380220.0,1.27,-0.54,-0.14,0.21,25.83,26.13,25.8,7.47,1.25,2.06,16.73,27.58,29.05,36.74
288,2002-11-15,600519,25.8,25.82,26.04,25.65,2349,6065973.0,1.51,-0.04,-0.01,0.3,25.82,26.04,25.65,7.11,1.25,1.51,17.58,21.24,28.84,32.36
289,2002-11-18,600519,25.8,26.0,26.06,25.8,1947,5049727.0,1.01,0.7,0.18,0.25,26.0,26.06,25.8,6.48,1.27,1.22,19.6,18.83,25.11,28.17
290,2002-11-19,600519,26.0,26.43,26.55,25.92,3218,8450560.0,2.42,1.65,0.43,0.41,26.43,26.55,25.92,6.77,1.76,1.22,26.0,18.02,21.95,25.28
291,2002-11-20,600519,26.48,26.34,26.7,25.9,9579,25196773.0,3.03,-0.34,-0.09,1.22,26.34,26.7,25.9,7.09,1.73,1.22,24.4,17.21,18.47,23.57
292,2002-11-21,600519,26.24,25.86,26.4,25.85,4020,10494850.0,2.09,-1.82,-0.48,0.51,25.86,26.4,25.85,7.33,1.73,1.23,23.6,16.78,14.7,22.21
293,2002-11-22,600519,26.0,25.91,26.26,25.58,2429,6292793.0,2.63,0.19,0.05,0.31,25.91,26.26,25.58,7.57,1.34,1.5,17.7,19.82,11.56,20.31
294,2002-11-25,600519,25.92,26.18,26.28,25.6,3988,10418495.0,2.62,1.04,0.27,0.51,26.18,26.28,25.6,7.56,0.82,1.5,10.85,19.84,14.88,21.86
295,2002-11-26,600519,26.3,25.71,26.4,25.7,2055,5354392.0,2.67,-1.8,-0.47,0.26,25.71,26.4,25.7,7.98,0.94,1.5,11.78,18.8,18.37,21.74
296,2002-11-27,600519,25.6,25.63,25.98,25.42,3321,8506108.0,2.18,-0.31,-0.08,0.42,25.63,25.98,25.42,8.21,0.94,1.6,11.45,19.49,19.68,20.81
297,2002-11-28,600519,25.69,26.28,26.4,25.62,2492,6508407.0,3.04,2.54,0.65,0.32,26.28,26.4,25.62,7.75,1.36,1.04,17.55,13.42,19.02,18.74
298,2002-12-02,600519,26.5,25.99,26.7,25.92,5851,15455370.0,2.97,-1.1,-0.29,0.74,25.99,26.7,25.92,7.99,1.66,0.89,20.78,11.14,21.23,17.97
299,2002-12-03,600519,25.92,26.39,26.42,25.7,3104,8113029.0,2.77,1.54,0.4,0.39,26.39,26.42,25.7,8.18,1.66,1.05,20.29,12.84,24.05,17.8
300,2002-12-04,600519,26.07,26.45,26.8,26.07,4151,11045716.0,2.77,0.23,0.06,0.53,26.45,26.8,26.07,8.59,2.04,0.97,23.75,11.29,25.09,19.98
301,2002-12-05,600519,26.38,27.1,27.38,26.3,13020,35246694.0,4.08,2.46,0.65,1.66,27.1,27.38,26.3,9.34,2.48,0.97,26.55,10.39,28.56,23.46
302,2002-12-06,600519,27.0,27.01,27.2,26.82,3742,10116516.0,1.4,-0.33,-0.09,0.48,27.01,27.2,26.82,9.33,2.48,0.82,26.58,8.79,32.61,26.14
303,2002-12-09,600519,27.0,26.77,27.1,26.7,2903,7793264.0,1.48,-0.89,-0.24,0.37,26.77,27.1,26.7,9.47,2.46,0.94,25.98,9.93,37.84,28.43
304,2002-12-10,600519,26.82,26.46,26.9,26.4,2612,6946196.0,1.87,-1.16,-0.31,0.33,26.46,26.9,26.4,9.34,1.97,1.24,21.09,13.28,36.6,28.92
305,2002-12-11,600519,26.35,26.32,26.45,26.1,2547,6682742.0,1.32,-0.53,-0.14,0.32,26.32,26.45,26.1,8.9,1.82,1.54,20.45,17.3,34.23,29.14
306,2002-12-12,600519,26.32,26.57,26.6,26.13,3989,10541432.0,1.79,0.95,0.25,0.51,26.57,26.6,26.13,8.82,1.97,1.49,22.34,16.89,30.62,27.85
307,2002-12-13,600519,25.8,26.49,26.73,25.8,2223,5860451.0,3.5,-0.3,-0.08,0.28,26.49,26.73,25.8,9.07,1.97,1.55,21.72,17.09,25.31,26.94
308,2002-12-16,600519,26.49,26.91,26.98,26.37,7977,21310704.0,2.3,1.59,0.42,1.01,26.91,26.98,26.37,9.0,2.2,1.55,24.44,17.22,19.82,26.21
309,2002-12-17,600519,26.91,26.92,27.1,26.72,2926,7886188.0,1.41,0.04,0.01,0.37,26.92,27.1,26.72,8.68,2.2,1.55,25.35,17.86,15.26,26.55
310,2002-12-18,600519,26.88,26.76,26.98,26.72,2029,5434639.0,0.97,-0.59,-0.16,0.26,26.76,26.98,26.72,8.38,2.2,1.27,26.25,15.16,15.93,26.27
311,2002-12-19,600519,26.76,26.62,26.79,26.51,2310,6160134.0,1.05,-0.52,-0.14,0.29,26.62,26.79,26.51,7.88,1.78,1.48,22.59,18.78,16.08,25.16
312,2002-12-20,600519,26.62,26.83,26.96,26.62,1625,4353432.0,1.28,0.79,0.21,0.21,26.83,26.96,26.62,7.44,1.65,1.48,22.18,19.89,14.67,22.65
313,2002-12-23,600519,27.08,26.8,27.1,26.7,1985,5333977.0,1.49,-0.11,-0.03,0.25,26.8,27.1,26.7,7.12,1.79,1.26,25.14,17.7,15.58,20.45
314,2002-12-24,600519,26.81,26.76,26.96,26.48,848,2257524.0,1.79,-0.15,-0.04,0.11,26.76,26.96,26.48,6.87,1.41,1.48,20.52,21.54,13.09,16.46
315,2002-12-25,600519,26.79,26.47,26.8,26.46,1481,3939760.0,1.27,-1.08,-0.29,0.19,26.47,26.8,26.46,6.13,0.83,1.5,13.54,24.47,15.0,15.13
316,2002-12-26,600519,26.45,25.7,26.5,25.61,5146,13383935.0,3.36,-2.91,-0.77,0.65,25.7,26.5,25.61,6.64,0.83,2.35,12.5,35.39,18.5,17.22
317,2002-12-27,600519,25.69,25.84,25.97,25.51,3390,8693114.0,1.79,0.54,0.14,0.43,25.84,25.97,25.51,6.7,0.83,2.33,12.39,34.78,24.88,20.48
318,2002-12-30,600519,25.82,25.55,25.82,25.45,3002,7672458.0,1.43,-1.12,-0.29,0.38,25.55,25.82,25.45,6.59,0.83,2.09,12.59,31.71,31.16,22.92
319,2002-12-31,600519,25.6,25.46,25.78,25.45,1645,4200254.0,1.29,-0.35,-0.09,0.21,25.46,25.78,25.45,6.56,0.83,1.79,12.65,27.29,34.37,24.98
320,2003-01-02,600519,25.5,24.72,25.5,24.7,3565,8921541.0,3.14,-2.91,-0.74,0.45,24.72,25.5,24.7,6.89,0.68,2.54,9.87,36.87,43.6,28.35
321,2003-01-03,600519,24.68,24.68,24.94,24.5,1744,4300516.0,1.78,-0.16,-0.04,0.22,24.68,24.94,24.5,6.4,0.68,2.41,10.63,37.66,48.14,31.57
322,2003-01-06,600519,24.58,24.86,24.9,24.51,986,2438329.0,1.58,0.73,0.18,0.13,24.86,24.9,24.51,6.18,0.43,2.41,6.96,39.0,51.79,35.14
323,2003-01-07,600519,24.85,24.63,24.96,24.61,1451,3595101.0,1.41,-0.93,-0.23,0.18,24.63,24.96,24.61,6.15,0.37,2.41,6.02,39.19,56.11,40.49
324,2003-01-08,600519,25.01,25.3,25.3,24.68,1768,4438021.0,2.52,2.72,0.67,0.22,25.3,25.3,24.68,6.56,0.71,2.41,10.82,36.74,58.0,44.58
325,2003-01-09,600519,25.27,25.52,25.68,25.02,2603,6616310.0,2.61,0.87,0.22,0.33,25.52,25.68,25.02,6.94,1.09,2.2,15.71,31.7,57.51,45.94
326,2003-01-10,600519,25.5,25.41,25.9,25.28,2346,6010671.0,2.43,-0.43,-0.11,0.3,25.41,25.9,25.28,7.22,1.14,2.2,15.79,30.47,53.17,48.39
327,2003-01-13,600519,25.2,25.37,25.5,25.2,1404,3560912.0,1.18,-0.16,-0.04,0.18,25.37,25.5,25.2,7.12,1.0,2.28,14.04,32.02,50.35,49.24
328,2003-01-14,600519,25.35,26.39,26.72,25.18,9588,25012085.0,6.07,4.02,1.02,1.22,26.39,26.72,25.18,8.18,2.22,2.06,27.14,25.18,39.35,45.57
329,2003-01-15,600519,26.49,26.7,27.18,26.39,11452,30551168.0,2.99,1.17,0.31,1.46,26.7,27.18,26.39,8.63,2.68,2.04,31.05,23.64,29.38,42.74
330,2003-01-16,600519,26.81,27.11,27.15,26.66,7359,19870062.0,1.84,1.54,0.41,0.94,27.11,27.15,26.66,8.23,2.68,1.19,32.56,14.46,26.72,42.36
331,2003-01-17,600519,27.18,26.68,27.18,26.67,3795,10187340.0,1.88,-1.59,-0.43,0.48,26.68,27.18,26.67,8.28,2.71,1.09,32.73,13.16,28.2,42.86
332,2003-01-20,600519,26.6,26.54,26.6,26.26,2071,5466246.0,1.27,-0.52,-0.14,0.26,26.54,26.6,26.26,8.31,2.71,1.44,32.61,17.33,28.01,40.59
333,2003-01-21,600519,26.55,26.55,27.0,26.5,4787,12816356.0,1.88,0.04,0.01,0.61,26.55,27.0,26.5,8.48,3.11,1.44,36.67,16.98,27.62,38.99
334,2003-01-22,600519,26.5,26.34,26.5,26.3,1633,4309306.0,0.75,-0.79,-0.21,0.21,26.34,26.5,26.3,7.93,3.11,0.89,39.22,11.22,36.25,37.8
335,2003-01-23,600519,26.3,26.35,26.5,26.3,2167,5719869.0,0.76,0.04,0.01,0.28,26.35,26.5,26.3,7.69,3.11,0.69,40.44,8.97,44.6,36.99
336,2003-01-24,600519,26.3,26.4,26.48,26.3,2441,6438339.0,0.68,0.19,0.05,0.31,26.4,26.48,26.3,7.48,3.11,0.69,41.58,9.22,48.8,37.76
337,2003-01-27,600519,26.31,26.81,26.9,26.31,3956,10571327.0,2.23,1.55,0.41,0.5,26.81,26.9,26.31,7.72,3.47,0.69,44.95,8.94,52.83,40.52
338,2003-01-28,600519,26.8,26.84,27.0,26.68,3495,9383544.0,1.19,0.11,0.03,0.44,26.84,27.0,26.68,7.37,3.23,0.69,43.83,9.36,58.53,43.27
339,2003-01-29,600519,26.84,26.88,27.0,26.75,3302,8889672.0,0.93,0.15,0.04,0.42,26.88,27.0,26.75,6.96,2.85,0.69,40.95,9.91,62.58,45.1
340,2003-02-10,600519,26.86,26.6,26.86,26.5,1694,4508037.0,1.34,-1.04,-0.28,0.22,26.6,26.86,26.5,6.72,2.63,0.94,39.14,13.99,61.22,48.74
341,2003-02-11,600519,26.38,26.66,26.68,26.38,822,2174401.0,1.13,0.23,0.06,0.1,26.66,26.68,26.38,6.72,2.63,0.98,39.14,14.58,58.23,51.42
342,2003-02-12,600519,26.7,26.88,26.95,26.5,1477,3959442.0,1.69,0.83,0.22,0.19,26.88,26.95,26.5,5.63,1.68,0.98,29.84,17.41,52.0,50.4
343,2003-02-13,600519,26.86,26.65,26.97,26.65,2718,7302546.0,1.19,-0.86,-0.23,0.35,26.65,26.97,26.65,5.16,1.24,0.98,24.03,18.99,42.81,47.82
344,2003-02-14,600519,26.6,26.88,26.99,26.6,1905,5111392.0,1.46,0.86,0.23,0.24,26.88,26.99,26.6,5.06,1.24,1.03,24.51,20.36,33.56,46.04
345,2003-02-17,600519,26.7,26.55,26.92,26.52,1568,4181515.0,1.49,-1.23,-0.33,0.2,26.55,26.92,26.52,4.95,1.21,1.11,24.44,22.42,24.11,43.35
346,2003-02-18,600519,26.52,26.5,26.6,26.4,1048,2772836.0,0.75,-0.19,-0.05,0.13,26.5,26.6,26.4,4.73,1.21,0.82,25.58,17.34,19.42,40.32
347,2003-02-19,600519,26.5,26.58,26.61,26.45,1030,2732606.0,0.6,0.3,0.08,0.13,26.58,26.61,26.45,4.39,0.82,0.82,18.68,18.68,11.8,35.01
348,2003-02-20,600519,26.61,26.69,26.8,26.55,851,2269016.0,0.94,0.41,0.11,0.11,26.69,26.8,26.55,4.39,1.01,0.62,23.01,14.12,11.4,31.7
349,2003-02-21,600519,26.53,26.38,26.6,26.2,2269,5978463.0,1.5,-1.16,-0.31,0.29,26.38,26.6,26.2,4.68,1.01,0.97,21.58,20.73,9.79,26.3
350,2003-02-24,600519,26.49,26.31,26.49,26.21,616,1625901.0,1.06,-0.27,-0.07,0.08,26.31,26.49,26.21,4.78,1.01,0.97,21.13,20.29,8.58,21.07
351,2003-02-25,600519,26.3,26.89,26.9,26.28,1879,4998648.0,2.36,2.2,0.58,0.24,26.89,26.9,26.28,4.81,1.0,0.97,20.79,20.17,8.12,16.11
352,2003-02-26,600519,26.95,26.7,27.05,26.68,1082,2904654.0,1.38,-0.71,-0.19,0.14,26.7,27.05,26.68,4.86,1.05,0.97,21.6,19.96,5.58,12.5
353,2003-02-27,600519,26.75,26.74,26.98,26.57,1698,4531823.0,1.54,0.15,0.04,0.22,26.74,26.98,26.57,5.02,1.05,1.08,20.92,21.51,5.81,8.8
354,2003-02-28,600519,26.88,26.8,26.88,26.6,1360,3636053.0,1.05,0.22,0.06,0.17,26.8,26.88,26.6,4.92,1.05,0.83,21.34,16.87,3.77,7.59
355,2003-03-03,600519,26.88,27.4,27.47,26.88,6001,16398104.0,2.2,2.24,0.6,0.76,27.4,27.47,26.88,5.29,1.64,0.71,31.0,13.42,10.03,9.91
356,2003-03-04,600519,27.4,27.27,27.44,27.06,1910,5200922.0,1.39,-0.47,-0.13,0.24,27.27,27.44,27.06,5.22,1.37,0.71,26.25,13.6,14.98,11.78
357,2003-03-05,600519,27.27,27.83,27.98,27.11,9405,26031534.0,3.19,2.05,0.56,1.2,27.83,27.98,27.11,5.77,1.89,0.71,32.76,12.31,22.29,15.21
358,2003-03-06,600519,27.9,27.5,27.9,27.33,4508,12426005.0,2.05,-1.19,-0.33,0.57,27.5,27.9,27.33,5.95,1.89,0.66,31.76,11.09,29.67,17.62
359,2003-03-07,600519,27.52,27.31,27.59,27.2,2475,6781984.0,1.42,-0.69,-0.19,0.31,27.31,27.59,27.2,5.94,1.89,0.71,31.82,11.95,37.0,21.41
360,2003-03-10,600519,27.35,26.9,27.41,26.88,3103,8423721.0,1.94,-1.5,-0.41,0.39,26.9,27.41,26.88,6.27,1.89,0.91,30.14,14.51,40.88,22.33
361,2003-03-11,600519,26.85,26.8,26.9,26.55,1964,5253243.0,1.3,-0.37,-0.1,0.25,26.8,26.9,26.55,6.46,1.88,1.24,29.1,19.2,37.71,23.87
362,2003-03-12,600519,26.79,26.86,26.9,26.6,1177,3146322.0,1.12,0.22,0.06,0.15,26.86,26.9,26.6,6.51,1.69,1.24,25.96,19.05,34.98,24.98
363,2003-03-13,600519,26.88,26.94,27.26,26.85,1998,5398370.0,1.53,0.3,0.08,0.25,26.94,27.26,26.85,6.43,2.05,0.89,31.88,13.84,33.99,28.14
364,2003-03-14,600519,26.88,26.82,26.94,26.72,2756,7388968.0,0.82,-0.45,-0.12,0.35,26.82,26.94,26.72,6.37,2.05,1.02,32.18,16.01,31.54,30.61
365,2003-03-17,600519,26.78,26.62,26.78,26.49,4693,12465705.0,1.08,-0.75,-0.2,0.6,26.62,26.78,26.49,6.08,1.64,1.25,26.97,20.56,26.23,31.62
366,2003-03-18,600519,26.6,26.29,26.7,26.13,3148,8320204.0,2.14,-1.24,-0.33,0.4,26.29,26.7,26.13,6.28,1.49,1.61,23.73,25.64,21.04,30.96
367,2003-03-19,600519,26.01,25.91,26.3,25.86,3398,8841844.0,1.67,-1.45,-0.38,0.43,25.91,26.3,25.86,6.31,1.49,1.77,23.61,28.05,19.05,28.38
368,2003-03-20,600519,26.0,25.99,26.43,25.9,1968,5120173.0,2.05,0.31,0.08,0.25,25.99,26.43,25.9,6.56,1.62,1.77,24.7,26.98,17.23,26.11
369,2003-03-21,600519,26.0,26.43,26.46,26.0,2021,5285370.0,1.77,1.69,0.44,0.26,26.43,26.46,26.0,6.36,1.06,1.77,16.67,27.83,14.84,24.41
370,2003-03-24,600519,26.42,26.31,26.5,26.2,1719,4522748.0,1.14,-0.45,-0.12,0.22,26.31,26.5,26.2,6.28,1.1,1.77,17.52,28.18,13.14,22.34
371,2003-03-25,600519,26.23,26.0,26.31,25.9,2062,5372767.0,1.56,-1.18,-0.31,0.26,26.0,26.31,25.9,5.82,0.56,2.07,9.62,35.57,20.46,23.34
372,2003-03-26,600519,26.0,25.7,26.45,25.5,3590,9202596.0,3.65,-1.15,-0.3,0.46,25.7,26.45,25.5,6.2,0.56,2.47,9.03,39.84,30.32,25.68
373,2003-03-27,600519,25.68,26.13,26.27,25.41,2106,5430724.0,3.35,1.67,0.43,0.27,26.13,26.27,25.41,6.67,0.56,2.43,8.4,36.43,39.31,29.18
374,2003-03-28,600519,26.2,26.04,26.25,26.01,3811,9946659.0,0.92,-0.34,-0.09,0.48,26.04,26.25,26.01,6.38,0.56,2.11,8.78,33.07,48.25,32.74
375,2003-03-31,600519,25.99,26.05,26.15,25.98,3047,7935303.0,0.65,0.04,0.01,0.39,26.05,26.15,25.98,6.2,0.56,1.81,9.03,29.19,52.86,33.85
376,2003-04-01,600519,26.06,26.22,26.25,25.98,3730,9730810.0,1.04,0.65,0.17,0.47,26.22,26.25,25.98,6.17,0.66,1.81,10.7,29.34,56.72,34.93
377,2003-04-02,600519,26.2,26.35,26.46,26.13,3713,9769605.0,1.26,0.5,0.13,0.47,26.35,26.46,26.13,6.09,0.51,1.81,8.37,29.72,56.49,38.47
378,2003-04-03,600519,26.4,26.3,26.5,26.23,5194,13726384.0,1.02,-0.19,-0.05,0.66,26.3,26.5,26.23,6.14,0.55,1.68,8.96,27.36,54.43,42.38
379,2003-04-04,600519,26.29,26.03,26.3,25.95,4985,12980379.0,1.33,-1.03,-0.27,0.63,26.03,26.3,25.95,6.16,0.55,1.73,8.93,28.08,52.64,45.97
380,2003-04-07,600519,26.0,25.69,26.03,25.6,4462,11509954.0,1.65,-1.31,-0.34,0.57,25.69,26.03,25.6,6.02,0.55,1.72,9.14,28.57,51.55,49.9
381,2003-04-08,600519,25.69,25.6,25.7,25.35,6113,15568085.0,1.36,-0.35,-0.09,0.78,25.6,25.7,25.35,5.93,0.55,1.7,9.27,28.67,51.28,52.07
382,2003-04-09,600519,25.59,26.0,26.05,25.35,10124,26059689.0,2.73,1.56,0.4,1.29,26.0,26.05,25.35,6.1,0.77,1.7,12.62,27.87,49.79,53.26
383,2003-04-10,600519,26.0,25.92,26.1,25.62,10789,27753599.0,1.85,-0.31,-0.08,1.37,25.92,26.1,25.62,6.11,0.79,1.7,12.93,27.82,46.55,51.52
384,2003-04-11,600519,25.88,26.46,26.5,25.85,29967,78671196.0,2.51,2.08,0.54,3.81,26.46,26.5,25.85,6.46,1.15,1.7,17.8,26.32,41.32,47.88
385,2003-04-14,600519,26.61,27.07,27.18,26.6,12612,33863674.0,2.19,2.31,0.61,1.6,27.07,27.18,26.6,6.77,1.83,1.4,27.03,20.68,34.91,43.77
386,2003-04-15,600519,27.1,26.96,27.18,26.61,7798,20927730.0,2.11,-0.41,-0.11,0.99,26.96,27.18,26.61,6.39,1.83,1.0,28.64,15.65,31.21,41.38
387,2003-04-16,600519,26.96,26.49,27.4,26.42,17017,45879208.0,3.64,-1.74,-0.47,2.16,26.49,27.4,26.42,6.51,2.05,0.91,31.49,13.98,29.11,40.19
388,2003-04-17,600519,26.55,26.28,26.69,26.25,7599,20049212.0,1.66,-0.79,-0.21,0.97,26.28,26.69,26.25,6.71,2.05,1.08,30.55,16.1,28.0,38.9
389,2003-04-18,600519,26.35,26.38,26.78,26.35,5339,14169319.0,1.64,0.38,0.1,0.68,26.38,26.78,26.35,7.04,2.14,1.05,30.4,14.91,27.6,37.07
390,2003-04-21,600519,26.34,25.57,26.4,25.5,11302,29053506.0,3.41,-3.07,-0.81,1.44,25.57,26.4,25.5,7.67,2.04,1.9,26.6,24.77,24.98,33.15
391,2003-04-22,600519,25.55,25.47,25.8,25.45,5131,13111434.0,1.37,-0.39,-0.1,0.65,25.47,25.8,25.45,7.69,1.83,1.95,23.8,25.36,23.29,29.1
392,2003-04-23,600519,25.48,25.04,25.54,25.01,5817,14679641.0,2.08,-1.69,-0.43,0.74,25.04,25.54,25.01,7.95,1.79,2.39,22.52,30.06,20.79,26.0
393,2003-04-24,600519,25.04,24.71,25.15,24.7,9749,24258559.0,1.8,-1.32,-0.33,1.24,24.71,25.15,24.7,8.05,1.79,2.42,22.24,30.06,16.87,22.99
394,2003-04-25,600519,24.88,24.95,25.35,24.8,7008,17541876.0,2.23,0.97,0.24,0.89,24.95,25.35,24.8,8.26,1.99,2.07,24.09,25.06,12.03,20.01
395,2003-04-28,600519,24.95,25.14,25.18,24.5,7845,19413811.0,2.73,0.76,0.19,1.0,25.14,25.18,24.5,8.59,1.99,2.12,23.17,24.68,6.86,17.23
396,2003-04-29,600519,25.35,24.78,25.37,24.5,9841,24464578.0,3.46,-1.43,-0.36,1.25,24.78,25.37,24.5,8.76,1.83,2.12,20.89,24.2,7.49,16.24
397,2003-04-30,600519,24.8,25.19,25.46,24.72,13499,33816176.0,2.99,1.65,0.41,1.72,25.19,25.46,24.72,9.02,1.87,2.12,20.73,23.5,8.01,15.65
398,2003-05-12,600519,25.2,24.97,25.38,24.95,7351,18413860.0,1.71,-0.87,-0.22,0.93,24.97,25.38,24.95,8.8,1.47,2.12,16.7,24.09,8.64,14.71
399,2003-05-13,600519,25.0,23.66,25.01,23.65,15235,36698786.0,5.45,-5.25,-1.31,1.94,23.66,25.01,23.65,9.44,0.79,3.42,8.37,36.23,16.55,16.71
400,2003-05-14,600519,23.75,23.8,24.0,23.6,9342,22223327.0,1.69,0.59,0.14,1.19,23.8,24.0,23.6,9.27,0.79,3.47,8.52,37.43,26.71,19.37
401,2003-05-15,600519,23.9,24.55,24.6,23.8,10417,25192950.0,3.36,3.15,0.75,1.32,24.55,24.6,23.8,9.09,1.17,3.47,12.87,38.17,34.44,20.65
402,2003-05-16,600519,24.6,24.39,24.67,24.1,9658,23550103.0,2.32,-0.65,-0.16,1.23,24.39,24.67,24.1,9.22,1.24,3.3,13.45,35.79,40.78,24.14
403,2003-05-19,600519,24.5,25.05,25.3,24.5,12899,32321424.0,3.28,2.71,0.66,1.64,25.05,25.3,24.5,9.63,1.78,3.3,18.48,34.27,44.73,26.37
404,2003-05-20,600519,25.02,24.75,25.05,24.65,5148,12771620.0,1.6,-1.2,-0.3,0.65,24.75,25.05,24.65,9.13,1.78,2.45,19.5,26.83,44.35,26.49
405,2003-05-21,600519,24.75,24.7,25.08,24.7,3164,7874689.0,1.54,-0.2,-0.05,0.4,24.7,25.08,24.7,9.16,1.81,2.4,19.76,26.2,36.27,26.41
406,2003-05-22,600519,24.61,24.9,24.99,24.6,3099,7672879.0,1.58,0.81,0.2,0.39,24.9,24.99,24.6,9.02,1.81,2.06,20.07,22.84,26.86,26.79
407,2003-05-23,600519,24.9,24.73,24.91,24.5,6890,17042735.0,1.65,-0.68,-0.17,0.88,24.73,24.91,24.5,8.98,1.81,1.85,20.16,20.6,18.78,26.61
408,2003-05-26,600519,24.7,24.83,25.08,24.68,9985,24833946.0,1.62,0.4,0.1,1.27,24.83,25.08,24.68,8.74,1.78,1.85,20.37,21.17,11.54,26.16
409,2003-05-27,600519,24.85,24.88,24.98,24.65,3623,8973935.0,1.33,0.2,0.05,0.46,24.88,24.98,24.65,8.39,1.78,1.58,21.22,18.83,7.55,26.14
410,2003-05-28,600519,25.0,25.15,25.77,24.9,9618,24413346.0,3.5,1.09,0.27,1.22,25.15,25.77,24.9,8.41,2.38,1.58,28.3,18.79,8.27,26.31
411,2003-05-29,600519,25.1,25.39,25.6,25.02,5156,13025241.0,2.31,0.95,0.24,0.66,25.39,25.6,25.02,8.25,2.29,1.58,27.76,19.15,9.0,22.63
412,2003-05-30,600519,25.73,26.14,26.27,25.44,18181,47295540.0,3.27,2.95,0.75,2.31,26.14,26.27,25.44,8.7,2.96,1.58,34.02,18.16,12.99,19.92
413,2003-06-02,600519,26.22,26.04,26.25,25.81,6259,16282794.0,1.68,-0.38,-0.1,0.8,26.04,26.25,25.81,7.78,2.96,0.28,38.05,3.6,26.59,22.69
414,2003-06-03,600519,26.04,25.69,26.15,25.66,5537,14325999.0,1.88,-1.34,-0.35,0.7,25.69,26.15,25.66,7.87,2.96,0.38,37.61,4.83,39.14,25.34
415,2003-06-04,600519,25.65,25.54,25.77,25.31,3996,10206523.0,1.79,-0.58,-0.15,0.51,25.54,25.77,25.31,7.53,2.36,0.73,31.34,9.69,46.94,27.25
416,2003-06-05,600519,25.53,25.56,25.98,25.45,6799,17422312.0,2.08,0.08,0.02,0.86,25.56,25.98,25.45,7.49,2.5,0.73,33.38,9.75,52.71,30.49
417,2003-06-06,600519,25.56,25.37,25.58,25.2,3596,9123796.0,1.49,-0.74,-0.19,0.46,25.37,25.58,25.2,6.96,1.87,0.98,26.87,14.08,54.86,31.93
418,2003-06-09,600519,25.35,25.32,25.45,25.21,2436,6174170.0,0.95,-0.2,-0.05,0.31,25.32,25.45,25.21,6.8,1.87,0.98,27.5,14.41,54.99,33.99
419,2003-06-10,600519,25.35,25.46,25.65,25.34,1628,4142275.0,1.22,0.55,0.14,0.21,25.46,25.65,25.34,6.75,2.04,0.98,30.22,14.52,47.06,36.82
420,2003-06-11,600519,25.46,25.61,25.65,25.46,3018,7712445.0,0.75,0.59,0.15,0.38,25.61,25.65,25.46,6.55,2.04,0.88,31.15,13.44,40.81,39.97
421,2003-06-13,600519,25.6,25.65,25.88,25.55,3200,8241151.0,1.29,0.16,0.04,0.41,25.65,25.88,25.55,6.47,2.27,0.78,35.09,12.06,40.16,43.55
422,2003-06-16,600519,25.65,25.34,25.65,25.29,2013,5108268.0,1.4,-1.21,-0.31,0.26,25.34,25.65,25.29,6.43,2.1,1.04,32.66,16.17,36.65,44.68
423,2003-06-17,600519,25.36,25.15,25.4,25.01,2994,7523686.0,1.54,-0.75,-0.19,0.38,25.15,25.4,25.01,6.49,2.1,1.29,32.36,19.88,35.43,45.14
424,2003-06-18,600519,25.15,25.02,25.45,24.95,3185,8004964.0,1.99,-0.52,-0.13,0.4,25.02,25.45,24.95,6.1,1.31,1.35,21.48,22.13,30.47,42.73
425,2003-06-19,600519,25.04,24.9,25.25,24.75,3260,8113184.0,2.0,-0.48,-0.12,0.41,24.9,25.25,24.75,6.02,1.31,1.55,21.76,25.75,26.02,36.54
426,2003-06-20,600519,24.95,25.0,25.2,24.85,1671,4175134.0,1.41,0.4,0.1,0.21,25.0,25.2,24.85,5.49,0.64,1.55,11.66,28.23,26.33,33.57
427,2003-06-23,600519,25.0,25.42,25.75,24.95,7811,19907731.0,3.2,1.68,0.42,0.99,25.42,25.75,24.95,5.85,1.19,1.55,20.34,26.5,20.37,30.26
428,2003-06-24,600519,25.42,25.48,25.58,25.3,1694,4313862.0,1.1,0.24,0.06,0.22,25.48,25.58,25.3,5.64,1.19,1.4,21.1,24.82,16.1,26.37
429,2003-06-25,600519,25.48,25.45,25.9,25.36,4205,10783228.0,2.12,-0.12,-0.03,0.53,25.45,25.9,25.36,5.72,1.51,1.05,26.4,18.36,15.11,25.27
430,2003-06-26,600519,25.45,25.19,25.65,24.83,4477,11265141.0,3.22,-1.02,-0.26,0.57,25.19,25.65,24.83,6.01,1.3,1.58,21.63,26.29,16.48,23.48
431,2003-06-27,600519,25.2,24.97,25.4,24.9,2720,6835321.0,1.98,-0.87,-0.22,0.35,24.97,25.4,24.9,6.13,1.3,1.33,21.21,21.7,15.27,20.65
432,2003-06-30,600519,25.0,24.96,25.1,24.95,3520,8803181.0,0.6,-0.04,-0.01,0.45,24.96,25.1,24.95,6.04,1.3,1.33,21.52,22.02,8.54,17.43
433,2003-07-01,600519,24.9,25.24,25.3,24.9,4886,12302828.0,1.6,1.12,0.28,0.62,25.24,25.3,24.9,6.11,1.3,1.33,21.28,21.77,6.54,13.45
434,2003-07-02,600519,25.2,25.1,25.2,25.0,1337,3354437.0,0.79,-0.55,-0.14,0.17,25.1,25.2,25.0,6.16,1.3,1.33,21.1,21.59,5.38,10.74
435,2003-07-03,600519,25.12,25.04,25.25,24.89,2879,7192931.0,1.43,-0.24,-0.06,0.37,25.04,25.25,24.89,6.19,1.07,1.44,17.29,23.26,4.84,9.97
436,2003-07-04,600519,25.0,24.99,25.13,24.95,2197,5492526.0,0.72,-0.2,-0.05,0.28,24.99,25.13,24.95,6.01,1.07,1.18,17.8,19.63,4.03,10.26
437,2003-07-07,600519,25.01,24.87,25.09,24.8,1670,4154239.0,1.16,-0.48,-0.12,0.21,24.87,25.09,24.8,5.91,1.07,1.05,18.1,17.77,4.0,9.64
438,2003-07-08,600519,24.95,25.17,25.18,24.91,2272,5693893.0,1.09,1.21,0.3,0.29,25.17,25.18,24.91,5.72,1.16,0.99,20.28,17.31,5.13,6.83
439,2003-07-09,600519,25.16,25.05,25.19,24.98,1484,3722710.0,0.83,-0.48,-0.12,0.19,25.05,25.19,24.98,5.43,1.17,0.79,21.55,14.55,8.17,7.35
440,2003-07-10,600519,25.19,25.63,25.74,25.03,6288,16057693.0,2.83,2.32,0.58,0.8,25.63,25.74,25.03,5.79,1.72,0.79,29.71,13.64,14.15,9.76
441,2003-07-11,600519,25.68,25.7,25.88,25.59,5764,14825594.0,1.13,0.27,0.07,0.73,25.7,25.88,25.59,5.28,1.31,0.79,24.81,14.96,15.82,10.33
442,2003-07-14,600519,23.45,23.78,24.0,23.2,8674,20533771.0,3.11,-7.47,-1.92,1.0,23.78,24.0,23.2,7.5,1.31,3.18,17.47,42.4,21.95,12.99
443,2003-07-15,600519,23.7,23.89,24.19,23.58,6661,15884705.0,2.57,0.46,0.11,0.77,23.89,24.19,23.58,7.57,1.18,3.18,15.59,42.01,29.44,16.72
444,2003-07-16,600519,23.9,24.03,24.2,23.86,7796,18717481.0,1.42,0.59,0.14,0.9,24.03,24.2,23.86,7.09,1.19,2.65,16.78,37.38,34.46,19.79
445,2003-07-17,600519,24.05,24.2,24.5,24.0,9978,24185340.0,2.08,0.71,0.17,1.15,24.2,24.5,24.0,7.09,1.49,2.65,21.02,37.38,35.9,22.03
446,2003-07-18,600519,24.2,23.61,24.3,23.51,9630,23126678.0,3.26,-2.44,-0.59,1.11,23.61,24.3,23.51,7.73,1.49,3.14,19.28,40.62,35.66,24.91
447,2003-07-21,600519,23.5,23.7,23.78,23.36,7112,16722758.0,1.78,0.38,0.09,0.82,23.7,23.78,23.36,7.75,1.29,3.29,16.65,42.45,38.81,27.32
448,2003-07-22,600519,23.61,23.82,23.95,23.61,3109,7381958.0,1.43,0.51,0.12,0.36,23.82,23.95,23.61,7.85,1.46,3.29,18.6,41.91,38.29,30.12
449,2003-07-23,600519,23.82,23.83,23.95,23.6,5592,13316655.0,1.47,0.04,0.01,0.65,23.83,23.95,23.6,7.84,1.46,3.19,18.62,40.69,36.85,33.14
450,2003-07-24,600519,23.83,23.65,23.83,23.6,1451,3437577.0,0.97,-0.76,-0.18,0.17,23.65,23.83,23.6,7.89,1.46,3.19,18.5,40.43,36.71,35.58
451,2003-07-25,600519,23.65,23.3,23.7,23.12,2876,6717751.0,2.45,-1.48,-0.35,0.33,23.3,23.7,23.12,8.18,1.46,3.52,17.85,43.03,38.93,37.41
452,2003-07-28,600519,23.35,23.23,23.4,23.2,1885,4383607.0,0.86,-0.3,-0.07,0.22,23.23,23.4,23.2,8.07,1.37,3.52,16.98,43.62,40.32,37.99
453,2003-07-29,600519,23.35,23.4,23.49,23.2,1304,3043368.0,1.25,0.73,0.17,0.15,23.4,23.49,23.2,8.15,1.45,3.52,17.79,43.19,39.99,39.4
454,2003-07-30,600519,23.58,23.35,23.58,23.18,2731,6375509.0,1.71,-0.21,-0.05,0.32,23.35,23.58,23.18,7.84,0.99,3.52,12.63,44.9,42.91,40.6
455,2003-07-31,600519,23.35,23.15,23.35,22.92,2249,5205478.0,1.84,-0.86,-0.2,0.26,23.15,23.35,22.92,7.98,0.85,3.78,10.65,47.37,47.26,42.05
456,2003-08-01,600519,23.0,22.89,23.13,22.75,3256,7459787.0,1.64,-1.12,-0.26,0.38,22.89,23.13,22.75,5.88,0.85,1.56,14.46,26.53,45.97,41.34
457,2003-08-04,600519,22.8,22.89,22.9,22.6,2710,6168033.0,1.31,0.0,0.0,0.31,22.89,22.9,22.6,5.57,0.66,1.71,11.85,30.7,46.46,42.7
458,2003-08-05,600519,22.89,23.08,23.09,22.75,1930,4411194.0,1.49,0.83,0.19,0.22,23.08,23.09,22.75,5.57,0.84,1.71,15.08,30.7,44.82,42.57
459,2003-08-06,600519,23.08,23.2,23.22,22.91,2284,5272928.0,1.34,0.52,0.12,0.26,23.2,23.22,22.91,5.38,0.67,1.71,12.45,31.78,45.16,42.57
460,2003-08-07,600519,23.0,23.02,23.1,22.93,751,1725955.0,0.73,-0.78,-0.18,0.09,23.02,23.1,22.93,4.86,0.67,1.22,13.79,25.1,40.66,41.79
461,2003-08-08,600519,22.91,22.78,23.05,22.71,1865,4268481.0,1.48,-1.04,-0.24,0.22,22.78,23.05,22.71,4.78,0.67,1.29,14.02,26.99,35.39,41.32
462,2003-08-11,600519,22.61,22.73,22.78,22.61,996,2260732.0,0.75,-0.22,-0.05,0.12,22.73,22.78,22.61,4.61,0.5,1.39,10.85,30.15,38.32,42.15
463,2003-08-12,600519,22.75,22.99,23.1,22.75,752,1725279.0,1.54,1.14,0.26,0.09,22.99,23.1,22.75,4.63,0.82,1.38,17.71,29.81,35.18,40.82
464,2003-08-13,600519,22.9,22.97,23.01,22.9,1803,4138095.0,0.48,-0.09,-0.02,0.21,22.97,23.01,22.9,4.51,0.82,1.38,18.18,30.6,33.74,39.28
465,2003-08-14,600519,22.81,22.8,22.99,22.77,1907,4369482.0,0.96,-0.74,-0.17,0.22,22.8,22.99,22.77,4.15,0.82,1.03,19.76,24.82,28.35,36.75
466,2003-08-15,600519,22.78,22.81,22.89,22.76,928,2117303.0,0.57,0.04,0.01,0.11,22.81,22.89,22.76,4.08,0.82,1.04,20.1,25.49,25.47,33.06
467,2003-08-18,600519,22.81,22.75,22.86,22.73,890,2029145.0,0.57,-0.26,-0.06,0.1,22.75,22.86,22.73,3.92,0.73,1.07,18.62,27.3,23.34,29.36
468,2003-08-19,600519,22.74,22.78,22.88,22.68,1141,2595147.0,0.88,0.13,0.03,0.13,22.78,22.88,22.68,3.72,0.64,1.12,17.2,30.11,20.04,29.18
469,2003-08-20,600519,22.8,22.67,22.8,22.6,869,1967310.0,0.88,-0.48,-0.11,0.1,22.67,22.8,22.6,3.49,0.64,0.94,18.34,26.93,18.96,27.07
470,2003-08-21,600519,22.65,22.2,22.8,21.0,4551,9879703.0,7.94,-2.07,-0.47,0.53,22.2,22.8,21.0,4.89,0.64,2.37,13.09,48.47,24.3,29.02
471,2003-08-22,600519,22.2,21.78,22.44,21.71,3865,8446625.0,3.29,-1.89,-0.42,0.45,21.78,22.44,21.71,5.32,0.64,2.22,12.03,41.73,31.62,29.98
472,2003-08-25,600519,21.6,21.35,21.65,21.3,2345,5036822.0,1.61,-1.97,-0.43,0.27,21.35,21.65,21.3,5.46,0.45,2.63,8.24,48.17,41.44,33.45
473,2003-08-26,600519,21.35,21.36,21.5,21.3,1001,2141565.0,0.94,0.05,0.01,0.12,21.36,21.5,21.3,5.35,0.32,2.63,5.98,49.16,51.34,37.34
474,2003-08-27,600519,21.36,21.87,22.97,21.36,4246,9547143.0,7.54,2.39,0.51,0.49,21.87,22.97,21.36,6.69,1.79,2.63,26.76,39.31,49.97,35.0
475,2003-08-28,600519,21.61,21.7,21.96,21.53,1447,3148383.0,1.97,-0.78,-0.17,0.17,21.7,21.96,21.53,6.78,1.79,2.41,26.4,35.55,49.26,34.11
476,2003-08-29,600519,21.75,21.51,21.8,21.3,2752,5896174.0,2.3,-0.88,-0.19,0.32,21.51,21.8,21.3,7.11,1.79,2.54,25.18,35.72,42.57,33.43
477,2003-09-01,600519,21.69,21.86,21.88,21.36,4952,10737291.0,2.42,1.63,0.35,0.57,21.86,21.88,21.36,7.26,1.55,2.54,21.35,34.99,37.4,34.51
478,2003-09-02,600519,21.82,22.09,22.5,21.82,7206,15963063.0,3.11,1.05,0.23,0.83,22.09,22.5,21.82,7.83,2.17,2.54,27.71,32.44,26.91,34.18
479,2003-09-03,600519,22.1,22.07,22.27,21.88,1161,2555237.0,1.77,-0.09,-0.02,0.13,22.07,22.27,21.88,8.0,2.17,2.41,27.12,30.13,14.73,33.04
480,2003-09-04,600519,22.08,21.89,22.25,21.86,1245,2733564.0,1.77,-0.82,-0.18,0.14,21.89,22.25,21.86,8.26,2.17,2.42,26.27,29.3,12.47,31.22
481,2003-09-05,600519,21.89,21.5,21.89,21.0,5812,12436931.0,4.07,-1.78,-0.39,0.67,21.5,21.89,21.0,9.02,2.17,3.25,24.06,36.03,13.33,31.3
482,2003-09-08,600519,21.32,21.4,21.5,21.18,1814,3877014.0,1.49,-0.47,-0.1,0.21,21.4,21.5,21.18,9.14,2.17,3.2,23.74,35.01,13.64,28.11
483,2003-09-09,600519,21.4,21.37,21.48,21.0,3563,7588439.0,2.24,-0.14,-0.03,0.41,21.37,21.48,21.0,9.42,2.17,3.3,23.04,35.03,13.05,25.22
484,2003-09-10,600519,21.37,21.4,21.86,21.11,2042,4387546.0,3.51,0.14,0.03,0.24,21.4,21.86,21.11,8.37,2.55,1.7,30.47,20.31,15.08,20.99
485,2003-09-11,600519,21.41,21.32,21.49,21.3,1010,2160179.0,0.89,-0.37,-0.08,0.12,21.32,21.49,21.3,7.83,2.55,1.7,32.57,21.71,17.54,16.13
486,2003-09-12,600519,21.32,21.22,21.32,21.14,2803,5941702.0,0.84,-0.47,-0.1,0.32,21.22,21.32,21.14,7.53,2.55,1.45,33.86,19.26,21.21,16.84
487,2003-09-15,600519,21.21,21.1,21.36,21.0,2649,5601667.0,1.7,-0.57,-0.12,0.31,21.1,21.36,21.0,7.69,2.55,1.59,33.16,20.68,21.75,17.54
488,2003-09-16,600519,21.1,21.12,21.3,20.82,1812,3803937.0,2.27,0.09,0.02,0.21,21.12,21.3,20.82,6.56,1.08,1.77,16.46,26.98,22.59,18.12
489,2003-09-17,600519,21.28,21.0,21.35,21.0,6789,14360717.0,1.66,-0.57,-0.12,0.78,21.0,21.35,21.0,6.48,1.13,1.77,17.44,27.31,22.83,17.94
490,2003-09-18,600519,20.9,21.0,21.08,20.9,1196,2508659.0,0.86,0.0,0.0,0.14,21.0,21.08,20.9,6.16,1.13,1.64,18.34,26.62,22.56,18.82
491,2003-09-19,600519,20.95,20.99,21.1,20.91,3830,8044199.0,0.9,-0.05,-0.01,0.44,20.99,21.1,20.91,5.83,1.07,1.64,18.35,28.13,22.74,20.14
492,2003-09-22,600519,21.1,20.88,21.1,20.81,1187,2488640.0,1.38,-0.52,-0.11,0.14,20.88,21.1,20.81,5.44,0.45,1.74,8.27,31.99,27.97,24.59
493,2003-09-23,600519,20.9,20.88,21.0,20.71,956,1991592.0,1.39,0.0,0.0,0.11,20.88,21.0,20.71,5.34,0.45,1.84,8.43,34.46,34.22,27.99
494,2003-09-24,600519,21.16,21.2,21.22,20.9,2285,4821609.0,1.53,1.53,0.32,0.26,21.2,21.22,20.9,5.29,0.67,1.82,12.67,34.4,37.88,30.24
495,2003-09-25,600519,21.2,21.2,21.2,20.95,2138,4498042.0,1.18,0.0,0.0,0.25,21.2,21.2,20.95,4.65,0.67,0.96,14.41,20.65,37.17,30.0
496,2003-09-26,600519,21.17,21.22,21.4,21.01,2655,5638160.0,1.84,0.09,0.02,0.31,21.22,21.4,21.01,4.72,0.87,0.96,18.43,20.34,34.92,28.74
497,2003-09-29,600519,21.1,21.11,21.19,21.07,1888,3986232.0,0.57,-0.52,-0.11,0.22,21.11,21.19,21.07,4.39,0.87,0.78,19.82,17.77,32.33,27.53
498,2003-09-30,600519,21.12,21.24,21.39,21.12,1443,3068648.0,1.28,0.62,0.13,0.17,21.24,21.39,21.12,3.92,0.69,0.78,17.6,19.9,23.53,25.75
499,2003-10-08,600519,21.12,21.25,21.29,21.0,852,1802810.0,1.37,0.05,0.01,0.1,21.25,21.29,21.0,4.02,0.69,0.9,17.16,22.39,15.61,24.92
500,2003-10-09,600519,21.2,21.2,21.3,21.11,1135,2406369.0,0.89,-0.24,-0.05,0.13,21.2,21.3,21.11,4.03,0.7,0.74,17.37,18.36,8.38,23.13
501,2003-10-10,600519,21.13,21.6,21.65,21.09,1337,2869291.0,2.64,1.89,0.4,0.15,21.6,21.65,21.09,4.23,1.05,0.6,24.82,14.18,9.96,23.56
502,2003-10-13,600519,21.6,21.65,21.7,21.4,1620,3500004.0,1.39,0.23,0.05,0.19,21.65,21.7,21.4,4.05,1.1,0.42,27.16,10.37,16.6,25.76
503,2003-10-14,600519,21.58,21.68,21.72,21.43,1792,3875773.0,1.34,0.14,0.03,0.21,21.68,21.72,21.43,3.99,1.07,0.42,26.82,10.53,22.96,27.64
504,2003-10-15,600519,21.75,21.66,21.85,21.62,1161,2523298.0,1.06,-0.09,-0.02,0.13,21.66,21.85,21.62,4.04,1.2,0.32,29.7,7.92,31.59,27.56
505,2003-10-16,600519,21.66,21.47,21.75,21.38,1490,3206207.0,1.71,-0.88,-0.19,0.17,21.47,21.75,21.38,4.22,1.18,0.56,27.96,13.27,35.32,25.47
506,2003-10-17,600519,21.46,21.36,21.47,21.3,823,1759531.0,0.79,-0.51,-0.11,0.1,21.36,21.47,21.3,4.1,1.18,0.54,28.78,13.17,41.06,24.72
507,2003-10-20,600519,21.38,21.36,21.5,21.31,928,1986082.0,0.89,0.0,0.0,0.11,21.36,21.5,21.31,4.0,1.21,0.44,30.25,11.0,44.29,27.13
508,2003-10-21,600519,21.39,21.4,21.55,21.36,664,1421413.0,0.89,0.19,0.04,0.08,21.4,21.55,21.36,3.85,1.04,0.44,27.01,11.43,43.59,30.09
509,2003-10-22,600519,21.45,21.81,21.88,21.45,2163,4701448.0,2.01,1.92,0.41,0.25,21.81,21.88,21.45,4.08,1.37,0.44,33.58,10.78,44.89,33.92
510,2003-10-23,600519,21.81,21.66,21.9,21.66,2252,4898910.0,1.1,-0.69,-0.15,0.26,21.66,21.9,21.66,3.93,1.19,0.44,30.28,11.2,42.91,37.25
511,2003-10-24,600519,21.6,21.5,21.65,21.5,971,2091740.0,0.69,-0.74,-0.16,0.11,21.5,21.65,21.5,3.94,1.19,0.6,30.2,15.23,42.46,38.89
512,2003-10-27,600519,21.48,21.21,21.5,21.12,3656,7761245.0,1.77,-1.35,-0.29,0.42,21.21,21.5,21.12,4.04,0.99,0.98,24.5,24.26,36.34,38.7
513,2003-10-28,600519,21.2,21.33,21.65,21.2,2983,6367834.0,2.12,0.57,0.12,0.34,21.33,21.65,21.2,4.2,1.14,0.86,27.14,20.48,30.9,37.6
514,2003-10-29,600519,21.33,21.99,22.02,21.33,7085,15341314.0,3.23,3.09,0.66,0.82,21.99,22.02,21.33,4.7,1.5,0.86,31.91,18.3,28.66,36.13
515,2003-10-30,600519,22.1,22.08,22.3,21.81,9310,20522203.0,2.23,0.41,0.09,1.08,22.08,22.3,21.81,4.63,1.43,0.86,30.89,18.57,24.25,34.57
516,2003-10-31,600519,22.5,22.39,22.5,22.03,5785,12895253.0,2.13,1.4,0.31,0.67,22.39,22.5,22.03,4.8,1.58,0.86,32.92,17.92,21.5,32.2
517,2003-11-03,600519,22.68,22.75,22.82,22.33,4878,11043553.0,2.19,1.61,0.36,0.56,22.75,22.82,22.33,5.0,1.88,0.86,37.6,17.2,22.21,32.34
518,2003-11-04,600519,22.76,23.32,23.6,22.75,15388,35781199.0,3.74,2.51,0.57,1.78,23.32,23.6,22.75,5.62,2.53,0.86,45.02,15.3,30.33,33.34
519,2003-11-05,600519,23.24,23.58,23.85,23.15,17312,40944023.0,3.0,1.11,0.26,2.0,23.58,23.85,23.15,5.95,2.78,0.62,46.72,10.42,38.59,34.74
520,2003-11-06,600519,23.67,23.43,23.7,23.3,6274,14718968.0,1.7,-0.64,-0.15,0.73,23.43,23.7,23.3,6.18,2.78,0.54,44.98,8.74,45.31,36.99
521,2003-11-07,600519,23.3,22.91,23.4,22.7,7497,17267141.0,2.99,-2.22,-0.52,0.87,22.91,23.4,22.7,6.72,2.75,1.14,40.92,16.96,48.06,36.16
522,2003-11-10,600519,23.0,23.05,23.19,22.78,2761,6335394.0,1.79,0.61,0.14,0.32,23.05,23.19,22.78,6.94,2.7,1.14,38.9,16.43,49.92,35.71
523,2003-11-11,600519,23.05,23.25,23.35,22.95,2602,6018093.0,1.74,0.87,0.2,0.3,23.25,23.35,22.95,6.86,2.53,1.14,36.88,16.62,50.02,36.12
524,2003-11-12,600519,23.0,23.0,23.3,23.0,2961,6839594.0,1.29,-1.08,-0.25,0.34,23.0,23.3,23.0,6.92,2.51,1.14,36.27,16.47,48.07,39.2
525,2003-11-13,600519,22.99,22.84,23.12,22.7,2104,4796537.0,1.83,-0.7,-0.16,0.24,22.84,23.12,22.7,7.18,2.51,1.28,34.96,17.83,42.89,40.74
526,2003-11-14,600519,22.8,23.0,23.08,22.65,2274,5200996.0,1.88,0.7,0.16,0.26,23.0,23.08,22.65,7.23,2.51,0.95,34.72,13.14,39.16,42.24
527,2003-11-17,600519,23.08,22.97,23.12,22.88,1800,4141789.0,1.04,-0.13,-0.03,0.21,22.97,23.12,22.88,7.02,2.4,0.95,34.19,13.53,39.48,43.77
528,2003-11-18,600519,23.0,22.75,23.0,22.7,2450,5590828.0,1.31,-0.96,-0.22,0.28,22.75,23.0,22.7,6.63,2.03,1.13,30.62,17.04,37.45,43.68
529,2003-11-19,600519,22.75,22.95,22.99,22.61,3147,7192949.0,1.67,0.88,0.2,0.36,22.95,22.99,22.61,6.52,1.75,1.22,26.84,18.71,34.11,42.07
530,2003-11-20,600519,22.85,23.05,23.17,22.8,4988,11467710.0,1.61,0.44,0.1,0.58,23.05,23.17,22.8,6.42,1.73,1.22,26.95,19.0,30.74,39.4
531,2003-11-21,600519,23.38,22.98,23.4,22.91,1826,4207140.0,2.13,-0.3,-0.07,0.21,22.98,23.4,22.91,6.42,1.64,1.22,25.55,19.0,27.78,35.33
532,2003-11-24,600519,23.08,23.26,23.3,22.8,2498,5751645.0,2.18,1.22,0.28,0.29,23.26,23.3,22.8,6.07,0.86,1.33,14.17,21.91,23.84,31.5
533,2003-11-25,600519,23.3,23.19,23.3,22.95,3349,7752298.0,1.5,-0.3,-0.07,0.39,23.19,23.3,22.95,5.72,0.61,1.33,10.66,23.25,22.81,31.14
534,2003-11-26,600519,23.0,23.2,23.25,22.9,3402,7832142.0,1.51,0.04,0.01,0.39,23.2,23.25,22.9,5.67,0.61,1.38,10.76,24.34,24.51,30.98
535,2003-11-27,600519,23.09,23.05,23.49,22.93,5847,13553445.0,2.41,-0.65,-0.15,0.68,23.05,23.49,22.93,5.5,0.85,0.78,15.45,14.18,22.26,28.19
536,2003-11-28,600519,23.09,22.98,23.09,22.85,3105,7138329.0,1.04,-0.3,-0.07,0.36,22.98,23.09,22.85,5.33,0.85,0.86,15.95,16.14,19.47,25.11
537,2003-12-01,600519,23.3,23.01,23.3,22.85,8765,20159528.0,1.96,0.13,0.03,1.01,23.01,23.3,22.85,5.38,0.9,0.86,16.73,15.99,17.4,22.59
538,2003-12-02,600519,23.19,23.18,23.26,23.0,6944,16075321.0,1.13,0.74,0.17,0.8,23.18,23.26,23.0,5.34,0.9,0.86,16.85,16.1,14.21,19.02
539,2003-12-03,600519,23.25,23.52,23.8,23.18,13572,31788191.0,2.67,1.47,0.34,1.57,23.52,23.8,23.18,5.54,1.44,0.56,25.99,10.11,15.35,19.08
540,2003-12-04,600519,23.56,23.42,23.68,23.31,8160,19152457.0,1.57,-0.43,-0.1,0.94,23.42,23.68,23.31,5.48,1.44,0.51,26.28,9.31,16.85,20.68
541,2003-12-05,600519,23.4,23.87,23.9,23.31,20336,48018185.0,2.52,1.92,0.45,2.35,23.87,23.9,23.31,5.83,1.62,0.51,27.79,8.75,24.82,23.54
542,2003-12-08,600519,23.9,23.69,23.91,23.58,3533,8392000.0,1.38,-0.75,-0.18,0.41,23.69,23.91,23.58,5.86,1.63,0.33,27.82,5.63,35.78,27.63
543,2003-12-09,600519,23.68,23.55,23.76,23.45,3796,8935849.0,1.31,-0.59,-0.14,0.44,23.55,23.76,23.45,5.79,1.63,0.37,28.15,6.39,45.9,31.65
544,2003-12-10,600519,23.78,23.72,23.78,23.52,5360,12660246.0,1.1,0.72,0.17,0.62,23.72,23.78,23.52,5.68,1.47,0.37,25.88,6.51,55.49,34.85
545,2003-12-11,600519,23.75,23.53,23.84,23.51,4640,10986759.0,1.39,-0.8,-0.19,0.54,23.53,23.84,23.51,5.52,1.3,0.37,23.55,6.7,57.43,36.39
546,2003-12-12,600519,23.53,23.52,23.59,23.46,1932,4539656.0,0.55,-0.04,-0.01,0.22,23.52,23.59,23.46,5.15,1.3,0.31,25.24,6.02,59.73,38.29
547,2003-12-15,600519,23.52,23.6,23.69,23.42,1862,4392702.0,1.15,0.34,0.08,0.22,23.6,23.69,23.42,5.07,1.4,0.31,27.61,6.11,61.67,43.25
548,2003-12-16,600519,23.59,23.54,23.7,23.2,3332,7816685.0,2.12,-0.25,-0.06,0.39,23.54,23.7,23.2,5.22,1.4,0.48,26.82,9.2,58.77,47.28
549,2003-12-17,600519,23.58,24.02,24.3,23.58,8283,19926940.0,3.06,2.04,0.48,0.96,24.02,24.3,23.58,5.42,1.76,0.48,32.47,8.86,57.8,51.85
550,2003-12-18,600519,24.0,24.22,24.27,23.8,5708,13788180.0,1.96,0.83,0.2,0.66,24.22,24.27,23.8,5.65,1.76,0.4,31.15,7.08,58.33,56.91
551,2003-12-19,600519,24.27,24.0,24.27,23.81,5827,14005567.0,1.9,-0.91,-0.22,0.67,24.0,24.27,23.81,5.66,1.55,0.4,27.39,7.07,58.87,58.15
552,2003-12-22,600519,24.0,24.45,24.48,23.7,6254,15017997.0,3.25,1.88,0.45,0.72,24.45,24.48,23.7,6.18,1.76,0.4,28.48,6.47,59.12,59.43
553,2003-12-23,600519,24.45,24.63,24.86,24.26,10334,25513368.0,2.45,0.74,0.18,1.19,24.63,24.86,24.26,6.16,1.6,0.4,25.97,6.49,58.5,60.08
554,2003-12-24,600519,24.68,25.22,25.27,24.52,7043,17578282.0,3.05,2.4,0.59,0.81,25.22,25.27,24.52,6.54,2.01,0.4,30.73,6.12,61.47,60.12
555,2003-12-25,600519,25.22,25.05,25.3,25.01,7431,18686453.0,1.15,-0.67,-0.17,0.86,25.05,25.3,25.01,6.24,1.82,0.4,29.17,6.41,62.61,60.2
556,2003-12-26,600519,25.0,25.28,25.45,24.9,5153,12938394.0,2.2,0.92,0.23,0.6,25.28,25.45,24.9,6.46,1.96,0.4,30.34,6.19,63.13,60.73
557,2003-12-30,600519,25.18,25.5,25.68,24.81,4138,10461733.0,3.44,0.87,0.22,0.48,25.5,25.68,24.81,7.02,2.19,0.27,31.2,3.85,66.31,62.59
558,2003-12-31,600519,25.5,25.4,25.5,25.23,5511,13951355.0,1.06,-0.39,-0.1,0.64,25.4,25.5,25.23,7.03,2.17,0.27,30.87,3.84,68.8,63.96
559,2004-01-02,600519,25.01,25.19,25.48,25.0,6514,16401867.0,1.89,-0.83,-0.21,0.75,25.19,25.48,25.0,7.18,2.11,0.5,29.39,6.96,69.08,63.79
560,2004-01-05,600519,25.1,26.4,26.45,25.1,8540,22096848.0,5.36,4.8,1.21,0.99,26.4,26.45,25.1,8.4,3.08,0.45,36.67,5.36,70.36,65.92
561,2004-01-06,600519,26.5,26.96,27.18,26.5,9467,25293426.0,2.58,2.12,0.56,1.09,26.96,27.18,26.5,8.91,3.71,0.45,41.64,5.05,72.76,67.69
562,2004-01-07,600519,26.87,26.95,27.18,26.33,11336,30614269.0,3.15,-0.04,-0.01,1.31,26.95,27.18,26.33,9.26,3.71,0.4,40.06,4.32,75.17,69.15
563,2004-01-08,600519,27.0,27.42,27.48,26.88,8607,23401787.0,2.23,1.74,0.47,0.99,27.42,27.48,26.88,9.1,3.41,0.4,37.47,4.4,75.33,70.82
564,2004-01-09,600519,27.5,26.21,27.5,26.05,8822,23829502.0,5.29,-4.41,-1.21,1.02,26.21,27.5,26.05,10.08,3.41,1.23,33.83,12.2,70.18,69.49
565,2004-01-12,600519,26.0,26.53,26.6,25.83,6491,16933810.0,2.94,1.22,0.32,0.75,26.53,26.6,25.83,10.39,3.41,1.45,32.82,13.96,66.62,67.85
566,2004-01-13,600519,26.8,27.6,27.68,26.8,13421,36807002.0,3.32,4.03,1.07,1.55,27.6,27.68,26.8,10.76,4.28,1.45,39.78,13.48,62.43,66.4
567,2004-01-14,600519,27.6,28.87,29.15,27.37,25096,71681040.0,6.45,4.6,1.27,2.9,28.87,29.15,27.37,11.94,5.37,1.45,44.97,12.14,58.95,65.86
568,2004-01-15,600519,28.5,28.28,28.91,28.01,10171,29112473.0,3.12,-2.04,-0.59,1.18,28.28,28.91,28.01,12.09,4.96,1.45,41.03,11.99,54.66,64.91
569,2004-01-16,600519,28.12,28.49,28.85,28.0,7408,21179706.0,3.01,0.74,0.21,0.86,28.49,28.85,28.0,12.65,4.93,1.46,38.97,11.54,50.54,62.93
570,2004-01-29,600519,28.0,28.96,29.02,28.0,5354,15425466.0,3.58,1.65,0.47,0.62,28.96,29.02,28.0,13.12,4.95,1.46,37.73,11.13,51.78,60.98
571,2004-01-30,600519,28.94,28.12,29.05,28.1,7785,22429306.0,3.28,-2.9,-0.84,0.9,28.12,29.05,28.1,13.2,4.75,1.46,35.98,11.06,53.89,60.26
572,2004-02-02,600519,28.5,28.92,29.35,28.3,31305,90694934.0,3.73,2.84,0.8,3.62,28.92,29.35,28.3,14.16,5.05,1.46,35.66,10.31,54.85,58.64
573,2004-02-03,600519,29.0,29.0,29.16,28.72,8128,23508437.0,1.52,0.28,0.08,0.94,29.0,29.16,28.72,14.12,5.05,1.23,35.76,8.71,55.41,57.18
574,2004-02-04,600519,29.0,28.99,29.15,28.8,8646,25042786.0,1.21,-0.03,-0.01,1.0,28.99,29.15,28.8,13.12,4.08,1.23,31.1,9.38,55.23,54.94
575,2004-02-05,600519,28.88,28.19,28.99,28.1,9257,26274156.0,3.07,-2.76,-0.8,1.07,28.19,28.99,28.1,13.23,3.35,1.93,25.32,14.59,50.66,50.6
576,2004-02-06,600519,28.0,27.83,28.6,27.66,12926,36392591.0,3.33,-1.28,-0.36,1.49,27.83,28.6,27.66,13.32,3.35,2.2,25.15,16.52,45.04,48.41
577,2004-02-09,600519,27.88,28.14,28.39,27.68,5778,16136748.0,2.55,1.11,0.31,0.67,28.14,28.39,27.68,13.43,3.05,2.2,22.71,16.38,38.91,46.4
578,2004-02-10,600519,28.18,27.77,28.29,27.72,2891,8054689.0,2.03,-1.31,-0.37,0.33,27.77,28.29,27.72,12.55,3.05,1.37,24.3,10.92,36.05,45.45
579,2004-02-11,600519,28.0,27.62,28.0,27.4,4488,12391205.0,2.16,-0.54,-0.15,0.52,27.62,28.0,27.4,12.38,3.05,1.47,24.64,11.87,31.74,43.58
580,2004-02-12,600519,27.69,27.64,28.2,27.5,2231,6196653.0,2.53,0.07,0.02,0.26,27.64,28.2,27.5,11.93,2.17,1.47,18.19,12.32,26.0,40.61
581,2004-02-13,600519,27.7,27.89,28.1,27.56,2531,7068284.0,1.95,0.9,0.25,0.29,27.89,28.1,27.56,10.69,0.7,1.47,6.55,13.75,27.43,39.05
582,2004-02-16,600519,27.89,28.65,28.7,27.89,4082,11599148.0,2.9,2.72,0.76,0.47,28.65,28.7,27.89,10.6,1.3,1.47,12.26,13.87,25.0,35.02
583,2004-02-17,600519,28.75,28.54,28.75,28.51,7236,20708523.0,0.84,-0.38,-0.11,0.84,28.54,28.75,28.51,9.99,1.35,1.46,13.51,14.61,22.96,30.93
584,2004-02-18,600519,28.54,29.09,29.45,28.24,9704,28085541.0,4.24,1.93,0.55,1.12,29.09,29.45,28.24,10.18,1.88,1.46,18.47,14.34,18.72,27.38
585,2004-02-19,600519,29.1,28.8,29.15,28.68,6155,17792327.0,1.62,-1.0,-0.29,0.71,28.8,29.15,28.68,9.7,1.85,1.46,19.07,15.05,14.85,23.3
586,2004-02-20,600519,28.61,28.73,28.88,28.42,3256,9294561.0,1.6,-0.24,-0.07,0.38,28.73,28.88,28.42,8.93,1.55,1.72,17.36,19.26,12.52,19.26
587,2004-02-23,600519,28.95,28.0,28.98,27.92,4234,11943403.0,3.69,-2.54,-0.73,0.49,28.0,28.98,27.92,9.55,1.55,2.22,16.23,23.25,9.56,18.5
588,2004-02-24,600519,27.88,28.23,28.39,27.56,8245,22993324.0,2.96,0.82,0.23,0.95,28.23,28.39,27.56,10.03,1.55,2.58,15.45,25.72,12.7,18.85
589,2004-02-25,600519,28.25,27.32,28.75,27.3,5596,15651947.0,5.14,-3.22,-0.91,0.65,27.32,28.75,27.3,10.59,1.91,1.88,18.04,17.75,12.18,17.57
590,2004-02-26,600519,27.4,28.25,28.28,27.2,10313,28613246.0,3.95,3.4,0.93,1.19,28.25,28.28,27.2,10.73,1.91,1.54,17.8,14.35,11.87,15.29
591,2004-02-27,600519,28.28,28.4,28.42,27.75,4431,12479813.0,2.37,0.53,0.15,0.51,28.4,28.42,27.75,10.69,2.05,1.54,19.18,14.41,12.27,13.56
592,2004-03-01,600519,28.35,28.53,28.58,28.01,2938,8324629.0,2.01,0.46,0.13,0.34,28.53,28.58,28.01,10.69,2.21,1.54,20.67,14.41,14.38,13.45
593,2004-03-02,600519,28.2,31.13,31.38,28.2,25188,75299463.0,11.15,9.11,2.6,2.91,31.13,31.38,28.2,13.27,5.01,1.22,37.75,9.19,21.56,15.56
594,2004-03-03,600519,31.18,30.69,31.6,30.39,24661,76280342.0,3.89,-1.41,-0.44,2.85,30.69,31.6,30.39,13.78,5.03,1.22,36.5,8.85,27.56,20.13
595,2004-03-04,600519,30.58,30.52,30.8,30.26,5718,17429571.0,1.76,-0.55,-0.17,0.66,30.52,30.8,30.26,13.78,5.03,1.35,36.5,9.8,37.05,24.61
596,2004-03-05,600519,30.6,30.62,31.2,30.3,4117,12628392.0,2.95,0.33,0.1,0.48,30.62,31.2,30.3,13.87,4.83,1.35,34.82,9.73,44.64,28.26
597,2004-03-08,600519,30.6,30.09,31.0,29.7,6328,19124563.0,4.25,-1.73,-0.53,0.73,30.09,31.0,29.7,14.93,4.78,1.95,32.02,13.06,49.28,30.78
598,2004-03-09,600519,30.1,29.9,30.3,29.75,4492,13474582.0,1.83,-0.63,-0.19,0.52,29.9,30.3,29.75,14.27,4.08,1.95,28.59,13.67,52.19,33.29
599,2004-03-10,600519,29.72,30.34,30.4,29.72,3117,9368573.0,2.27,1.47,0.44,0.36,30.34,30.4,29.72,14.48,4.18,1.95,28.87,13.47,48.12,34.84
600,2004-03-11,600519,30.0,30.89,30.9,30.0,6967,21204913.0,2.97,1.81,0.55,0.81,30.89,30.9,30.0,14.92,4.68,1.69,31.37,11.33,45.78,36.67
601,2004-03-12,600519,31.99,32.7,33.3,31.55,37852,123629708.0,5.67,5.86,1.81,4.38,32.7,33.3,31.55,16.27,7.08,1.19,43.52,7.31,48.04,42.54
602,2004-03-15,600519,32.65,33.42,33.5,32.4,18986,62741210.0,3.36,2.2,0.72,2.19,33.42,33.5,32.4,16.54,7.28,0.83,44.01,5.02,51.91,48.28
603,2004-03-16,600519,33.42,34.91,35.44,33.11,30958,106413222.0,6.97,4.46,1.49,3.58,34.91,35.44,33.11,17.42,8.86,0.83,50.86,4.76,58.71,54.0
604,2004-03-17,600519,34.8,34.91,35.25,34.31,13411,46683001.0,2.69,0.0,0.0,1.55,34.91,35.25,34.31,17.28,8.86,0.73,51.27,4.22,66.95,59.57
605,2004-03-18,600519,34.91,34.97,35.3,34.7,15704,55053859.0,1.72,0.17,0.06,1.82,34.97,35.3,34.7,17.21,8.77,0.73,50.96,4.24,74.99,61.56
606,2004-03-19,600519,34.91,34.87,35.32,34.6,14744,51625581.0,2.06,-0.29,-0.1,1.7,34.87,35.32,34.6,17.36,8.61,0.83,49.6,4.78,80.91,63.34
607,2004-03-22,600519,35.0,34.52,35.18,34.5,10206,35526463.0,1.95,-1.0,-0.35,1.18,34.52,35.18,34.5,14.86,5.81,0.93,39.1,6.26,81.1,64.57
608,2004-03-23,600519,34.33,33.81,34.5,33.54,13910,47091718.0,2.78,-2.06,-0.71,1.61,33.81,34.5,33.54,14.63,5.59,1.89,38.21,12.92,76.09,64.0
609,2004-03-24,600519,33.7,35.05,35.2,33.58,13296,46222270.0,4.79,3.67,1.24,1.54,35.05,35.2,33.58,15.71,6.29,1.76,40.04,11.2,71.66,65.19
610,2004-03-25,600519,34.85,34.06,35.2,33.9,14931,51190803.0,3.71,-2.82,-0.99,1.73,34.06,35.2,33.9,16.11,5.89,1.76,36.56,10.92,66.53,66.74
611,2004-03-26,600519,34.5,34.73,34.87,33.15,17415,59748602.0,5.05,1.97,0.67,2.01,34.73,34.87,33.15,16.53,5.89,1.91,35.63,11.55,60.93,67.96
612,2004-03-29,600519,34.73,34.28,35.55,34.2,11282,39480878.0,3.89,-1.3,-0.45,1.3,34.28,35.55,34.2,17.33,6.57,1.91,37.91,11.02,56.35,68.63
613,2004-03-30,600519,34.2,34.73,34.8,34.05,5877,20288601.0,2.19,1.31,0.45,0.68,34.73,34.8,34.05,17.4,6.47,2.06,37.18,11.84,52.9,67.0
614,2004-03-31,600519,34.7,35.04,35.2,34.58,7310,25543352.0,1.79,0.89,0.31,0.84,35.04,35.2,34.58,17.12,6.37,2.06,37.21,12.03,53.18,64.64
615,2004-04-01,600519,34.79,35.39,35.5,34.79,8504,29966660.0,2.03,1.0,0.35,0.98,35.39,35.5,34.79,15.42,4.27,2.06,27.69,13.36,49.62,60.64
616,2004-04-02,600519,35.35,36.29,36.5,35.35,18818,67825517.0,3.25,2.54,0.9,2.18,36.29,36.5,35.35,15.47,5.07,2.06,32.77,13.32,47.66,57.09
617,2004-04-05,600519,36.3,37.25,37.4,36.3,18631,68785082.0,3.03,2.65,0.96,2.15,37.25,37.4,36.3,14.25,4.03,2.06,28.28,14.46,44.54,52.74
618,2004-04-06,600519,37.4,37.23,37.4,36.9,7136,26461490.0,1.34,-0.05,-0.02,0.82,37.23,37.4,36.9,13.81,4.03,2.06,29.18,14.92,40.78,48.56
619,2004-04-07,600519,37.26,38.87,39.05,37.26,18692,72038041.0,4.81,4.41,1.64,2.16,38.87,39.05,37.26,15.03,5.63,2.06,37.46,13.71,39.9,46.4
620,2004-04-08,600519,38.9,40.48,40.52,38.72,15913,63361314.0,4.63,4.14,1.61,1.84,40.48,40.52,38.72,16.11,7.1,1.96,44.07,12.17,40.83,47.0
621,2004-04-09,600519,40.45,39.2,40.45,39.18,34323,135738045.0,3.14,-3.16,-1.28,3.97,39.2,40.45,39.18,16.73,7.1,1.86,42.44,11.12,44.76,47.19
622,2004-04-12,600519,38.9,38.76,39.5,38.3,10272,39974344.0,3.06,-1.12,-0.44,1.19,38.76,39.5,38.3,16.95,7.1,1.78,41.89,10.5,47.71,47.68
623,2004-04-13,600519,38.9,39.15,39.4,38.6,15524,60506087.0,2.06,1.01,0.39,1.79,39.15,39.4,38.6,16.13,6.4,1.78,39.68,11.04,51.73,48.14
624,2004-04-14,600519,38.85,38.15,38.99,37.6,15544,59198319.0,3.55,-2.55,-1.0,1.8,38.15,38.99,37.6,16.38,6.4,2.78,39.07,16.97,52.91,46.84
625,2004-04-15,600519,38.0,37.96,38.6,37.8,5959,22690028.0,2.1,-0.5,-0.19,0.69,37.96,38.6,37.8,15.46,6.4,2.03,41.4,13.13,53.81,46.85
626,2004-04-16,600519,37.82,37.99,38.48,37.4,4498,17042489.0,2.85,0.08,0.03,0.52,37.99,38.48,37.4,15.19,5.72,2.43,37.66,16.0,51.09,45.96
627,2004-04-19,600519,38.0,36.85,38.0,36.8,5897,22127813.0,3.16,-3.0,-1.14,0.68,36.85,38.0,36.8,15.64,5.72,2.88,36.57,18.41,46.84,45.8
628,2004-04-20,600519,36.8,37.2,37.48,36.31,7706,28305520.0,3.18,0.95,0.35,0.89,37.2,37.48,36.31,16.19,5.32,3.37,32.86,20.82,40.6,44.15
629,2004-04-21,600519,37.39,36.63,37.5,36.2,3994,14703155.0,3.49,-1.53,-0.57,0.46,36.63,37.5,36.2,16.78,5.02,3.48,29.92,20.74,34.2,42.97
630,2004-04-22,600519,36.5,36.6,36.8,36.2,8252,30019962.0,1.64,-0.08,-0.03,0.95,36.6,36.8,36.2,16.23,4.02,3.48,24.77,21.44,28.83,40.87
631,2004-04-23,600519,36.4,36.77,36.78,36.2,8065,29417711.0,1.58,0.46,0.17,0.93,36.77,36.78,36.2,15.7,3.12,3.48,19.87,22.17,21.1,37.46
632,2004-04-26,600519,36.54,37.22,37.37,36.4,6603,24414409.0,2.64,1.22,0.45,0.76,37.22,37.37,36.4,16.17,3.71,3.48,22.94,21.52,14.91,33.0
633,2004-04-27,600519,37.25,37.91,39.0,37.25,20597,78913119.0,4.7,1.85,0.69,2.38,37.91,39.0,37.25,16.13,3.69,3.48,22.88,21.57,9.89,28.37
634,2004-04-28,600519,37.9,37.55,37.9,37.1,5597,21005617.0,2.11,-0.95,-0.36,0.65,37.55,37.9,37.1,15.14,2.22,3.63,14.66,23.98,10.17,25.38
635,2004-04-29,600519,38.48,36.66,38.8,35.5,17383,62795124.0,8.79,-2.37,-0.89,2.01,36.66,38.8,35.5,17.14,2.22,5.23,12.95,30.51,13.88,24.04
636,2004-04-30,600519,36.29,37.43,37.5,36.01,12962,47858161.0,4.06,2.1,0.77,1.5,37.43,37.5,36.01,17.43,2.22,4.35,12.74,24.96,18.08,23.46
637,2004-05-10,600519,37.3,36.23,37.4,35.58,8004,28883861.0,4.86,-3.21,-1.2,0.93,36.23,37.4,35.58,18.48,2.22,4.78,12.01,25.87,23.27,22.19
638,2004-05-11,600519,35.75,36.04,36.8,35.75,6734,24441916.0,2.9,-0.52,-0.19,0.78,36.04,36.8,35.75,17.98,2.22,3.78,12.35,21.02,27.07,20.99
639,2004-05-12,600519,36.02,36.81,36.85,36.01,8684,31635698.0,2.33,2.14,0.77,1.0,36.81,36.85,36.01,18.02,2.27,3.78,12.6,20.98,30.74,20.32
640,2004-05-13,600519,36.5,37.79,37.8,36.5,14720,55043074.0,3.53,2.66,0.98,1.7,37.79,37.8,36.5,18.24,3.22,3.38,17.65,18.53,27.13,18.65
641,2004-05-14,600519,37.88,37.45,37.99,36.8,6029,22432732.0,3.15,-0.9,-0.34,0.7,37.45,37.99,36.8,18.23,3.41,2.78,18.71,15.25,22.09,17.99
642,2004-05-17,600519,37.27,36.72,37.27,36.32,3389,12486993.0,2.54,-1.95,-0.73,0.39,36.72,37.27,36.32,18.19,3.41,2.77,18.75,15.23,18.41,18.25
643,2004-05-18,600519,36.75,36.21,37.2,35.0,19383,70073744.0,5.99,-1.39,-0.51,2.24,36.21,37.2,35.0,19.09,3.41,3.98,17.86,20.85,13.6,18.44
644,2004-05-19,600519,36.5,36.59,37.1,36.05,4800,17709875.0,2.9,1.05,0.38,0.55,36.59,37.1,36.05,19.54,3.41,3.98,17.45,20.37,10.56,18.81
645,2004-05-20,600519,36.4,36.48,36.66,36.16,2495,9068633.0,1.37,-0.3,-0.11,0.29,36.48,36.66,36.16,19.46,3.41,3.98,17.52,20.45,7.68,19.21
646,2004-05-21,600519,36.48,36.4,36.7,35.81,1291,4704499.0,2.44,-0.22,-0.08,0.15,36.4,36.7,35.81,19.38,2.82,4.33,14.55,22.34,10.8,18.96
647,2004-05-24,600519,36.36,36.0,36.5,35.95,1563,5641346.0,1.51,-1.1,-0.4,0.18,36.0,36.5,35.95,18.15,1.19,4.33,6.56,23.86,18.58,20.34
648,2004-05-25,600519,35.93,35.85,36.5,35.8,5147,18589609.0,1.94,-0.42,-0.15,0.59,35.85,36.5,35.8,18.04,1.19,4.33,6.6,24.0,26.34,22.38
649,2004-05-26,600519,35.86,36.04,36.14,35.62,2776,10011880.0,1.45,0.53,0.19,0.32,36.04,36.14,35.62,15.26,1.19,2.91,7.8,19.07,32.04,22.82
650,2004-05-27,600519,36.6,36.5,36.98,36.0,3759,13778597.0,2.72,1.28,0.46,0.43,36.5,36.98,36.0,14.75,2.03,2.91,13.76,19.73,33.73,22.14
651,2004-05-28,600519,36.4,36.88,36.97,36.3,1952,7168549.0,1.84,1.04,0.38,0.23,36.88,36.97,36.3,13.57,2.03,2.48,14.96,18.28,34.1,20.89
652,2004-06-01,600519,36.88,37.4,37.45,36.87,3638,13507855.0,1.57,1.41,0.52,0.42,37.4,37.45,36.87,13.1,2.51,2.48,19.16,18.93,30.69,20.74
653,2004-06-02,600519,37.4,36.84,37.4,36.8,2381,8832775.0,1.6,-1.5,-0.56,0.28,36.84,37.4,36.8,12.86,2.46,2.55,19.13,19.83,21.5,20.04
654,2004-06-03,600519,36.9,36.8,37.27,36.5,782,2869881.0,2.09,-0.11,-0.04,0.09,36.8,37.27,36.5,12.33,1.51,2.85,12.25,23.11,17.15,21.74
655,2004-06-04,600519,36.21,36.28,36.88,36.09,2070,7529168.0,2.15,-1.41,-0.52,0.24,36.28,36.88,36.09,11.93,1.32,3.26,11.06,27.33,17.21,24.63
656,2004-06-07,600519,36.03,36.36,36.48,35.95,2454,8856253.0,1.46,0.22,0.08,0.28,36.36,36.48,35.95,11.33,1.32,2.92,11.65,25.77,20.53,27.13
657,2004-06-08,600519,36.01,36.31,36.47,35.9,3357,12115216.0,1.57,-0.14,-0.05,0.39,36.31,36.47,35.9,9.7,1.32,1.65,13.61,17.01,20.72,27.41
658,2004-06-09,600519,36.01,35.99,36.38,35.8,4725,17036585.0,1.6,-0.88,-0.32,0.55,35.99,36.38,35.8,9.23,1.32,1.75,14.3,18.96,22.96,26.82
659,2004-06-10,600519,36.0,34.3,36.3,34.05,24414,84607735.0,6.25,-4.7,-1.69,2.82,34.3,36.3,34.05,10.98,1.32,3.5,12.02,31.88,30.2,25.85
660,2004-06-11,600519,34.06,34.51,35.1,34.06,9237,31913342.0,3.03,0.61,0.21,1.07,34.51,35.1,34.06,11.13,1.32,3.15,11.86,28.3,31.9,24.52
661,2004-06-14,600519,34.3,33.4,34.36,33.2,11932,40393296.0,3.36,-3.22,-1.11,1.38,33.4,34.36,33.2,11.89,1.32,4.01,11.1,33.73,33.25,25.23
662,2004-06-15,600519,33.33,33.56,33.68,32.4,21484,70392158.0,3.83,0.48,0.16,2.48,33.56,33.68,32.4,12.47,1.32,4.66,10.59,37.37,36.27,28.4
663,2004-06-16,600519,33.5,34.44,34.64,33.3,6623,22482333.0,3.99,2.62,0.88,0.77,34.44,34.64,33.3,13.29,2.28,4.48,17.16,33.71,39.84,30.28
664,2004-06-17,600519,34.44,33.13,34.44,32.82,14816,49602583.0,4.7,-3.8,-1.31,1.71,33.13,34.44,32.82,13.93,1.44,4.96,10.34,35.61,46.67,34.81
665,2004-06-18,600519,33.0,33.31,33.4,32.2,11671,38053133.0,3.62,0.54,0.18,1.35,33.31,33.4,32.2,14.46,1.44,5.58,9.96,38.59,48.96,39.58
666,2004-06-21,600519,32.81,33.5,33.58,32.71,1034,3441885.0,2.61,0.57,0.19,0.12,33.5,33.58,32.71,14.75,1.14,5.58,7.73,37.83,53.15,42.52
667,2004-06-22,600519,33.6,34.0,34.0,33.5,1254,4238393.0,1.49,1.49,0.5,0.15,34.0,34.0,33.5,14.65,1.56,5.51,10.65,37.61,54.05,43.65
668,2004-06-23,600519,33.95,33.22,33.95,33.0,596,1987467.0,2.79,-2.29,-0.78,0.07,33.22,33.95,33.0,14.88,1.56,5.71,10.48,38.37,54.26,45.26
669,2004-06-24,600519,33.22,33.23,33.79,33.18,1242,4133360.0,1.84,0.03,0.01,0.14,33.23,33.79,33.18,14.7,1.56,5.3,10.61,36.05,57.92,48.88
670,2004-06-25,600519,33.43,33.8,34.7,33.08,3697,12619117.0,4.88,1.72,0.57,0.43,33.8,34.7,33.08,15.79,2.47,5.16,15.64,32.68,54.63,50.65
671,2004-06-28,600519,33.5,34.12,34.4,33.5,3080,10476223.0,2.66,0.95,0.32,0.36,34.12,34.4,33.5,16.12,2.47,5.11,15.32,31.7,50.6,49.78
672,2004-06-29,600519,34.12,34.09,34.25,33.8,6891,23479163.0,1.32,-0.09,-0.03,0.8,34.09,34.25,33.8,15.99,2.47,5.01,15.45,31.33,45.25,49.2
673,2004-06-30,600519,34.09,33.85,34.19,33.0,4103,13952503.0,3.49,-0.7,-0.24,0.47,33.85,34.19,33.0,14.93,2.47,4.06,16.54,27.19,40.0,47.03
674,2004-07-01,600519,25.02,26.73,26.8,25.01,2782,7361258.0,5.29,-21.03,-7.12,0.25,26.73,26.8,25.01,22.73,2.47,12.05,10.87,53.01,41.48,47.87
675,2004-07-02,600519,26.8,27.26,27.3,26.38,2873,7731847.0,3.44,1.98,0.53,0.26,27.26,27.3,26.38,22.34,2.97,11.19,13.29,50.09,42.07,49.99
676,2004-07-05,600519,27.0,28.33,28.38,27.0,5202,14545862.0,5.06,3.93,1.07,0.46,28.33,28.38,27.0,22.44,4.05,10.39,18.05,46.3,43.51,49.07
677,2004-07-06,600519,28.48,28.22,29.38,28.2,16359,47067614.0,4.17,-0.39,-0.11,1.45,28.22,29.38,28.2,22.28,4.09,10.39,18.36,46.63,44.96,47.78
678,2004-07-07,600519,28.18,28.83,29.02,27.7,13245,38002932.0,4.68,2.16,0.61,1.18,28.83,29.02,27.7,21.98,4.09,10.41,18.61,47.36,46.56,45.91
679,2004-07-08,600519,28.95,28.59,29.0,28.51,2358,6779704.0,1.7,-0.83,-0.24,0.21,28.59,29.0,28.51,21.27,4.09,9.79,19.23,46.03,49.35,44.67
680,2004-07-09,600519,28.43,28.5,28.88,28.43,1636,4678105.0,1.57,-0.31,-0.09,0.15,28.5,28.88,28.43,20.85,3.91,9.87,18.75,47.34,45.56,43.52
681,2004-07-12,600519,28.5,28.66,28.86,28.1,4328,12351574.0,2.67,0.56,0.16,0.38,28.66,28.86,28.1,21.11,3.49,10.2,16.53,48.32,44.06,43.06
682,2004-07-13,600519,28.5,29.43,29.5,28.5,6419,18772253.0,3.49,2.69,0.77,0.57,29.43,29.5,28.5,21.11,4.13,9.7,19.56,45.95,43.45,43.48
683,2004-07-14,600519,29.38,29.56,29.58,29.0,4479,13176396.0,1.97,0.44,0.13,0.4,29.56,29.58,29.0,21.08,4.21,9.7,19.97,46.02,42.78,43.87
684,2004-07-15,600519,29.56,30.61,30.66,29.56,28186,85455066.0,3.72,3.55,1.05,2.51,30.61,30.66,29.56,20.56,4.38,9.7,21.3,47.18,41.81,44.19
685,2004-07-16,600519,30.62,30.58,30.85,30.0,5877,17947709.0,2.78,-0.1,-0.03,0.52,30.58,30.85,30.0,20.51,4.57,9.7,22.28,47.29,40.96,45.15
686,2004-07-19,600519,30.59,30.55,30.79,29.93,8508,25718864.0,2.81,-0.1,-0.03,0.76,30.55,30.79,29.93,20.92,4.57,9.77,21.85,46.7,39.79,42.68
687,2004-07-20,600519,30.45,30.5,30.55,30.02,7869,23908753.0,1.73,-0.16,-0.05,0.7,30.5,30.55,30.02,20.26,4.57,8.97,22.56,44.27,37.04,40.55
688,2004-07-21,600519,30.5,30.85,30.9,30.18,7534,23041353.0,2.36,1.15,0.35,0.67,30.85,30.9,30.18,12.14,4.92,0.98,40.53,8.07,41.46,42.45
689,2004-07-22,600519,30.8,30.77,31.86,30.6,27936,87061727.0,4.08,-0.26,-0.08,2.48,30.77,31.86,30.6,12.48,5.38,0.98,43.11,7.85,46.41,44.59
690,2004-07-23,600519,30.5,31.46,31.5,30.4,10552,32608304.0,3.57,2.24,0.69,0.94,31.46,31.5,30.4,12.2,4.3,1.18,35.25,9.67,49.6,45.71
691,2004-07-26,600519,31.6,30.82,31.6,30.28,6617,20362836.0,4.2,-2.03,-0.64,0.59,30.82,31.6,30.28,12.34,3.3,1.3,26.74,10.53,50.86,45.91
692,2004-07-27,600519,30.9,29.82,30.9,29.77,11113,33370357.0,3.67,-3.24,-1.0,0.99,29.82,30.9,29.77,12.15,3.3,1.31,27.16,10.78,52.01,45.9
693,2004-07-28,600519,30.66,29.48,30.66,28.82,8847,25861812.0,6.17,-1.14,-0.34,0.79,29.48,30.66,28.82,13.5,3.3,2.26,24.44,16.74,49.71,43.37
694,2004-07-29,600519,29.3,29.63,29.68,29.03,3414,10010293.0,2.2,0.51,0.15,0.3,29.63,29.68,29.03,13.7,3.3,2.18,24.09,15.91,41.98,41.72
695,2004-07-30,600519,29.5,30.07,30.36,29.5,2491,7475971.0,2.9,1.48,0.44,0.22,30.07,30.36,29.5,13.8,3.98,1.85,28.84,13.41,36.54,41.48
696,2004-08-02,600519,30.05,29.75,30.3,29.5,7328,21734520.0,2.66,-1.06,-0.32,0.65,29.75,30.3,29.5,13.6,3.34,1.85,24.56,13.6,31.84,40.72
697,2004-08-03,600519,29.5,29.39,29.95,29.31,7760,22860312.0,2.15,-1.21,-0.36,0.69,29.39,29.95,29.31,13.66,3.26,2.04,23.87,14.93,28.43,39.64
698,2004-08-04,600519,29.18,29.89,30.0,29.12,4741,13978388.0,2.99,1.7,0.5,0.42,29.89,30.0,29.12,13.44,2.18,2.23,16.22,16.59,21.42,36.71
699,2004-08-05,600519,29.8,29.55,29.8,29.3,2169,6399271.0,1.67,-1.14,-0.34,0.19,29.55,29.8,29.3,13.18,1.99,2.23,15.1,16.92,19.25,34.48
700,2004-08-06,600519,29.4,29.79,29.9,29.11,2657,7857159.0,2.67,0.81,0.24,0.24,29.79,29.9,29.11,13.11,1.99,2.35,15.18,17.93,17.23,29.61
701,2004-08-09,600519,29.51,29.95,29.96,29.51,2457,7317440.0,1.51,0.54,0.16,0.22,29.95,29.96,29.51,13.03,2.05,2.35,15.73,18.04,12.28,24.41
702,2004-08-10,600519,29.71,30.16,30.2,29.65,2610,7820329.0,1.84,0.7,0.21,0.23,30.16,30.2,29.65,12.86,1.94,2.35,15.09,18.27,9.09,20.46
703,2004-08-11,600519,30.0,29.95,30.1,29.8,1043,3119880.0,0.99,-0.7,-0.21,0.09,29.95,30.1,29.8,11.96,0.98,2.35,8.19,19.65,12.11,20.27
704,2004-08-12,600519,29.52,30.09,30.1,29.52,2818,8383159.0,1.94,0.47,0.14,0.25,30.09,30.1,29.52,11.44,0.98,2.43,8.57,21.24,19.0,20.21
705,2004-08-13,600519,29.89,30.11,30.18,29.7,3719,11134747.0,1.6,0.07,0.02,0.33,30.11,30.18,29.7,10.6,1.06,2.31,10.0,21.79,24.24,21.75
706,2004-08-16,600519,29.88,29.86,30.11,29.85,1783,5336450.0,0.86,-0.83,-0.25,0.16,29.86,30.11,29.85,9.73,1.06,1.8,10.89,18.5,27.17,22.2
707,2004-08-17,600519,29.81,30.0,30.1,29.57,1971,5905094.0,1.77,0.47,0.14,0.18,30.0,30.1,29.57,8.42,1.06,1.13,12.59,13.42,26.56,19.42
708,2004-08-18,600519,30.2,30.12,30.31,29.9,5511,16624721.0,1.37,0.4,0.12,0.49,30.12,30.31,29.9,8.18,1.27,1.13,15.53,13.81,25.94,17.51
709,2004-08-19,600519,30.0,29.92,30.2,29.81,5890,17653366.0,1.29,-0.66,-0.2,0.52,29.92,30.2,29.81,7.71,0.59,1.22,7.65,15.82,24.89,18.5
710,2004-08-20,600519,29.92,29.95,30.2,29.8,5631,16868762.0,1.34,0.1,0.03,0.5,29.95,30.2,29.8,7.31,0.59,1.23,8.07,16.83,23.66,21.33
711,2004-08-23,600519,29.8,29.21,29.8,29.15,5733,16839797.0,2.17,-2.47,-0.74,0.51,29.21,29.8,29.15,7.47,0.59,1.69,7.9,22.62,25.52,24.88
712,2004-08-24,600519,29.0,29.35,29.4,29.0,2860,8339871.0,1.37,0.48,0.14,0.25,29.35,29.4,29.0,6.99,0.59,1.65,8.44,23.61,29.09,28.13
713,2004-08-25,600519,29.5,29.46,29.51,29.1,1631,4768554.0,1.4,0.37,0.11,0.15,29.46,29.51,29.1,6.81,0.7,1.65,10.28,24.23,35.3,30.93
714,2004-08-26,600519,29.2,29.53,29.6,29.2,2161,6353347.0,1.36,0.24,0.07,0.19,29.53,29.6,29.2,6.42,0.79,1.46,12.31,22.74,39.29,32.62
715,2004-08-27,600519,29.49,29.46,29.65,29.3,1325,3898855.0,1.19,-0.24,-0.07,0.12,29.46,29.65,29.3,6.32,0.78,1.46,12.34,23.1,38.55,31.72
716,2004-08-30,600519,29.2,28.97,29.39,28.8,3492,10126801.0,2.0,-1.66,-0.49,0.31,28.97,29.39,28.8,6.43,0.54,1.96,8.4,30.48,42.15,32.91
717,2004-08-31,600519,29.29,29.17,29.9,28.9,2414,7032456.0,3.45,0.69,0.2,0.21,29.17,29.9,28.9,7.07,1.05,1.96,14.85,27.72,39.15,32.34
718,2004-09-01,600519,29.05,28.62,29.05,28.6,3798,10907461.0,1.54,-1.89,-0.55,0.34,28.62,29.05,28.6,7.06,1.05,1.98,14.87,28.05,36.38,32.74
719,2004-09-02,600519,28.47,28.69,28.7,27.91,4400,12428743.0,2.76,0.24,0.07,0.39,28.69,28.7,27.91,7.37,0.97,2.67,13.16,36.23,37.43,36.36
720,2004-09-03,600519,28.5,28.67,28.71,28.1,2730,7734124.0,2.13,-0.07,-0.02,0.24,28.67,28.71,28.1,7.72,0.98,2.67,12.69,34.59,40.18,39.74
721,2004-09-06,600519,28.33,28.71,28.8,28.33,2327,6677838.0,1.64,0.14,0.04,0.21,28.71,28.8,28.33,7.66,1.07,2.39,13.97,31.2,41.48,40.01
722,2004-09-07,600519,28.97,29.0,29.12,28.8,2635,7621058.0,1.11,1.01,0.29,0.23,29.0,29.12,28.8,7.66,1.18,2.39,15.4,31.2,37.66,39.91
723,2004-09-08,600519,29.07,29.54,29.6,29.02,4696,13766558.0,2.0,1.86,0.54,0.42,29.54,29.6,29.02,7.87,1.66,2.3,21.09,29.22,35.32,37.23
724,2004-09-09,600519,29.55,29.66,30.0,29.35,10209,30324405.0,2.2,0.41,0.12,0.91,29.66,30.0,29.35,8.12,2.06,2.29,25.37,28.2,31.08,33.73
725,2004-09-10,600519,29.6,29.68,29.8,29.3,2206,6519369.0,1.69,0.07,0.02,0.2,29.68,29.8,29.3,7.82,2.06,1.69,26.34,21.61,24.94,31.19
726,2004-09-13,600519,29.68,29.4,29.68,29.0,3243,9459180.0,2.29,-0.94,-0.28,0.29,29.4,29.68,29.0,8.1,2.06,1.84,25.43,22.72,18.17,29.17
727,2004-09-14,600519,29.4,29.84,30.0,29.0,6126,18071359.0,3.4,1.5,0.44,0.54,29.84,30.0,29.0,8.69,2.27,1.84,26.12,21.17,13.55,27.52
728,2004-09-15,600519,29.78,31.15,31.19,29.62,11410,35117697.0,5.26,4.39,1.31,1.01,31.15,31.19,29.62,9.86,3.37,1.84,34.18,18.66,12.8,25.23
729,2004-09-16,600519,31.1,31.63,32.0,31.0,11472,36213781.0,3.21,1.54,0.48,1.02,31.63,32.0,31.0,10.51,4.13,1.84,39.3,17.51,16.5,25.91
730,2004-09-17,600519,31.77,32.3,32.41,31.11,13197,42076514.0,4.11,2.12,0.67,1.17,32.3,32.41,31.11,11.15,4.54,1.34,40.72,12.02,24.69,27.88
731,2004-09-20,600519,32.55,32.69,33.0,32.21,12022,39168091.0,2.45,1.21,0.39,1.07,32.69,33.0,32.21,10.94,4.62,1.34,42.23,12.25,32.21,28.58
732,2004-09-21,600519,32.09,32.3,32.98,32.09,8374,27222818.0,2.72,-1.19,-0.39,0.74,32.3,32.98,32.09,11.26,4.62,1.16,41.03,10.3,41.25,29.71
733,2004-09-22,600519,32.03,32.16,32.49,32.03,4348,13965168.0,1.42,-0.43,-0.14,0.39,32.16,32.49,32.03,10.93,4.62,0.53,42.27,4.85,52.74,33.15
734,2004-09-23,600519,32.11,33.42,33.52,32.11,17667,58219692.0,4.38,3.92,1.26,1.57,33.42,33.52,32.11,11.73,5.64,0.53,48.08,4.52,61.65,37.22
735,2004-09-24,600519,33.6,34.49,35.89,33.6,30981,108295826.0,6.85,3.2,1.07,2.75,34.49,35.89,33.6,13.73,7.92,0.53,57.68,3.86,69.84,43.17
736,2004-09-27,600519,34.95,34.93,35.98,34.5,6067,21339456.0,4.29,1.28,0.44,0.54,34.93,35.98,34.5,14.81,7.69,0.53,51.92,3.58,75.28,49.98
737,2004-09-28,600519,34.89,35.8,35.97,34.8,6741,23948625.0,3.35,2.49,0.87,0.6,35.8,35.97,34.8,15.38,7.21,0.53,46.88,3.45,80.49,56.35
738,2004-09-29,600519,35.8,35.54,36.18,35.4,13628,48864987.0,2.18,-0.73,-0.26,1.21,35.54,36.18,35.4,15.51,7.02,0.53,45.26,3.42,84.84,63.05
739,2004-09-30,600519,35.5,35.97,36.08,34.55,7366,26230672.0,4.31,1.21,0.43,0.65,35.97,36.08,34.55,16.54,7.02,1.33,42.44,8.04,82.96,67.85
740,2004-10-08,600519,35.49,36.51,36.55,35.01,9668,34809243.0,4.28,1.5,0.54,0.86,36.51,36.55,35.01,17.4,7.49,1.03,43.05,5.92,81.8,71.73
741,2004-10-11,600519,36.55,37.17,38.12,36.55,10198,38270567.0,4.3,1.81,0.66,0.91,37.17,38.12,36.55,18.01,8.74,1.03,48.53,5.72,80.38,75.11
742,2004-10-12,600519,36.9,36.03,36.9,35.6,7452,26810800.0,3.5,-3.07,-1.14,0.66,36.03,36.9,35.6,18.01,7.55,1.98,41.92,10.99,75.6,75.44
743,2004-10-13,600519,35.73,35.69,35.95,35.11,6645,23571291.0,2.33,-0.94,-0.34,0.59,35.69,35.95,35.11,17.93,6.74,2.47,37.59,13.78,68.94,74.72
744,2004-10-14,600519,35.7,35.37,36.88,35.18,6479,23199283.0,4.76,-0.9,-0.32,0.58,35.37,36.88,35.18,18.33,7.26,2.47,39.61,13.48,62.82,73.83
745,2004-10-15,600519,35.0,35.35,36.0,34.66,5122,18189199.0,3.79,-0.06,-0.02,0.46,35.35,36.0,34.66,18.88,6.67,2.99,35.33,15.84,57.81,70.39
746,2004-10-18,600519,35.29,34.86,35.32,34.65,2337,8190572.0,1.9,-1.39,-0.49,0.21,34.86,35.32,34.65,18.69,6.67,2.88,35.69,15.41,51.79,66.79
747,2004-10-19,600519,34.8,35.98,36.2,34.7,10584,37755969.0,4.3,3.21,1.12,0.94,35.98,36.2,34.7,19.73,7.55,2.82,38.27,14.29,46.24,63.31
748,2004-10-20,600519,36.0,36.68,37.51,35.81,15934,58326643.0,4.72,1.95,0.7,1.42,36.68,37.51,35.81,20.02,7.83,2.82,39.11,14.09,44.34,59.97
749,2004-10-21,600519,36.55,37.07,37.5,35.8,5996,22003540.0,4.63,1.06,0.39,0.53,37.07,37.5,35.8,19.25,5.46,2.83,28.36,14.7,41.9,55.42
750,2004-10-22,600519,37.03,39.15,39.41,37.0,18161,70151234.0,6.5,5.61,2.08,1.61,39.15,39.41,37.0,20.17,7.28,2.83,36.09,14.03,41.03,51.92
751,2004-10-25,600519,39.5,39.46,40.3,39.12,15602,61900269.0,3.01,0.79,0.31,1.39,39.46,40.3,39.12,20.18,8.17,2.83,40.49,14.02,42.77,50.29
752,2004-10-26,600519,39.18,39.8,39.88,38.7,4973,19618432.0,2.99,0.86,0.34,0.44,39.8,39.88,38.7,20.58,7.96,3.25,38.68,15.79,43.16,47.47
753,2004-10-27,600519,39.84,39.4,40.6,39.32,11878,47630068.0,3.22,-1.01,-0.4,1.06,39.4,40.6,39.32,20.33,8.68,2.4,42.7,11.81,45.0,45.62
754,2004-10-28,600519,39.1,39.0,39.66,38.62,9338,36495905.0,2.64,-1.02,-0.4,0.83,39.0,39.66,38.62,19.83,8.21,3.1,41.4,15.63,44.69,44.52
755,2004-10-29,600519,38.01,38.96,39.3,38.01,14363,55678746.0,3.31,-0.1,-0.04,1.28,38.96,39.3,38.01,19.51,6.64,3.71,34.03,19.02,44.12,43.01
756,2004-11-01,600519,38.58,39.38,39.57,38.52,3673,14302880.0,2.7,1.08,0.42,0.33,39.38,39.57,38.52,18.99,6.91,2.76,36.39,14.53,43.94,42.49
757,2004-11-02,600519,39.0,39.09,39.1,38.1,3356,12926156.0,2.54,-0.74,-0.29,0.3,39.09,39.1,38.1,19.35,6.91,2.69,35.71,13.9,43.18,42.97
758,2004-11-03,600519,39.0,38.93,39.2,38.4,7616,29484721.0,2.05,-0.41,-0.16,0.68,38.93,39.2,38.4,18.45,6.08,2.69,32.95,14.58,42.62,42.89
759,2004-11-04,600519,38.6,38.31,39.0,38.16,6786,26198028.0,2.16,-1.59,-0.62,0.6,38.31,39.0,38.16,17.95,6.08,2.41,33.87,13.43,40.37,42.69
760,2004-11-05,600519,38.05,36.52,38.05,35.99,25994,95080945.0,5.38,-4.67,-1.79,2.31,36.52,38.05,35.99,19.57,6.08,4.57,31.07,23.35,35.21,39.95
761,2004-11-08,600519,36.5,36.97,37.0,36.02,3586,13062547.0,2.68,1.23,0.45,0.32,36.97,37.0,36.02,19.05,5.2,4.57,27.3,23.99,31.56,37.84
762,2004-11-09,600519,37.3,38.29,38.3,36.95,7315,27801916.0,3.65,3.57,1.32,0.65,38.29,38.3,36.95,18.7,5.19,4.57,27.75,24.44,25.47,34.71
763,2004-11-10,600519,38.0,39.45,39.83,38.0,11289,44436007.0,4.78,3.03,1.16,1.0,39.45,39.83,38.0,18.83,6.72,4.56,35.69,24.22,21.33,32.26
764,2004-11-11,600519,39.4,38.8,39.8,38.8,8330,32780357.0,2.53,-1.65,-0.65,0.74,38.8,39.8,38.8,17.42,4.81,4.56,27.61,26.18,15.34,28.98
765,2004-11-12,600519,38.68,38.5,39.1,38.27,5668,21837428.0,2.14,-0.77,-0.3,0.5,38.5,39.1,38.27,17.07,3.92,5.09,22.96,29.82,10.3,25.34
766,2004-11-15,600519,38.51,38.76,38.8,37.6,8948,34292416.0,3.12,0.68,0.26,0.8,38.76,38.8,37.6,17.09,3.92,5.34,22.94,31.25,10.49,22.85
767,2004-11-16,600519,38.5,38.0,38.76,38.0,3298,12563653.0,1.96,-1.96,-0.76,0.29,38.0,38.76,38.0,16.57,3.2,5.34,19.31,32.23,13.59,22.58
768,2004-11-17,600519,38.0,38.0,38.21,37.7,8033,30415917.0,1.34,0.0,0.0,0.71,38.0,38.21,37.7,16.04,3.2,4.94,19.95,30.8,16.1,20.78
769,2004-11-18,600519,37.98,37.98,38.25,37.55,2624,9967008.0,1.84,-0.05,-0.02,0.23,37.98,38.25,37.55,15.45,3.2,4.48,20.71,29.0,15.68,18.51
770,2004-11-19,600519,38.01,37.91,38.01,37.7,3196,12098840.0,0.82,-0.18,-0.07,0.28,37.91,38.01,37.7,14.71,2.93,4.48,19.92,30.46,18.72,17.03
771,2004-11-22,600519,37.81,37.4,37.9,37.1,6429,24094050.0,2.11,-1.35,-0.51,0.57,37.4,37.9,37.1,14.24,2.93,4.66,20.58,32.72,20.36,15.33
772,2004-11-23,600519,37.25,36.87,37.59,36.8,6156,22797433.0,2.11,-1.42,-0.53,0.55,36.87,37.59,36.8,14.23,2.83,4.96,19.89,34.86,22.36,16.42
773,2004-11-24,600519,36.79,36.55,37.2,36.5,4292,15819097.0,1.9,-0.87,-0.32,0.38,36.55,37.2,36.5,14.09,2.83,5.02,20.09,35.63,22.83,18.21
774,2004-11-25,600519,36.41,37.63,38.08,36.41,5924,22286271.0,4.57,2.95,1.08,0.53,37.63,38.08,36.41,13.44,3.71,2.85,27.6,21.21,21.45,18.77
775,2004-11-26,600519,37.62,37.61,37.96,37.3,1974,7411584.0,1.75,-0.05,-0.02,0.18,37.61,37.96,37.3,13.12,3.71,2.85,28.28,21.72,20.86,18.27
776,2004-11-29,600519,37.65,38.09,38.56,37.6,5443,20728652.0,2.55,1.28,0.48,0.48,38.09,38.56,37.6,12.73,3.01,2.85,23.64,22.39,17.83,18.28
777,2004-11-30,600519,37.33,37.05,38.0,37.0,1618,6026605.0,2.63,-2.73,-1.04,0.14,37.05,38.0,37.0,11.99,1.48,3.45,12.34,28.77,20.69,20.52
778,2004-12-01,600519,37.51,36.99,37.51,36.8,785,2900938.0,1.92,-0.16,-0.06,0.07,36.99,37.51,36.8,11.7,1.48,3.65,12.65,31.2,23.18,22.77
779,2004-12-02,600519,37.2,37.0,37.2,36.5,3985,14671547.0,1.89,0.03,0.01,0.35,37.0,37.2,36.5,11.57,1.48,3.42,12.79,29.56,25.13,23.98
780,2004-12-03,600519,36.8,36.74,37.09,36.6,626,2303971.0,1.32,-0.7,-0.26,0.06,36.74,37.09,36.6,10.86,1.48,2.75,13.63,25.32,27.95,24.7
781,2004-12-06,600519,37.0,36.69,37.0,36.51,1111,4068796.0,1.33,-0.14,-0.05,0.1,36.69,37.0,36.51,10.59,1.48,2.84,13.98,26.82,31.01,25.94
782,2004-12-07,600519,36.52,36.78,37.1,36.51,1899,6998528.0,1.61,0.25,0.09,0.17,36.78,37.1,36.51,10.67,1.58,2.54,14.81,23.81,34.44,26.14
783,2004-12-08,600519,37.0,36.81,37.17,36.5,10291,37575758.0,1.82,0.08,0.03,0.91,36.81,37.17,36.5,10.64,1.65,2.39,15.51,22.46,30.84,25.76
784,2004-12-09,600519,36.81,36.59,37.5,36.58,11349,41890865.0,2.5,-0.6,-0.22,1.01,36.59,37.5,36.58,11.25,1.98,2.39,17.6,21.24,25.35,24.27
785,2004-12-10,600519,36.66,37.0,37.01,36.63,897,3311205.0,1.04,1.12,0.41,0.08,37.0,37.01,36.63,10.86,1.98,1.79,18.23,16.48,19.59,22.36
786,2004-12-13,600519,36.6,37.1,37.2,36.6,2208,8189873.0,1.62,0.27,0.1,0.2,37.1,37.2,36.6,10.67,2.17,1.49,20.34,13.96,17.68,22.82
787,2004-12-14,600519,37.0,36.78,37.1,36.78,1245,4601617.0,0.86,-0.86,-0.32,0.11,36.78,37.1,36.78,10.29,2.17,1.19,21.09,11.56,17.3,24.16
788,2004-12-15,600519,36.58,36.51,37.08,36.5,10970,40055481.0,1.58,-0.73,-0.27,0.98,36.51,37.08,36.5,9.2,1.29,1.47,14.02,15.98,14.5,24.47
789,2004-12-16,600519,36.5,36.76,36.88,36.3,11500,42361519.0,1.59,0.68,0.25,1.02,36.76,36.88,36.3,9.12,1.29,1.67,14.14,18.31,13.59,22.21
790,2004-12-17,600519,36.5,36.2,36.55,36.07,1049,3805636.0,1.31,-1.52,-0.56,0.09,36.2,36.55,36.07,8.85,0.69,1.9,7.8,21.47,19.81,22.58
791,2004-12-20,600519,36.0,34.9,36.5,34.82,2459,8749161.0,4.64,-3.59,-1.3,0.22,34.9,36.5,34.82,9.44,0.69,2.55,7.31,27.01,28.54,24.06
792,2004-12-21,600519,35.0,34.73,35.4,34.66,2199,7700170.0,2.12,-0.49,-0.17,0.2,34.73,35.4,34.66,9.47,0.69,2.51,7.29,26.5,34.92,26.3
793,2004-12-22,600519,34.67,35.3,35.35,34.18,3169,11055083.0,3.37,1.64,0.57,0.28,35.3,35.35,34.18,9.94,0.69,2.69,6.94,27.06,39.92,28.61
794,2004-12-23,600519,35.3,35.2,35.77,35.2,6883,24351861.0,1.61,-0.28,-0.1,0.61,35.2,35.77,35.2,10.02,1.11,2.69,11.08,26.85,45.76,30.13
795,2004-12-24,600519,35.0,35.5,35.85,35.0,4470,15920008.0,2.41,0.85,0.3,0.4,35.5,35.85,35.0,10.38,1.11,2.8,10.69,26.97,50.83,32.21
796,2004-12-27,600519,35.5,36.0,36.07,35.5,1571,5614076.0,1.61,1.41,0.5,0.14,36.0,36.07,35.5,10.36,1.23,2.8,11.87,27.03,49.54,34.67
797,2004-12-28,600519,35.5,36.67,36.93,35.5,2924,10655265.0,3.97,1.86,0.67,0.26,36.67,36.93,35.5,11.12,2.02,2.8,18.17,25.18,42.66,35.6
798,2004-12-29,600519,36.99,37.28,37.48,36.67,5655,21025179.0,2.21,1.66,0.61,0.5,37.28,37.48,36.67,11.01,2.24,2.8,20.35,25.43,35.04,34.98
799,2004-12-30,600519,36.9,36.81,37.25,36.33,3345,12358921.0,2.47,-1.26,-0.47,0.3,36.81,37.25,36.33,11.54,2.24,3.14,19.41,27.21,27.96,33.94
800,2004-12-31,600519,36.7,36.64,37.7,36.08,5870,21514898.0,4.4,-0.46,-0.17,0.52,36.64,37.7,36.08,12.56,2.5,3.14,19.9,25.0,22.93,34.34
801,2005-01-04,600519,36.4,36.45,36.8,36.0,2349,8566179.0,2.18,-0.52,-0.19,0.21,36.45,36.8,36.0,13.04,2.5,3.22,19.17,24.69,17.82,34.32
802,2005-01-05,600519,36.4,37.24,37.28,36.23,6139,22582400.0,2.88,2.17,0.79,0.55,37.24,37.28,36.23,13.51,2.98,2.94,22.06,21.76,11.44,30.49
803,2005-01-06,600519,37.0,36.6,37.1,36.5,5524,20282548.0,1.61,-1.72,-0.64,0.49,36.6,37.1,36.5,13.67,2.98,2.74,21.8,20.04,9.44,26.05
804,2005-01-07,600519,36.5,36.9,37.2,36.5,3003,11115440.0,1.91,0.82,0.3,0.27,36.9,37.2,36.5,13.68,3.08,2.51,22.51,18.35,9.29,22.16
805,2005-01-10,600519,36.9,38.25,38.3,36.9,10718,40597723.0,3.79,3.66,1.35,0.95,38.25,38.3,36.9,13.4,4.18,1.26,31.19,9.4,15.45,21.71
806,2005-01-11,600519,38.26,38.3,38.6,38.2,5004,19240403.0,1.05,0.13,0.05,0.44,38.3,38.6,38.2,13.06,4.48,1.1,34.3,8.42,23.65,23.29
807,2005-01-12,600519,38.28,38.4,38.45,37.88,3389,12949338.0,1.49,0.26,0.1,0.3,38.4,38.45,37.88,12.46,4.48,0.94,35.96,7.54,32.44,25.13
808,2005-01-13,600519,38.1,38.62,38.85,38.1,2884,11159242.0,1.95,0.57,0.22,0.26,38.62,38.85,38.1,12.64,4.46,0.94,35.28,7.44,43.19,27.31
809,2005-01-14,600519,38.45,37.92,38.7,37.7,3338,12691131.0,2.59,-1.81,-0.7,0.3,37.92,38.7,37.7,12.79,4.46,1.14,34.87,8.91,52.37,30.91
810,2005-01-17,600519,37.45,37.9,38.18,37.11,1812,6845213.0,2.82,-0.05,-0.02,0.16,37.9,38.18,37.11,13.29,4.24,1.73,31.9,13.02,57.68,33.48
811,2005-01-18,600519,37.9,38.5,38.5,37.7,2638,10016326.0,2.11,1.58,0.6,0.23,38.5,38.5,37.7,12.66,3.7,1.73,29.23,13.67,54.78,35.11
812,2005-01-19,600519,38.0,37.92,38.88,37.9,2652,10180585.0,2.55,-1.51,-0.58,0.24,37.92,38.88,37.9,12.83,3.53,1.73,27.51,13.48,50.39,37.02
813,2005-01-20,600519,37.84,37.91,37.99,37.5,974,3670093.0,1.29,-0.03,-0.01,0.09,37.91,37.99,37.5,12.37,3.53,1.79,28.54,14.47,44.95,38.7
814,2005-01-21,600519,37.6,37.9,38.0,36.5,3177,11879307.0,3.96,-0.03,-0.01,0.28,37.9,38.0,36.5,12.25,3.08,2.79,25.14,22.78,34.91,39.05
815,2005-01-24,600519,37.95,38.26,38.59,37.68,4173,15943177.0,2.4,0.95,0.36,0.37,38.26,38.59,37.68,12.36,3.67,2.71,29.69,21.93,27.54,39.96
816,2005-01-25,600519,38.5,39.39,39.5,38.15,5817,22704867.0,3.53,2.95,1.13,0.52,39.39,39.5,38.15,12.66,4.1,2.71,32.39,21.41,23.93,40.81
817,2005-01-26,600519,39.45,39.39,39.8,38.98,3735,14767520.0,2.08,0.0,0.0,0.33,39.39,39.8,38.98,12.74,4.4,2.71,34.54,21.27,21.85,38.31
818,2005-01-27,600519,39.09,39.22,39.45,39.09,1022,4007784.0,0.91,-0.43,-0.17,0.09,39.22,39.45,39.09,12.4,4.3,2.71,34.68,21.85,19.93,35.16
819,2005-01-28,600519,39.22,39.09,39.22,38.61,1341,5226481.0,1.56,-0.33,-0.13,0.12,39.09,39.22,38.61,11.61,3.2,3.19,27.56,27.48,14.5,29.73
820,2005-01-31,600519,38.6,39.36,39.4,38.6,1165,4552532.0,2.05,0.69,0.27,0.1,39.36,39.4,38.6,12.01,3.08,3.19,25.65,26.56,13.97,24.44
821,2005-02-01,600519,39.0,39.0,39.3,38.67,4003,15598247.0,1.6,-0.91,-0.36,0.36,39.0,39.3,38.67,12.13,3.08,2.87,25.39,23.66,12.05,19.8
822,2005-02-02,600519,38.91,39.85,39.98,38.91,5378,21280023.0,2.74,2.18,0.85,0.48,39.85,39.98,38.91,12.45,3.36,2.87,26.99,23.05,9.96,16.95
823,2005-02-03,600519,39.85,39.35,39.85,39.0,4443,17455936.0,2.13,-1.25,-0.5,0.4,39.35,39.85,39.0,12.3,3.36,2.47,27.32,20.08,8.54,15.2
824,2005-02-04,600519,39.39,39.66,39.85,39.0,4008,15785371.0,2.16,0.79,0.31,0.36,39.66,39.85,39.0,12.08,3.36,1.88,27.81,15.56,9.47,14.7
825,2005-02-16,600519,39.98,39.82,40.0,39.6,4441,17660778.0,1.01,0.4,0.16,0.39,39.82,40.0,39.6,11.68,3.19,1.88,27.31,16.1,13.75,14.13
826,2005-02-17,600519,39.95,39.02,39.95,38.8,11592,45296879.0,2.89,-2.01,-0.8,1.03,39.02,39.95,38.8,11.85,2.81,2.68,23.71,22.62,13.85,13.91
827,2005-02-18,600519,38.86,39.26,39.3,38.86,9595,37550338.0,1.13,0.62,0.24,0.85,39.26,39.3,38.86,11.8,2.81,2.28,23.81,19.32,15.0,13.52
828,2005-02-21,600519,39.28,40.3,40.5,39.27,10630,42401501.0,3.13,2.65,1.04,0.95,40.3,40.5,39.27,11.54,4.01,1.28,34.75,11.09,22.29,16.12
829,2005-02-22,600519,40.3,40.39,40.5,40.0,5629,22687067.0,1.24,0.22,0.09,0.5,40.39,40.5,40.0,11.13,3.42,1.28,30.73,11.5,27.33,17.94
830,2005-02-23,600519,40.48,41.42,41.5,40.16,5647,23056177.0,3.32,2.55,1.03,0.5,41.42,41.5,40.16,11.12,3.51,1.28,31.56,11.51,30.39,19.93
831,2005-02-24,600519,41.3,43.0,43.15,41.01,9447,40046102.0,5.17,3.81,1.58,0.84,43.0,43.15,41.01,12.44,4.86,1.28,39.07,10.29,35.8,24.77
832,2005-02-25,600519,43.25,42.98,43.25,42.53,5991,25777149.0,1.67,-0.05,-0.02,0.53,42.98,43.25,42.53,12.8,4.96,1.28,38.75,10.0,45.23,29.54
833,2005-02-28,600519,42.98,43.5,44.26,42.68,4483,19453353.0,3.68,1.21,0.52,0.4,43.5,44.26,42.68,13.77,5.97,0.8,43.36,5.81,56.22,35.61
834,2005-03-01,600519,43.9,43.47,43.9,42.8,5506,23670511.0,2.53,-0.07,-0.03,0.49,43.47,43.9,42.8,14.07,5.79,0.8,41.15,5.69,60.24,41.27
835,2005-03-02,600519,42.88,42.51,43.39,42.5,11397,48820913.0,2.05,-2.21,-0.96,1.01,42.51,43.39,42.5,14.35,5.79,1.1,40.35,7.67,64.0,45.67
836,2005-03-03,600519,42.28,42.78,42.98,42.2,3430,14586728.0,1.83,0.64,0.27,0.3,42.78,42.98,42.2,14.06,5.11,1.4,36.34,9.96,65.74,48.06
837,2005-03-04,600519,42.43,43.2,43.4,42.43,4365,18804824.0,2.27,0.98,0.42,0.39,43.2,43.4,42.43,14.18,5.53,1.4,39.0,9.87,65.95,50.87
838,2005-03-07,600519,43.25,44.65,45.0,43.25,10223,45290496.0,4.05,3.36,1.45,0.91,44.65,45.0,43.25,15.13,7.13,1.4,47.12,9.25,67.32,56.28
839,2005-03-08,600519,45.0,45.26,45.38,44.31,6586,29575338.0,2.4,1.37,0.61,0.59,45.26,45.38,44.31,15.8,7.36,1.4,46.58,8.86,65.93,61.08
840,2005-03-09,600519,45.6,46.08,46.78,45.3,4713,21694338.0,3.27,1.81,0.82,0.42,46.08,46.78,45.3,16.17,8.76,0.6,54.17,3.71,67.84,64.04
841,2005-03-10,600519,47.0,45.62,47.0,44.3,4726,21498741.0,5.86,-1.0,-0.46,0.42,45.62,47.0,44.3,18.43,8.76,1.6,47.53,8.68,68.01,66.01
842,2005-03-11,600519,45.6,46.38,46.78,44.7,9362,42521284.0,4.56,1.67,0.76,0.83,46.38,46.78,44.7,19.27,7.56,1.6,39.23,8.3,69.36,67.55
843,2005-03-14,600519,45.8,47.32,48.9,45.6,10379,48987452.0,7.12,2.03,0.94,0.92,47.32,48.9,45.6,22.07,9.68,1.6,43.86,7.25,71.37,68.66
844,2005-03-15,600519,47.3,46.88,47.55,46.6,5783,27220784.0,2.01,-0.93,-0.44,0.51,46.88,47.55,46.6,21.68,8.68,1.6,40.04,7.38,71.65,69.48
845,2005-03-16,600519,46.5,46.88,47.0,45.95,6830,31720439.0,2.24,0.0,0.0,0.61,46.88,47.0,45.95,20.59,7.03,2.25,34.14,10.93,68.89,67.41
846,2005-03-17,600519,46.7,47.49,48.29,46.2,5016,23726912.0,4.46,1.3,0.61,0.45,47.49,48.29,46.2,21.96,8.22,2.25,37.43,10.25,63.87,65.85
847,2005-03-18,600519,47.49,47.14,47.6,46.5,2405,11319532.0,2.32,-0.74,-0.35,0.21,47.14,47.6,46.5,21.48,7.21,2.25,33.57,10.47,61.09,64.55
848,2005-03-21,600519,47.0,47.0,47.45,46.0,2701,12692125.0,3.08,-0.3,-0.14,0.24,47.0,47.45,46.0,21.83,7.21,2.75,33.03,12.6,57.71,63.53
849,2005-03-22,600519,47.0,48.78,49.38,46.8,12259,59468831.0,5.49,3.79,1.78,1.09,48.78,49.38,46.8,23.44,9.14,2.45,38.99,10.45,55.39,63.38
850,2005-03-23,600519,48.9,49.03,50.2,48.74,12551,62550272.0,2.99,0.51,0.25,1.12,49.03,50.2,48.74,24.12,9.96,2.15,41.29,8.91,54.66,63.15
851,2005-03-24,600519,49.0,47.02,49.15,46.5,9163,43515225.0,5.4,-4.1,-2.01,0.81,47.02,49.15,46.5,25.8,9.54,4.39,36.98,17.02,52.24,60.57
852,2005-03-25,600519,47.0,47.28,47.9,46.22,2329,10960985.0,3.57,0.55,0.26,0.21,47.28,47.9,46.22,25.68,7.94,4.67,30.92,18.19,47.05,55.46
853,2005-03-28,600519,47.3,49.09,49.38,47.0,2429,11802982.0,5.03,3.83,1.81,0.22,49.09,49.38,47.0,26.99,9.04,4.67,33.49,17.3,43.63,52.36
854,2005-03-29,600519,49.09,48.11,49.9,48.0,2449,11989719.0,3.87,-2.0,-0.98,0.22,48.11,49.9,48.0,27.37,8.16,4.67,29.81,17.06,40.7,49.2
855,2005-03-30,600519,48.0,47.37,48.0,47.1,2480,11744620.0,1.87,-1.54,-0.74,0.22,47.37,48.0,47.1,25.68,8.16,4.57,31.78,17.8,35.78,45.58
856,2005-03-31,600519,47.02,48.11,48.2,46.8,1507,7129716.0,2.96,1.56,0.74,0.13,48.11,48.2,46.8,25.0,8.16,4.87,32.64,19.48,29.24,41.95
857,2005-04-01,600519,48.08,48.97,50.1,48.0,3411,16774374.0,4.36,1.79,0.86,0.3,48.97,50.1,48.0,23.8,7.94,4.87,33.36,20.46,27.07,39.65
858,2005-04-04,600519,48.97,49.94,50.09,48.45,5428,26985512.0,3.35,1.98,0.97,0.48,49.94,50.09,48.45,24.49,7.94,4.87,32.42,19.89,26.74,36.9
859,2005-04-05,600519,50.2,49.95,50.99,49.7,4902,24660016.0,2.58,0.02,0.01,0.44,49.95,50.99,49.7,24.73,8.84,4.22,35.75,17.06,27.33,35.48
860,2005-04-06,600519,50.17,51.16,51.29,49.59,5675,28795816.0,3.4,2.42,1.21,0.5,51.16,51.29,49.59,24.34,7.85,4.22,32.25,17.34,27.81,34.25
861,2005-04-07,600519,51.2,50.08,52.49,50.0,12438,64340829.0,4.87,-2.11,-1.08,1.11,50.08,52.49,50.0,25.73,9.05,4.22,35.17,16.4,29.17,32.48
862,2005-04-08,600519,50.08,49.9,50.08,48.31,4505,22165004.0,3.53,-0.36,-0.18,0.4,49.9,50.08,48.31,26.05,9.05,5.41,34.74,20.77,29.16,29.2
863,2005-04-11,600519,49.8,48.2,49.8,47.7,9126,44306742.0,4.21,-3.41,-1.7,0.81,48.2,49.8,47.7,25.67,7.12,6.02,27.74,23.45,26.56,26.82
864,2005-04-12,600519,48.22,47.57,48.3,47.35,1995,9516181.0,1.97,-1.31,-0.63,0.18,47.57,48.3,47.35,25.16,6.3,6.37,25.04,25.32,22.66,24.7
865,2005-04-13,600519,48.3,48.89,49.39,48.0,8689,42332154.0,2.92,2.77,1.32,0.77,48.89,49.39,48.0,24.33,7.39,4.13,30.37,16.97,21.48,24.4
866,2005-04-14,600519,48.9,48.99,49.18,48.1,1915,9295179.0,2.21,0.2,0.1,0.17,48.99,49.18,48.1,23.73,7.39,3.85,31.14,16.22,21.71,24.76
867,2005-04-15,600519,49.5,48.8,49.5,48.5,1636,7963442.0,2.04,-0.39,-0.19,0.15,48.8,49.5,48.5,22.35,6.23,3.85,27.87,17.23,19.58,24.38
868,2005-04-18,600519,48.68,47.56,48.7,47.52,2957,14168640.0,2.42,-2.54,-1.24,0.26,47.56,48.7,47.52,21.73,5.71,4.83,26.28,22.23,16.78,22.97
869,2005-04-19,600519,47.5,46.5,47.78,46.4,7808,36608850.0,2.9,-2.23,-1.06,0.69,46.5,47.78,46.4,22.1,5.71,5.05,25.84,22.85,16.41,21.48
870,2005-04-20,600519,46.48,46.84,46.99,46.32,5358,24960623.0,1.44,0.73,0.34,0.48,46.84,46.99,46.32,21.37,5.71,4.83,26.72,22.6,17.71,20.18
871,2005-04-21,600519,46.6,48.27,48.5,46.5,2809,13403617.0,4.27,3.05,1.43,0.25,48.27,48.5,46.5,21.27,5.32,4.83,25.01,22.71,13.79,17.64
872,2005-04-22,600519,48.33,48.12,48.74,47.9,3520,16950065.0,1.74,-0.31,-0.15,0.31,48.12,48.74,47.9,20.47,5.56,4.83,27.16,23.6,9.72,15.72
873,2005-04-25,600519,49.1,52.0,52.5,48.61,12704,65092003.0,8.08,8.06,3.88,1.13,52.0,52.5,48.61,23.56,8.42,4.83,35.74,20.5,10.3,14.94
874,2005-04-26,600519,51.99,52.27,53.53,51.8,13609,71600714.0,3.33,0.52,0.27,1.21,52.27,53.53,51.8,23.59,9.15,4.83,38.79,20.47,14.06,15.42
875,2005-04-27,600519,51.88,52.82,53.12,51.81,7473,39437614.0,2.51,1.05,0.55,0.66,52.82,53.12,51.81,22.41,7.95,4.83,35.48,21.55,17.1,16.75
876,2005-04-28,600519,52.82,53.0,53.5,52.23,8521,45118705.0,2.4,0.34,0.18,0.76,53.0,53.5,52.23,21.91,8.33,3.14,38.02,14.33,23.25,20.48
877,2005-04-29,600519,52.3,53.0,53.15,52.01,6825,35950860.0,2.15,0.0,0.0,0.61,53.0,53.15,52.01,20.85,8.33,2.75,39.95,13.19,30.84,22.32
878,2005-05-09,600519,52.5,51.52,52.95,51.31,7656,39655697.0,3.09,-2.79,-1.48,0.68,51.52,52.95,51.31,21.59,8.33,3.1,38.58,14.36,37.3,23.51
879,2005-05-10,600519,51.0,50.66,51.3,49.8,6447,32384041.0,2.91,-1.67,-0.86,0.57,50.66,51.3,49.8,21.49,7.24,4.61,33.69,21.45,36.48,23.39
880,2005-05-11,600519,50.7,49.35,50.7,49.2,6785,33782884.0,2.96,-2.59,-1.31,0.6,49.35,50.7,49.2,21.91,7.24,5.21,33.04,23.78,34.05,24.05
881,2005-05-12,600519,48.5,48.9,50.47,48.05,14251,69749251.0,4.9,-0.91,-0.45,1.27,48.9,50.47,48.05,23.33,6.92,6.36,29.66,27.26,30.68,23.89
882,2005-05-13,600519,48.51,48.72,49.89,47.99,15077,73784829.0,3.89,-0.37,-0.18,1.34,48.72,49.89,47.99,23.95,6.92,5.44,28.89,22.71,25.13,24.19
883,2005-05-16,600519,48.48,48.9,49.3,48.18,2596,12703148.0,2.3,0.37,0.18,0.23,48.9,49.3,48.18,23.69,6.92,4.32,29.21,18.24,20.6,25.72
884,2005-05-17,600519,49.0,49.65,50.1,48.9,7725,38326325.0,2.45,1.53,0.75,0.69,49.65,50.1,48.9,24.22,7.72,4.24,31.87,17.51,17.82,27.56
885,2005-05-18,600519,49.89,48.0,49.9,46.52,9678,46208050.0,6.81,-3.32,-1.65,0.86,48.0,49.9,46.52,25.6,6.21,6.62,24.26,25.86,14.65,25.57
886,2005-05-19,600519,48.0,49.17,49.65,47.05,5123,25028891.0,5.42,2.44,1.17,0.46,49.17,49.65,47.05,27.36,5.97,6.62,21.82,24.2,12.8,23.42
887,2005-05-20,600519,49.01,49.15,50.14,49.01,5845,29146429.0,2.3,-0.04,-0.02,0.52,49.15,50.14,49.01,24.11,2.7,6.62,11.2,27.46,19.1,24.89
888,2005-05-23,600519,49.01,48.39,49.89,48.0,2615,12730239.0,3.85,-1.55,-0.76,0.23,48.39,49.89,48.0,24.27,1.67,7.63,6.88,31.44,27.79,26.46
889,2005-05-24,600519,48.39,48.16,48.65,48.06,1379,6674005.0,1.22,-0.48,-0.23,0.12,48.16,48.65,48.06,23.55,1.67,7.63,7.09,32.4,34.61,27.61
890,2005-05-25,600519,48.06,47.8,48.1,47.6,3208,15348058.0,1.04,-0.75,-0.36,0.29,47.8,48.1,47.6,22.84,1.29,8.09,5.65,35.42,41.85,29.83
891,2005-05-26,600519,47.9,46.05,48.01,45.8,10634,49432691.0,4.62,-3.66,-1.75,0.95,46.05,48.01,45.8,23.91,1.29,9.67,5.4,40.44,54.06,34.36
892,2005-05-27,600519,45.5,44.8,45.9,44.15,15950,71377627.0,3.8,-2.71,-1.25,1.42,44.8,45.9,44.15,24.12,1.29,10.62,5.35,44.03,66.25,39.53
893,2005-05-30,600519,44.0,44.7,45.2,43.31,9035,40352669.0,4.22,-0.22,-0.1,0.8,44.7,45.2,43.31,24.29,1.29,9.95,5.31,40.96,72.09,45.59
894,2005-05-31,600519,44.65,44.57,45.2,44.28,11880,53080356.0,2.06,-0.29,-0.13,1.06,44.57,45.2,44.28,23.71,1.29,9.35,5.44,39.43,74.03,50.91
895,2005-06-01,600519,44.6,44.7,45.0,43.55,8658,38201051.0,3.25,0.29,0.13,0.77,44.7,45.0,43.55,22.74,1.29,8.93,5.67,39.27,75.81,55.21
896,2005-06-02,600519,44.5,41.1,44.5,40.5,25298,105700729.0,8.95,-8.05,-3.6,2.25,41.1,44.5,40.5,25.04,1.29,11.92,5.15,47.6,77.14,59.49
897,2005-06-03,600519,40.5,42.19,42.5,39.62,7147,29143703.0,7.01,2.65,1.09,0.64,42.19,42.5,39.62,26.8,1.29,12.8,4.81,47.76,78.01,66.03
898,2005-06-06,600519,41.83,44.64,44.8,41.33,4214,18349446.0,8.22,5.81,2.45,0.37,44.64,44.8,41.33,29.07,2.79,12.8,9.6,44.03,75.65,70.95
899,2005-06-07,600519,44.95,45.24,46.2,44.66,5989,27080944.0,3.45,1.34,0.6,0.53,45.24,46.2,44.66,27.25,4.19,10.42,15.38,38.24,69.92,71.0
900,2005-06-08,600519,44.8,49.41,49.74,44.8,11039,52789496.0,10.92,9.22,4.17,0.98,49.41,49.74,44.8,29.59,7.73,10.42,26.12,35.21,59.76,66.9
901,2005-06-09,600519,49.3,48.33,50.18,48.0,7770,38204045.0,4.41,-2.19,-1.08,0.69,48.33,50.18,48.0,30.64,7.68,10.42,25.07,34.01,49.83,62.82
902,2005-06-10,600519,48.12,47.02,48.87,46.6,4165,19681140.0,4.7,-2.71,-1.31,0.37,47.02,48.87,46.6,31.02,7.68,10.81,24.76,34.85,39.24,58.19
903,2005-06-13,600519,47.15,47.23,48.0,46.55,7070,33389071.0,3.08,0.45,0.21,0.63,47.23,48.0,46.55,31.88,7.68,10.86,24.09,34.07,28.48,53.24
904,2005-06-14,600519,47.0,47.67,48.47,47.0,7271,34530651.0,3.11,0.93,0.44,0.65,47.67,48.47,47.0,32.79,8.15,10.4,24.86,31.72,19.8,47.73
905,2005-06-15,600519,47.11,47.63,48.0,47.1,1597,7599370.0,1.89,-0.08,-0.04,0.14,47.63,48.0,47.1,31.48,8.15,8.6,25.89,27.32,13.14,41.53
906,2005-06-16,600519,47.7,48.49,48.51,47.5,5932,28452404.0,2.12,1.81,0.86,0.53,48.49,48.51,47.5,30.59,8.66,6.95,28.31,22.72,12.5,36.13
907,2005-06-17,600519,48.5,48.5,49.0,47.62,3263,15703945.0,2.85,0.02,0.01,0.29,48.5,49.0,47.62,30.08,9.15,6.11,30.42,20.31,13.3,31.56
908,2005-06-20,600519,49.0,51.8,53.1,48.5,12369,62906075.0,9.48,6.8,3.3,1.1,51.8,53.1,48.5,33.76,13.25,6.11,39.25,18.1,16.62,27.93
909,2005-06-21,600519,51.49,50.82,51.99,50.56,2598,13347957.0,2.76,-1.89,-0.98,0.23,50.82,51.99,50.56,33.74,13.25,5.38,39.27,15.95,20.8,24.64
910,2005-06-22,600519,50.8,52.31,52.5,50.79,6122,31728393.0,3.36,2.93,1.49,0.54,52.31,52.5,50.79,31.25,13.76,2.33,44.03,7.46,30.62,25.21
911,2005-06-23,600519,52.28,52.09,52.57,51.69,5276,27503937.0,1.68,-0.42,-0.22,0.47,52.09,52.57,51.69,29.25,13.83,1.45,47.28,4.96,43.68,28.41
912,2005-06-24,600519,51.66,52.51,52.6,49.1,6150,31786457.0,6.72,0.81,0.42,0.55,52.51,52.6,49.1,29.28,11.53,4.04,39.38,13.8,49.87,31.18
913,2005-06-27,600519,52.8,54.85,54.94,52.4,10824,58344425.0,4.84,4.46,2.34,0.96,54.85,54.94,52.4,30.26,12.47,4.04,41.21,13.35,55.06,34.18
914,2005-06-28,600519,54.0,53.4,54.49,53.02,3766,20129464.0,2.68,-2.64,-1.45,0.33,53.4,54.49,53.02,27.15,8.93,4.04,32.89,14.88,55.2,35.91
915,2005-06-30,600519,53.0,53.65,54.35,53.0,12778,68740725.0,2.53,0.47,0.25,1.14,53.65,54.35,53.0,26.32,8.49,4.06,32.26,15.43,54.04,37.42
916,2005-07-01,600519,54.99,52.36,54.99,51.21,6104,32182036.0,7.05,-2.4,-1.29,0.54,52.36,54.99,51.21,27.83,8.49,4.45,30.51,15.99,47.4,39.01
917,2005-07-04,600519,52.0,52.29,52.8,51.52,3019,15730157.0,2.44,-0.13,-0.07,0.27,52.29,52.8,51.52,27.66,8.49,4.4,30.69,15.91,39.19,41.43
918,2005-07-05,600519,52.0,51.97,52.0,51.56,2248,11662288.0,0.84,-0.61,-0.32,0.2,51.97,52.0,51.56,26.92,8.02,4.4,29.79,16.34,36.03,42.95
919,2005-07-06,600519,51.75,50.31,52.0,50.0,6317,32226601.0,3.85,-3.19,-1.66,0.56,50.31,52.0,50.0,28.02,8.02,5.96,28.62,21.27,29.97,42.52
920,2005-07-07,600519,50.0,50.51,50.96,49.66,5785,29052550.0,2.58,0.4,0.2,0.51,50.51,50.96,49.66,28.31,7.51,6.3,26.53,22.25,25.15,40.17
921,2005-07-08,600519,50.16,51.9,52.2,50.16,6931,35940472.0,4.04,2.75,1.39,0.62,51.9,52.2,50.16,28.97,8.26,6.3,28.51,21.75,21.51,37.77
922,2005-07-11,600519,52.0,51.96,53.1,51.76,6563,34538170.0,2.58,0.12,0.06,0.58,51.96,53.1,51.76,25.71,5.06,6.3,19.68,24.5,18.13,32.76
923,2005-07-12,600519,51.87,53.5,53.7,51.24,5712,30210107.0,4.73,2.96,1.54,0.51,53.5,53.7,51.24,26.74,5.66,6.3,21.17,23.56,13.73,26.46
924,2005-07-13,600519,53.39,52.5,53.48,50.5,3858,19981575.0,5.57,-1.87,-1.0,0.34,52.5,53.48,50.5,28.03,5.15,7.04,18.37,25.12,11.45,23.74
925,2005-07-14,600519,52.0,52.9,52.98,51.97,2013,10624551.0,1.92,0.76,0.4,0.18,52.9,52.98,51.97,28.16,5.08,7.04,18.04,25.0,11.69,20.83
926,2005-07-15,600519,52.51,52.99,53.28,52.51,1003,5300561.0,1.46,0.17,0.09,0.09,52.99,53.28,52.51,25.43,5.38,4.45,21.16,17.5,11.81,18.48
927,2005-07-18,600519,52.95,52.7,53.2,52.56,1564,8258010.0,1.21,-0.55,-0.29,0.14,52.7,53.2,52.56,23.53,3.04,4.45,12.92,18.91,12.7,17.11
928,2005-07-19,600519,52.68,52.95,53.37,52.6,1325,7015760.0,1.46,0.47,0.25,0.12,52.95,53.37,52.6,22.47,3.21,4.45,14.29,19.8,13.58,15.85
929,2005-07-20,600519,52.94,52.11,52.97,51.92,3012,15767931.0,1.98,-1.59,-0.84,0.27,52.11,52.97,51.92,22.17,3.21,5.11,14.48,23.05,16.5,15.11
930,2005-07-21,600519,52.11,51.98,52.56,51.3,2537,13127981.0,2.42,-0.25,-0.13,0.23,51.98,52.56,51.3,19.65,3.21,3.94,16.34,20.05,15.62,13.54
931,2005-07-22,600519,52.0,52.07,52.87,51.58,6096,31708848.0,2.48,0.17,0.09,0.54,52.07,52.87,51.58,19.66,3.52,3.94,17.9,20.04,13.86,12.78
932,2005-07-25,600519,52.01,51.36,52.28,51.08,6962,35971529.0,2.3,-1.36,-0.71,0.62,51.36,52.28,51.08,20.13,3.52,4.44,17.49,22.06,14.21,13.01
933,2005-07-26,600519,51.0,51.79,52.08,51.0,8008,41433496.0,2.1,0.84,0.43,0.71,51.79,52.08,51.0,19.21,3.52,2.96,18.32,15.41,12.51,12.61
934,2005-07-27,600519,52.28,52.87,53.2,52.0,5370,28350004.0,2.32,2.09,1.08,0.48,52.87,53.2,52.0,19.32,4.64,2.62,24.02,13.56,14.45,14.02
935,2005-07-28,600519,52.88,53.3,53.48,52.53,8593,45732284.0,1.8,0.81,0.43,0.76,53.3,53.48,52.53,18.23,3.68,2.62,20.19,14.37,13.45,14.97
936,2005-07-29,600519,53.02,53.16,53.5,53.0,2425,12951117.0,0.94,-0.26,-0.14,0.22,53.16,53.5,53.0,17.39,2.8,2.62,16.1,15.07,12.3,13.96
937,2005-08-01,600519,53.24,53.58,53.8,53.0,3840,20465514.0,1.5,0.79,0.42,0.34,53.58,53.8,53.0,15.73,2.5,2.62,15.89,16.66,11.75,12.81
938,2005-08-02,600519,53.53,53.38,53.7,52.75,4263,22676468.0,1.77,-0.37,-0.2,0.38,53.38,53.7,52.75,13.68,2.5,2.13,18.27,15.57,11.16,12.68
939,2005-08-03,600519,53.2,53.59,53.7,53.0,8184,43619808.0,1.31,0.39,0.21,0.73,53.59,53.7,53.0,13.37,2.5,2.13,18.7,15.93,11.05,11.78
940,2005-08-04,600519,53.69,55.51,55.8,53.69,10560,58044426.0,3.94,3.58,1.92,0.94,55.51,55.8,53.69,14.81,4.3,2.13,29.03,14.38,12.04,13.24
941,2005-08-05,600519,46.66,46.65,47.46,46.0,6365,29678263.0,2.63,-15.96,-8.86,0.47,46.65,47.46,46.0,23.68,4.3,9.82,18.16,41.47,15.75,14.6
942,2005-08-08,600519,46.7,46.11,46.98,44.8,8546,39434837.0,4.67,-1.16,-0.54,0.63,46.11,46.98,44.8,25.09,4.13,11.02,16.46,43.92,22.77,17.54
943,2005-08-09,600519,46.0,45.44,46.0,45.11,5842,26540331.0,1.93,-1.45,-0.67,0.43,45.44,46.0,45.11,25.04,4.13,10.34,16.49,41.29,29.54,20.64
944,2005-08-10,600519,45.12,46.17,46.5,45.12,5800,26665195.0,3.04,1.61,0.73,0.43,46.17,46.5,45.12,25.16,4.63,9.72,18.4,38.63,34.12,22.64
945,2005-08-11,600519,46.01,47.37,47.4,46.01,13594,63589532.0,3.01,2.6,1.2,1.01,47.37,47.4,46.01,25.26,5.22,9.72,20.67,38.48,37.8,24.43
946,2005-08-12,600519,47.37,47.02,47.4,46.37,4715,22081209.0,2.17,-0.74,-0.35,0.35,47.02,47.4,46.37,25.09,5.22,9.22,20.81,36.75,36.8,24.42
947,2005-08-15,600519,46.89,47.99,48.59,46.0,7020,32711316.0,5.51,2.06,0.97,0.52,47.99,48.59,46.0,26.6,6.41,9.14,24.1,34.36,33.21,24.48
948,2005-08-16,600519,47.99,47.48,47.99,46.94,5752,27203993.0,2.19,-1.06,-0.51,0.43,47.48,47.99,46.94,26.24,5.29,9.14,20.16,34.83,30.07,26.42
949,2005-08-17,600519,49.69,48.82,52.23,46.5,12507,60400828.0,12.07,2.82,1.34,0.93,48.82,52.23,46.5,31.02,9.25,9.14,29.82,29.46,23.02,26.28
950,2005-08-18,600519,49.5,47.09,49.8,47.0,10989,52638476.0,5.74,-3.54,-1.73,0.81,47.09,49.8,47.0,33.32,9.23,9.14,27.7,27.43,17.19,25.65
951,2005-08-19,600519,46.88,47.09,47.44,46.68,4973,23314587.0,1.61,0.0,0.0,0.37,47.09,47.44,46.68,33.28,8.93,9.46,26.83,28.43,12.65,25.23
952,2005-08-22,600519,46.98,47.5,47.81,46.5,6930,32877617.0,2.78,0.87,0.41,0.51,47.5,47.81,46.5,33.64,9.3,9.21,27.65,27.38,8.12,22.46
953,2005-08-23,600519,47.2,48.01,48.06,47.2,4786,22825313.0,1.81,1.07,0.51,0.35,48.01,48.06,47.2,33.8,9.55,9.21,28.25,27.25,5.49,19.35
954,2005-08-24,600519,48.0,47.95,48.2,47.56,3214,15394347.0,1.33,-0.12,-0.06,0.24,47.95,48.2,47.56,32.23,7.59,9.21,23.55,28.58,2.65,16.36
955,2005-08-25,600519,47.96,47.95,48.08,47.6,3540,16937359.0,1.0,0.0,0.0,0.26,47.95,48.08,47.6,23.2,7.59,1.52,32.72,6.55,13.66,18.34
956,2005-08-26,600519,47.71,48.42,48.75,47.71,4582,22162003.0,2.17,0.98,0.47,0.34,48.42,48.75,47.71,22.06,8.26,0.32,37.44,1.45,29.0,23.1
957,2005-08-29,600519,48.5,48.69,48.88,48.4,5128,24984384.0,0.99,0.56,0.27,0.38,48.69,48.88,48.4,21.54,8.39,0.32,38.95,1.49,43.96,28.31
958,2005-08-30,600519,48.6,48.38,48.85,48.1,2453,11883761.0,1.54,-0.64,-0.31,0.18,48.38,48.85,48.1,20.91,7.89,0.62,37.73,2.97,58.12,33.12
959,2005-08-31,600519,48.1,48.86,48.98,48.01,2394,11660189.0,2.0,0.99,0.48,0.18,48.86,48.98,48.01,20.49,7.12,0.62,34.75,3.03,71.81,38.65
960,2005-09-01,600519,48.76,50.0,50.32,48.76,5487,27342423.0,3.19,2.33,1.14,0.41,50.0,50.32,48.76,21.02,8.46,0.62,40.25,2.95,84.6,43.62
961,2005-09-02,600519,49.8,50.56,51.15,49.8,4998,25226079.0,2.7,1.12,0.56,0.37,50.56,51.15,49.8,19.78,8.1,0.62,40.95,3.13,87.79,50.72
962,2005-09-05,600519,50.5,50.95,51.58,50.5,3911,19986278.0,2.14,0.77,0.39,0.29,50.95,51.58,50.5,19.81,8.53,0.62,43.06,3.13,86.77,57.89
963,2005-09-06,600519,50.96,50.1,51.29,50.0,3195,16132458.0,2.53,-1.67,-0.85,0.24,50.1,51.29,50.0,15.37,4.29,1.12,27.91,7.29,81.1,62.53
964,2005-09-07,600519,50.09,50.54,50.66,50.01,5186,26062481.0,1.3,0.88,0.44,0.38,50.54,50.66,50.01,13.22,4.29,1.12,32.45,8.47,76.62,67.37
965,2005-09-08,600519,50.54,50.03,50.54,49.71,6308,31589421.0,1.64,-1.01,-0.51,0.47,50.03,50.54,49.71,13.29,4.29,1.1,32.28,8.28,72.49,72.15
966,2005-09-09,600519,50.03,49.8,50.05,49.0,4254,21034934.0,2.1,-0.46,-0.23,0.32,49.8,50.05,49.0,13.03,3.92,1.81,30.08,13.89,64.24,74.42
967,2005-09-12,600519,49.8,49.61,49.8,48.83,1595,7856513.0,1.95,-0.38,-0.19,0.12,49.61,49.8,48.83,13.14,3.67,1.98,27.93,15.07,54.93,71.36
968,2005-09-13,600519,49.3,50.79,50.8,49.3,4901,24688592.0,3.02,2.38,1.18,0.36,50.79,50.8,49.3,14.0,4.53,1.98,32.36,14.14,47.05,66.91
969,2005-09-14,600519,50.7,50.86,51.2,50.1,3299,16772020.0,2.17,0.14,0.07,0.24,50.86,51.2,50.1,14.62,4.93,1.98,33.72,13.54,44.4,62.75
970,2005-09-15,600519,50.76,50.74,51.34,50.36,1741,8846890.0,1.93,-0.24,-0.12,0.13,50.74,51.34,50.36,14.56,4.4,1.98,30.22,13.6,40.95,58.79
971,2005-09-16,600519,50.63,50.97,51.18,50.63,3217,16398350.0,1.08,0.45,0.23,0.24,50.97,51.18,50.63,14.63,4.27,1.98,29.19,13.53,37.19,54.84
972,2005-09-19,600519,50.6,50.48,51.38,50.38,2040,10355074.0,1.96,-0.96,-0.49,0.15,50.48,51.38,50.38,14.88,4.27,1.93,28.7,12.97,37.35,50.79
973,2005-09-20,600519,50.55,50.46,50.55,50.2,1795,9041752.0,0.69,-0.04,-0.02,0.13,50.46,50.55,50.2,14.26,4.14,2.11,29.03,14.8,37.78,46.35
974,2005-09-21,600519,50.08,49.69,50.6,49.49,2949,14686809.0,2.2,-1.53,-0.77,0.22,49.69,50.6,49.49,13.81,2.8,2.82,20.28,20.42,31.31,39.18
975,2005-09-22,600519,49.38,49.05,49.98,48.18,3358,16372929.0,3.62,-1.29,-0.64,0.25,49.05,49.98,48.18,14.26,1.97,4.13,13.81,28.96,30.09,37.24
976,2005-09-23,600519,48.89,48.92,49.49,48.35,3064,15048364.0,2.32,-0.27,-0.13,0.23,48.92,49.49,48.35,14.32,1.54,4.13,10.75,28.84,31.38,36.17
977,2005-09-26,600519,48.95,48.58,49.35,48.5,1767,8657470.0,1.74,-0.7,-0.34,0.13,48.58,49.35,48.5,13.88,1.54,3.63,11.1,26.15,32.02,34.61
978,2005-09-27,600519,48.55,48.25,48.75,48.15,1709,8278850.0,1.24,-0.68,-0.33,0.13,48.25,48.75,48.15,13.83,1.54,3.98,11.14,28.78,33.09,35.22
979,2005-09-28,600519,48.02,48.77,48.99,48.02,2337,11331850.0,2.01,1.08,0.52,0.17,48.77,48.99,48.02,13.97,1.78,3.68,12.74,26.34,33.48,35.63
980,2005-09-29,600519,48.95,49.7,49.8,48.81,2085,10308512.0,2.03,1.91,0.93,0.15,49.7,49.8,48.81,13.95,2.59,2.97,18.57,21.29,34.56,32.93
981,2005-09-30,600519,49.7,49.46,49.7,48.5,3324,16352331.0,2.41,-0.48,-0.24,0.25,49.46,49.7,48.5,14.18,2.59,3.11,18.27,21.93,30.18,30.14
982,2005-10-10,600519,49.08,48.64,49.7,48.6,2648,12946800.0,2.22,-1.66,-0.82,0.2,48.64,49.7,48.6,13.78,1.59,3.11,11.54,22.57,27.95,29.67
983,2005-10-11,600519,48.5,48.84,48.96,48.22,1359,6622928.0,1.52,0.41,0.2,0.1,48.84,48.96,48.22,13.42,1.19,3.49,8.87,26.01,29.41,30.71
984,2005-10-12,600519,49.0,47.51,49.0,47.42,8328,39835259.0,3.24,-2.72,-1.33,0.62,47.51,49.0,47.42,14.02,1.05,4.29,7.49,30.6,32.15,32.62
985,2005-10-13,600519,47.55,47.09,47.91,46.72,10908,51553349.0,2.5,-0.88,-0.42,0.81,47.09,47.91,46.72,14.66,1.05,4.99,7.16,34.04,37.22,35.35
986,2005-10-14,600519,46.98,45.54,47.45,45.3,4943,22786107.0,4.57,-3.29,-1.55,0.37,45.54,47.45,45.3,15.81,1.05,6.16,6.64,38.96,47.9,41.23
987,2005-10-17,600519,45.15,45.71,46.5,44.89,9468,43391916.0,3.54,0.37,0.17,0.7,45.71,46.5,44.89,17.07,1.05,6.39,6.15,37.43,58.34,44.26
988,2005-10-18,600519,45.7,46.9,46.9,45.7,9642,44960711.0,2.63,2.6,1.19,0.71,46.9,46.9,45.7,17.16,1.45,5.68,8.45,33.1,62.84,45.4
989,2005-10-19,600519,47.09,46.9,47.45,46.47,7925,37063755.0,2.09,0.0,0.0,0.59,46.9,47.45,46.47,16.34,2.0,4.37,12.24,26.74,60.85,45.13
990,2005-10-20,600519,46.72,46.23,47.1,46.05,5722,26662088.0,2.24,-1.43,-0.67,0.42,46.23,47.1,46.05,16.25,2.0,4.79,12.31,29.48,57.58,44.87
991,2005-10-21,600519,46.1,46.3,46.45,46.0,3395,15694623.0,0.97,0.15,0.07,0.25,46.3,46.45,46.0,15.85,2.0,4.84,12.62,30.54,53.63,45.43
992,2005-10-24,600519,46.2,47.05,47.15,46.2,4445,20771238.0,2.05,1.62,0.75,0.33,47.05,47.15,46.2,16.2,2.7,4.49,16.67,27.72,45.97,46.93
993,2005-10-25,600519,47.33,47.64,47.8,47.3,11595,55177336.0,1.06,1.25,0.59,0.86,47.64,47.8,47.3,15.98,3.11,4.49,19.46,28.1,37.03,47.69
994,2005-10-26,600519,47.62,47.58,47.74,47.3,9636,45847901.0,0.92,-0.13,-0.06,0.71,47.58,47.74,47.3,15.39,2.3,4.49,14.94,29.17,32.52,47.68
995,2005-10-27,600519,47.54,46.97,47.54,46.55,9748,45785210.0,2.08,-1.28,-0.61,0.72,46.97,47.54,46.55,15.22,2.3,4.93,15.11,32.39,32.38,46.61
996,2005-10-28,600519,46.98,47.56,48.1,46.98,6982,33237651.0,2.38,1.26,0.59,0.52,47.56,48.1,46.98,15.25,2.86,4.93,18.75,32.33,29.96,43.77
997,2005-10-31,600519,47.49,48.19,48.8,47.11,6686,32099219.0,3.55,1.32,0.63,0.5,48.19,48.8,47.11,16.2,3.56,4.55,21.98,28.09,25.08,39.35
998,2005-11-01,600519,48.39,48.3,48.55,47.82,8543,41028115.0,1.51,0.23,0.11,0.63,48.3,48.55,47.82,15.35,3.56,3.75,23.19,24.43,21.36,33.66
999,2005-11-02,600519,48.0,48.16,48.55,47.58,2766,13366082.0,2.01,-0.29,-0.14,0.2,48.16,48.55,47.58,15.13,3.56,3.29,23.53,21.74,18.99,28.01
1000,2005-11-03,600519,48.39,47.21,48.45,47.2,2540,12120721.0,2.6,-1.97,-0.95,0.19,47.21,48.45,47.2,14.23,3.56,2.25,25.02,15.81,17.37,24.95
1001,2005-11-04,600519,47.22,47.25,47.6,46.39,4896,22899009.0,2.56,0.08,0.04,0.36,47.25,47.6,46.39,13.83,3.56,2.65,25.74,19.16,13.75,23.07
1002,2005-11-07,600519,46.51,46.93,47.0,46.4,2475,11545343.0,1.27,-0.68,-0.32,0.18,46.93,47.0,46.4,13.48,3.16,2.65,23.44,19.66,10.79,20.38
1003,2005-11-08,600519,46.92,46.93,47.03,46.86,6077,28543068.0,0.36,0.0,0.0,0.45,46.93,47.03,46.86,12.67,2.64,2.65,20.84,20.92,8.78,16.93
1004,2005-11-09,600519,47.18,46.72,47.5,46.51,6021,28203162.0,2.11,-0.45,-0.21,0.45,46.72,47.5,46.51,12.61,3.11,2.23,24.66,17.68,11.1,16.23
1005,2005-11-10,600519,46.9,46.63,46.9,46.16,3950,18352311.0,1.58,-0.19,-0.09,0.29,46.63,46.9,46.16,12.9,3.11,2.53,24.11,19.61,12.16,15.57
1006,2005-11-11,600519,46.22,46.38,46.64,45.99,2927,13501333.0,1.39,-0.54,-0.25,0.22,46.38,46.64,45.99,12.6,2.41,2.7,19.13,21.43,9.34,13.36
1007,2005-11-14,600519,46.06,45.6,46.3,45.55,2163,9877960.0,1.62,-1.68,-0.78,0.16,45.6,46.3,45.55,12.68,1.76,3.14,13.88,24.76,11.59,12.67
1008,2005-11-15,600519,45.75,45.4,45.88,45.4,7768,35512394.0,1.05,-0.44,-0.2,0.58,45.4,45.88,45.4,12.72,1.76,3.29,13.84,25.86,15.18,12.98
1009,2005-11-16,600519,45.38,45.89,45.96,45.0,7249,33007959.0,2.11,1.08,0.49,0.54,45.89,45.96,45.0,12.65,1.76,2.94,13.91,23.24,19.33,14.06
1010,2005-11-17,600519,45.8,44.96,45.86,43.19,11008,49497150.0,5.82,-2.03,-0.93,0.82,44.96,45.86,43.19,14.22,1.2,4.75,8.44,33.4,26.53,18.81
1011,2005-11-18,600519,45.0,45.3,45.8,44.01,6941,31397165.0,3.98,0.76,0.34,0.51,45.3,45.8,44.01,14.32,0.5,4.75,3.49,33.17,38.31,25.23
1012,2005-11-21,600519,45.0,45.65,45.75,44.8,4575,20639360.0,2.1,0.77,0.35,0.34,45.65,45.75,44.8,14.54,0.5,4.75,3.44,32.67,50.86,30.1
1013,2005-11-22,600519,45.45,46.14,46.58,44.5,3539,16131067.0,4.56,1.07,0.49,0.26,46.14,46.58,44.5,15.65,1.33,4.51,8.5,28.82,55.24,33.42
1014,2005-11-23,600519,45.72,46.26,46.4,45.6,1371,6306488.0,1.73,0.26,0.12,0.1,46.26,46.4,45.6,15.2,1.33,4.13,8.75,27.17,58.73,36.96
1015,2005-11-24,600519,46.0,45.1,46.0,45.0,10883,49193081.0,2.16,-2.51,-1.16,0.81,45.1,46.0,45.0,15.25,1.33,3.92,8.72,25.7,62.77,41.05
1016,2005-11-25,600519,45.1,45.53,45.6,44.88,3914,17618489.0,1.6,0.95,0.43,0.29,45.53,45.6,44.88,15.12,1.33,4.04,8.8,26.72,61.24,43.89
1017,2005-11-28,600519,45.47,45.46,45.68,44.5,1524,6903246.0,2.59,-0.15,-0.07,0.11,45.46,45.68,44.5,16.13,1.3,4.42,8.06,27.4,56.84,47.57
1018,2005-11-29,600519,45.45,44.39,45.68,43.0,2489,11117104.0,5.9,-2.35,-1.07,0.18,44.39,45.68,43.0,17.82,0.83,5.92,4.66,33.22,55.91,53.39
1019,2005-11-30,600519,44.0,43.74,44.16,42.9,6508,28172021.0,2.84,-1.46,-0.65,0.48,43.74,44.16,42.9,18.57,0.83,5.67,4.47,30.53,59.25,57.24
1020,2005-12-01,600519,43.49,43.3,43.85,43.21,5354,23266367.0,1.46,-1.01,-0.44,0.4,43.3,43.85,43.21,18.56,0.83,5.5,4.47,29.63,63.0,60.87
1021,2005-12-02,600519,43.3,44.52,44.8,43.3,9634,42441653.0,3.46,2.82,1.22,0.71,44.52,44.8,43.3,19.23,1.78,5.06,9.26,26.31,62.77,62.77
1022,2005-12-05,600519,44.52,44.17,44.65,43.64,2757,12151492.0,2.27,-0.79,-0.35,0.2,44.17,44.65,43.64,19.76,1.78,4.91,9.01,24.85,62.15,61.7
1023,2005-12-06,600519,43.7,43.76,44.13,43.5,14917,65529318.0,1.43,-0.93,-0.41,1.11,43.76,44.13,43.5,19.47,1.78,4.65,9.14,23.88,60.5,58.67
1024,2005-12-07,600519,43.5,43.74,44.13,43.5,4310,18878496.0,1.44,-0.05,-0.02,0.32,43.74,44.13,43.5,17.4,1.78,2.84,10.23,16.32,51.76,53.84
1025,2005-12-08,600519,43.54,43.6,44.0,43.53,3658,16002582.0,1.07,-0.32,-0.14,0.27,43.6,44.0,43.53,16.08,1.78,2.84,11.07,17.66,43.17,51.21
1026,2005-12-09,600519,43.7,42.88,43.7,42.8,15462,66478204.0,2.06,-1.65,-0.72,1.15,42.88,43.7,42.8,16.03,1.78,3.57,11.1,22.27,36.45,49.73
1027,2005-12-12,600519,42.8,41.66,42.8,41.65,15102,63383458.0,2.68,-2.85,-1.22,1.12,41.66,42.8,41.65,15.18,0.95,4.72,6.26,31.09,39.54,51.16
1028,2005-12-13,600519,41.7,41.37,41.95,40.5,20414,83729902.0,3.48,-0.7,-0.29,1.51,41.37,41.95,40.5,15.83,0.95,5.87,6.0,37.08,43.77,52.96
1029,2005-12-14,600519,41.05,42.48,42.8,41.03,17976,75326820.0,4.28,2.68,1.11,1.33,42.48,42.8,41.03,16.34,1.8,5.27,11.02,32.25,44.51,52.51
1030,2005-12-15,600519,42.53,42.86,42.9,42.01,5935,25306079.0,2.1,0.89,0.38,0.44,42.86,42.9,42.01,16.51,1.9,5.15,11.51,31.19,48.37,50.06
1031,2005-12-16,600519,42.8,43.47,43.66,42.5,6671,28659038.0,2.71,1.42,0.61,0.49,43.47,43.66,42.5,16.49,2.66,4.77,16.13,28.93,49.28,46.23
1032,2005-12-19,600519,43.5,43.85,44.08,43.25,4703,20587488.0,1.91,0.87,0.38,0.35,43.85,44.08,43.25,14.64,3.08,3.27,21.04,22.34,44.2,40.33
1033,2005-12-20,600519,44.04,43.38,44.05,43.0,4540,19679338.0,2.39,-1.07,-0.47,0.34,43.38,44.05,43.0,14.2,3.08,3.42,21.69,24.08,33.99,36.77
1034,2005-12-21,600519,43.1,42.96,43.6,42.72,4959,21349222.0,2.03,-0.97,-0.42,0.37,42.96,43.6,42.72,14.44,3.08,3.7,21.33,25.62,23.49,33.63
1035,2005-12-22,600519,42.66,43.23,43.6,42.51,3341,14361625.0,2.54,0.63,0.27,0.25,43.23,43.6,42.51,14.03,2.13,3.91,15.18,27.87,20.22,32.37
1036,2005-12-23,600519,42.91,44.08,44.2,42.9,6292,27434932.0,3.01,1.97,0.85,0.47,44.08,44.2,42.9,14.32,2.73,3.91,19.06,27.3,15.5,31.93
1037,2005-12-26,600519,44.2,44.21,44.5,43.8,6992,30863111.0,1.59,0.29,0.13,0.52,44.21,44.5,43.8,14.35,3.03,3.77,21.11,26.27,12.58,30.93
1038,2005-12-27,600519,44.3,44.92,44.99,44.13,7290,32574560.0,1.95,1.61,0.71,0.54,44.92,44.99,44.13,14.58,3.52,3.77,24.14,25.86,12.65,28.43
1039,2005-12-28,600519,44.99,45.47,45.5,44.76,6250,28274416.0,1.65,1.22,0.55,0.46,45.47,45.5,44.76,14.85,4.03,3.77,27.14,25.39,12.34,23.16
1040,2005-12-29,600519,45.5,46.77,46.8,45.5,15674,72783428.0,2.86,2.86,1.3,1.16,46.77,46.8,45.5,15.28,5.33,3.04,34.88,19.9,15.37,19.43
1041,2005-12-30,600519,46.5,45.62,46.52,44.9,36648,167469295.0,3.46,-2.46,-1.15,2.72,45.62,46.52,44.9,15.92,5.33,2.49,33.48,15.64,16.52,18.37
1042,2006-01-04,600519,45.4,44.28,45.4,44.11,35507,157456208.0,2.83,-2.94,-1.34,2.63,44.28,45.4,44.11,15.98,5.33,2.13,33.35,13.33,20.7,18.1
1043,2006-01-05,600519,44.2,44.76,45.3,44.12,16992,75918198.0,2.66,1.08,0.48,1.26,44.76,45.3,44.12,15.39,4.48,2.13,29.11,13.84,24.81,18.7
1044,2006-01-06,600519,44.8,45.23,45.45,44.35,17162,77233333.0,2.46,1.05,0.47,1.27,45.23,45.45,44.35,15.6,4.53,2.13,29.04,13.65,30.25,21.45
1045,2006-01-09,600519,45.35,46.79,47.3,45.3,20771,96726018.0,4.42,3.45,1.56,1.54,46.79,47.3,45.3,16.51,5.62,2.13,34.04,12.9,37.2,24.77
1046,2006-01-10,600519,47.0,46.97,47.58,46.53,17457,82153545.0,2.24,0.38,0.18,1.29,46.97,47.58,46.53,16.73,5.48,2.13,32.76,12.73,39.98,27.68
1047,2006-01-11,600519,46.95,46.56,47.6,46.51,8315,39227536.0,2.32,-0.87,-0.41,0.62,46.56,47.6,46.51,16.77,5.48,1.88,32.68,11.21,42.07,29.3
1048,2006-01-12,600519,46.4,47.0,47.06,46.1,9990,46568064.0,2.06,0.95,0.44,0.74,47.0,47.06,46.1,16.85,5.48,2.01,32.52,11.93,42.65,31.68
1049,2006-01-13,600519,47.0,47.48,48.3,46.5,9937,47330433.0,3.83,1.02,0.48,0.74,47.48,48.3,46.5,17.56,6.72,1.8,38.27,10.25,46.35,35.58
1050,2006-01-16,600519,47.78,46.55,47.9,46.51,7731,36255138.0,2.93,-1.96,-0.93,0.57,46.55,47.9,46.51,17.65,6.12,1.8,34.67,10.2,49.43,39.84
1051,2006-01-17,600519,46.0,46.05,46.62,45.8,13825,63618353.0,1.76,-1.07,-0.5,1.02,46.05,46.62,45.8,17.77,5.82,2.51,32.75,14.12,48.55,42.87
1052,2006-01-18,600519,46.0,46.16,46.96,46.0,9707,45114697.0,2.08,0.24,0.11,0.72,46.16,46.96,46.0,17.87,5.67,2.51,31.73,14.05,47.65,43.81
1053,2006-01-19,600519,46.78,46.08,46.8,45.77,7283,33651491.0,2.23,-0.17,-0.08,0.54,46.08,46.8,45.77,18.16,5.16,2.74,28.41,15.09,44.6,43.34
1054,2006-01-20,600519,46.1,45.98,46.35,45.36,14216,65092507.0,2.15,-0.22,-0.1,1.05,45.98,46.35,45.36,17.82,3.86,3.15,21.66,17.68,38.57,40.61
1055,2006-01-23,600519,46.0,45.0,46.0,44.9,13286,59899023.0,2.39,-2.13,-0.98,0.98,45.0,46.0,44.9,17.05,3.86,3.01,22.64,17.65,31.01,38.68
1056,2006-01-24,600519,45.01,45.51,46.28,45.0,11453,52535743.0,2.84,1.13,0.51,0.85,45.51,46.28,45.0,16.82,4.14,2.22,24.61,13.2,26.95,38.19
1057,2006-01-25,600519,45.62,47.24,47.5,45.32,15731,73251753.0,4.79,3.8,1.73,1.17,47.24,47.5,45.32,17.82,5.36,2.22,30.08,12.46,27.23,37.89
1058,2006-02-06,600519,47.55,47.4,47.7,46.5,15691,74143388.0,2.54,0.34,0.16,1.16,47.4,47.7,46.5,17.92,5.41,2.22,30.19,12.39,27.76,37.7
1059,2006-02-07,600519,47.4,50.0,50.01,47.15,28666,140985315.0,6.03,5.49,2.6,2.12,50.0,50.01,47.15,18.71,5.87,2.22,31.37,11.87,30.17,37.39
1060,2006-02-08,600519,49.67,49.84,50.09,48.88,22264,110727360.0,2.42,-0.32,-0.16,1.65,49.84,50.09,48.88,18.87,5.67,2.22,30.05,11.76,35.77,37.17
1061,2006-02-09,600519,49.75,48.48,50.0,48.3,7770,38004186.0,3.41,-2.73,-1.36,0.58,48.48,50.0,48.3,19.48,5.67,2.8,29.11,14.37,39.36,35.18
1062,2006-02-10,600519,48.4,52.53,53.0,48.08,31874,160573342.0,10.15,8.35,4.05,2.36,52.53,53.0,48.08,23.44,8.67,2.39,36.99,10.2,43.79,35.37
1063,2006-02-13,600519,57.78,57.78,57.78,57.78,16966,98029548.0,0.0,9.99,5.25,1.26,57.78,57.78,57.78,26.89,12.21,2.39,45.41,8.89,48.1,37.66
1064,2006-02-15,600519,59.5,58.09,59.5,56.8,28997,168845650.0,4.67,0.54,0.31,2.15,58.09,59.5,56.8,28.2,13.93,2.39,49.4,8.48,52.91,40.34
1065,2006-02-16,600519,57.65,58.67,59.99,57.3,18978,110783125.0,4.63,1.0,0.58,1.41,58.67,59.99,57.3,30.07,14.42,1.68,47.95,5.59,58.58,44.38
1066,2006-02-17,600519,58.66,58.26,58.88,58.12,8908,51929488.0,1.3,-0.7,-0.41,0.66,58.26,58.88,58.12,29.87,14.08,1.68,47.14,5.62,64.41,50.09
1067,2006-02-20,600519,57.78,57.39,58.1,56.18,10844,62004351.0,3.3,-1.49,-0.87,0.8,57.39,58.1,56.18,30.92,14.08,3.39,45.54,10.96,68.96,54.16
1068,2006-02-21,600519,56.88,58.54,58.55,56.88,10239,59431946.0,2.91,2.0,1.15,0.76,58.54,58.55,56.88,31.6,14.53,2.98,45.98,9.43,70.49,57.14
1069,2006-02-22,600519,58.35,58.7,59.0,58.0,10335,60384853.0,1.71,0.27,0.16,0.77,58.7,59.0,58.0,31.5,14.98,2.52,47.56,8.0,71.15,59.62
1070,2006-02-23,600519,58.71,62.2,62.45,58.29,11548,68465670.0,7.09,5.96,3.5,0.86,62.2,62.45,58.29,34.38,18.15,2.52,52.79,7.33,71.96,62.44
1071,2006-04-17,600519,68.5,68.5,68.5,68.5,238,1630985.0,0.0,10.13,6.3,0.02,68.5,68.5,68.5,38.5,22.98,2.52,59.69,6.55,72.15,65.36
1072,2006-04-18,600519,75.35,75.35,75.35,75.35,324,2444655.0,0.0,10.0,6.85,0.02,75.35,75.35,75.35,44.15,29.63,2.52,67.11,5.71,73.09,68.75
1073,2006-04-19,600519,82.89,82.89,82.89,82.08,43968,364421942.0,1.07,10.01,7.54,3.26,82.89,82.89,82.08,48.83,34.86,2.52,71.39,5.16,77.31,73.13
1074,2006-04-20,600519,89.98,84.03,89.98,80.05,55615,475176332.0,11.98,1.38,1.14,4.12,84.03,89.98,80.05,57.55,41.87,2.52,72.75,4.38,81.09,75.79
1075,2006-04-21,600519,83.77,88.93,90.5,83.01,31886,278281209.0,8.91,5.83,4.9,2.36,88.93,90.5,83.01,63.34,42.39,1.94,66.92,3.06,84.43,77.79
1076,2006-04-24,600519,89.5,89.13,91.79,87.3,36249,322955394.0,5.05,0.22,0.2,2.69,89.13,91.79,87.3,62.91,40.68,1.94,64.66,3.08,86.98,79.47
1077,2006-04-25,600519,89.0,91.41,93.2,87.61,39705,357994221.0,6.27,2.56,2.28,2.94,91.41,93.2,87.61,63.25,37.31,1.94,58.99,3.07,88.62,80.39
1078,2006-05-25,600519,45.0,39.59,47.0,38.1,198117,811908674.0,9.74,-56.69,-51.82,7.34,39.59,47.0,38.1,113.86,35.59,51.45,31.26,45.19,77.61,75.35
1079,2006-05-26,600519,39.49,39.99,40.02,37.68,91802,360661885.0,5.91,1.01,0.4,3.4,39.99,40.02,37.68,113.51,35.1,51.87,30.92,45.7,66.4,71.86
1080,2006-05-29,600519,40.0,43.99,43.99,40.0,80684,345986865.0,9.98,10.0,4.0,2.99,43.99,43.99,40.0,116.75,39.07,51.87,33.46,44.43,53.97,67.53
1081,2006-05-30,600519,47.1,48.39,48.39,45.61,138759,664776550.0,6.32,10.0,4.4,5.14,48.39,48.39,45.61,119.07,43.47,49.93,36.51,41.93,39.92,62.17
1082,2006-05-31,600519,48.45,48.02,51.9,46.88,151731,747411522.0,10.37,-0.76,-0.37,5.62,48.02,51.9,46.88,122.42,46.53,49.93,38.01,40.79,25.36,56.17
1083,2006-06-01,600519,48.02,49.5,50.1,46.98,90332,438913211.0,6.5,3.08,1.48,3.35,49.5,50.1,46.98,124.54,46.08,49.93,37.0,40.09,11.01,49.81
1084,2006-06-02,600519,49.5,47.11,49.5,46.6,73105,348052311.0,5.86,-4.83,-2.39,2.71,47.11,49.5,46.6,123.28,42.63,50.31,34.58,40.81,9.35,43.48
1085,2006-06-05,600519,46.6,44.87,46.6,43.8,68748,308294272.0,5.94,-4.75,-2.24,2.55,44.87,46.6,43.8,120.29,36.58,53.11,30.41,44.15,9.2,37.8
1086,2006-06-06,600519,44.23,43.05,44.23,43.0,56642,246688992.0,2.74,-4.06,-1.82,2.1,43.05,44.23,43.0,115.31,29.73,53.91,25.78,46.75,11.68,32.82
1087,2006-06-07,600519,42.57,42.03,43.99,41.7,71001,302769993.0,5.32,-2.37,-1.02,2.63,42.03,43.99,41.7,110.06,22.19,55.21,20.16,50.16,17.63,28.78
1088,2006-06-08,600519,41.83,42.72,43.09,41.01,58454,247094039.0,4.95,1.64,0.69,2.17,42.72,43.09,41.01,102.21,15.1,55.9,14.77,54.69,26.62,25.99
1089,2006-06-09,600519,42.72,42.6,43.2,41.5,58411,247306955.0,3.98,-0.28,-0.12,2.16,42.6,43.2,41.5,96.42,14.69,55.9,15.24,57.98,35.68,23.34
1090,2006-06-12,600519,42.0,45.08,45.19,41.5,71344,311536764.0,8.66,5.82,2.48,2.64,45.08,45.19,41.5,95.62,15.39,55.9,16.09,58.46,43.78,26.56
1091,2006-06-13,600519,45.08,45.94,47.17,45.08,74829,347247357.0,4.64,1.91,0.86,2.77,45.94,47.17,45.08,92.12,15.96,55.9,17.33,60.68,49.97,29.59
1092,2006-06-14,600519,45.5,46.8,47.2,43.5,62234,287725376.0,8.05,1.87,0.86,2.31,46.8,47.2,43.5,42.51,15.96,7.97,37.54,18.75,50.72,31.2
1093,2006-06-15,600519,46.79,46.4,48.2,45.9,51311,242480009.0,4.91,-0.85,-0.4,1.9,46.4,48.2,45.9,42.47,16.96,7.55,39.93,17.78,50.01,33.82
1094,2006-06-16,600519,46.39,46.74,47.3,46.2,40080,188160360.0,2.37,0.73,0.34,1.48,46.74,47.3,46.2,39.57,12.99,7.55,32.83,19.08,44.84,35.73
1095,2006-06-19,600519,46.5,48.53,49.58,45.7,76306,368697291.0,8.3,3.83,1.79,2.83,48.53,49.58,45.7,39.05,10.87,7.55,27.84,19.33,38.12,36.9
1096,2006-06-20,600519,48.15,48.35,48.86,47.71,37609,181973717.0,2.37,-0.37,-0.18,1.39,48.35,48.86,47.71,35.18,7.36,7.55,20.92,21.46,28.86,36.32
1097,2006-06-21,600519,48.35,47.33,48.5,46.75,36324,172805456.0,3.62,-2.11,-1.02,1.35,47.33,48.5,46.75,33.81,7.36,8.51,21.77,25.17,20.8,35.39
1098,2006-06-22,600519,47.0,46.77,47.48,46.7,23654,111205968.0,1.65,-1.18,-0.56,0.88,46.77,47.48,46.7,31.69,7.36,8.18,23.22,25.81,16.12,33.42
1099,2006-06-23,600519,46.5,46.68,47.3,46.3,27924,130091791.0,2.14,-0.19,-0.09,1.03,46.68,47.3,46.3,29.38,7.36,5.78,25.05,19.67,11.72,30.86
1100,2006-06-26,600519,46.7,47.72,48.35,46.7,47870,227823194.0,3.53,2.23,1.04,1.77,47.72,48.35,46.7,29.18,8.41,4.98,28.82,17.07,11.58,28.21
1101,2006-06-27,600519,47.87,48.96,49.6,47.82,51466,252140738.0,3.73,2.6,1.24,1.91,48.96,49.6,47.82,28.77,9.66,3.68,33.58,12.79,16.04,27.08
1102,2006-06-28,600519,48.86,47.85,48.86,47.6,26801,128599786.0,2.57,-2.27,-1.11,0.99,47.85,48.86,47.6,28.05,9.66,3.21,34.44,11.44,24.18,26.52
1103,2006-06-29,600519,47.9,48.1,48.49,47.6,37191,178456804.0,1.86,0.52,0.25,1.38,48.1,48.49,47.6,27.24,9.55,3.21,35.06,11.78,31.26,26.03
1104,2006-06-30,600519,48.25,47.44,48.75,46.8,39033,185164398.0,4.05,-1.37,-0.66,1.45,47.44,48.75,46.8,25.5,7.56,4.01,29.65,15.73,35.49,25.8
1105,2006-07-03,600519,47.42,46.8,47.42,46.38,48288,225238880.0,2.19,-1.35,-0.64,1.79,46.8,47.42,46.38,24.47,5.58,4.43,22.8,18.1,35.4,23.56
1106,2006-07-04,600519,46.5,47.0,47.05,45.65,52507,242839931.0,2.99,0.43,0.2,1.95,47.0,47.05,45.65,22.17,5.58,3.58,25.17,16.15,34.77,23.17
1107,2006-07-05,600519,47.2,46.55,47.2,46.2,15573,72575812.0,2.13,-0.96,-0.45,0.58,46.55,47.2,46.2,20.87,4.73,3.58,22.66,17.15,29.61,22.83
1108,2006-07-06,600519,46.5,46.68,47.1,46.1,22056,103048532.0,2.15,0.28,0.13,0.82,46.68,47.1,46.1,20.77,4.73,3.68,22.77,17.72,23.34,23.76
1109,2006-07-07,600519,46.72,45.99,46.99,45.91,28024,129587181.0,2.31,-1.48,-0.69,1.04,45.99,46.99,45.91,17.97,2.45,3.87,13.63,21.54,18.8,25.03
1110,2006-07-10,600519,45.88,45.03,45.88,44.85,27698,125019271.0,2.24,-2.09,-0.96,1.03,45.03,45.88,44.85,17.96,2.45,4.93,13.64,27.45,19.29,27.39
1111,2006-07-11,600519,45.0,44.75,45.46,44.6,27214,122211032.0,1.91,-0.62,-0.28,1.01,44.75,45.46,44.6,17.07,2.45,4.22,14.35,24.72,21.79,28.6
1112,2006-07-12,600519,44.7,43.99,44.75,43.55,33125,145831734.0,2.68,-1.7,-0.76,1.23,43.99,44.75,43.55,17.49,2.45,5.22,14.01,29.85,24.17,29.47
1113,2006-07-13,600519,43.75,44.67,45.4,43.28,39424,175231413.0,4.82,1.55,0.68,1.46,44.67,45.4,43.28,18.61,3.1,4.82,16.66,25.9,25.49,27.55
1114,2006-07-14,600519,44.2,44.57,44.75,43.62,18344,80947648.0,2.53,-0.22,-0.1,0.68,44.57,44.75,43.62,18.07,2.05,4.82,11.34,26.67,30.13,26.73
1115,2006-07-17,600519,44.3,44.86,45.55,43.85,25684,115482082.0,3.81,0.65,0.29,0.95,44.86,45.55,43.85,17.89,1.6,4.82,8.94,26.94,34.74,26.77
1116,2006-07-18,600519,44.82,44.32,44.86,44.03,15392,68227611.0,1.85,-1.2,-0.54,0.57,44.32,44.86,44.03,17.36,1.6,4.6,9.22,26.5,37.21,28.25
1117,2006-07-19,600519,44.2,43.47,44.4,42.9,31327,136738969.0,3.38,-1.92,-0.85,1.16,43.47,44.4,42.9,17.97,1.6,5.73,8.9,31.89,42.17,31.98
1118,2006-07-20,600519,43.43,44.29,44.39,42.88,19372,85005958.0,3.47,1.89,0.82,0.72,44.29,44.39,42.88,17.53,1.6,4.95,9.13,28.24,44.68,34.43
1119,2006-07-21,600519,44.25,44.43,44.5,44.01,10760,47693738.0,1.11,0.32,0.14,0.4,44.43,44.5,44.01,16.96,1.71,4.53,10.08,26.71,48.59,37.04
1120,2006-07-24,600519,44.1,46.21,46.87,43.8,40525,185467434.0,6.91,4.01,1.78,1.5,46.21,46.87,43.8,18.63,4.08,3.8,21.9,20.4,42.46,36.29
1121,2006-07-25,600519,46.21,46.82,47.0,45.7,32542,151329073.0,2.81,1.32,0.61,1.21,46.82,47.0,45.7,18.93,4.06,3.8,21.45,20.07,34.65,34.7
1122,2006-07-26,600519,46.82,46.5,47.0,45.85,17404,80947127.0,2.46,-0.68,-0.32,0.64,46.5,47.0,45.85,19.08,4.06,3.7,21.28,19.39,27.36,32.28
1123,2006-07-27,600519,46.4,46.18,46.79,45.8,24515,113653352.0,2.13,-0.69,-0.32,0.91,46.18,46.79,45.8,18.99,4.06,3.56,21.38,18.75,19.07,30.62
1124,2006-07-28,600519,46.0,45.5,46.09,45.25,22886,104187953.0,1.82,-1.47,-0.68,0.85,45.5,46.09,45.25,18.78,4.06,3.05,21.62,16.24,12.91,28.79
1125,2006-07-31,600519,45.38,44.0,45.4,44.0,15948,70945071.0,3.08,-3.3,-1.5,0.59,44.0,45.4,44.0,19.42,4.06,4.05,20.91,20.85,5.4,26.99
1126,2006-08-01,600519,44.0,44.74,45.0,43.9,13168,58663703.0,2.5,1.68,0.74,0.49,44.74,45.0,43.9,19.32,4.06,3.1,21.01,16.05,7.04,24.75
1127,2006-08-02,600519,44.7,44.08,45.0,43.88,8860,39215950.0,2.5,-1.48,-0.66,0.33,44.08,45.0,43.88,18.32,3.41,3.12,18.61,17.03,7.23,20.94
1128,2006-08-03,600519,44.1,42.98,44.55,42.7,16655,71947181.0,4.2,-2.5,-1.1,0.62,42.98,44.55,42.7,19.04,3.41,4.3,17.91,22.58,8.38,17.87
1129,2006-08-04,600519,43.0,42.69,43.38,42.0,14793,63433581.0,3.21,-0.67,-0.29,0.55,42.69,43.38,42.0,18.72,2.61,5.0,13.94,26.71,12.52,15.79
1130,2006-08-07,600519,42.25,42.36,43.39,41.08,14142,59874589.0,5.41,-0.77,-0.33,0.52,42.36,43.39,41.08,20.2,2.61,5.92,12.92,29.31,16.62,14.77
1131,2006-08-08,600519,42.0,43.21,43.24,42.0,7772,33435494.0,2.93,2.01,0.85,0.29,43.21,43.24,42.0,19.94,2.61,4.79,13.09,24.02,21.51,13.45
1132,2006-08-09,600519,43.25,43.85,44.3,43.0,10288,44982771.0,3.01,1.48,0.64,0.38,43.85,44.3,43.0,19.73,3.67,4.77,18.6,24.18,21.45,14.24
1133,2006-08-10,600519,43.85,44.01,44.38,43.85,13106,57720598.0,1.21,0.36,0.16,0.49,44.01,44.38,43.85,19.77,3.64,4.77,18.41,24.13,22.95,15.09
1134,2006-08-11,600519,44.08,44.08,44.5,44.05,7247,32036673.0,1.02,0.16,0.07,0.27,44.08,44.5,44.05,17.19,1.39,4.77,8.09,27.75,30.17,19.27
1135,2006-08-14,600519,44.08,43.81,44.28,43.2,11174,49033692.0,2.45,-0.61,-0.27,0.41,43.81,44.28,43.2,16.97,1.26,5.62,7.42,33.12,35.5,24.01
1136,2006-08-15,600519,43.55,44.12,44.18,43.5,6398,28008387.0,1.55,0.71,0.31,0.24,44.12,44.18,43.5,16.5,1.26,5.62,7.64,34.06,39.59,28.11
1137,2006-08-16,600519,44.1,44.99,45.09,44.0,8999,40252021.0,2.47,1.97,0.87,0.33,44.99,45.09,44.0,16.6,2.17,5.57,13.07,33.55,42.0,31.76
1138,2006-08-17,600519,45.09,44.25,45.09,43.39,10930,48410678.0,3.78,-1.64,-0.74,0.4,44.25,45.09,43.39,17.37,2.17,5.63,12.49,32.41,47.22,34.34
1139,2006-08-18,600519,43.9,44.13,44.46,43.56,3381,14888941.0,2.03,-0.27,-0.12,0.13,44.13,44.46,43.56,16.77,2.17,4.38,12.94,26.12,50.61,36.78
1140,2006-08-21,600519,42.98,44.17,44.2,42.85,7293,32062134.0,3.06,0.09,0.04,0.27,44.17,44.2,42.85,17.02,2.17,4.99,12.75,29.32,48.03,39.1
1141,2006-08-22,600519,44.0,45.19,45.35,44.0,11109,49977253.0,3.06,2.31,1.02,0.41,45.19,45.35,44.0,17.25,3.32,4.97,19.25,28.81,40.78,38.14
1142,2006-08-23,600519,43.8,44.42,44.69,43.8,21056,93035269.0,1.97,-1.7,-0.77,0.78,44.42,44.69,43.8,16.79,3.32,3.99,19.77,23.76,31.75,35.67
1143,2006-08-24,600519,44.0,44.11,44.4,43.88,12574,55366636.0,1.17,-0.7,-0.31,0.47,44.11,44.4,43.88,15.95,3.32,3.29,20.82,20.63,24.5,33.25
1144,2006-08-25,600519,44.11,44.04,44.59,43.8,7475,32852244.0,1.79,-0.16,-0.07,0.28,44.04,44.59,43.8,14.43,3.51,2.37,24.32,16.42,20.34,33.78
1145,2006-08-28,600519,43.91,43.85,44.19,43.4,25573,112066807.0,1.79,-0.43,-0.19,0.95,43.85,44.19,43.4,13.98,3.51,2.77,25.11,19.81,16.68,33.64
1146,2006-08-29,600519,43.97,45.66,46.21,43.96,37854,171776439.0,5.13,4.13,1.81,1.4,45.66,46.21,43.96,15.04,4.47,2.77,29.72,18.42,14.03,31.03
1147,2006-08-30,600519,45.25,44.98,45.8,44.8,9693,43806887.0,2.19,-1.49,-0.68,0.36,44.98,45.8,44.8,15.51,4.39,2.77,28.3,17.86,14.48,27.63
1148,2006-08-31,600519,45.0,45.23,45.47,44.8,12358,55827539.0,1.49,0.56,0.25,0.46,45.23,45.47,44.8,15.69,4.27,2.77,27.21,17.65,16.51,24.13
1149,2006-09-01,600519,45.35,45.07,45.37,44.88,10874,48927412.0,1.08,-0.35,-0.16,0.4,45.07,45.37,44.88,15.1,4.27,1.92,28.28,12.72,22.76,23.63
1150,2006-09-04,600519,44.78,45.13,45.27,44.78,5904,26589669.0,1.09,0.13,0.06,0.22,45.13,45.27,44.78,14.91,4.27,2.02,28.64,13.55,25.49,22.91
1151,2006-09-05,600519,45.01,44.94,45.23,44.82,12355,55522598.0,0.91,-0.42,-0.19,0.46,44.94,45.23,44.82,14.23,3.36,2.02,23.61,14.2,27.68,22.18
1152,2006-09-06,600519,44.9,45.12,45.45,44.8,11381,51403210.0,1.45,0.4,0.18,0.42,45.12,45.45,44.8,13.18,3.58,1.41,27.16,10.7,31.01,22.52
1153,2006-09-07,600519,44.98,44.99,45.15,44.39,10519,46987030.0,1.68,-0.29,-0.13,0.39,44.99,45.15,44.39,13.04,3.58,1.82,27.45,13.96,32.67,23.58
1154,2006-09-08,600519,44.5,44.46,44.9,44.16,5891,26157744.0,1.64,-1.18,-0.53,0.22,44.46,44.9,44.16,12.52,3.58,1.34,28.59,10.7,36.71,26.61
1155,2006-09-11,600519,44.2,44.13,44.41,43.89,8303,36625467.0,1.17,-0.74,-0.33,0.31,44.13,44.41,43.89,11.74,2.43,1.61,20.7,13.71,33.76,28.26
1156,2006-09-12,600519,44.13,43.8,44.13,43.7,19393,85026963.0,0.97,-0.75,-0.33,0.72,43.8,44.13,43.7,10.78,2.43,1.6,22.54,14.84,31.23,28.36
1157,2006-09-13,600519,43.82,43.88,44.26,43.82,18421,81014932.0,1.0,0.18,0.08,0.68,43.88,44.26,43.82,10.7,2.56,1.6,23.93,14.95,30.93,29.3
1158,2006-09-14,600519,44.0,46.1,46.14,43.2,63367,284212834.0,6.7,5.06,2.22,2.35,46.1,46.14,43.2,12.85,4.25,1.6,33.07,12.45,31.23,31.12
1159,2006-09-15,600519,46.1,45.84,46.78,45.1,29244,134841289.0,3.64,-0.56,-0.26,1.08,45.84,46.78,45.1,13.74,4.89,1.2,35.59,8.73,35.9,34.28
1160,2006-09-18,600519,45.88,45.83,46.1,45.28,34085,155113047.0,1.79,-0.02,-0.01,1.26,45.83,46.1,45.28,12.2,2.87,1.2,23.52,9.84,35.15,35.93
1161,2006-09-19,600519,45.66,46.41,46.74,45.45,29993,138992138.0,2.81,1.27,0.58,1.11,46.41,46.74,45.45,12.49,3.51,1.2,28.1,9.61,39.94,36.85
1162,2006-09-20,600519,46.29,46.99,47.32,46.08,22442,105158852.0,2.67,1.25,0.58,0.83,46.99,47.32,46.08,13.06,4.09,1.2,31.32,9.19,45.61,38.42
1163,2006-09-21,600519,47.0,46.8,47.15,46.8,16313,76643185.0,0.74,-0.4,-0.19,0.6,46.8,47.15,46.8,12.92,4.09,1.2,31.66,9.29,50.87,40.9
1164,2006-09-22,600519,46.76,46.81,47.0,46.1,12426,57912198.0,1.92,0.02,0.01,0.46,46.81,47.0,46.1,13.33,4.09,1.8,30.68,13.5,49.8,40.52
1165,2006-09-25,600519,46.35,46.72,47.15,46.35,10475,49168157.0,1.71,-0.19,-0.09,0.39,46.72,47.15,46.35,13.72,4.24,1.8,30.9,13.12,46.44,41.17
1166,2006-09-26,600519,46.67,45.98,46.68,45.96,11790,54462375.0,1.54,-1.58,-0.74,0.44,45.98,46.68,45.96,13.83,4.02,2.19,29.07,15.84,44.51,39.83
1167,2006-09-27,600519,45.89,46.12,46.35,45.66,8052,36977026.0,1.5,0.3,0.14,0.3,46.12,46.35,45.66,13.76,4.02,2.08,29.22,15.12,41.64,40.79
1168,2006-09-28,600519,46.0,46.81,46.95,45.72,16779,77577351.0,2.67,1.5,0.69,0.62,46.81,46.95,45.72,14.16,4.62,1.85,32.63,13.06,39.67,42.64
1169,2006-09-29,600519,46.8,47.43,47.88,46.5,22756,107764446.0,2.95,1.32,0.62,0.84,47.43,47.88,46.5,14.97,5.55,1.58,37.07,10.55,39.84,45.36
1170,2006-10-09,600519,48.01,50.87,51.3,48.01,37970,191569287.0,6.94,7.25,3.44,1.41,50.87,51.3,48.01,18.41,8.97,1.39,48.72,7.55,45.55,47.68
1171,2006-10-10,600519,51.5,50.73,52.5,50.5,24124,124074029.0,3.93,-0.28,-0.14,0.89,50.73,52.5,50.5,19.95,10.04,1.39,50.33,6.97,51.43,48.94
1172,2006-10-11,600519,50.67,49.74,51.0,49.5,12118,60357112.0,2.96,-1.95,-0.99,0.45,49.74,51.0,49.5,18.51,8.16,2.39,44.08,12.91,55.64,50.07
1173,2006-10-12,600519,49.74,49.63,50.26,49.08,14287,70986726.0,2.37,-0.22,-0.11,0.53,49.63,50.26,49.08,18.01,7.52,2.81,41.75,15.6,57.94,49.79
1174,2006-10-13,600519,49.63,49.01,49.8,48.71,14898,73257749.0,2.2,-1.25,-0.62,0.55,49.01,49.8,48.71,18.28,7.52,3.18,41.14,17.4,57.56,48.61
1175,2006-10-16,600519,49.0,47.4,49.0,46.8,38077,180476685.0,4.49,-3.29,-1.61,1.41,47.4,49.0,46.8,19.2,6.88,5.09,35.83,26.51,50.77,45.31
1176,2006-10-17,600519,47.4,48.14,48.4,46.85,15370,73212480.0,3.27,1.56,0.74,0.57,48.14,48.4,46.85,19.51,6.3,5.09,32.29,26.09,40.35,42.95
1177,2006-10-18,600519,48.0,49.81,50.21,47.5,23879,118175550.0,5.63,3.47,1.67,0.88,49.81,50.21,47.5,21.87,8.11,5.09,37.08,23.27,31.55,41.49
1178,2006-10-19,600519,49.65,50.0,50.5,49.02,16611,83199478.0,2.97,0.38,0.19,0.62,50.0,50.5,49.02,22.45,8.4,4.39,37.42,19.55,27.66,41.65
1179,2006-10-20,600519,49.96,49.6,50.15,49.57,12095,60370256.0,1.16,-0.8,-0.4,0.45,49.6,50.15,49.57,22.23,8.25,4.39,37.11,19.75,25.15,41.54
1180,2006-10-23,600519,49.2,51.0,51.35,49.2,38999,198293833.0,4.33,2.82,1.4,1.44,51.0,51.35,49.2,23.62,9.45,4.0,40.01,16.93,25.14,41.35
1181,2006-10-24,600519,51.05,52.16,52.58,50.8,26709,138579123.0,3.49,2.27,1.16,0.99,52.16,52.58,50.8,24.71,10.68,3.7,43.22,14.97,30.74,40.76
1182,2006-10-25,600519,52.7,55.18,55.88,52.2,47476,261744683.0,7.06,5.79,3.02,1.76,55.18,55.88,52.2,27.2,13.38,3.7,49.19,13.6,38.42,39.38
1183,2006-10-26,600519,55.0,55.0,55.36,54.0,20428,112070050.0,2.46,-0.33,-0.18,0.76,55.0,55.36,54.0,27.18,12.45,3.7,45.81,13.61,43.63,37.59
1184,2006-10-27,600519,54.99,54.02,54.99,53.9,14791,80380210.0,1.98,-1.78,-0.98,0.55,54.02,54.99,53.9,24.41,9.03,3.8,36.99,15.57,45.2,36.43
1185,2006-10-30,600519,54.0,54.04,54.35,53.3,12369,66243416.0,1.94,0.04,0.02,0.46,54.04,54.35,53.3,23.46,7.83,4.4,33.38,18.76,44.79,34.97
1186,2006-10-31,600519,54.04,53.99,55.3,53.41,11267,61093054.0,3.5,-0.09,-0.05,0.42,53.99,55.3,53.41,23.85,8.78,3.4,36.81,14.26,45.4,35.27
1187,2006-11-01,600519,53.6,53.2,54.0,52.98,12762,67866974.0,1.89,-1.46,-0.79,0.47,53.2,54.0,52.98,23.69,8.78,3.41,37.06,14.39,44.65,37.69
1188,2006-11-02,600519,53.11,54.77,54.79,52.36,23319,123978621.0,4.57,2.95,1.57,0.86,54.77,54.79,52.36,25.03,9.57,3.04,38.23,12.15,43.83,41.13
1189,2006-11-03,600519,54.99,54.77,55.49,53.7,13876,75858369.0,3.27,0.0,0.0,0.51,54.77,55.49,53.7,24.61,10.27,1.13,41.73,4.59,48.17,45.9
1190,2006-11-06,600519,54.05,56.09,57.2,54.0,26740,147856261.0,5.84,2.41,1.32,0.99,56.09,57.2,54.0,26.26,11.98,1.13,45.62,4.3,55.17,50.18
1191,2006-11-07,600519,56.1,55.8,56.9,55.5,21326,119649818.0,2.5,-0.52,-0.29,0.79,55.8,56.9,55.5,24.95,10.17,1.13,40.76,4.53,63.82,54.31
1192,2006-11-08,600519,55.5,56.81,57.5,55.0,25348,143238979.0,4.48,1.81,1.01,0.94,56.81,57.5,55.0,25.97,10.48,1.13,40.35,4.35,69.88,57.64
1193,2006-11-09,600519,56.55,57.17,57.2,56.12,15962,90494365.0,1.9,0.63,0.36,0.59,57.17,57.2,56.12,26.47,10.48,1.13,39.59,4.27,75.96,60.31
1194,2006-11-10,600519,56.95,57.6,58.9,56.6,33153,191717604.0,4.02,0.75,0.43,1.23,57.6,58.9,56.6,26.62,10.98,1.13,41.25,4.24,80.89,62.36
1195,2006-11-13,600519,57.5,56.91,57.5,55.9,28315,161068513.0,2.78,-1.2,-0.69,1.05,56.91,57.5,55.9,26.54,9.75,1.83,36.74,6.9,78.93,63.55
1196,2006-11-14,600519,56.65,59.9,60.15,56.65,31307,183957465.0,6.15,5.25,2.99,1.16,59.9,60.15,56.65,26.32,9.1,1.83,34.57,6.95,76.22,65.69
1197,2006-11-15,600519,60.48,61.84,63.0,59.6,34034,211445126.0,5.68,3.24,1.94,1.26,61.84,63.0,59.6,28.36,11.95,1.83,42.14,6.45,75.13,69.47
1198,2006-11-16,600519,61.87,64.68,66.98,61.85,48629,313184874.0,8.3,4.59,2.84,1.8,64.68,66.98,61.85,32.4,15.93,1.73,49.17,5.34,75.1,72.49
1199,2006-11-17,600519,64.98,64.56,65.5,63.0,38341,244957666.0,3.87,-0.19,-0.12,1.42,64.56,65.5,63.0,33.85,15.93,1.13,47.06,3.34,76.14,76.05
1200,2006-11-20,600519,63.53,64.6,65.8,63.53,27060,174396384.0,3.52,0.06,0.04,1.0,64.6,65.8,63.53,34.23,15.28,1.13,44.64,3.3,76.96,78.92
1201,2006-11-21,600519,64.66,63.13,64.72,62.0,30241,190983784.0,4.21,-2.28,-1.47,1.12,63.13,64.72,62.0,35.93,15.28,2.23,42.53,6.21,77.98,78.45
1202,2006-11-22,600519,63.1,63.44,64.19,61.86,28900,182237646.0,3.69,0.49,0.31,1.07,63.44,64.19,61.86,35.83,14.49,2.37,40.44,6.61,78.87,77.55
1203,2006-11-23,600519,63.01,63.46,64.5,63.01,12548,79824997.0,2.35,0.03,0.02,0.46,63.46,64.5,63.01,35.53,14.1,2.37,39.68,6.67,78.5,76.81
1204,2006-11-24,600519,63.41,63.9,64.29,62.4,23496,148702618.0,2.98,0.69,0.44,0.87,63.9,64.29,62.4,34.22,12.39,2.98,36.21,8.71,75.31,75.21
1205,2006-11-27,600519,63.9,64.3,65.66,63.79,16498,106393463.0,2.93,0.63,0.4,0.61,64.3,65.66,63.79,34.69,13.76,2.98,39.67,8.59,71.58,73.86
1206,2006-11-28,600519,64.19,62.81,64.99,62.8,28322,180775984.0,3.41,-2.32,-1.49,1.05,62.81,64.99,62.8,34.38,13.16,3.97,38.28,11.55,66.15,71.55
1207,2006-11-29,600519,62.0,64.41,66.15,60.93,26754,172337879.0,8.31,2.55,1.6,0.99,64.41,66.15,60.93,38.52,13.16,5.84,34.16,15.16,60.15,69.06
1208,2006-11-30,600519,64.73,67.75,69.18,64.73,21012,141522146.0,6.91,5.19,3.34,0.78,67.75,69.18,64.73,40.99,14.49,5.84,35.35,14.25,55.26,67.07
1209,2006-12-01,600519,67.75,69.0,71.7,67.75,40415,282813533.0,5.83,1.85,1.25,1.5,69.0,71.7,67.75,43.24,17.01,5.14,39.34,11.89,52.32,65.41
1210,2006-12-04,600519,69.26,69.1,70.93,67.8,26887,185669864.0,4.54,0.14,0.1,1.0,69.1,70.93,67.8,42.87,14.36,5.14,33.5,11.99,50.0,62.65
1211,2006-12-05,600519,68.9,70.08,71.28,68.8,38118,266976425.0,3.59,1.42,0.98,1.41,70.08,71.28,68.8,41.95,11.86,5.14,28.27,12.25,45.85,58.72
1212,2006-12-06,600519,70.0,69.03,70.0,66.9,37493,256408498.0,4.42,-1.5,-1.05,1.39,69.03,70.0,66.9,39.99,7.88,7.04,19.7,17.6,37.85,52.0
1213,2006-12-07,600519,68.51,69.54,70.1,68.51,21855,151160168.0,2.3,0.74,0.51,0.81,69.54,70.1,68.51,39.08,7.98,7.04,20.42,18.01,32.47,46.31
1214,2006-12-08,600519,69.0,69.05,69.9,68.0,22069,152466866.0,2.73,-0.7,-0.49,0.82,69.05,69.9,68.0,38.71,7.68,7.55,19.84,19.5,25.52,40.39
1215,2006-12-11,600519,68.1,72.3,72.5,68.1,26754,188889525.0,6.37,4.71,3.25,0.99,72.3,72.5,68.1,40.39,10.28,6.02,25.45,14.9,20.95,36.64
1216,2006-12-12,600519,72.88,71.82,73.48,71.4,11767,84919970.0,2.88,-0.66,-0.48,0.44,71.82,73.48,71.4,40.14,11.26,5.88,28.05,14.65,18.3,34.15
1217,2006-12-13,600519,72.28,71.3,72.44,70.66,33417,239515640.0,2.48,-0.72,-0.52,1.24,71.3,72.44,70.66,40.43,10.95,6.62,27.08,16.37,15.82,30.84
1218,2006-12-14,600519,71.8,77.04,77.38,71.3,37628,279885276.0,8.53,8.05,5.74,1.39,77.04,77.38,71.3,44.62,15.89,6.01,35.61,13.47,22.4,30.12
1219,2006-12-15,600519,77.0,79.13,79.96,76.03,23697,185540482.0,5.1,2.71,2.09,0.88,79.13,79.96,76.03,46.68,17.1,6.01,36.63,12.87,29.35,30.91
1220,2006-12-18,600519,78.98,86.4,86.66,78.98,35238,295726593.0,9.71,9.19,7.27,1.31,86.4,86.66,78.98,52.17,23.8,5.02,45.62,9.62,40.07,32.8
1221,2006-12-19,600519,86.4,84.49,88.8,83.88,38038,326181880.0,5.69,-2.21,-1.91,1.41,84.49,88.8,83.88,51.87,25.94,3.15,50.01,6.07,48.77,34.86
1222,2006-12-20,600519,83.98,84.3,85.9,83.51,25196,212351401.0,2.83,-0.22,-0.19,0.93,84.3,85.9,83.51,49.49,22.91,3.52,46.29,7.11,55.77,37.03
1223,2006-12-21,600519,84.3,82.98,85.5,82.5,30301,256088471.0,3.56,-1.57,-1.32,1.12,82.98,85.5,82.5,48.54,20.39,4.53,42.01,9.33,62.27,39.04
1224,2006-12-22,600519,82.5,80.83,83.7,79.98,30439,249249212.0,4.48,-2.59,-2.15,1.13,80.83,83.7,79.98,49.13,20.39,7.05,41.5,14.35,62.85,42.63
1225,2006-12-25,600519,81.06,83.21,84.18,81.06,24954,207941105.0,3.86,2.94,2.38,0.92,83.21,84.18,81.06,50.0,20.52,7.05,41.04,14.1,63.0,46.18
1226,2006-12-27,600519,84.21,85.48,86.4,84.2,19853,169858959.0,2.64,2.73,2.27,0.74,85.48,86.4,84.2,50.01,22.74,5.15,45.47,10.3,62.65,51.36
1227,2006-12-28,600519,85.8,85.48,86.0,83.5,29281,248296941.0,2.92,0.0,0.0,1.08,85.48,86.0,83.5,50.92,22.64,5.85,44.46,11.49,59.41,54.09
1228,2006-12-29,600519,85.49,87.83,92.1,84.56,82975,728497750.0,8.82,2.75,2.35,3.07,87.83,92.1,84.56,56.56,28.74,5.34,50.81,9.44,58.63,57.2
1229,2007-01-04,600519,90.01,85.84,90.18,85.5,44665,394957199.0,5.33,-2.27,-1.99,1.65,85.84,90.18,85.5,56.84,26.14,5.34,45.99,9.39,59.04,60.65
1230,2007-01-05,600519,84.79,86.27,86.69,83.3,27805,236787475.0,3.95,0.5,0.43,1.03,86.27,86.69,83.3,58.15,25.16,7.54,43.27,12.97,59.91,61.38
1231,2007-01-08,600519,86.3,84.86,86.6,83.88,48924,417405505.0,3.15,-1.63,-1.41,1.81,84.86,86.6,83.88,59.09,25.16,6.8,42.58,11.51,61.34,62.17
1232,2007-01-09,600519,84.89,88.79,89.99,84.6,28300,248096035.0,6.35,4.63,3.93,1.05,88.79,89.99,84.6,58.4,23.61,6.8,40.43,11.64,60.05,61.35
1233,2007-01-10,600519,89.0,88.97,90.49,87.6,28239,249921322.0,3.25,0.2,0.18,1.05,88.97,90.49,87.6,57.36,21.53,6.8,37.53,11.85,58.89,59.15
1234,2007-01-11,600519,89.0,91.99,93.18,88.5,37483,341540304.0,5.26,3.39,3.02,1.39,91.99,93.18,88.5,54.36,17.52,6.8,32.23,12.51,54.79,56.71
1235,2007-01-12,600519,91.9,96.96,97.2,90.0,36402,347136997.0,7.83,5.4,4.97,1.35,96.96,97.2,90.0,56.64,19.4,6.8,34.25,12.01,51.8,55.42
1236,2007-01-15,600519,97.05,99.61,102.0,97.05,30671,305993934.0,5.11,2.73,2.65,1.14,99.61,102.0,97.05,59.29,24.2,6.43,40.82,10.84,52.48,56.2
1237,2007-01-16,600519,99.36,97.73,100.78,96.28,35040,344077710.0,4.52,-1.89,-1.88,1.3,97.73,100.78,96.28,60.79,24.2,6.19,39.81,10.18,52.79,57.07
1238,2007-01-17,600519,97.59,98.12,103.0,96.02,25916,257353976.0,7.14,0.4,0.39,0.96,98.12,103.0,96.02,64.05,26.42,3.67,41.25,5.73,56.17,58.11
1239,2007-01-18,600519,98.0,105.22,105.49,97.0,30645,315103130.0,8.65,7.24,7.1,1.14,105.22,105.49,97.0,69.19,28.43,3.67,41.09,5.3,60.36,59.63
1240,2007-01-19,600519,105.22,109.35,111.89,105.22,22256,243504208.0,6.34,3.93,4.13,0.82,109.35,111.89,105.22,72.67,32.61,3.67,44.87,5.05,66.31,60.55
1241,2007-01-22,600519,110.1,113.2,116.0,110.0,25521,290839225.0,5.49,3.52,3.85,0.95,113.2,116.0,110.0,76.82,36.72,2.97,47.8,3.87,72.47,62.13
1242,2007-01-23,600519,113.8,105.28,114.8,104.1,41783,450098219.0,9.45,-7.0,-7.92,1.55,105.28,114.8,104.1,79.98,30.62,8.87,38.28,11.09,71.98,62.23
1243,2007-01-24,600519,105.5,109.78,113.0,105.5,19404,212553649.0,7.12,4.27,4.5,0.72,109.78,113.0,105.5,83.02,30.62,8.87,36.88,10.68,71.28,62.03
1244,2007-01-25,600519,107.5,108.37,110.95,106.3,44848,490557153.0,4.24,-1.28,-1.41,1.66,108.37,110.95,106.3,84.28,30.62,6.67,36.33,7.91,69.39,62.78
1245,2007-01-26,600519,107.0,108.89,109.95,98.0,35846,380378208.0,11.03,0.48,0.52,1.33,108.89,109.95,98.0,93.51,30.62,14.97,32.75,16.01,62.25,61.31
1246,2007-01-29,600519,107.8,107.49,113.0,106.1,18560,201345338.0,6.34,-1.29,-1.4,0.69,107.49,113.0,106.1,95.02,30.28,14.97,31.87,15.75,54.6,60.45
1247,2007-01-30,600519,106.73,109.75,111.1,106.48,26561,287395106.0,4.3,2.1,2.26,0.98,109.75,111.1,106.48,96.75,29.78,14.97,30.78,15.47,45.94,59.2
1248,2007-01-31,600519,107.8,103.23,110.0,102.0,33268,352147545.0,7.29,-5.94,-6.52,1.23,103.23,110.0,102.0,100.07,27.09,19.45,27.07,19.44,39.5,55.74
1249,2007-02-01,600519,99.99,105.0,105.97,99.5,25910,265744453.0,6.27,1.71,1.77,0.96,105.0,105.97,99.5,99.34,23.07,21.95,23.22,22.1,30.73,51.01
1250,2007-02-02,600519,103.97,101.0,104.8,100.0,14989,151508799.0,4.57,-3.81,-4.0,0.56,101.0,104.8,100.0,99.3,18.27,21.95,18.4,22.1,21.55,45.47
1251,2007-02-05,600519,100.99,97.0,101.0,96.72,19838,194534210.0,4.24,-3.96,-4.0,0.73,97.0,101.0,96.72,99.08,18.27,24.46,18.44,24.69,18.24,40.25
1252,2007-02-06,600519,95.01,95.75,96.9,89.5,39523,365914405.0,7.63,-1.29,-1.25,1.46,95.75,96.9,89.5,99.6,16.05,31.68,16.11,31.81,18.06,36.33
1253,2007-02-07,600519,95.18,97.47,99.98,95.01,17976,175261713.0,5.19,1.8,1.72,0.67,97.47,99.98,95.01,96.08,16.64,31.68,17.32,32.97,17.74,31.84
1254,2007-02-08,600519,96.9,95.96,98.98,93.5,18373,176642962.0,5.62,-1.55,-1.51,0.68,95.96,98.98,93.5,94.89,10.24,33.19,10.79,34.98,23.81,31.65
1255,2007-02-09,600519,95.18,94.17,96.58,93.0,12262,116298291.0,3.73,-1.87,-1.79,0.45,94.17,96.58,93.0,91.82,6.13,33.69,6.68,36.69,34.93,32.83
1256,2007-02-12,600519,93.8,97.0,98.75,93.2,12511,120701377.0,5.89,3.01,2.83,0.46,97.0,98.75,93.2,86.67,8.3,27.79,9.58,32.06,42.4,31.98
1257,2007-02-13,600519,97.88,99.8,99.84,97.0,18767,184420201.0,2.93,2.89,2.8,0.7,99.8,99.84,97.0,81.79,9.39,27.79,11.48,33.98,48.24,33.24
1258,2007-02-14,600519,100.58,99.56,101.99,98.0,15614,154853057.0,4.0,-0.24,-0.24,0.58,99.56,101.99,98.0,81.13,11.54,27.79,14.22,34.25,49.67,33.86
1259,2007-02-15,600519,100.65,103.21,104.98,100.01,16805,173731362.0,4.99,3.67,3.65,0.62,103.21,104.98,100.01,74.6,14.53,19.49,19.48,26.13,46.91,32.32
1260,2007-02-16,600519,104.77,100.17,105.0,99.56,25072,256784061.0,5.27,-2.95,-3.04,0.93,100.17,105.0,99.56,73.14,11.48,19.94,15.7,27.26,42.59,33.2
1261,2007-02-26,600519,99.8,97.02,99.8,96.01,15321,150045013.0,3.78,-3.14,-3.15,0.57,97.02,99.8,96.01,72.68,11.48,23.49,15.8,32.32,36.78,35.85
1262,2007-02-27,600519,96.5,87.64,96.5,87.32,31867,292514587.0,9.46,-9.67,-9.38,1.18,87.64,96.5,87.32,74.38,11.48,27.7,15.43,37.24,34.68,38.54
1263,2007-03-01,600519,96.4,96.4,96.4,92.88,44582,429485218.0,4.02,10.0,8.76,1.65,96.4,96.4,92.88,76.67,11.48,25.2,14.97,32.87,32.66,40.45
1264,2007-03-02,600519,97.0,97.79,100.99,95.96,34771,341362336.0,5.22,1.44,1.39,1.29,97.79,100.99,95.96,76.7,16.07,25.2,20.95,32.86,29.46,39.56
1265,2007-03-05,600519,97.91,94.9,97.91,94.8,21805,208807884.0,3.18,-2.96,-2.89,0.81,94.9,97.91,94.8,75.53,16.07,23.08,21.28,30.56,30.02,38.46
1266,2007-03-06,600519,94.0,100.1,101.15,93.0,24351,241040734.0,8.59,5.48,5.2,0.9,100.1,101.15,93.0,76.18,19.31,15.86,25.35,20.82,27.16,34.88
1267,2007-03-07,600519,101.3,101.46,103.45,100.01,26425,271589373.0,3.44,1.36,1.36,0.98,101.46,103.45,100.01,74.65,18.53,15.86,24.82,21.25,22.73,29.76
1268,2007-03-08,600519,100.9,101.45,102.0,99.1,13808,138217148.0,2.86,-0.01,-0.01,0.51,101.45,102.0,99.1,72.07,18.53,15.26,25.71,21.17,17.45,26.06
1269,2007-03-09,600519,100.1,100.01,102.48,99.1,16186,162560220.0,3.33,-1.42,-1.44,0.6,100.01,102.48,99.1,71.87,19.01,14.76,26.45,20.54,13.31,22.99
1270,2007-03-12,600519,99.8,99.8,100.01,98.63,19444,193188602.0,1.38,-0.21,-0.21,0.72,99.8,100.01,98.63,67.7,16.84,15.23,24.87,22.5,10.46,19.96
1271,2007-03-13,600519,98.96,98.41,99.8,96.02,19081,186420809.0,3.79,-1.39,-1.39,0.71,98.41,99.8,96.02,68.64,15.75,17.84,22.95,25.99,8.51,19.26
1272,2007-03-14,600519,97.0,96.02,98.0,95.3,21600,207586165.0,2.74,-2.43,-2.39,0.8,96.02,98.0,95.3,67.76,13.6,18.56,20.07,27.39,9.45,18.31
1273,2007-03-15,600519,95.0,97.42,98.0,95.0,20973,201776897.0,3.12,1.46,1.4,0.78,97.42,98.0,95.0,65.34,10.61,18.86,16.24,28.86,12.82,17.78
1274,2007-03-16,600519,97.8,97.61,98.0,95.1,14635,140836291.0,2.98,0.2,0.19,0.54,97.61,98.0,95.1,62.8,10.61,18.41,16.89,29.32,15.69,16.57
1275,2007-03-19,600519,95.01,97.38,98.22,94.8,25952,253220579.0,3.5,-0.24,-0.23,0.96,97.38,98.22,94.8,62.06,10.61,15.16,17.1,24.43,16.53,14.92
1276,2007-03-20,600519,97.34,94.61,97.5,94.45,21188,201378936.0,3.13,-2.84,-2.77,0.78,94.61,97.5,94.45,55.41,10.61,6.82,19.15,12.31,19.32,14.89
1277,2007-03-21,600519,94.65,94.0,96.3,91.62,28290,266389529.0,4.95,-0.64,-0.61,1.05,94.0,96.3,91.62,51.33,10.61,9.65,20.67,18.8,19.07,13.79
1278,2007-03-22,600519,94.21,94.49,94.88,92.0,31397,291678124.0,3.06,0.52,0.49,1.16,94.49,94.88,92.0,49.18,6.02,9.65,12.24,19.62,20.36,14.91
1279,2007-03-23,600519,93.51,94.99,95.1,92.2,30279,283551750.0,3.07,0.53,0.5,1.12,94.99,95.1,92.2,48.97,6.24,8.49,12.74,17.34,18.24,15.53
1280,2007-03-26,600519,94.8,94.02,94.9,93.7,22656,212983960.0,1.26,-1.02,-0.97,0.84,94.02,94.9,93.7,42.11,3.0,8.49,7.12,20.16,21.73,18.71
1281,2007-03-27,600519,93.77,92.79,94.0,91.85,37198,345056807.0,2.29,-1.31,-1.23,1.38,92.79,94.0,91.85,40.84,0.7,10.34,1.71,25.32,33.34,24.93
1282,2007-03-28,600519,92.87,93.09,93.85,91.0,34926,323233779.0,3.07,0.32,0.3,1.29,93.09,93.85,91.0,40.79,0.7,10.28,1.72,25.2,44.25,31.79
1283,2007-03-29,600519,93.18,96.37,96.49,92.28,49415,465028032.0,4.52,3.52,3.28,1.83,96.37,96.49,92.28,41.62,2.86,10.28,6.87,24.7,52.88,35.97
1284,2007-03-30,600519,96.58,94.5,96.65,93.2,30985,293158039.0,3.58,-1.94,-1.87,1.15,94.5,96.65,93.2,43.69,3.02,9.81,6.91,22.45,57.84,39.1
1285,2007-04-02,600519,95.0,93.89,95.01,91.9,28257,261934932.0,3.29,-0.65,-0.61,1.05,93.89,95.01,91.9,43.02,3.02,8.5,7.02,19.76,63.22,40.73
1286,2007-04-03,600519,93.89,94.88,95.6,92.11,42801,402378753.0,3.72,1.05,0.99,1.59,94.88,95.6,92.11,43.4,3.61,7.78,8.32,17.93,61.36,41.54
1287,2007-04-04,600519,94.99,97.34,97.99,94.99,40807,395605830.0,3.16,2.59,2.46,1.51,97.34,97.99,94.99,43.51,6.0,7.48,13.79,17.19,48.63,40.99
1288,2007-04-05,600519,96.88,95.34,96.88,94.72,37460,358362495.0,2.22,-2.05,-2.0,1.39,95.34,96.88,94.72,43.23,6.0,7.75,13.88,17.93,36.21,40.23
1289,2007-04-06,600519,94.6,94.0,95.01,93.5,27615,259568009.0,1.58,-1.41,-1.34,1.02,94.0,95.01,93.5,41.65,6.0,8.67,14.41,20.82,29.84,41.36
1290,2007-04-09,600519,94.55,95.0,96.6,92.9,62834,591101165.0,3.94,1.06,1.0,2.33,95.0,96.6,92.9,42.3,7.59,8.32,17.94,19.67,21.78,39.81
1291,2007-04-10,600519,95.22,94.39,95.79,94.1,63047,597770870.0,1.78,-0.64,-0.61,2.34,94.39,95.79,94.1,39.31,7.59,5.49,19.31,13.97,16.53,39.87
1292,2007-04-11,600519,94.95,93.88,94.95,92.9,53828,504663488.0,2.17,-0.54,-0.51,1.99,93.88,94.95,92.9,38.48,7.59,6.69,19.72,17.39,11.48,36.42
1293,2007-04-12,600519,93.7,98.84,100.1,92.98,76459,739231914.0,7.58,5.28,4.96,2.83,98.84,100.1,92.98,42.7,12.52,6.69,29.32,15.67,14.7,31.67
1294,2007-04-13,600519,99.0,102.95,105.38,97.0,84783,867089257.0,8.48,4.16,4.11,3.14,102.95,105.38,97.0,49.79,17.8,6.69,35.75,13.44,20.14,28.18
1295,2007-04-16,600519,101.9,101.73,103.95,100.5,37812,383878218.0,3.35,-1.19,-1.22,1.4,101.73,103.95,100.5,51.07,17.8,4.84,34.85,9.48,26.65,28.24
1296,2007-04-17,600519,102.0,98.69,103.44,97.0,44619,442356324.0,6.33,-2.99,-3.04,1.65,98.69,103.44,97.0,54.66,17.8,7.49,32.56,13.7,32.68,27.23
1297,2007-04-18,600519,98.69,96.59,98.69,95.5,48781,470273102.0,3.23,-2.13,-2.1,1.81,96.59,98.69,95.5,53.64,15.16,8.99,28.26,16.76,34.26,25.39
1298,2007-04-19,600519,95.7,92.8,96.0,91.4,39882,372975317.0,4.76,-3.92,-3.79,1.48,92.8,96.0,91.4,55.38,15.0,13.09,27.09,23.64,34.35,22.91
1299,2007-04-20,600519,93.0,94.57,95.5,92.9,41517,392180310.0,2.8,1.91,1.77,1.54,94.57,95.5,92.9,54.97,15.0,11.79,27.29,21.45,31.28,22.99
1300,2007-04-23,600519,94.58,95.58,95.81,93.0,47487,447869454.0,2.97,1.07,1.01,1.76,95.58,95.81,93.0,54.29,14.72,11.79,27.11,21.72,25.57,22.85
1301,2007-04-24,600519,95.92,94.48,95.98,93.51,39479,372593709.0,2.58,-1.15,-1.1,1.46,94.48,95.98,93.51,53.65,12.5,11.79,23.3,21.98,16.51,21.58
1302,2007-04-25,600519,94.49,95.99,96.8,93.6,37822,362266657.0,3.39,1.6,1.51,1.4,95.99,96.8,93.6,54.23,13.32,11.52,24.56,21.24,10.93,21.8
1303,2007-04-26,600519,96.08,97.34,98.48,95.0,33698,325641558.0,3.63,1.41,1.35,1.25,97.34,98.48,95.0,55.87,15.0,10.3,26.85,18.44,9.76,22.01
1304,2007-04-27,600519,97.28,93.78,97.31,93.62,26475,250199461.0,3.79,-3.66,-3.56,0.98,93.78,97.31,93.62,55.89,13.41,11.68,23.99,20.9,9.78,22.06
1305,2007-04-30,600519,93.0,95.42,97.37,92.55,43557,414391808.0,5.14,1.75,1.64,1.61,95.42,97.37,92.55,59.02,13.41,12.75,22.72,21.6,8.2,19.74
1306,2007-05-08,600519,96.6,96.5,97.9,95.53,46027,444700567.0,2.48,1.13,1.08,1.71,96.5,97.9,95.53,59.45,13.94,11.55,23.45,19.43,7.92,16.74
1307,2007-05-09,600519,96.5,92.0,96.51,89.9,151777,1394029058.0,6.85,-4.66,-4.5,5.62,92.0,96.51,89.9,58.94,8.79,17.18,14.91,29.15,12.82,14.67
1308,2007-05-14,600519,93.6,94.39,100.78,92.18,131870,1263779092.0,9.35,2.6,2.39,4.89,94.39,100.78,92.18,59.34,7.78,17.18,13.11,28.95,17.89,14.41
1309,2007-05-15,600519,94.48,90.93,94.48,90.86,71038,655524409.0,3.84,-3.67,-3.46,2.63,90.93,94.48,90.86,59.51,7.78,18.5,13.07,31.09,21.59,15.68
1310,2007-05-16,600519,90.9,93.58,94.6,90.7,50433,468228612.0,4.29,2.91,2.65,1.87,93.58,94.6,90.7,56.97,7.78,15.16,13.66,26.61,25.8,17.79
1311,2007-05-17,600519,93.35,99.02,100.05,93.33,95182,930266093.0,7.18,5.81,5.44,3.53,99.02,100.05,93.33,60.5,13.23,13.66,21.87,22.58,25.65,16.93
1312,2007-05-18,600519,98.3,98.43,101.1,97.0,51837,517580169.0,4.14,-0.6,-0.59,1.92,98.43,101.1,97.0,59.41,14.28,9.56,24.04,16.09,27.39,17.66
1313,2007-05-21,600519,95.31,96.63,99.18,94.13,41508,402560491.0,5.13,-1.83,-1.8,1.54,96.63,99.18,94.13,61.76,14.28,12.43,23.12,20.13,23.16,17.99
1314,2007-05-22,600519,96.11,94.84,96.5,94.19,59902,567699268.0,2.39,-1.85,-1.79,2.22,94.84,96.5,94.19,61.39,13.97,12.43,22.76,20.25,17.85,17.87
1315,2007-05-23,600519,94.65,96.97,99.0,94.64,40339,391972671.0,4.6,2.25,2.13,1.49,96.97,99.0,94.64,63.28,16.3,12.43,25.76,19.64,13.3,17.45
1316,2007-05-24,600519,97.47,99.37,99.61,96.64,55799,548678429.0,3.06,2.47,2.4,2.07,99.37,99.61,96.64,63.05,16.09,12.43,25.52,19.71,10.08,17.94
1317,2007-05-25,600519,100.03,106.39,109.31,100.03,83105,883158731.0,9.34,7.06,7.02,2.04,106.39,109.31,100.03,69.51,24.11,12.43,34.69,17.88,15.14,20.39
1318,2007-05-28,600519,106.5,110.31,111.25,106.48,55511,607604935.0,4.48,3.68,3.92,1.36,110.31,111.25,106.48,70.65,26.05,11.05,36.87,15.64,18.58,22.98
1319,2007-05-29,600519,110.5,109.22,115.4,108.3,42945,480225991.0,6.44,-0.99,-1.09,1.05,109.22,115.4,108.3,72.93,30.2,9.98,41.41,13.68,25.81,24.48
1320,2007-05-30,600519,104.0,101.97,108.99,99.8,72907,756701836.0,8.41,-6.64,-7.25,1.79,101.97,108.99,99.8,79.87,29.67,18.48,37.15,23.14,28.71,23.28
1321,2007-06-01,600519,109.01,110.44,112.17,108.2,69667,775108764.0,3.89,8.31,8.47,1.71,110.44,112.17,108.2,83.46,32.85,12.85,39.36,15.4,33.76,23.53
1322,2007-06-04,600519,110.68,105.63,115.2,103.5,56949,627231638.0,10.59,-4.36,-4.81,1.4,105.63,115.2,103.5,86.38,28.58,17.55,33.09,20.32,35.61,22.84
1323,2007-06-05,600519,103.0,106.07,106.99,95.07,52949,544757934.0,11.28,0.42,0.44,1.3,106.07,106.99,95.07,94.68,28.58,24.66,30.19,26.05,31.51,23.32
1324,2007-06-06,600519,105.0,105.51,109.0,102.03,31384,329128886.0,6.57,-0.53,-0.56,0.77,105.51,109.0,102.03,97.75,30.59,24.5,31.29,25.06,26.61,22.59
1325,2007-06-07,600519,105.52,105.66,107.5,104.18,53371,562638223.0,3.15,0.14,0.15,1.31,105.66,107.5,104.18,94.35,25.14,24.5,26.65,25.97,18.44,22.12
1326,2007-06-08,600519,106.79,106.91,107.49,105.0,35819,381067005.0,2.36,1.18,1.25,0.88,106.91,107.49,105.0,92.74,24.09,24.5,25.98,26.42,14.7,21.71
1327,2007-06-11,600519,107.6,117.6,117.6,106.96,54095,620110688.0,9.95,10.0,10.69,1.33,117.6,117.6,106.96,98.38,34.2,21.63,34.76,21.99,11.16,22.46
1328,2007-06-12,600519,119.99,120.43,122.5,115.06,44190,529299495.0,6.33,2.41,2.83,1.08,120.43,122.5,115.06,103.38,39.1,21.63,37.82,20.92,11.97,23.79
1329,2007-06-13,600519,119.49,119.87,123.45,118.0,38684,465951672.0,4.53,-0.47,-0.56,0.95,119.87,123.45,118.0,104.47,37.55,21.63,35.94,20.7,15.23,23.37
1330,2007-06-14,600519,118.8,125.16,130.0,118.29,34881,435609721.0,9.77,4.41,5.29,0.86,125.16,130.0,118.29,113.21,43.49,21.63,38.42,19.11,18.98,22.79
1331,2007-06-15,600519,123.97,125.88,126.2,123.8,14898,185772690.0,1.92,0.58,0.72,0.37,125.88,126.2,123.8,105.67,33.79,21.63,31.98,20.47,22.42,20.43
1332,2007-06-18,600519,126.48,126.96,131.44,125.11,21722,277680174.0,5.03,0.86,1.08,0.53,126.96,131.44,125.11,107.14,37.09,21.63,34.62,20.19,26.67,20.69
1333,2007-06-19,600519,125.58,123.4,127.0,122.0,27947,348478544.0,3.94,-2.8,-3.56,0.69,123.4,127.0,122.0,105.04,32.94,24.74,31.36,23.55,25.29,18.22
1334,2007-06-20,600519,122.52,123.43,126.98,121.2,19170,236303439.0,4.68,0.02,0.03,0.47,123.43,126.98,121.2,101.4,32.94,17.04,32.49,16.8,25.79,18.88
1335,2007-06-21,600519,121.6,123.83,124.78,121.0,19401,238688175.0,3.06,0.32,0.4,0.48,123.83,124.78,121.0,94.98,29.76,17.24,31.33,18.15,25.75,20.49
1336,2007-06-22,600519,123.87,120.83,125.4,119.0,17853,218079514.0,5.17,-2.42,-3.0,0.44,120.83,125.4,119.0,89.68,29.76,14.54,33.18,16.21,25.88,22.43
1337,2007-06-25,600519,120.1,119.09,124.51,118.5,32757,398355115.0,4.97,-1.44,-1.74,0.8,119.09,124.51,118.5,83.77,29.76,6.61,35.53,7.89,32.83,27.63
1338,2007-06-26,600519,118.89,120.22,121.0,115.57,12272,145796096.0,4.56,0.95,1.13,0.3,120.22,121.0,115.57,82.23,27.75,9.54,33.75,11.6,36.58,31.63
1339,2007-06-27,600519,121.21,124.49,124.62,119.2,23766,293372111.0,4.51,3.55,4.27,0.58,124.49,124.62,119.2,84.33,31.37,9.54,37.2,11.31,43.11,34.2
1340,2007-06-28,600519,124.9,121.88,125.5,121.53,26212,326430499.0,3.19,-2.1,-2.61,0.64,121.88,125.5,121.53,85.81,32.25,9.54,37.58,11.12,46.86,36.33
1341,2007-06-29,600519,119.5,119.68,123.45,118.15,15499,186255139.0,4.35,-1.81,-2.2,0.38,119.68,123.45,118.15,80.42,22.14,12.92,27.53,16.07,46.81,36.28
1342,2007-07-02,600519,119.0,119.07,120.0,115.0,19600,229624506.0,4.18,-0.51,-0.61,0.48,119.07,120.0,115.0,77.98,17.24,16.07,22.11,20.61,41.67,33.77
1343,2007-07-03,600519,119.2,118.22,119.5,116.0,11009,129623748.0,2.94,-0.71,-0.85,0.27,118.22,119.5,116.0,76.03,16.29,16.07,21.43,21.14,31.17,32.0
1344,2007-07-04,600519,118.22,117.12,119.4,116.21,11557,135460424.0,2.7,-0.93,-1.1,0.28,117.12,119.4,116.21,67.51,9.74,16.07,14.43,23.8,27.12,31.85
1345,2007-07-05,600519,116.0,114.03,118.0,113.11,17044,194675509.0,4.18,-2.64,-3.09,0.42,114.03,118.0,113.11,70.0,9.74,19.17,13.91,27.39,23.66,33.39
1346,2007-07-06,600519,113.6,117.88,118.05,113.6,15596,180456456.0,3.9,3.38,3.85,0.38,117.88,118.05,113.6,68.12,4.55,19.17,6.68,28.14,24.88,35.87
1347,2007-07-09,600519,118.2,120.15,120.7,117.5,11643,138656746.0,2.71,1.93,2.27,0.29,120.15,120.7,117.5,66.32,7.2,16.06,10.86,24.22,26.84,36.83
1348,2007-07-10,600519,120.0,118.0,120.0,117.0,9794,115825748.0,2.5,-1.79,-2.15,0.24,118.0,120.0,117.0,63.69,7.2,15.76,11.3,24.74,32.47,37.07
1349,2007-07-11,600519,117.0,115.84,117.0,114.8,12130,140017458.0,1.86,-1.83,-2.16,0.3,115.84,117.0,114.8,63.11,7.2,17.76,11.41,28.14,39.41,35.29
1350,2007-07-12,600519,116.0,114.37,116.47,113.89,14739,168661711.0,2.23,-1.27,-1.47,0.36,114.37,116.47,113.89,59.29,7.2,16.67,12.14,28.12,41.93,34.53
1351,2007-07-13,600519,114.03,114.49,115.48,113.92,9167,104813064.0,1.36,0.1,0.12,0.22,114.49,115.48,113.92,54.84,7.2,16.17,13.13,29.49,42.9,33.28
1352,2007-07-16,600519,114.98,111.28,114.98,111.23,10747,121378863.0,3.28,-2.8,-3.21,0.26,111.28,114.98,111.23,53.16,7.2,15.93,13.54,29.97,38.91,31.9
1353,2007-07-17,600519,111.2,115.13,115.2,109.3,15066,168233760.0,5.3,3.46,3.85,0.37,115.13,115.2,109.3,53.64,3.58,17.86,6.67,33.3,43.67,35.25
1354,2007-07-18,600519,113.83,116.08,117.01,112.0,11357,130799471.0,4.35,0.83,0.95,0.28,116.08,117.01,112.0,54.68,4.51,17.86,8.25,32.66,47.4,39.94
1355,2007-07-19,600519,115.09,118.75,119.08,115.0,14747,173893104.0,3.51,2.3,2.67,0.36,118.75,119.08,115.0,53.46,6.58,14.48,12.31,27.09,46.6,43.0
1356,2007-07-20,600519,117.9,119.94,120.5,117.0,14294,171502982.0,2.95,1.0,1.19,0.35,119.94,120.5,117.0,51.96,8.0,11.33,15.4,21.81,42.86,42.4
1357,2007-07-23,600519,120.8,125.45,126.66,119.06,19093,237054485.0,6.34,4.59,5.51,0.47,125.45,126.66,119.06,56.06,14.16,11.33,25.26,20.21,38.31,40.6
1358,2007-07-24,600519,125.6,123.46,126.0,122.9,13104,162555321.0,2.47,-1.59,-1.99,0.32,123.46,126.0,122.9,55.97,14.16,11.33,25.3,20.24,33.87,36.39
1359,2007-07-25,600519,122.5,121.99,124.0,121.5,15242,186522568.0,2.02,-1.19,-1.47,0.37,121.99,124.0,121.5,53.58,14.16,9.63,26.43,17.97,25.94,34.8
1360,2007-07-26,600519,122.88,123.04,125.0,122.2,13053,161489704.0,2.3,0.86,1.05,0.32,123.04,125.0,122.2,52.14,15.11,9.63,28.98,18.47,19.69,33.54
1361,2007-07-27,600519,120.55,119.5,122.49,119.01,16312,196650321.0,2.83,-2.88,-3.54,0.4,119.5,122.49,119.01,52.97,12.46,12.82,23.52,24.2,13.67,30.14
1362,2007-07-30,600519,119.5,124.39,125.6,119.21,27877,339526695.0,5.35,4.09,4.89,0.68,124.39,125.6,119.21,56.21,15.57,12.32,27.7,21.92,12.75,27.8
1363,2007-07-31,600519,123.88,129.07,130.0,123.22,27166,344790131.0,5.45,3.76,4.68,0.67,129.07,130.0,123.22,59.79,19.97,10.12,33.4,16.93,16.35,27.33
1364,2007-08-01,600519,129.0,126.03,130.0,125.01,19966,253670740.0,3.87,-2.36,-3.04,0.49,126.03,130.0,125.01,62.2,19.97,9.21,32.11,14.81,20.65,27.26
1365,2007-08-02,600519,126.5,129.91,131.5,126.5,20521,264786522.0,3.97,3.08,3.88,0.5,129.91,131.5,126.5,66.11,21.47,9.21,32.48,13.93,24.13,25.04
1366,2007-08-03,600519,129.88,138.09,139.09,129.66,34107,458343376.0,7.26,6.3,8.18,0.84,138.09,139.09,129.66,71.79,29.06,6.52,40.48,9.08,31.0,25.34
1367,2007-08-06,600519,138.13,138.07,139.99,136.02,17470,239532860.0,2.87,-0.01,-0.02,0.43,138.07,139.99,136.02,69.86,29.96,4.59,42.89,6.57,43.0,28.34
1368,2007-08-07,600519,138.05,138.52,138.98,136.46,23874,327024703.0,1.83,0.33,0.45,0.59,138.52,138.98,136.46,67.37,28.15,4.59,41.78,6.81,53.05,32.9
1369,2007-08-08,600519,138.52,138.85,145.98,135.75,12945,183151083.0,7.39,0.24,0.33,0.32,138.85,145.98,135.75,73.52,33.08,4.59,44.99,6.24,60.2,38.28
1370,2007-08-09,600519,142.6,144.59,146.36,140.0,15475,224211231.0,4.58,4.13,5.74,0.38,144.59,146.36,140.0,77.53,32.04,4.59,41.33,5.92,66.55,43.6
1371,2007-08-10,600519,144.16,139.96,145.5,139.0,23842,338962358.0,4.5,-3.2,-4.63,0.58,139.96,145.5,139.0,76.43,25.88,5.59,33.86,7.31,70.63,47.38
1372,2007-08-13,600519,139.98,137.73,139.98,133.36,19141,259481908.0,4.73,-1.59,-2.23,0.47,137.73,139.98,133.36,79.95,25.88,11.23,32.37,14.05,66.65,48.83
1373,2007-08-14,600519,136.0,136.93,138.0,134.22,16144,218395050.0,2.74,-0.58,-0.8,0.4,136.93,138.0,134.22,81.23,25.88,9.83,31.86,12.1,61.9,52.45
1374,2007-08-15,600519,136.91,136.0,140.5,134.5,23520,323360822.0,4.38,-0.68,-0.93,0.58,136.0,140.5,134.5,84.22,27.38,9.83,32.51,11.67,57.77,55.41
1375,2007-08-16,600519,134.51,135.01,138.0,131.5,21306,286757937.0,4.78,-0.73,-0.99,0.52,135.01,138.0,131.5,86.69,27.38,9.64,31.58,11.12,53.15,56.68
1376,2007-08-17,600519,136.18,135.16,141.18,134.51,24164,330979043.0,4.94,0.11,0.15,0.59,135.16,141.18,134.51,86.97,27.45,9.64,31.56,11.08,48.67,57.61
1377,2007-08-20,600519,137.1,143.49,144.8,137.1,18751,265241753.0,5.7,6.16,8.33,0.46,143.49,144.8,137.1,89.83,26.67,9.64,29.69,10.73,45.74,58.18
1378,2007-08-21,600519,143.52,148.04,150.0,143.52,18811,278103261.0,4.52,3.17,4.55,0.46,148.04,150.0,143.52,91.35,31.87,9.64,34.89,10.55,48.08,57.37
1379,2007-08-22,600519,146.0,155.23,156.8,145.5,26195,401151824.0,7.63,4.86,7.19,0.64,155.23,156.8,145.5,97.18,37.17,9.64,38.25,9.92,50.4,56.15
1380,2007-08-23,600519,155.22,159.95,161.2,154.0,19264,304024687.0,4.64,3.04,4.72,0.47,159.95,161.2,154.0,94.95,33.98,9.64,35.79,10.15,51.83,54.8
1381,2007-08-24,600519,159.89,157.15,161.99,156.0,20630,326076166.0,3.74,-1.75,-2.8,0.51,157.15,161.99,156.0,96.97,33.87,9.64,34.93,9.94,53.13,53.14
1382,2007-08-27,600519,157.0,155.06,159.98,155.0,20823,327422195.0,3.17,-1.33,-2.09,0.51,155.06,159.98,155.0,99.43,33.87,10.64,34.06,10.7,53.82,51.25
1383,2007-08-28,600519,154.01,153.79,156.0,153.1,17206,265824520.0,1.87,-0.82,-1.27,0.42,153.79,156.0,153.1,92.1,26.87,12.54,29.17,13.62,52.07,48.9
1384,2007-08-29,600519,152.78,153.6,157.46,152.0,11997,186047475.0,3.55,-0.12,-0.19,0.29,153.6,157.46,152.0,90.05,27.95,12.54,31.04,13.93,49.49,48.78
1385,2007-08-30,600519,153.9,154.99,155.79,153.45,9195,142153246.0,1.52,0.9,1.39,0.23,154.99,155.79,153.45,85.89,27.95,11.54,32.54,13.44,46.61,48.5
1386,2007-08-31,600519,155.0,159.93,160.1,154.0,10007,158100458.0,3.94,3.19,4.94,0.25,159.93,160.1,154.0,85.37,32.26,5.9,37.79,6.91,48.82,50.33
1387,2007-09-03,600519,160.9,159.82,163.4,159.5,18749,303353295.0,2.44,-0.07,-0.11,0.46,159.82,163.4,159.5,85.49,35.56,5.9,41.6,6.9,51.46,52.3
1388,2007-09-04,600519,159.6,152.8,159.6,151.0,47220,723864066.0,5.38,-4.39,-7.02,1.16,152.8,159.6,151.0,88.31,33.06,14.4,37.44,16.31,49.32,51.57
1389,2007-09-05,600519,152.92,151.81,154.95,148.58,22880,343653908.0,4.17,-0.65,-0.99,0.56,151.81,154.95,148.58,88.18,33.06,13.82,37.49,15.67,50.1,51.08
1390,2007-09-06,600519,152.0,149.99,152.0,148.9,27526,412746126.0,2.04,-1.2,-1.82,0.67,149.99,152.0,148.9,84.61,29.88,13.82,35.31,16.33,49.88,49.68
1391,2007-09-07,600519,149.99,144.46,149.99,143.9,33012,480091647.0,4.06,-3.69,-5.53,0.81,144.46,149.99,143.9,81.06,26.26,18.82,32.4,23.22,45.7,46.16
1392,2007-09-10,600519,140.25,142.11,144.31,140.25,40802,577753207.0,2.81,-1.63,-2.35,1.0,142.11,144.31,140.25,78.76,21.06,22.47,26.74,28.53,34.73,41.78
1393,2007-09-11,600519,142.0,143.8,146.48,142.0,25866,374651914.0,3.15,1.19,1.69,0.63,143.8,146.48,142.0,71.94,16.43,22.47,22.84,31.23,25.4,38.43
1394,2007-09-12,600519,143.0,143.72,146.0,140.33,12192,173598048.0,3.94,-0.06,-0.08,0.3,143.72,146.0,140.33,70.41,12.03,24.14,17.09,34.28,24.42,36.87
1395,2007-09-13,600519,144.0,143.84,144.5,141.0,21166,302740276.0,2.44,0.08,0.12,0.52,143.84,144.5,141.0,67.92,11.24,24.14,16.55,35.54,23.66,36.88
1396,2007-09-14,600519,144.0,148.39,150.0,141.73,36626,533527808.0,5.75,3.16,4.55,0.9,148.39,150.0,141.73,71.21,16.74,23.14,23.51,32.5,20.21,35.05
1397,2007-09-17,600519,148.0,151.97,152.98,145.76,38819,581454298.0,4.87,2.41,3.58,0.95,151.97,152.98,145.76,75.53,19.72,21.24,26.11,28.12,18.08,31.89
1398,2007-09-18,600519,152.2,146.47,152.2,144.88,14837,218334186.0,4.82,-3.62,-5.5,0.36,146.47,152.2,144.88,77.39,18.26,22.12,23.59,28.58,19.13,26.93
1399,2007-09-19,600519,145.1,141.5,145.5,139.77,29013,410862934.0,3.91,-3.39,-4.97,0.71,141.5,145.5,139.77,81.75,18.26,27.23,22.34,33.31,19.83,22.61
1400,2007-09-20,600519,141.72,145.03,145.85,141.72,12903,185888065.0,2.92,2.49,3.53,0.32,145.03,145.85,141.72,80.0,14.3,27.23,17.87,34.04,19.44,21.93
1401,2007-09-21,600519,145.06,144.85,145.49,141.8,12788,183153720.0,2.54,-0.12,-0.18,0.31,144.85,145.49,141.8,79.79,11.0,27.23,13.79,34.13,20.44,22.05
1402,2007-09-24,600519,144.0,141.5,145.8,140.51,31705,450160399.0,3.65,-2.31,-3.35,0.78,141.5,145.8,140.51,76.26,11.0,20.02,14.42,26.25,22.61,21.41
1403,2007-09-25,600519,141.46,140.91,143.3,138.58,30250,424466923.0,3.34,-0.42,-0.59,0.74,140.91,143.3,138.58,74.61,11.0,19.53,14.74,26.18,26.65,22.36
1404,2007-09-26,600519,139.01,145.68,147.5,139.01,30960,450482553.0,6.03,3.39,4.77,0.76,145.68,147.5,139.01,80.0,15.2,19.53,19.0,24.41,27.13,23.13
1405,2007-09-27,600519,145.67,146.09,147.5,142.55,12715,185721030.0,3.4,0.28,0.41,0.31,146.09,147.5,142.55,78.86,15.2,14.53,19.27,18.43,24.22,22.03
1406,2007-09-28,600519,145.98,150.47,152.6,145.52,26937,406110739.0,4.85,3.0,4.38,0.66,150.47,152.6,145.52,81.73,20.3,10.88,24.84,13.31,24.07,21.75
1407,2007-10-08,600519,151.53,147.15,154.81,147.0,23393,349755743.0,5.19,-2.21,-3.32,0.57,147.15,154.81,147.0,85.06,20.34,10.88,23.91,12.79,22.04,21.24
1408,2007-10-09,600519,146.5,158.76,161.0,146.5,37711,587350510.0,9.85,7.89,11.61,0.92,158.76,161.0,146.5,93.89,26.53,9.21,28.26,9.81,25.27,23.94
1409,2007-10-10,600519,160.71,164.47,168.4,157.0,22651,370471299.0,7.18,3.6,5.71,0.56,164.47,168.4,157.0,101.79,33.93,9.21,33.33,9.05,30.17,28.41
1410,2007-10-11,600519,164.84,173.27,177.0,164.5,30558,530601955.0,7.6,5.35,8.8,0.75,173.27,177.0,164.5,106.05,37.03,9.21,34.92,8.68,38.12,32.62
1411,2007-10-12,600519,175.1,178.81,180.41,168.0,26009,456041256.0,7.16,3.2,5.54,0.64,178.81,180.41,168.0,111.24,37.46,9.21,33.67,8.28,47.83,36.02
1412,2007-10-15,600519,176.1,188.58,194.0,176.1,20908,388728699.0,10.01,5.46,9.77,0.51,188.58,194.0,176.1,121.82,51.05,8.33,41.91,6.84,54.78,39.43
1413,2007-10-16,600519,188.99,185.03,188.99,181.12,21094,389861626.0,4.17,-1.88,-3.55,0.52,185.03,188.99,181.12,122.99,51.05,3.22,41.51,2.62,64.42,43.23
1414,2007-10-17,600519,184.0,182.0,184.0,181.0,14708,267399495.0,1.62,-1.64,-3.03,0.36,182.0,184.0,181.0,122.67,50.7,3.34,41.33,2.72,70.95,48.11
1415,2007-10-18,600519,178.68,176.79,182.0,174.0,19954,355237068.0,4.4,-2.86,-5.21,0.49,176.79,182.0,174.0,126.98,50.7,10.34,39.93,8.14,72.42,51.29
1416,2007-10-19,600519,176.5,180.16,186.0,176.5,17729,320347389.0,5.37,1.91,3.37,0.43,180.16,186.0,176.5,131.19,54.7,9.05,41.7,6.9,74.33,56.22
1417,2007-10-22,600519,178.0,178.91,182.0,175.5,7797,139362375.0,3.61,-0.69,-1.25,0.19,178.91,182.0,175.5,132.97,54.7,8.12,41.14,6.11,76.6,62.21
1418,2007-10-23,600519,183.5,188.0,193.0,183.3,22291,420266818.0,5.42,5.08,9.09,0.55,188.0,193.0,183.3,138.57,61.5,8.12,44.38,5.86,77.39,66.09
1419,2007-10-24,600519,188.05,191.99,199.0,169.2,25469,485816458.0,15.85,2.12,3.99,0.62,191.99,199.0,169.2,163.42,61.5,22.22,37.63,13.6,70.52,67.47
1420,2007-10-25,600519,189.0,193.75,198.0,186.0,20353,394422086.0,6.25,0.92,1.76,0.5,193.75,198.0,186.0,168.34,56.4,22.22,33.5,13.2,63.16,67.05
1421,2007-10-26,600519,190.74,195.04,196.0,185.12,20010,379656727.0,5.62,0.67,1.29,0.49,195.04,196.0,185.12,171.41,54.19,23.1,31.61,13.48,58.84,65.63
1422,2007-10-29,600519,193.01,190.74,197.5,188.88,11074,212842981.0,4.42,-2.2,-4.3,0.27,190.74,197.5,188.88,165.53,49.5,23.1,29.9,13.96,52.97,63.65
1423,2007-10-30,600519,192.02,187.4,193.98,183.33,12565,233823943.0,5.58,-1.75,-3.34,0.31,187.4,193.98,183.33,164.78,42.1,28.65,25.55,17.39,43.78,60.19
1424,2007-10-31,600519,187.81,191.01,192.4,187.81,10814,206054370.0,2.45,1.93,3.61,0.27,191.01,192.4,187.81,157.25,33.5,28.65,21.3,18.22,32.3,54.84
1425,2007-11-01,600519,192.5,184.82,192.5,183.9,9620,178327384.0,4.5,-3.24,-6.19,0.24,184.82,192.5,183.9,153.44,30.09,32.56,19.61,21.22,25.14,47.83
1426,2007-11-02,600519,183.0,184.07,184.79,178.0,13836,250008018.0,3.67,-0.41,-0.75,0.34,184.07,184.79,178.0,142.36,16.5,38.46,11.59,27.02,24.55,43.85
1427,2007-11-05,600519,184.0,182.01,186.0,180.0,5279,96705832.0,3.26,-1.12,-2.06,0.13,182.01,186.0,180.0,140.49,17.71,38.46,12.61,27.38,24.0,41.42
1428,2007-11-06,600519,180.08,181.93,185.62,180.08,2459,44828815.0,3.04,-0.04,-0.08,0.06,181.93,185.62,180.08,142.0,17.71,38.34,12.47,27.0,24.08,38.52
1429,2007-11-07,600519,182.5,178.68,185.0,177.4,9086,162628670.0,4.18,-1.79,-3.25,0.22,178.68,185.0,177.4,141.6,17.71,34.02,12.51,24.03,26.16,34.97
1430,2007-11-08,600519,178.72,174.02,179.99,172.01,5723,99837136.0,4.47,-2.61,-4.66,0.14,174.02,179.99,172.01,140.08,13.71,39.41,9.79,28.13,32.93,32.61
1431,2007-11-09,600519,172.02,171.52,177.3,170.5,5127,88657729.0,3.91,-1.44,-2.5,0.13,171.52,177.3,170.5,140.38,13.71,39.92,9.77,28.44,40.41,32.78
1432,2007-11-12,600519,171.61,170.32,172.6,167.5,15224,256445671.0,2.97,-0.7,-1.2,0.37,170.32,172.6,167.5,131.39,2.71,42.92,2.06,32.67,48.44,36.5
1433,2007-11-13,600519,172.0,177.78,182.95,172.0,23911,425423638.0,6.43,4.38,7.46,0.59,177.78,182.95,172.0,114.22,13.06,28.82,11.43,25.23,48.56,36.28
1434,2007-11-14,600519,177.78,186.97,187.35,177.78,11164,203847742.0,5.38,5.17,9.19,0.27,186.97,187.35,177.78,111.79,17.46,28.82,15.62,25.78,46.51,35.3
1435,2007-11-15,600519,187.07,184.0,187.07,183.2,10558,195317064.0,2.07,-1.59,-2.97,0.26,184.0,187.07,183.2,104.78,17.46,27.94,16.66,26.67,45.11,35.63
1436,2007-11-16,600519,183.5,179.99,183.5,179.32,3716,67016964.0,2.27,-2.18,-4.01,0.09,179.99,183.5,179.32,100.84,15.96,31.82,15.83,31.55,42.57,37.75
1437,2007-11-19,600519,180.0,182.5,186.0,177.6,5397,98848664.0,4.67,1.39,2.51,0.13,182.5,186.0,177.6,98.59,18.46,26.27,18.72,26.65,37.34,38.88
1438,2007-11-20,600519,182.5,185.52,186.0,182.0,9473,174670137.0,2.19,1.65,3.02,0.23,185.52,186.0,182.0,97.59,18.46,26.27,18.92,26.92,25.56,37.0
1439,2007-11-21,600519,186.0,184.57,187.3,182.48,12411,229047999.0,2.6,-0.51,-0.95,0.3,184.57,187.3,182.48,93.81,19.76,22.36,21.06,23.84,20.32,34.44
1440,2007-11-22,600519,182.0,178.26,184.0,177.77,7727,140489848.0,3.38,-3.42,-6.31,0.19,178.26,184.0,177.77,93.79,19.76,21.17,21.07,22.57,16.8,31.66
1441,2007-11-23,600519,178.0,174.0,181.0,172.5,7692,134898312.0,4.77,-2.39,-4.26,0.19,174.0,181.0,172.5,96.29,18.55,26.44,19.26,27.46,15.88,30.49
1442,2007-11-26,600519,177.5,179.32,179.98,175.0,8656,154008451.0,2.86,3.06,5.32,0.21,179.32,179.98,175.0,96.73,18.55,26.44,19.18,27.33,13.27,27.92
1443,2007-11-27,600519,178.9,182.12,184.0,176.5,11036,199433858.0,4.18,1.56,2.8,0.27,182.12,184.0,176.5,96.63,22.57,23.76,23.36,24.59,10.79,24.06
1444,2007-11-28,600519,180.2,176.63,182.2,172.0,11406,201326440.0,5.6,-3.01,-5.49,0.28,176.63,182.2,172.0,98.85,22.57,22.87,22.83,23.14,7.99,16.77
1445,2007-11-29,600519,175.02,175.49,178.99,172.48,18463,323298143.0,3.69,-0.65,-1.14,0.45,175.49,178.99,172.48,98.56,22.57,21.36,22.9,21.67,7.42,13.87
1446,2007-11-30,600519,177.8,173.49,177.8,173.0,14273,248057710.0,2.74,-1.14,-2.0,0.35,173.49,177.8,173.0,98.26,22.57,18.36,22.97,18.69,8.56,12.68
1447,2007-12-03,600519,172.53,174.12,175.0,172.5,8516,147689836.0,1.44,0.36,0.63,0.21,174.12,175.0,172.5,88.13,12.22,18.86,13.87,21.4,9.2,12.54
1448,2007-12-04,600519,174.5,176.5,178.5,174.5,9010,158913696.0,2.3,1.37,2.38,0.22,176.5,178.5,174.5,82.94,11.32,18.86,13.65,22.74,10.44,11.85
1449,2007-12-05,600519,176.6,183.01,185.0,176.6,9930,180611804.0,4.76,3.69,6.51,0.24,183.01,185.0,176.6,87.57,17.82,18.86,20.35,21.54,10.48,10.63
1450,2007-12-06,600519,184.97,184.38,184.97,181.5,5274,96863844.0,1.9,0.75,1.37,0.13,184.38,184.97,181.5,86.36,17.82,14.98,20.63,17.35,11.81,9.9
1451,2007-12-07,600519,184.89,193.04,194.0,184.89,11615,222166859.0,4.94,4.7,8.66,0.28,193.04,194.0,184.89,87.58,24.35,14.98,27.8,17.1,15.33,11.37
1452,2007-12-11,600519,199.0,201.72,206.2,198.5,29702,596580876.0,3.99,4.5,8.68,0.73,201.72,206.2,198.5,96.74,36.55,14.98,37.78,15.48,20.59,14.57
1453,2007-12-12,600519,201.4,201.8,206.2,199.96,25282,511973884.0,3.09,0.04,0.08,0.62,201.8,206.2,199.96,98.16,35.25,14.98,35.91,15.26,23.75,16.47
1454,2007-12-13,600519,200.0,200.49,203.5,197.0,17437,349075780.0,3.22,-0.65,-1.31,0.43,200.49,203.5,197.0,97.86,35.25,13.23,36.02,13.52,27.16,18.8
1455,2007-12-14,600519,199.0,216.0,217.88,197.03,16003,331667409.0,10.4,7.74,15.51,0.39,216.0,217.88,197.03,110.21,49.63,7.96,45.03,7.22,38.75,24.61
1456,2007-12-17,600519,215.1,211.0,225.0,207.0,17451,373879346.0,8.33,-2.31,-5.0,0.43,211.0,225.0,207.0,122.23,56.75,7.96,46.43,6.51,49.87,30.84
1457,2007-12-18,600519,207.1,200.99,207.11,198.01,18508,372844742.0,4.31,-4.74,-10.01,0.45,200.99,207.11,198.01,127.72,52.73,16.95,41.29,13.27,54.46,34.89
1458,2007-12-19,600519,203.8,202.95,205.9,196.99,13934,278674107.0,4.43,0.98,1.96,0.34,202.95,205.9,196.99,126.43,52.73,13.47,41.71,10.65,57.36,38.98
1459,2007-12-20,600519,205.8,203.78,206.24,200.05,6903,140714576.0,3.05,0.41,0.83,0.17,203.78,206.24,200.05,126.11,53.07,13.47,42.08,10.68,60.56,42.15
1460,2007-12-21,600519,204.0,211.03,212.4,204.0,9516,198189104.0,4.12,3.56,7.25,0.23,211.03,212.4,204.0,129.93,59.23,13.47,45.59,10.37,63.48,45.32
1461,2007-12-24,600519,215.88,209.38,215.95,208.98,21204,449776303.0,3.3,-0.78,-1.65,0.52,209.38,215.95,208.98,134.4,62.78,12.97,46.71,9.65,62.38,50.56
1462,2007-12-25,600519,209.38,216.5,218.38,209.38,17157,368772023.0,4.3,3.4,7.12,0.42,216.5,218.38,209.38,139.02,61.71,12.97,44.39,9.33,60.69,55.28
1463,2007-12-26,600519,215.98,222.01,223.5,215.05,14594,322367541.0,3.9,2.55,5.51,0.36,222.01,223.5,215.05,138.97,60.33,12.97,43.41,9.33,62.9,58.68
1464,2007-12-27,600519,222.0,224.85,225.3,217.2,21907,485898989.0,3.65,1.28,2.84,0.54,224.85,225.3,217.2,143.6,62.13,12.97,43.27,9.03,63.92,60.64
1465,2007-12-28,600519,221.6,230.0,230.1,217.77,26628,600445954.0,5.48,2.29,5.15,0.65,230.0,230.1,217.77,146.31,57.9,12.97,39.57,8.86,64.57,62.56
1466,2008-01-02,600519,227.0,222.02,228.94,221.0,19086,428486871.0,3.45,-3.47,-7.98,0.47,222.02,228.94,221.0,142.15,45.7,12.97,32.15,9.12,63.38,63.43
1467,2008-01-03,600519,222.3,214.15,227.0,211.78,29799,638361163.0,6.86,-3.54,-7.87,0.73,214.15,227.0,211.78,151.13,45.7,22.19,30.24,14.68,58.19,60.28
1468,2008-01-04,600519,212.0,215.24,216.08,208.0,33304,704732968.0,3.77,0.51,1.09,0.82,215.24,216.08,208.0,152.71,45.7,23.01,29.93,15.07,52.82,56.75
1469,2008-01-07,600519,215.49,212.33,219.0,209.96,30409,646078990.0,4.2,-1.35,-2.91,0.75,212.33,219.0,209.96,140.9,34.24,23.01,24.3,16.33,45.32,54.11
1470,2008-01-08,600519,211.0,215.03,217.59,208.6,32218,682166585.0,4.23,1.27,2.7,0.79,215.03,217.59,208.6,131.89,27.12,24.37,20.56,18.48,35.3,49.61
1471,2008-01-09,600519,211.88,215.04,216.96,211.88,12010,256589157.0,2.36,0.0,0.01,0.29,215.04,216.96,211.88,123.98,27.12,15.38,21.87,12.41,29.34,46.95
1472,2008-01-10,600519,216.0,217.08,219.56,213.4,20827,450693940.0,2.86,0.95,2.04,0.51,217.08,219.56,213.4,121.23,29.72,14.36,24.52,11.85,25.85,44.61
1473,2008-01-11,600519,218.0,216.02,219.85,212.0,19811,425014224.0,3.62,-0.49,-1.06,0.49,216.02,219.85,212.0,122.89,29.38,15.76,23.91,12.82,25.1,41.65
1474,2008-01-14,600519,225.0,224.12,228.6,218.5,42925,959882221.0,4.68,3.75,8.1,1.05,224.12,228.6,218.5,126.85,31.97,15.76,25.2,12.42,25.26,39.04
1475,2008-01-15,600519,224.4,228.36,230.55,224.4,21303,486145572.0,2.74,1.89,4.24,0.52,228.36,230.55,224.4,126.31,30.37,15.76,24.04,12.48,27.27,36.29
1476,2008-01-16,600519,226.8,222.84,227.0,222.0,22419,502236876.0,2.19,-2.42,-5.52,0.55,222.84,227.0,222.0,123.67,27.94,18.16,22.59,14.68,29.92,32.61
1477,2008-01-17,600519,223.49,218.0,223.5,216.0,31614,697313171.0,3.37,-2.17,-4.84,0.77,218.0,223.5,216.0,122.72,22.82,24.16,18.6,19.69,25.79,27.56
1478,2008-01-18,600519,218.06,214.97,219.5,213.0,20417,441871091.0,2.98,-1.39,-3.03,0.5,214.97,219.5,213.0,121.12,21.02,27.16,17.35,22.42,22.1,23.97
1479,2008-01-21,600519,215.45,211.01,217.28,207.0,24987,531115484.0,4.78,-1.84,-3.96,0.61,211.01,217.28,207.0,119.07,16.22,33.16,13.62,27.85,22.79,23.95
1480,2008-01-22,600519,206.98,210.53,219.95,201.0,44909,949589574.0,8.98,-0.23,-0.48,1.1,210.53,219.95,201.0,129.02,16.22,39.16,12.57,30.35,24.04,24.65
1481,2008-01-23,600519,214.1,220.12,220.3,212.64,23146,502720215.0,3.64,4.56,9.59,0.57,220.12,220.3,212.64,123.57,16.57,29.94,13.41,24.23,23.55,25.41
1482,2008-01-24,600519,222.0,222.0,224.3,217.0,18486,408534678.0,3.32,0.85,1.88,0.45,222.0,224.3,217.0,122.79,20.57,26.16,16.75,21.3,22.01,25.96
1483,2008-01-25,600519,221.9,218.89,225.5,216.0,17993,397838438.0,4.28,-1.4,-3.11,0.44,218.89,225.5,216.0,123.25,18.85,26.16,15.29,21.23,24.24,25.01
1484,2008-01-28,600519,215.5,214.79,220.0,208.9,14170,303150636.0,5.07,-1.87,-4.1,0.35,214.79,220.0,208.9,125.36,18.85,31.9,15.04,25.45,26.4,24.25
1485,2008-01-29,600519,214.85,215.46,218.0,213.0,10107,217278903.0,2.33,0.31,0.67,0.25,215.46,218.0,213.0,125.28,18.85,31.9,15.05,25.46,24.97,23.88
1486,2008-01-30,600519,217.0,214.76,217.0,206.2,29332,621090086.0,5.01,-0.32,-0.7,0.72,214.76,217.0,206.2,129.92,16.25,38.7,12.51,29.79,24.87,24.45
1487,2008-01-31,600519,210.99,206.03,213.0,206.0,13905,289075904.0,3.26,-4.07,-8.73,0.34,206.03,213.0,206.0,130.83,16.25,37.5,12.42,28.66,26.67,25.11
1488,2008-02-01,600519,204.99,202.51,204.99,198.9,21467,431423198.0,2.96,-1.71,-3.52,0.53,202.51,204.99,198.9,125.38,7.5,44.6,5.98,35.57,36.54,29.28
1489,2008-02-04,600519,204.61,211.98,214.65,204.0,29546,617972158.0,5.26,4.68,9.47,0.72,211.98,214.65,204.0,131.09,15.21,44.6,11.6,34.02,42.03,33.13
1490,2008-02-05,600519,212.0,209.38,212.0,208.0,8478,177590097.0,1.89,-1.23,-2.6,0.21,209.38,212.0,208.0,128.73,15.21,42.2,11.82,32.78,45.58,35.99
1491,2008-02-13,600519,208.0,203.0,208.0,202.0,4972,101444765.0,2.87,-3.05,-6.38,0.12,203.0,208.0,202.0,128.61,15.21,42.2,11.83,32.81,49.13,37.05
1492,2008-02-14,600519,205.0,203.11,205.9,202.1,7556,153806138.0,1.87,0.05,0.11,0.19,203.11,205.9,202.1,125.91,15.21,39.2,12.08,31.13,49.67,37.27
1493,2008-02-15,600519,202.97,201.08,203.0,198.0,12811,256163700.0,2.46,-1.0,-2.03,0.31,201.08,203.0,198.0,120.74,15.21,37.3,12.6,30.89,50.09,38.38
1494,2008-02-18,600519,201.8,206.96,207.1,201.8,12577,257765662.0,2.64,2.92,5.88,0.31,206.96,207.1,201.8,107.81,19.31,31.3,17.91,29.03,42.17,39.36
1495,2008-02-19,600519,206.95,206.99,208.0,203.0,7287,149403801.0,2.42,0.01,0.03,0.18,206.99,208.0,203.0,103.04,19.86,31.3,19.27,30.38,37.71,39.87
1496,2008-02-20,600519,207.0,206.1,209.9,205.15,9701,200650696.0,2.29,-0.43,-0.89,0.24,206.1,209.9,205.15,100.49,17.76,31.3,17.67,31.15,34.47,40.02
1497,2008-02-21,600519,208.5,205.44,208.89,204.8,12204,250662269.0,1.98,-0.32,-0.66,0.3,205.44,208.89,204.8,95.08,16.56,31.65,17.42,33.29,31.85,40.49
1498,2008-02-22,600519,205.01,200.6,206.47,197.0,19422,391675409.0,4.61,-2.36,-4.84,0.48,200.6,206.47,197.0,93.45,16.56,32.35,17.72,34.62,29.88,39.78
1499,2008-02-25,600519,199.9,196.86,200.0,196.0,11218,222633128.0,1.99,-1.86,-3.74,0.27,196.86,200.0,196.0,93.05,16.56,33.35,17.8,35.84,28.48,39.28
1500,2008-02-26,600519,198.0,187.8,200.35,185.9,35143,669275552.0,7.34,-4.6,-9.06,0.86,187.8,200.35,185.9,96.7,16.56,36.65,17.13,37.9,30.82,36.5
1501,2008-02-27,600519,187.0,192.18,195.0,183.2,12116,231597749.0,6.28,2.33,4.38,0.3,192.18,195.0,183.2,99.74,16.56,39.15,16.6,39.25,33.85,35.78
1502,2008-02-28,600519,192.19,190.0,194.0,188.02,7226,137808743.0,3.11,-1.13,-2.18,0.18,190.0,194.0,188.02,98.59,16.56,32.05,16.8,32.51,34.57,34.52
1503,2008-02-29,600519,190.5,195.0,195.98,188.1,7114,137296143.0,4.15,2.63,5.0,0.17,195.0,195.98,188.1,94.33,8.88,32.05,9.41,33.98,38.78,35.32
1504,2008-03-03,600519,204.1,214.5,214.5,204.1,17783,380241620.0,5.33,10.0,19.5,0.44,214.5,214.5,204.1,109.83,27.4,32.05,24.95,29.18,34.71,32.3
1505,2008-03-04,600519,225.82,220.93,228.9,217.05,37898,847885908.0,5.52,3.0,6.43,0.93,220.93,228.9,217.05,116.85,41.8,26.05,35.77,22.29,32.97,30.72
1506,2008-03-05,600519,220.91,220.67,226.1,217.5,14039,310232368.0,3.89,-0.12,-0.26,0.34,220.67,226.1,217.5,121.65,41.8,26.05,34.36,21.41,30.55,30.68
1507,2008-03-06,600519,220.68,217.02,224.0,216.8,8197,180277491.0,3.26,-1.65,-3.65,0.2,217.02,224.0,216.8,123.74,41.8,22.65,33.78,18.3,28.74,31.3
1508,2008-03-07,600519,216.25,213.17,216.51,209.1,14896,315047844.0,3.41,-1.77,-3.85,0.37,213.17,216.51,209.1,125.64,37.7,30.35,30.01,24.16,25.23,29.9
1509,2008-03-10,600519,210.0,209.59,215.02,207.2,10673,223726599.0,3.67,-1.68,-3.58,0.26,209.59,215.02,207.2,128.46,36.8,32.25,28.65,25.11,16.89,27.84
1510,2008-03-11,600519,207.5,214.78,216.5,206.05,11377,241463106.0,4.99,2.48,5.19,0.28,214.78,216.5,206.05,134.16,36.38,32.25,27.12,24.04,16.59,25.65
1511,2008-03-12,600519,217.99,212.25,218.78,208.36,6120,130239209.0,4.85,-1.18,-2.53,0.15,212.25,218.78,208.36,140.49,38.66,31.9,27.52,22.71,14.32,23.64
1512,2008-03-13,600519,198.11,212.7,215.0,191.04,16690,344992828.0,11.29,0.21,0.45,0.41,212.7,215.0,191.04,154.98,38.66,41.42,24.95,26.73,11.02,20.78
1513,2008-03-14,600519,209.8,205.04,209.8,203.99,11858,244698923.0,2.73,-3.6,-7.66,0.29,205.04,209.8,203.99,159.09,38.66,40.42,24.3,25.41,6.44,17.59
1514,2008-03-17,600519,200.03,200.71,203.98,198.5,17189,344059102.0,2.67,-2.11,-4.33,0.42,200.71,203.98,198.5,151.18,38.66,35.81,25.57,23.69,5.28,15.25
1515,2008-03-18,600519,196.84,189.54,200.0,186.0,30225,577180431.0,6.98,-5.57,-11.17,0.74,189.54,200.0,186.0,154.09,38.66,45.61,25.09,29.6,5.56,11.22
1516,2008-03-19,600519,189.01,191.08,195.0,188.11,18579,355372038.0,3.64,0.81,1.54,0.46,191.08,195.0,188.11,155.0,38.66,45.61,24.94,29.43,5.93,11.26
1517,2008-03-20,600519,189.9,192.94,196.0,179.5,14756,275079993.0,8.64,0.97,1.86,0.36,192.94,196.0,179.5,163.62,36.68,54.22,22.42,33.14,7.55,10.93
1518,2008-03-21,600519,194.3,193.68,197.0,191.2,3999,77823413.0,3.01,0.38,0.74,0.1,193.68,197.0,191.2,149.92,19.16,54.22,12.78,36.17,14.94,12.98
1519,2008-03-24,600519,194.0,192.31,196.36,189.6,9357,179280128.0,3.49,-0.71,-1.37,0.23,192.31,196.36,189.6,142.28,4.76,55.82,3.35,39.23,28.61,17.53
1520,2008-03-25,600519,188.0,186.96,191.98,186.0,11288,211875344.0,3.11,-2.78,-5.35,0.28,186.96,191.98,186.0,139.99,4.76,59.42,3.4,42.45,42.17,23.73
1521,2008-03-26,600519,187.5,185.49,190.0,183.0,4475,83590677.0,3.74,-0.79,-1.47,0.11,185.49,190.0,183.0,139.79,4.76,61.72,3.41,44.15,55.08,30.32
1522,2008-03-27,600519,181.0,181.06,187.98,180.9,18925,344830534.0,3.82,-2.39,-4.43,0.46,181.06,187.98,180.9,138.95,4.76,56.12,3.43,40.39,67.76,36.85
1523,2008-03-28,600519,181.5,186.58,187.6,180.0,6716,123097898.0,4.2,3.05,5.52,0.16,186.58,187.6,180.0,138.73,4.76,55.12,3.43,39.73,78.56,43.06
1524,2008-03-31,600519,185.8,187.71,189.5,183.0,15021,281358730.0,3.48,0.61,1.13,0.37,187.71,189.5,183.0,134.78,5.18,55.12,3.84,40.9,84.4,49.67
1525,2008-04-01,600519,189.5,184.65,189.5,182.0,13679,252613478.0,4.0,-1.63,-3.06,0.34,184.65,189.5,182.0,131.86,2.9,56.12,2.2,42.56,85.38,57.0
1526,2008-04-02,600519,184.0,182.58,189.0,172.01,16431,298960718.0,9.2,-1.12,-2.07,0.4,182.58,189.0,172.01,124.89,2.9,48.79,2.32,39.07,85.99,64.08
1527,2008-04-03,600519,179.0,178.01,182.0,175.0,13420,237997145.0,3.83,-2.5,-4.57,0.33,178.01,182.0,175.0,123.76,2.9,48.79,2.34,39.42,86.5,70.79
1528,2008-04-07,600519,177.0,184.78,185.5,175.0,21969,394870541.0,5.9,3.8,6.77,0.54,184.78,185.5,175.0,127.72,6.4,43.3,5.01,33.9,84.82,76.29
1529,2008-04-08,600519,184.5,191.53,193.0,182.0,13058,247291459.0,5.95,3.65,6.75,0.32,191.53,193.0,182.0,124.01,13.9,30.8,11.21,24.84,77.1,77.83
1530,2008-04-09,600519,188.7,183.45,190.0,182.85,12507,234604519.0,3.73,-4.22,-8.08,0.31,183.45,190.0,182.85,125.8,13.9,30.8,11.05,24.48,69.6,77.0
1531,2008-04-10,600519,182.0,178.39,183.0,175.9,20410,365825520.0,3.87,-2.76,-5.06,0.5,178.39,183.0,175.9,116.85,13.9,29.14,11.9,24.94,60.47,72.93
1532,2008-04-11,600519,178.5,175.65,179.0,175.0,23958,424169970.0,2.24,-1.54,-2.74,0.59,175.65,179.0,175.0,115.05,12.9,30.04,11.21,26.11,52.33,69.16
1533,2008-04-14,600519,174.98,168.09,174.98,167.68,21684,369038598.0,4.16,-4.3,-7.56,0.53,168.09,174.98,167.68,116.26,12.9,35.76,11.1,30.76,45.36,65.93
1534,2008-04-15,600519,167.0,168.38,168.5,161.5,20148,330691480.0,4.16,0.17,0.29,0.49,168.38,168.5,161.5,116.95,12.9,38.34,11.03,32.78,41.26,63.04
1535,2008-04-16,600519,168.0,169.12,173.0,164.06,15639,265734673.0,5.31,0.44,0.74,0.38,169.12,173.0,164.06,118.89,17.4,35.34,14.64,29.72,40.63,58.87
1536,2008-04-17,600519,170.5,169.12,174.0,166.1,10401,176634095.0,4.67,0.0,0.0,0.25,169.12,174.0,166.1,119.71,18.4,33.24,15.37,27.77,39.12,54.36
1537,2008-04-18,600519,166.65,170.06,172.5,164.0,13768,229547374.0,5.03,0.56,0.94,0.34,170.06,172.5,164.0,120.61,18.4,34.44,15.26,28.55,38.28,49.37
1538,2008-04-21,600519,180.0,171.54,183.0,166.02,14523,250079531.0,9.98,0.87,1.48,0.36,171.54,183.0,166.02,131.09,27.0,34.44,20.6,26.27,33.64,42.98
1539,2008-04-22,600519,166.0,165.2,172.0,155.0,22129,359871902.0,9.91,-3.7,-6.34,0.54,165.2,172.0,155.0,140.59,27.0,44.46,19.2,31.62,29.88,37.62
1540,2008-04-23,600519,161.4,171.02,173.0,157.0,12670,211089327.0,9.69,3.52,5.82,0.31,171.02,173.0,157.0,139.6,28.0,34.47,20.06,24.69,23.33,32.3
1541,2008-04-24,600519,183.0,185.97,188.12,177.0,39322,718031257.0,6.5,8.74,14.95,0.96,185.97,188.12,177.0,149.12,43.12,34.47,28.92,23.12,19.52,30.08
1542,2008-04-25,600519,184.0,177.82,184.0,177.8,23845,429087518.0,3.33,-4.38,-8.15,0.58,177.82,184.0,177.8,146.79,39.62,34.47,26.99,23.48,15.89,27.51
1543,2008-04-28,600519,175.99,176.6,177.47,170.17,12772,220439148.0,4.11,-0.69,-1.22,0.31,176.6,177.47,170.17,143.44,32.12,42.1,22.39,29.35,13.07,25.67
1544,2008-04-29,600519,172.01,176.57,177.77,172.01,6149,107374297.0,3.26,-0.02,-0.03,0.15,176.57,177.77,172.01,140.52,32.42,42.1,23.07,29.96,13.22,23.43
1545,2008-04-30,600519,176.66,183.13,184.9,176.66,11883,215284885.0,4.67,3.72,6.56,0.29,183.13,184.9,176.66,141.3,39.55,35.15,27.99,24.88,10.13,20.01
1546,2008-05-05,600519,183.4,183.66,185.58,181.88,8090,148396736.0,2.02,0.29,0.53,0.2,183.66,185.58,181.88,141.0,40.23,34.25,28.53,24.29,9.74,16.54
1547,2008-05-06,600519,183.0,179.78,183.0,178.08,8488,152222994.0,2.68,-2.11,-3.88,0.21,179.78,183.0,178.08,138.61,40.23,30.73,29.02,22.17,10.12,14.82
1548,2008-05-07,600519,178.0,175.54,181.6,175.48,7354,131020228.0,3.4,-2.36,-4.24,0.18,175.54,181.6,175.48,137.73,40.23,27.15,29.21,19.71,12.19,14.04
1549,2008-05-08,600519,174.99,179.03,179.8,171.0,8861,154116406.0,5.01,1.99,3.49,0.22,179.03,179.8,171.0,137.59,35.73,31.63,25.97,22.99,10.97,12.02
1550,2008-05-09,600519,179.99,177.74,179.99,175.51,5774,102419877.0,2.5,-0.72,-1.29,0.14,177.74,179.99,175.51,134.17,34.92,31.63,26.03,23.57,9.62,11.42
1551,2008-05-12,600519,174.49,181.0,182.55,172.8,9206,163594356.0,5.49,1.83,3.26,0.23,181.0,182.55,172.8,135.42,34.92,32.24,25.79,23.81,9.31,9.72
1552,2008-05-13,600519,176.48,178.96,182.9,175.2,5145,91723212.0,4.25,-1.13,-2.04,0.13,178.96,182.9,175.2,126.14,24.77,32.24,19.64,25.56,10.15,9.95
1553,2008-05-14,600519,177.3,180.76,181.3,177.12,6008,108222058.0,2.34,1.01,1.8,0.15,180.76,181.3,177.12,113.32,24.77,21.22,21.86,18.73,9.21,9.66
1554,2008-05-15,600519,182.0,183.58,187.5,179.0,14690,271639672.0,4.7,1.56,2.82,0.36,183.58,187.5,179.0,105.82,29.97,21.22,28.32,20.05,8.82,10.51
1555,2008-05-16,600519,183.0,182.94,186.0,182.05,4673,85690776.0,2.15,-0.35,-0.64,0.11,182.94,186.0,182.05,92.67,14.85,21.22,16.02,22.9,10.75,10.86
1556,2008-05-19,600519,182.94,180.01,182.94,179.06,3828,68955076.0,2.12,-1.6,-2.93,0.09,180.01,182.94,179.06,88.38,14.85,24.21,16.8,27.39,13.92,11.77
1557,2008-05-20,600519,178.1,173.09,181.2,173.0,9927,176605312.0,4.56,-3.84,-6.92,0.24,173.09,181.2,173.0,88.93,14.85,22.64,16.7,25.46,16.72,13.01
1558,2008-05-21,600519,171.6,173.64,177.0,170.0,19543,334549900.0,4.04,0.32,0.55,0.48,173.64,177.0,170.0,90.17,14.55,25.64,16.14,28.44,19.13,14.64
1559,2008-05-22,600519,173.34,172.84,175.0,168.44,7536,129331816.0,3.78,-0.46,-0.8,0.18,172.84,175.0,168.44,88.4,7.42,27.2,8.39,30.77,27.37,18.29
1560,2008-05-23,600519,170.01,172.0,173.0,170.0,12891,220240585.0,1.74,-0.49,-0.84,0.32,172.0,173.0,170.0,87.7,6.74,27.2,7.69,31.01,34.57,21.7
1561,2008-05-26,600519,170.0,172.84,173.0,170.0,7355,125694889.0,1.74,0.49,0.84,0.16,172.84,173.0,170.0,85.12,6.74,23.4,7.92,27.49,40.84,25.79
1562,2008-05-27,600519,170.98,169.81,174.0,169.6,15456,265513865.0,2.55,-1.75,-3.03,0.34,169.81,174.0,169.6,83.4,7.74,20.8,9.28,24.94,44.47,29.2
1563,2008-05-29,600519,169.88,169.84,172.0,167.25,9431,160096339.0,2.8,0.02,0.03,0.21,169.84,172.0,167.25,79.35,7.74,18.67,9.75,23.53,47.91,32.31
1564,2008-05-30,600519,169.7,168.14,170.5,167.01,5203,87809655.0,2.05,-1.0,-1.7,0.11,168.14,170.5,167.01,78.36,7.55,18.91,9.64,24.13,50.46,34.8
1565,2008-06-02,600519,168.8,171.18,172.0,164.0,8423,141068877.0,4.76,1.81,3.04,0.19,171.18,172.0,164.0,76.61,7.55,19.21,9.86,25.08,48.2,37.79
1566,2008-06-03,600519,170.0,170.79,172.0,169.51,6577,112098666.0,1.45,-0.23,-0.39,0.14,170.79,172.0,169.51,71.4,7.2,19.21,10.08,26.9,45.73,40.15
1567,2008-06-04,600519,168.04,168.18,170.0,167.69,6770,113903649.0,1.35,-1.53,-2.61,0.15,168.18,170.0,167.69,70.32,7.2,21.03,10.24,29.91,44.69,42.76
1568,2008-06-05,600519,168.0,164.99,170.88,164.7,3922,65373349.0,3.67,-1.9,-3.19,0.09,164.99,170.88,164.7,68.0,1.0,24.02,1.47,35.32,52.39,48.43
1569,2008-06-06,600519,164.99,163.82,165.01,161.01,7815,127119585.0,2.42,-0.71,-1.17,0.17,163.82,165.01,161.01,68.05,1.0,27.71,1.47,40.72,61.0,54.45
1570,2008-06-10,600519,159.06,157.83,160.99,156.11,12716,201611524.0,2.98,-3.66,-5.99,0.28,157.83,160.99,156.11,71.88,1.0,29.62,1.39,41.21,69.42,59.94
1571,2008-06-11,600519,156.83,157.49,158.0,154.0,9126,142357442.0,2.53,-0.22,-0.34,0.2,157.49,158.0,154.0,67.68,1.0,25.67,1.48,37.93,77.58,62.89
1572,2008-06-12,600519,157.48,151.21,157.48,147.4,13790,210043603.0,6.4,-3.99,-6.28,0.3,151.21,157.48,147.4,70.77,1.0,29.27,1.41,41.36,85.57,65.65
1573,2008-06-13,600519,148.11,149.49,151.4,148.11,6186,92612196.0,2.18,-1.14,-1.72,0.14,149.49,151.4,148.11,67.5,1.0,27.71,1.48,41.05,92.91,68.8
1574,2008-06-16,600519,147.7,144.5,148.0,144.44,10220,148642350.0,2.38,-3.34,-4.99,0.22,144.5,148.0,144.44,69.55,1.0,31.38,1.44,45.12,93.21,72.8
1575,2008-06-17,600519,143.51,141.97,143.51,140.11,17474,246424803.0,2.35,-1.75,-2.53,0.38,141.97,143.51,140.11,70.94,1.0,35.71,1.41,50.34,93.46,77.23
1576,2008-06-18,600519,140.32,144.29,145.0,139.58,17592,250451606.0,3.82,1.63,2.32,0.39,144.29,145.0,139.58,71.96,1.49,35.71,2.07,49.62,93.22,81.32
1577,2008-06-19,600519,144.8,140.47,144.8,140.0,6970,98494725.0,3.33,-2.65,-3.82,0.15,140.47,144.8,140.0,72.01,1.49,33.36,2.07,46.33,93.04,85.31
1578,2008-06-20,600519,140.0,143.91,145.38,139.19,14178,202610966.0,4.41,2.45,3.44,0.31,143.91,145.38,139.19,74.71,1.49,33.93,1.99,45.42,92.74,89.15
1579,2008-06-23,600519,142.0,134.9,142.0,134.01,15406,212913434.0,5.55,-6.26,-9.01,0.34,134.9,142.0,134.01,76.61,1.49,36.1,1.94,47.12,92.58,92.74
1580,2008-06-24,600519,130.11,136.63,137.5,128.0,22053,297466611.0,7.04,1.28,1.73,0.48,136.63,137.5,128.0,83.62,1.49,42.11,1.78,50.36,92.47,92.84
1581,2008-06-25,600519,135.2,144.51,145.0,134.01,12783,180759313.0,8.04,5.77,7.88,0.28,144.51,145.0,134.01,91.51,8.99,40.29,9.82,44.03,87.3,90.38
1582,2008-06-26,600519,146.5,145.55,148.0,142.5,7754,111847423.0,3.81,0.72,1.04,0.17,145.55,148.0,142.5,90.83,11.99,37.3,13.2,41.07,80.52,86.87
1583,2008-06-27,600519,142.39,140.26,143.65,139.01,16260,228606779.0,3.19,-3.63,-5.29,0.36,140.26,143.65,139.01,93.37,11.99,37.1,12.84,39.73,73.81,83.42
1584,2008-06-30,600519,138.0,138.58,142.0,137.11,8498,118554068.0,3.49,-1.2,-1.68,0.19,138.58,142.0,137.11,90.55,11.99,34.1,13.24,37.66,66.54,79.64
1585,2008-07-01,600519,138.58,136.7,138.58,136.0,7678,105264085.0,1.86,-1.36,-1.88,0.17,136.7,138.58,136.0,89.13,11.99,33.1,13.45,37.14,58.99,75.79
1586,2008-07-02,600519,136.5,136.11,137.99,135.01,6046,82567695.0,2.18,-0.43,-0.59,0.13,136.11,137.99,135.01,82.02,11.99,27.49,14.62,33.52,50.01,71.24
1587,2008-07-03,600519,134.73,141.03,143.0,134.42,7895,109603235.0,6.3,3.61,4.92,0.17,141.03,143.0,134.42,87.31,17.0,27.49,19.47,31.49,43.35,65.33
1588,2008-07-04,600519,141.03,141.28,142.25,139.03,3982,56193917.0,2.28,0.18,0.25,0.09,141.28,142.25,139.03,85.48,17.0,23.82,19.89,27.87,37.58,59.05
1589,2008-07-07,600519,141.28,146.01,146.5,140.0,12515,180401010.0,4.6,3.35,4.73,0.27,146.01,146.5,140.0,87.59,21.25,19.49,24.26,22.25,29.78,51.79
1590,2008-07-08,600519,145.87,143.79,147.7,143.25,13648,198628781.0,3.05,-1.52,-2.22,0.3,143.79,147.7,143.25,86.62,20.96,19.49,24.2,22.5,22.39,44.46
1591,2008-07-09,600519,144.51,145.8,148.0,144.51,10183,149141345.0,2.43,1.4,2.01,0.22,145.8,148.0,144.51,86.03,21.26,19.49,24.71,22.65,15.31,37.15
1592,2008-07-10,600519,145.0,146.05,147.33,144.3,7170,104839731.0,2.08,0.17,0.25,0.16,146.05,147.33,144.3,82.87,21.26,18.89,25.65,22.79,9.75,29.88
1593,2008-07-11,600519,145.01,144.51,146.78,144.0,3017,43833508.0,1.9,-1.05,-1.54,0.07,144.51,146.78,144.0,75.75,21.26,14.01,28.07,18.5,9.24,26.3
1594,2008-07-14,600519,144.98,147.1,147.5,143.8,5258,77047467.0,2.56,1.79,2.59,0.12,147.1,147.5,143.8,69.95,21.98,8.0,31.42,11.44,14.23,25.91
1595,2008-07-15,600519,147.11,145.33,148.18,144.81,5735,83892162.0,2.29,-1.2,-1.77,0.13,145.33,148.18,144.81,62.33,15.16,8.0,24.32,12.83,18.66,24.22
1596,2008-07-16,600519,144.8,147.64,148.24,143.0,9010,132617391.0,3.61,1.59,2.31,0.2,147.64,148.24,143.0,62.07,12.16,9.81,19.59,15.8,19.84,21.11
1597,2008-07-17,600519,147.7,155.19,157.8,147.7,18016,279088472.0,6.84,5.11,7.55,0.4,155.19,157.8,147.7,65.69,21.72,6.32,33.06,9.62,28.27,21.79
1598,2008-07-18,600519,153.0,157.96,158.49,152.5,9220,142269871.0,3.86,1.78,2.77,0.2,157.96,158.49,152.5,66.79,22.41,4.42,33.55,6.62,38.46,24.1
1599,2008-07-21,600519,156.78,161.51,162.0,156.0,8192,130639362.0,3.8,2.25,3.55,0.18,161.51,162.0,156.0,70.21,25.92,3.31,36.92,4.71,47.93,28.59
1600,2008-07-22,600519,161.51,158.97,164.99,158.0,4276,68299820.0,4.33,-1.57,-2.54,0.09,158.97,164.99,158.0,74.22,28.91,2.32,38.95,3.13,54.35,34.29
1601,2008-07-23,600519,158.11,156.72,159.52,155.02,4525,71187874.0,2.83,-1.42,-2.25,0.1,156.72,159.52,155.02,70.14,23.9,5.3,34.07,7.56,59.81,39.24
1602,2008-07-24,600519,157.3,161.34,161.5,157.3,4447,70637128.0,2.68,2.95,4.62,0.1,161.34,161.5,157.3,71.7,25.88,5.3,36.09,7.39,69.03,44.43
1603,2008-07-25,600519,160.08,161.5,163.0,158.62,5280,84972166.0,2.71,0.1,0.16,0.12,161.5,163.0,158.62,69.58,23.13,5.3,33.24,7.62,70.33,49.3
1604,2008-07-28,600519,162.36,162.0,163.5,161.5,2563,41662711.0,1.24,0.31,0.5,0.06,162.0,163.5,161.5,67.13,22.43,5.3,33.41,7.9,69.45,53.95
1605,2008-07-29,600519,161.99,161.78,162.98,158.51,3594,57706465.0,2.76,-0.14,-0.22,0.08,161.78,162.98,158.51,67.39,22.13,8.29,32.84,12.3,64.14,56.03
1606,2008-07-30,600519,162.01,160.96,162.3,159.0,3499,56168227.0,2.04,-0.51,-0.82,0.08,160.96,162.3,159.0,67.66,22.13,8.08,32.71,11.94,57.7,56.02
1607,2008-07-31,600519,160.19,159.89,160.96,158.52,4751,75934188.0,1.52,-0.66,-1.07,0.1,159.89,160.96,158.52,67.32,22.13,8.26,32.87,12.27,54.69,57.25
1608,2008-08-01,600519,158.81,159.04,161.0,156.68,3236,51369908.0,2.7,-0.53,-0.85,0.07,159.04,161.0,156.68,67.94,21.41,10.1,31.51,14.87,49.67,59.35
1609,2008-08-04,600519,157.21,157.15,159.95,156.8,2851,44858745.0,1.98,-1.19,-1.89,0.06,157.15,159.95,156.8,67.72,20.73,10.1,30.61,14.91,44.97,57.65
1610,2008-08-05,600519,156.69,156.39,158.1,156.0,2363,37049801.0,1.34,-0.48,-0.76,0.05,156.39,158.1,156.0,64.58,20.73,9.09,32.1,14.08,41.18,55.31
1611,2008-08-06,600519,157.38,157.46,158.3,155.55,3303,51922049.0,1.76,0.68,1.07,0.07,157.46,158.3,155.55,57.17,11.17,9.54,19.54,16.69,34.9,49.52
1612,2008-08-07,600519,156.55,153.53,157.99,152.5,4279,66288542.0,3.49,-2.5,-3.93,0.09,153.53,157.99,152.5,56.67,10.48,12.59,18.49,22.22,28.68,43.19
1613,2008-08-08,600519,153.2,152.52,154.28,150.8,6117,93064197.0,2.27,-0.66,-1.01,0.13,152.52,154.28,150.8,54.15,6.97,14.29,12.87,26.39,26.81,40.75
1614,2008-08-11,600519,149.0,146.07,153.0,146.0,7999,119572175.0,4.59,-4.23,-6.45,0.18,146.07,153.0,146.0,54.16,3.98,19.09,7.35,35.25,31.74,40.71
1615,2008-08-12,600519,144.9,147.64,149.0,143.11,4531,66330532.0,4.03,1.07,1.57,0.1,147.64,149.0,143.11,55.55,3.98,19.0,7.16,34.2,36.89,40.93
1616,2008-08-13,600519,146.99,147.96,148.58,146.3,6373,93902071.0,1.54,0.22,0.32,0.14,147.96,148.58,146.3,53.05,2.0,19.0,3.77,35.82,43.88,42.53
1617,2008-08-14,600519,147.99,149.01,152.6,146.67,12971,195801266.0,4.01,0.71,1.05,0.28,149.01,152.6,146.67,54.6,4.52,19.0,8.28,34.8,52.83,43.86
1618,2008-08-15,600519,149.0,151.78,153.0,148.1,5541,83530667.0,3.29,1.86,2.77,0.12,151.78,153.0,148.1,57.5,4.42,19.0,7.69,33.04,61.68,45.18
1619,2008-08-18,600519,151.78,146.43,152.9,146.2,3339,50108017.0,4.41,-3.52,-5.35,0.07,146.43,152.9,146.2,59.73,4.42,17.91,7.4,29.98,66.01,46.41
1620,2008-08-19,600519,142.09,144.02,146.81,142.09,6270,90342081.0,3.22,-1.65,-2.41,0.14,144.02,146.81,142.09,61.15,4.42,22.02,7.23,36.01,66.19,48.96
1621,2008-08-20,600519,143.08,151.26,153.0,143.08,7250,107725247.0,6.89,5.03,7.24,0.16,151.26,153.0,143.08,68.63,10.61,21.54,15.46,31.39,60.96,48.92
1622,2008-08-21,600519,149.52,147.87,153.0,145.01,5143,76438604.0,5.28,-2.24,-3.39,0.11,147.87,153.0,145.01,72.3,10.61,19.7,14.67,27.25,52.46,48.17
1623,2008-08-22,600519,147.97,145.27,148.88,144.16,2911,42273682.0,3.19,-1.76,-2.6,0.06,145.27,148.88,144.16,73.87,10.61,20.55,14.36,27.82,47.52,50.17
1624,2008-08-25,600519,145.17,144.21,145.9,142.52,4776,69152201.0,2.33,-0.73,-1.06,0.1,144.21,145.9,142.52,75.15,10.61,21.39,14.12,28.46,42.76,52.22
1625,2008-08-26,600519,144.22,140.01,144.22,138.8,4705,66199366.0,3.76,-2.91,-4.2,0.1,140.01,144.22,138.8,77.82,10.61,24.66,13.63,31.69,39.33,52.67
1626,2008-08-27,600519,138.13,135.15,142.49,134.97,4539,62380812.0,5.37,-3.47,-4.86,0.1,135.15,142.49,134.97,79.85,10.61,25.44,13.29,31.86,35.09,50.64
1627,2008-08-28,600519,139.98,136.5,142.0,136.0,9634,132676988.0,4.44,1.0,1.35,0.21,136.5,142.0,136.0,83.22,10.61,23.74,12.75,28.53,35.8,48.38
1628,2008-08-29,600519,136.98,139.99,141.0,136.0,9172,127159473.0,3.66,2.56,3.49,0.2,139.99,141.0,136.0,81.22,10.61,18.94,13.06,23.32,35.5,43.98
1629,2008-09-01,600519,139.7,135.65,140.3,135.51,13856,190733791.0,3.42,-3.1,-4.34,0.3,135.65,140.3,135.51,80.12,10.61,16.54,13.24,20.64,33.82,40.67
1630,2008-09-02,600519,135.66,129.99,135.66,127.84,26629,345618729.0,5.76,-4.17,-5.66,0.59,129.99,135.66,127.84,85.66,10.61,24.21,12.39,28.26,34.71,38.74
1631,2008-09-03,600519,128.51,127.15,128.8,125.69,35456,449922401.0,2.39,-2.18,-2.84,0.78,127.15,128.8,125.69,84.03,6.59,26.36,7.84,31.37,38.08,38.7
1632,2008-09-04,600519,127.16,129.44,130.0,126.61,8056,103033863.0,2.67,1.8,2.29,0.18,129.44,130.0,126.61,82.52,7.39,26.36,8.96,31.94,40.59,37.84
1633,2008-09-05,600519,127.75,131.25,131.8,126.1,8607,110693148.0,4.4,1.4,1.81,0.19,131.25,131.8,126.1,81.52,9.19,24.46,11.27,30.0,41.78,38.79
1634,2008-09-08,600519,131.38,130.56,132.55,128.91,8049,105669098.0,2.77,-0.53,-0.69,0.18,130.56,132.55,128.91,80.44,9.94,20.35,12.36,25.3,42.81,39.15
1635,2008-09-09,600519,129.04,132.8,133.45,129.04,4145,54748548.0,3.38,1.72,2.24,0.09,132.8,133.45,129.04,74.93,4.65,20.35,6.21,27.16,49.64,41.73
1636,2008-09-10,600519,131.5,132.77,136.0,131.5,6604,87984657.0,3.39,-0.02,-0.03,0.15,132.77,136.0,131.5,71.44,7.2,20.35,10.08,28.49,51.08,42.9
1637,2008-09-11,600519,133.88,132.37,133.88,132.0,4657,61859281.0,1.42,-0.3,-0.4,0.1,132.37,133.88,132.0,68.6,7.2,19.5,10.5,28.43,48.76,43.42
1638,2008-09-12,600519,132.31,133.0,134.34,132.31,6202,82660639.0,1.53,0.48,0.63,0.14,133.0,134.34,132.31,67.25,7.66,17.86,11.39,26.56,46.05,43.32
1639,2008-09-16,600519,132.78,131.23,132.81,129.02,13758,179668932.0,2.85,-1.33,-1.77,0.3,131.23,132.81,129.02,65.81,7.66,17.43,11.64,26.49,44.98,43.38
1640,2008-09-17,600519,131.33,128.18,132.8,127.8,8524,110881399.0,3.81,-2.32,-3.05,0.19,128.18,132.8,127.8,63.29,7.66,14.82,12.1,23.42,44.56,43.68
1641,2008-09-18,600519,127.5,120.82,128.0,118.18,30582,376114728.0,7.66,-5.74,-7.36,0.67,120.82,128.0,118.18,66.44,7.66,24.44,11.53,36.79,42.81,46.22
1642,2008-09-19,600519,132.9,132.9,132.9,130.0,46747,620150766.0,2.4,10.0,12.08,1.03,132.9,132.9,130.0,73.52,12.56,24.44,17.08,33.24,40.2,45.64
1643,2008-09-22,600519,137.9,132.84,144.0,132.73,56487,768578260.0,8.48,-0.05,-0.06,1.24,132.84,144.0,132.73,80.0,23.66,23.95,29.57,29.94,32.63,40.69
1644,2008-09-23,600519,130.08,120.31,130.08,120.05,34956,429875014.0,7.55,-9.43,-12.53,0.77,120.31,130.08,120.05,84.97,23.66,28.96,27.85,34.08,27.64,36.85
1645,2008-09-24,600519,119.0,126.48,126.78,115.18,14198,173930711.0,9.64,5.13,6.17,0.31,126.48,126.78,115.18,92.27,23.66,31.68,25.64,34.33,23.57,34.27
1646,2008-09-25,600519,126.5,129.19,131.5,126.5,15070,194816771.0,3.95,2.14,2.71,0.33,129.19,131.5,126.5,93.9,27.18,31.68,28.95,33.74,19.53,32.05
1647,2008-09-26,600519,129.91,131.89,133.88,129.91,13690,180847064.0,3.07,2.09,2.7,0.3,131.89,133.88,129.91,92.89,27.76,31.68,29.88,34.1,11.92,27.36
1648,2008-10-06,600519,130.8,127.18,131.9,125.0,6102,79100703.0,5.23,-3.57,-4.71,0.13,127.18,131.9,125.0,96.15,27.01,36.59,28.09,38.06,9.08,24.64
1649,2008-10-07,600519,125.01,124.05,126.0,121.03,9957,122750249.0,3.91,-2.46,-3.13,0.22,124.05,126.0,121.03,97.89,26.11,40.56,26.67,41.43,12.59,22.61
1650,2008-10-08,600519,121.9,120.3,123.0,120.13,10344,125437057.0,2.31,-3.02,-3.75,0.23,120.3,123.0,120.13,97.31,23.56,41.46,24.21,42.61,15.5,21.57
1651,2008-10-09,600519,122.2,117.55,122.3,117.5,8767,104831467.0,3.99,-2.29,-2.75,0.19,117.55,122.3,117.5,100.23,23.56,44.09,23.51,43.99,18.14,20.86
1652,2008-10-10,600519,114.0,111.4,114.8,110.11,13547,152282551.0,3.99,-5.23,-6.15,0.3,111.4,114.8,110.11,105.64,23.1,51.48,21.87,48.73,23.21,21.37
1653,2008-10-13,600519,111.0,111.47,111.59,102.2,22093,235133756.0,8.43,0.06,0.07,0.49,111.47,111.59,102.2,111.05,23.1,56.1,20.8,50.52,29.06,20.49
1654,2008-10-14,600519,116.17,106.6,117.45,106.46,11844,132830726.0,9.86,-4.37,-4.87,0.26,106.6,117.45,106.46,117.04,28.96,54.88,24.74,46.89,31.7,20.39
1655,2008-10-15,600519,103.78,104.22,106.99,102.5,8842,92239895.0,4.21,-2.23,-2.38,0.19,104.22,106.99,102.5,111.53,28.96,49.22,25.97,44.13,32.4,22.5
1656,2008-10-16,600519,100.5,100.58,104.1,99.0,15061,153358634.0,4.89,-3.49,-3.64,0.33,100.58,104.1,99.0,104.67,24.06,52.72,22.99,50.37,34.04,24.77
1657,2008-10-17,600519,100.03,97.89,100.99,94.6,28812,279732705.0,6.35,-2.67,-2.69,0.63,97.89,100.99,94.6,99.79,12.96,57.12,12.99,57.24,39.48,28.81
1658,2008-10-20,600519,95.77,96.74,97.8,93.5,30448,290614960.0,4.39,-1.17,-1.15,0.67,96.74,97.8,93.5,91.39,12.96,45.54,14.18,49.83,42.42,32.82
1659,2008-10-21,600519,96.68,94.63,99.98,94.5,13082,126303889.0,5.66,-2.18,-2.11,0.29,94.63,99.98,94.5,85.27,15.14,40.67,17.76,47.7,43.1,36.08
1660,2008-10-22,600519,93.77,96.38,97.0,92.88,19006,180490227.0,4.35,1.85,1.75,0.42,96.38,97.0,92.88,84.37,10.42,42.29,12.35,50.12,48.03,39.86
1661,2008-10-23,600519,94.0,99.14,99.2,94.0,14655,143747862.0,5.4,2.86,2.76,0.32,99.14,99.2,94.0,84.88,10.24,42.29,12.06,49.82,53.88,43.14
1662,2008-10-24,600519,100.0,98.28,100.35,95.0,8976,87060611.0,5.4,-0.87,-0.86,0.2,98.28,100.35,95.0,83.33,11.39,37.38,13.67,44.86,56.54,45.29
1663,2008-10-27,600519,95.01,91.25,97.5,90.1,27743,256201117.0,7.53,-7.15,-7.03,0.61,91.25,97.5,90.1,85.36,11.39,38.31,13.34,44.88,55.06,47.27
1664,2008-10-28,600519,89.92,94.28,94.3,88.01,13995,128811658.0,6.89,3.32,3.03,0.31,94.28,94.3,88.01,87.73,11.39,39.5,12.98,45.02,54.99,48.7
1665,2008-10-29,600519,94.0,95.18,96.05,92.05,12227,115424336.0,4.24,0.95,0.9,0.27,95.18,96.05,92.05,86.93,13.14,36.87,15.12,42.41,55.27,49.19
1666,2008-10-30,600519,95.99,95.3,96.5,93.41,10157,96284438.0,3.25,0.13,0.12,0.22,95.3,96.5,93.41,82.58,13.59,29.48,16.46,35.7,51.34,49.68
1667,2008-10-31,600519,94.3,92.2,95.1,92.06,8706,81109754.0,3.19,-3.25,-3.1,0.19,92.2,95.1,92.06,76.43,13.59,22.92,17.78,29.99,45.43,49.65
1668,2008-11-03,600519,91.02,91.7,93.5,91.02,6306,58047685.0,2.69,-0.54,-0.5,0.14,91.7,93.5,91.02,67.92,7.73,23.96,11.38,35.28,45.09,50.81
1669,2008-11-04,600519,91.8,89.82,92.12,89.65,11077,100749260.0,2.69,-2.05,-1.88,0.24,89.82,92.12,89.65,65.9,7.73,21.37,11.73,32.43,43.87,49.47
1670,2008-11-05,600519,90.6,94.01,94.6,89.99,11656,107649675.0,5.13,4.66,4.19,0.26,94.01,94.6,89.99,65.46,10.21,17.87,15.6,27.3,39.21,47.1
1671,2008-11-06,600519,91.99,90.36,92.99,90.1,5997,54677055.0,3.07,-3.88,-3.65,0.13,90.36,92.99,90.1,62.98,10.21,13.47,16.21,21.39,33.6,44.43
1672,2008-11-07,600519,88.59,85.78,89.5,84.2,35067,300147112.0,5.87,-5.07,-4.58,0.77,85.78,89.5,84.2,64.75,10.21,18.27,15.77,28.22,32.16,41.75
1673,2008-11-10,600519,86.48,90.63,91.58,86.0,40708,356262510.0,6.51,5.65,4.85,0.89,90.63,91.58,86.0,65.07,10.11,18.27,15.54,28.08,32.7,39.06
1674,2008-11-11,600519,89.4,87.61,89.4,87.38,27104,238775064.0,2.23,-3.33,-3.02,0.6,87.61,89.4,87.38,64.2,10.11,16.65,15.75,25.93,28.24,36.66
1675,2008-11-12,600519,85.85,87.99,88.18,84.6,18401,158558387.0,4.09,0.43,0.38,0.4,87.99,88.18,84.6,62.58,7.91,19.43,12.64,31.05,27.45,35.66
1676,2008-11-13,600519,87.0,89.63,90.01,85.01,35135,308558184.0,5.68,1.86,1.64,0.77,89.63,90.01,85.01,62.23,8.59,19.43,13.8,31.22,29.35,34.28
1677,2008-11-14,600519,90.06,98.59,98.59,90.06,47308,453503655.0,9.52,10.0,8.96,1.04,98.59,98.59,90.06,63.01,17.17,14.53,27.25,23.06,28.44,31.02
1678,2008-11-17,600519,100.0,101.59,102.51,98.0,25906,259620384.0,4.57,3.04,3.0,0.57,101.59,102.51,98.0,61.23,21.09,12.44,34.44,20.32,28.02,30.09
1679,2008-11-18,600519,101.0,96.62,101.0,94.1,30089,293853929.0,6.79,-4.89,-4.97,0.66,96.62,101.0,94.1,64.72,19.34,16.34,29.88,25.25,24.63,28.67
1680,2008-11-19,600519,96.62,102.43,103.03,95.7,16987,169157858.0,7.59,6.01,5.81,0.37,102.43,103.03,95.7,68.96,20.92,16.34,30.34,23.69,22.61,25.42
1681,2008-11-20,600519,100.0,100.13,103.2,98.33,15678,158050735.0,4.75,-2.25,-2.3,0.34,100.13,103.2,98.33,70.59,21.09,14.99,29.88,21.24,18.4,22.92
1682,2008-11-21,600519,97.97,100.53,103.5,95.66,23918,240102783.0,7.83,0.4,0.4,0.53,100.53,103.5,95.66,75.95,21.09,16.62,27.77,21.88,13.93,21.64
1683,2008-11-24,600519,100.88,99.71,102.0,99.5,9402,94604336.0,2.49,-0.82,-0.82,0.21,99.71,102.0,99.5,75.98,21.09,15.25,27.76,20.07,15.22,21.83
1684,2008-11-25,600519,100.0,99.16,102.0,97.66,9873,98311604.0,4.35,-0.55,-0.55,0.22,99.16,102.0,97.66,75.54,18.61,17.09,24.64,22.62,11.63,19.83
1685,2008-11-26,600519,99.06,99.14,100.38,98.63,7340,72963471.0,1.76,-0.02,-0.02,0.16,99.14,100.38,98.63,73.38,18.61,17.09,25.36,23.29,10.94,17.79
1686,2008-11-27,600519,104.07,103.37,107.0,101.55,26772,279561185.0,5.5,4.27,4.23,0.59,103.37,107.0,101.55,75.08,25.23,11.19,33.6,14.9,15.32,18.96
1687,2008-11-28,600519,102.19,101.8,102.96,100.25,12218,124047780.0,2.62,-1.52,-1.57,0.27,101.8,102.96,100.25,72.4,23.15,12.49,31.98,17.25,17.48,17.94
1688,2008-12-01,600519,101.4,103.21,103.3,100.04,7883,80427907.0,3.2,1.39,1.41,0.17,103.21,103.3,100.04,72.41,23.49,12.49,32.44,17.25,20.6,17.27
1689,2008-12-02,600519,101.05,104.94,105.12,101.05,14885,154215263.0,3.94,1.68,1.73,0.33,104.94,105.12,101.05,72.9,25.31,9.71,34.72,13.32,25.35,20.29
1690,2008-12-03,600519,105.0,107.8,108.22,105.0,14370,154141971.0,3.07,2.73,2.86,0.32,107.8,108.22,105.0,71.18,26.58,9.71,37.34,13.64,32.39,22.01
1691,2008-12-04,600519,109.5,112.97,115.29,109.5,26331,297576223.0,5.37,4.8,5.17,0.58,112.97,115.29,109.5,69.71,25.07,9.71,35.96,13.93,39.04,24.99
1692,2008-12-05,600519,111.51,115.45,118.09,111.46,18385,212898263.0,5.87,2.2,2.48,0.4,115.45,118.09,111.46,71.83,23.95,9.71,33.34,13.52,39.66,27.49
1693,2008-12-08,600519,118.3,118.99,120.8,115.15,17430,205494828.0,4.89,3.07,3.54,0.38,118.99,120.8,115.15,69.99,26.66,5.81,38.09,8.3,45.38,31.43
1694,2008-12-09,600519,119.06,116.03,119.58,114.8,13013,152317570.0,4.02,-2.49,-2.96,0.29,116.03,119.58,114.8,67.44,24.63,6.16,36.52,9.13,50.28,35.44
1695,2008-12-10,600519,115.0,116.2,116.9,114.83,13495,156049024.0,1.78,0.15,0.17,0.3,116.2,116.9,114.83,64.64,24.46,6.16,37.84,9.53,52.82,39.08
1696,2008-12-11,600519,116.55,117.93,120.6,116.0,20158,238497429.0,3.96,1.49,1.73,0.44,117.93,120.6,116.0,61.4,28.16,3.49,45.86,5.68,58.06,45.23
1697,2008-12-12,600519,116.66,111.0,118.8,110.85,16314,186650270.0,6.74,-5.88,-6.93,0.36,111.0,118.8,110.85,66.85,28.16,8.64,42.12,12.92,59.54,49.29
1698,2008-12-15,600519,112.0,114.27,117.06,111.99,14008,160434275.0,4.57,2.95,3.27,0.31,114.27,117.06,111.99,68.57,28.16,6.8,41.07,9.92,62.68,51.17
1699,2008-12-16,600519,113.55,114.17,116.3,110.84,12367,138960606.0,4.78,-0.09,-0.1,0.27,114.17,116.3,110.84,72.28,28.16,7.95,38.96,11.0,61.3,53.34
1700,2008-12-17,600519,114.2,115.61,117.5,114.2,10014,116363451.0,2.89,1.26,1.44,0.22,115.61,117.5,114.2,67.75,22.74,7.95,33.56,11.73,59.34,54.81
1701,2008-12-18,600519,115.61,117.98,118.66,115.61,11771,138647935.0,2.64,2.05,2.37,0.26,117.98,118.66,115.61,67.68,23.9,6.65,35.31,9.83,58.79,55.8
1702,2008-12-19,600519,118.4,117.63,119.5,116.0,10622,125345376.0,2.97,-0.3,-0.35,0.23,117.63,119.5,116.0,67.92,24.4,6.65,35.92,9.79,55.32,56.69
1703,2008-12-22,600519,118.71,116.36,118.71,115.3,9028,105588565.0,2.9,-1.08,-1.27,0.2,116.36,118.71,115.3,67.26,22.58,7.35,33.57,10.93,54.96,57.25
1704,2008-12-23,600519,115.78,111.91,116.36,110.91,18272,205256836.0,4.68,-3.82,-4.45,0.4,111.91,116.36,110.91,69.43,19.48,11.74,28.06,16.91,48.91,55.79
1705,2008-12-24,600519,111.0,111.35,113.0,109.8,7878,87320039.0,2.86,-0.5,-0.56,0.17,111.35,113.0,109.8,65.14,12.41,12.85,19.05,19.73,39.87,50.59
1706,2008-12-25,600519,111.99,110.03,111.99,109.0,9029,99538455.0,2.69,-1.19,-1.32,0.2,110.03,111.99,109.0,61.5,9.61,13.65,15.63,22.2,34.74,47.04
1707,2008-12-26,600519,109.2,110.06,111.49,109.2,8945,98854298.0,2.08,0.03,0.03,0.2,110.06,111.49,109.2,58.14,6.9,13.65,11.87,23.48,30.8,44.79
1708,2008-12-29,600519,109.44,108.75,110.5,105.16,30029,323745151.0,4.85,-1.19,-1.31,0.66,108.75,110.5,105.16,58.7,6.9,17.34,11.75,29.54,28.45,41.89
1709,2008-12-30,600519,108.65,108.64,109.0,107.0,21830,236161195.0,1.84,-0.1,-0.11,0.48,108.64,109.0,107.0,58.63,6.9,17.34,11.77,29.58,27.15,41.06
1710,2008-12-31,600519,108.2,108.7,109.49,107.5,18313,198482898.0,1.83,0.06,0.06,0.4,108.7,109.49,107.5,56.02,3.69,17.34,6.59,30.95,33.83,41.37
1711,2009-01-05,600519,109.5,108.38,111.08,107.0,13506,145941833.0,3.75,-0.29,-0.32,0.3,108.38,111.08,107.0,52.15,5.28,12.19,10.12,23.37,40.14,40.0
1712,2009-01-06,600519,107.5,108.71,109.2,105.28,38154,406113062.0,3.62,0.3,0.33,0.84,108.71,109.2,105.28,50.01,5.28,13.91,10.56,27.81,44.74,39.74
1713,2009-01-07,600519,108.92,106.79,109.0,106.7,15238,164245370.0,2.12,-1.77,-1.92,0.33,106.79,109.0,106.7,46.85,5.28,12.76,11.27,27.24,46.17,38.49
1714,2009-01-08,600519,105.25,108.53,108.57,104.2,18635,198641989.0,4.09,1.63,1.74,0.41,108.53,108.57,104.2,47.89,4.08,15.26,8.52,31.86,48.63,38.54
1715,2009-01-09,600519,107.58,107.29,108.55,107.0,11800,127445738.0,1.43,-1.14,-1.24,0.26,107.29,108.55,107.0,46.39,2.92,15.26,6.29,32.9,52.76,39.96
1716,2009-01-12,600519,106.99,105.91,107.78,105.66,16668,176815197.0,1.98,-1.29,-1.38,0.37,105.91,107.78,105.66,45.01,2.08,16.6,4.62,36.88,54.9,44.37
1717,2009-01-13,600519,104.98,101.86,105.99,101.52,18099,186485267.0,4.22,-3.82,-4.05,0.4,101.86,105.99,101.52,46.07,2.08,20.04,4.51,43.5,61.84,50.99
1718,2009-01-14,600519,101.25,102.0,103.99,99.58,32004,323066499.0,4.33,0.14,0.14,0.7,102.0,103.99,99.58,45.03,2.08,17.59,4.62,39.06,67.49,56.11
1719,2009-01-15,600519,101.8,99.97,101.8,99.8,29821,298447689.0,1.96,-1.99,-2.03,0.66,99.97,101.8,99.8,44.03,2.08,16.48,4.72,37.43,73.51,59.84
1720,2009-01-16,600519,99.99,101.51,104.39,99.88,94600,955914881.0,4.51,1.54,1.54,2.08,101.51,104.39,99.88,45.55,4.67,15.68,10.25,34.42,72.89,60.76
1721,2009-01-19,600519,102.41,102.36,103.8,101.7,48563,498196988.0,2.07,0.84,0.85,1.07,102.36,103.8,101.7,45.55,4.67,15.68,10.25,34.42,70.59,61.68
1722,2009-01-20,600519,102.3,101.6,102.3,99.96,49104,493242104.0,2.29,-0.74,-0.76,1.08,101.6,102.3,99.96,42.61,4.67,13.38,10.96,31.4,65.68,60.29
1723,2009-01-21,600519,100.0,99.72,100.97,99.0,60526,605392794.0,1.94,-1.85,-1.88,1.33,99.72,100.97,99.0,43.21,4.67,14.34,10.81,33.19,60.63,61.23
1724,2009-01-22,600519,100.0,100.8,101.2,99.9,21293,214057665.0,1.3,1.08,1.08,0.47,100.8,101.2,99.9,42.7,4.41,14.34,10.33,33.58,56.31,61.9
1725,2009-01-23,600519,100.5,103.2,104.31,100.5,32743,336252633.0,3.78,2.38,2.4,0.72,103.2,104.31,100.5,42.43,5.93,14.34,13.98,33.8,50.3,61.9
1726,2009-02-02,600519,104.49,101.32,104.49,100.0,30887,312618479.0,4.35,-1.82,-1.88,0.68,101.32,104.49,100.0,43.0,5.93,13.12,13.79,30.51,47.57,60.23
1727,2009-02-03,600519,101.39,104.1,104.49,100.07,48127,497248868.0,4.36,2.74,2.78,1.06,104.1,104.49,100.07,45.12,5.93,13.12,13.14,29.08,44.84,57.72
1728,2009-02-04,600519,104.2,106.28,107.28,104.2,42879,454067228.0,2.96,2.09,2.18,0.94,106.28,107.28,104.2,43.93,8.72,10.62,19.85,24.17,38.44,52.06
1729,2009-02-05,600519,106.65,107.04,110.6,106.0,38232,412164202.0,4.33,0.72,0.76,0.84,107.04,110.6,106.0,46.98,12.04,10.62,25.63,22.61,31.0,45.82
1730,2009-02-06,600519,107.02,111.21,111.99,107.02,39661,433677718.0,4.64,3.9,4.17,0.87,111.21,111.99,107.02,49.83,13.43,9.28,26.95,18.62,25.22,40.77
1731,2009-02-09,600519,112.49,116.8,117.0,112.49,45436,521391758.0,4.06,5.03,5.59,1.0,116.8,117.0,112.49,51.15,18.44,5.14,36.05,10.05,27.71,39.0
1732,2009-02-10,600519,116.5,115.97,116.5,114.0,27613,317723285.0,2.14,-0.71,-0.83,0.61,115.97,116.5,114.0,49.54,18.44,3.2,37.22,6.46,33.16,40.36
1733,2009-02-11,600519,114.98,120.09,125.55,114.0,40387,478088769.0,9.96,3.55,4.12,0.89,120.09,125.55,114.0,58.89,27.49,3.2,46.68,5.43,40.06,42.45
1734,2009-02-12,600519,120.0,120.53,121.5,118.51,54470,653107948.0,2.49,0.37,0.44,1.2,120.53,121.5,118.51,57.37,24.9,3.2,43.4,5.58,51.29,44.86
1735,2009-02-13,600519,120.1,122.42,123.0,120.01,24920,301643451.0,2.48,1.57,1.89,0.55,122.42,123.0,120.01,58.07,26.4,3.2,45.46,5.51,63.31,47.16
1736,2009-02-16,600519,123.45,122.7,125.3,121.1,27256,334068266.0,3.43,0.23,0.28,0.6,122.7,125.3,121.1,59.87,28.7,1.46,47.94,2.44,75.32,50.27
1737,2009-02-17,600519,123.8,126.11,129.94,123.8,56525,719184147.0,5.0,2.78,3.41,1.24,126.11,129.94,123.8,64.51,33.34,0.5,51.68,0.78,82.09,54.9
1738,2009-02-18,600519,124.0,121.36,126.0,120.88,45581,566412062.0,4.06,-3.77,-4.75,1.0,121.36,126.0,120.88,68.26,33.11,3.42,48.51,5.01,83.9,58.53
1739,2009-02-19,600519,120.5,121.88,123.9,120.5,24678,300896281.0,2.8,0.43,0.52,0.54,121.88,123.9,120.5,67.85,30.0,3.8,44.22,5.6,83.63,61.84
1740,2009-02-20,600519,121.99,125.08,127.28,121.99,33924,424596429.0,4.34,2.63,3.2,0.75,125.08,127.28,121.99,68.76,33.38,3.3,48.55,4.8,84.42,67.86
1741,2009-02-23,600519,125.16,127.78,128.1,123.45,19443,245915638.0,3.72,2.16,2.7,0.43,127.78,128.1,123.45,68.99,34.2,3.3,49.57,4.78,85.09,74.2
1742,2009-02-24,600519,127.5,128.79,132.0,126.65,36936,480302641.0,4.19,0.79,1.01,0.81,128.79,132.0,126.65,71.16,35.31,3.3,49.62,4.64,83.86,79.59
1743,2009-02-25,600519,129.99,127.5,130.0,123.0,26918,341607459.0,5.44,-1.0,-1.29,0.59,127.5,130.0,123.0,73.56,31.99,6.95,43.49,9.45,78.4,80.25
1744,2009-02-26,600519,126.5,122.43,129.9,121.5,27112,343984112.0,6.59,-3.98,-5.07,0.6,122.43,129.9,121.5,76.99,30.6,8.45,39.75,10.98,74.31,79.1
1745,2009-02-27,600519,119.54,118.43,123.0,117.73,41171,494464222.0,4.3,-3.27,-4.0,0.9,118.43,123.0,117.73,76.47,25.59,12.22,33.46,15.98,67.28,75.45
1746,2009-03-02,600519,117.0,117.03,118.43,114.87,27173,318786734.0,3.01,-1.18,-1.4,0.6,117.03,118.43,114.87,77.23,25.59,15.08,33.13,19.53,57.92,71.17
1747,2009-03-03,600519,115.2,114.92,116.8,113.8,18780,215625552.0,2.56,-1.8,-2.11,0.41,114.92,116.8,113.8,68.91,16.54,16.15,24.0,23.44,44.39,64.74
1748,2009-03-04,600519,115.5,124.82,126.3,114.92,42245,510627173.0,9.9,8.61,9.9,0.93,124.82,126.3,114.92,77.3,26.04,16.15,33.69,20.89,34.48,59.17
1749,2009-03-05,600519,124.9,122.0,126.5,120.01,23532,289227189.0,5.2,-2.26,-2.82,0.52,122.0,126.5,120.01,80.8,24.74,16.15,30.62,19.99,27.26,52.83
1750,2009-03-06,600519,120.0,118.22,120.8,117.68,20664,245701371.0,2.56,-3.1,-3.78,0.45,118.22,120.8,117.68,80.92,22.44,18.48,27.73,22.84,19.42,46.86
1751,2009-03-09,600519,118.24,114.9,119.5,114.88,23152,268799957.0,3.91,-2.81,-3.32,0.51,114.9,119.5,114.88,78.3,17.8,21.28,22.73,27.18,15.01,41.15
1752,2009-03-10,600519,113.9,118.13,119.2,113.6,15783,185611677.0,4.87,2.81,3.23,0.35,118.13,119.2,113.6,78.67,17.8,19.64,22.63,24.97,11.52,34.72
1753,2009-03-11,600519,120.0,117.48,120.88,116.0,8815,104417185.0,4.13,-0.55,-0.65,0.19,117.48,120.88,116.0,80.15,19.48,19.26,24.3,24.03,11.42,27.9
1754,2009-03-12,600519,116.08,115.94,117.79,114.13,11296,130769829.0,3.12,-1.31,-1.54,0.25,115.94,117.79,114.13,78.41,16.1,21.13,20.53,26.95,9.76,22.12
1755,2009-03-13,600519,116.8,113.82,117.5,113.78,20038,230105105.0,3.21,-1.83,-2.12,0.44,113.82,117.5,113.78,77.48,15.28,21.48,19.72,27.72,9.07,18.17
1756,2009-03-16,600519,113.85,114.38,114.89,112.0,13395,151397338.0,2.54,0.49,0.56,0.29,114.38,114.89,112.0,75.02,11.38,23.26,15.17,31.01,13.18,16.3
1757,2009-03-17,600519,114.45,117.34,118.99,114.0,18345,213668060.0,4.36,2.59,2.96,0.4,117.34,118.99,114.0,73.01,15.48,19.61,21.2,26.86,13.65,14.33
1758,2009-03-18,600519,117.92,116.08,118.9,115.96,17767,208086081.0,2.51,-1.07,-1.26,0.39,116.08,118.9,115.96,67.55,15.48,18.11,22.92,26.81,14.14,12.83
1759,2009-03-19,600519,116.5,118.78,119.28,116.1,18892,223567500.0,2.74,2.33,2.7,0.42,118.78,119.28,116.1,65.48,15.86,14.34,24.22,21.9,14.88,13.15
1760,2009-03-20,600519,119.8,117.88,119.97,117.2,15396,182170364.0,2.33,-0.76,-0.9,0.34,117.88,119.97,117.2,64.69,16.55,11.48,25.58,17.75,15.65,12.71
1761,2009-03-23,600519,117.99,118.69,119.18,117.41,32463,384766613.0,1.5,0.69,0.81,0.71,118.69,119.18,117.41,63.23,16.55,10.41,26.17,16.46,16.63,12.85
1762,2009-03-24,600519,120.5,118.69,123.59,118.36,35295,424130707.0,4.41,0.0,0.0,0.78,118.69,123.59,118.36,57.08,11.46,10.41,20.08,18.24,11.72,12.45
1763,2009-03-25,600519,116.0,114.02,116.0,112.65,86217,984739037.0,2.82,-3.93,-4.67,1.89,114.02,116.0,112.65,56.63,11.26,16.12,19.88,28.47,12.71,13.18
1764,2009-03-26,600519,114.02,112.5,114.1,110.78,59292,664500701.0,2.91,-1.33,-1.52,1.3,112.5,114.1,110.78,55.63,11.26,15.66,20.24,28.15,14.13,14.14
1765,2009-03-27,600519,113.46,113.98,115.0,112.8,42076,479104606.0,1.96,1.32,1.48,0.92,113.98,115.0,112.8,53.51,12.16,12.86,22.72,24.03,13.76,14.32
1766,2009-03-30,600519,114.0,114.06,115.0,112.1,24269,276929285.0,2.54,0.07,0.08,0.53,114.06,115.0,112.1,50.81,12.16,12.28,23.93,24.17,10.83,13.24
1767,2009-03-31,600519,113.33,114.74,114.9,113.0,26429,301354057.0,1.67,0.6,0.68,0.58,114.74,114.9,113.0,47.83,10.48,12.28,21.91,25.67,8.35,12.49
1768,2009-04-01,600519,114.98,116.26,116.65,114.9,40388,468753741.0,1.53,1.32,1.52,0.89,116.26,116.65,114.9,46.08,12.23,10.41,26.54,22.59,8.89,10.3
1769,2009-04-02,600519,116.56,118.0,119.4,116.56,37431,441249387.0,2.44,1.5,1.74,0.82,118.0,119.4,116.56,45.5,14.98,10.06,32.92,22.11,9.2,10.96
1770,2009-04-03,600519,119.1,116.57,120.55,116.4,41441,492530479.0,3.52,-1.21,-1.43,0.91,116.57,120.55,116.4,46.76,16.13,8.28,34.5,17.71,11.84,12.99
1771,2009-04-07,600519,116.57,118.0,118.18,116.4,21419,251182411.0,1.53,1.23,1.43,0.47,118.0,118.18,116.4,43.55,12.03,8.28,27.62,19.01,14.45,14.11
1772,2009-04-08,600519,118.0,117.06,118.3,115.88,25653,299738748.0,2.05,-0.8,-0.94,0.56,117.06,118.3,115.88,43.03,12.03,8.8,27.96,20.45,16.95,13.89
1773,2009-04-09,600519,116.88,117.81,117.99,116.21,18352,214789862.0,1.52,0.64,0.75,0.4,117.81,117.99,116.21,41.61,11.65,8.8,28.0,21.15,17.96,13.15
1774,2009-04-10,600519,118.81,119.43,120.5,117.78,40631,484222233.0,2.31,1.38,1.62,0.89,119.43,120.5,117.78,41.56,13.47,8.8,32.41,21.17,20.11,14.5
1775,2009-04-13,600519,120.59,122.06,123.2,120.59,36688,448077486.0,2.19,2.2,2.63,0.81,122.06,123.2,120.59,43.56,16.17,8.8,37.12,20.2,21.76,15.48
1776,2009-04-14,600519,122.07,120.51,122.15,118.81,38024,457162680.0,2.74,-1.27,-1.55,0.84,120.51,122.15,118.81,41.67,11.76,10.58,28.22,25.39,17.28,14.56
1777,2009-04-15,600519,119.96,120.63,121.28,117.5,38362,457652477.0,3.14,0.1,0.12,0.84,120.63,121.28,117.5,39.41,11.76,6.18,29.84,15.68,19.39,16.92
1778,2009-04-16,600519,120.01,119.75,120.8,118.25,38632,462321653.0,2.11,-0.73,-0.88,0.85,119.75,120.8,118.25,38.64,11.76,4.31,30.43,11.15,24.53,20.74
1779,2009-04-17,600519,119.33,121.16,123.35,118.3,38310,466339526.0,4.22,1.18,1.41,0.84,121.16,123.35,118.3,41.19,13.41,4.31,32.56,10.46,30.76,24.36
1780,2009-04-20,600519,122.19,127.14,127.3,121.16,32419,406055404.0,5.07,4.94,5.98,0.71,127.14,127.3,121.16,44.43,17.36,3.61,39.07,8.13,38.2,29.16
1781,2009-04-21,600519,125.23,127.51,127.6,125.11,38928,492951211.0,1.96,0.29,0.37,0.86,127.51,127.6,125.11,45.02,17.66,3.61,39.23,8.02,44.29,33.02
1782,2009-04-22,600519,128.18,123.82,130.71,123.5,39706,504087423.0,5.65,-2.89,-3.69,0.87,123.82,130.71,123.5,50.32,19.02,3.61,37.8,7.17,54.76,36.02
1783,2009-04-23,600519,122.5,121.56,123.89,120.0,22497,274007781.0,3.14,-1.83,-2.26,0.49,121.56,123.89,120.0,51.07,16.27,7.11,31.86,13.92,56.1,37.74
1784,2009-04-24,600519,121.99,122.12,124.88,121.98,22720,280863293.0,2.39,0.46,0.56,0.5,122.12,124.88,121.98,50.24,16.11,7.11,32.07,14.15,54.84,39.68
1785,2009-04-27,600519,121.5,118.49,121.54,117.4,28670,339940606.0,3.39,-2.97,-3.63,0.63,118.49,121.54,117.4,53.18,16.11,11.69,30.29,21.98,48.93,39.85
1786,2009-04-28,600519,116.88,115.28,118.58,113.9,34307,395869106.0,3.95,-2.71,-3.21,0.75,115.28,118.58,113.9,55.44,16.11,14.67,29.06,26.46,38.78,38.49
1787,2009-04-29,600519,115.29,116.77,117.3,115.25,31077,360384150.0,1.78,1.29,1.49,0.68,116.77,117.3,115.25,55.71,16.11,14.67,28.92,26.33,28.55,36.42
1788,2009-04-30,600519,117.2,116.35,117.21,115.0,20514,238142369.0,1.89,-0.36,-0.42,0.45,116.35,117.21,115.0,55.2,13.6,14.92,24.64,27.03,17.97,36.36
1789,2009-05-04,600519,116.89,119.22,119.37,116.35,23556,278414610.0,2.6,2.47,2.87,0.52,119.22,119.37,116.35,54.45,13.06,14.92,23.99,27.4,12.55,34.33
1790,2009-05-05,600519,120.0,119.04,120.8,118.38,22691,270072390.0,2.03,-0.15,-0.18,0.5,119.04,120.8,118.38,53.53,14.49,13.14,27.07,24.55,6.9,30.87
1791,2009-05-06,600519,118.61,117.26,119.0,116.9,38065,447395076.0,1.76,-1.5,-1.78,0.84,117.26,119.0,116.9,51.89,14.49,13.31,27.92,25.65,4.96,26.94
1792,2009-05-07,600519,117.8,117.01,118.91,115.66,34724,406117083.0,2.77,-0.21,-0.25,0.76,117.01,118.91,115.66,52.59,14.49,14.55,27.55,27.67,4.22,21.5
1793,2009-05-08,600519,116.5,117.51,117.6,115.4,31007,359535974.0,1.88,0.43,0.5,0.68,117.51,117.6,115.4,49.74,11.94,14.81,24.0,29.77,5.22,16.89
1794,2009-05-11,600519,117.5,116.42,118.58,116.25,32774,384271989.0,1.98,-0.93,-1.09,0.72,116.42,118.58,116.25,45.93,8.97,14.81,19.53,32.24,8.55,13.26
1795,2009-05-12,600519,115.51,116.49,117.55,115.31,25989,300962117.0,1.92,0.06,0.07,0.57,116.49,117.55,115.31,45.68,8.67,15.75,18.98,34.48,12.27,12.41
1796,2009-05-13,600519,117.0,115.68,117.1,115.22,35792,415020691.0,1.61,-0.7,-0.81,0.79,115.68,117.1,115.22,40.35,5.56,15.84,13.78,39.26,19.46,13.18
1797,2009-05-14,600519,115.0,116.35,116.6,114.8,21505,249787985.0,1.56,0.58,0.67,0.47,116.35,116.6,114.8,38.26,5.56,12.76,14.53,33.35,25.3,15.13
1798,2009-05-15,600519,116.76,116.01,116.98,115.61,16799,195071191.0,1.18,-0.29,-0.34,0.37,116.01,116.98,115.61,36.31,4.95,12.76,13.63,35.14,32.62,18.42
1799,2009-05-18,600519,115.9,118.44,118.7,115.71,35072,412318356.0,2.58,2.09,2.43,0.77,118.44,118.7,115.71,34.58,6.67,8.18,19.29,23.66,32.53,18.87
1800,2009-05-19,600519,118.64,117.28,119.05,116.5,26554,312662778.0,2.15,-0.98,-1.16,0.58,117.28,119.05,116.5,32.45,7.02,4.68,21.63,14.42,31.77,20.16
1801,2009-05-20,600519,117.06,116.07,117.94,115.98,14711,171589134.0,1.67,-1.03,-1.21,0.32,116.07,117.94,115.98,32.36,7.02,5.2,21.69,16.07,29.42,20.84
1802,2009-05-21,600519,115.8,114.42,116.99,114.2,25788,296204406.0,2.4,-1.42,-1.65,0.57,114.42,116.99,114.2,32.94,7.02,6.73,21.31,20.43,21.76,20.61
1803,2009-05-25,600519,112.82,113.36,113.53,112.06,33676,380853032.0,1.28,-0.93,-1.06,0.36,113.36,113.53,112.06,32.28,4.86,8.87,15.06,27.48,20.08,22.69
1804,2009-05-26,600519,113.36,112.95,114.57,112.91,16807,190817891.0,1.46,-0.36,-0.41,0.18,112.95,114.57,112.91,31.52,4.47,8.87,14.18,28.14,18.23,25.42
1805,2009-05-27,600519,113.13,114.77,115.52,112.95,27630,316980547.0,2.28,1.61,1.82,0.29,114.77,115.52,112.95,31.95,5.42,7.39,16.96,23.13,19.1,25.81
1806,2009-06-01,600519,115.01,117.76,118.1,114.71,45920,537473265.0,2.95,2.61,2.99,0.49,117.76,118.1,114.71,32.09,8.0,6.15,24.93,19.16,17.94,24.85
1807,2009-06-02,600519,117.02,119.88,120.96,117.02,50168,600394403.0,3.35,1.8,2.12,0.53,119.88,120.96,117.02,33.83,10.86,5.89,32.1,17.41,20.4,24.91
1808,2009-06-03,600519,119.88,119.72,120.19,117.82,29246,347246937.0,1.98,-0.13,-0.16,0.31,119.72,120.19,117.82,33.87,9.88,5.89,29.17,17.39,24.27,23.02
1809,2009-06-04,600519,119.8,119.26,120.02,117.9,46533,553191419.0,1.77,-0.38,-0.46,0.49,119.26,120.02,117.9,33.75,9.88,4.95,29.27,14.67,24.94,22.51
1810,2009-06-05,600519,118.66,126.06,129.7,118.65,77741,973345740.0,9.27,5.7,6.8,0.82,126.06,129.7,118.65,42.92,19.56,4.86,45.57,11.32,29.48,23.85
1811,2009-06-08,600519,127.2,127.58,129.05,125.0,36886,469785127.0,3.21,1.21,1.52,0.39,127.58,129.05,125.0,45.17,19.56,4.44,43.3,9.83,37.41,28.25
1812,2009-06-09,600519,127.6,131.24,135.0,127.2,73304,969552012.0,6.11,2.87,3.66,0.78,131.24,135.0,127.2,51.6,25.13,4.44,48.7,8.6,46.9,32.42
1813,2009-06-10,600519,131.69,131.3,133.03,130.01,26477,348306255.0,2.3,0.05,0.06,0.28,131.3,133.03,130.01,51.63,23.41,4.44,45.34,8.6,53.3,36.85
1814,2009-06-11,600519,131.28,133.29,136.5,131.28,39738,533435068.0,3.98,1.52,1.99,0.42,133.29,136.5,131.28,54.3,26.53,4.44,48.86,8.18,60.98,42.62
1815,2009-06-12,600519,133.67,130.61,135.8,129.2,27035,357604702.0,4.95,-2.01,-2.68,0.29,130.61,135.8,129.2,58.94,26.53,6.0,45.01,10.18,65.95,45.45
1816,2009-06-15,600519,130.05,136.24,136.6,130.05,44081,592083839.0,5.01,4.31,5.63,0.47,136.24,136.6,130.05,62.7,27.33,4.22,43.59,6.73,68.13,48.8
1817,2009-06-16,600519,135.8,135.69,137.15,134.0,20039,271544262.0,2.31,-0.4,-0.55,0.21,135.69,137.15,134.0,63.49,27.88,2.08,43.91,3.28,71.98,54.7
1818,2009-06-17,600519,135.35,137.65,138.5,135.2,22584,310521875.0,2.43,1.44,1.96,0.24,137.65,138.5,135.2,65.13,28.19,2.08,43.28,3.19,74.7,60.8
1819,2009-06-18,600519,137.0,137.87,138.5,135.5,41190,564072323.0,2.18,0.16,0.22,0.44,137.87,138.5,135.5,65.56,27.24,2.08,41.55,3.17,77.65,65.47
1820,2009-06-19,600519,136.98,136.92,138.69,135.6,18533,253253630.0,2.24,-0.69,-0.95,0.2,136.92,138.69,135.6,65.26,24.85,2.08,38.08,3.19,79.85,70.41
1821,2009-06-22,600519,137.5,132.97,138.2,132.88,21181,285552148.0,3.89,-2.88,-3.95,0.22,132.97,138.2,132.88,66.64,21.99,4.8,33.0,7.2,80.03,72.99
1822,2009-06-23,600519,131.8,133.37,134.5,129.56,27588,364099880.0,3.72,0.3,0.4,0.29,133.37,134.5,129.56,69.21,21.99,8.12,31.77,11.73,75.49,71.81
1823,2009-06-24,600519,133.3,131.99,134.0,131.01,20936,276526128.0,2.24,-1.03,-1.38,0.22,131.99,134.0,131.01,70.08,21.99,8.12,31.38,11.59,68.82,70.4
1824,2009-06-25,600519,132.99,135.89,136.2,132.01,21834,295200887.0,3.17,2.95,3.9,0.23,135.89,136.2,132.01,63.24,14.51,8.12,22.94,12.84,59.15,66.92
1825,2009-06-26,600519,136.0,137.0,138.0,136.0,18262,250833621.0,1.47,0.82,1.11,0.19,137.0,138.0,136.0,61.3,16.31,8.12,26.61,13.25,50.43,64.04
1826,2009-06-29,600519,138.01,147.72,149.01,137.3,38015,553072336.0,8.55,7.82,10.72,0.4,147.72,149.01,137.3,65.51,21.37,8.12,32.62,12.4,43.83,61.84
1827,2009-06-30,600519,148.5,148.01,150.3,144.8,24553,359599491.0,3.72,0.2,0.29,0.26,148.01,150.3,144.8,67.99,22.66,8.12,33.33,11.94,41.01,60.52
1828,2009-07-01,600519,146.6,145.65,148.0,144.98,19357,281759830.0,2.04,-1.59,-2.36,0.21,145.65,148.0,144.98,65.8,19.19,8.12,29.16,12.34,40.09,57.79
1829,2009-07-02,600519,145.6,147.95,150.96,143.7,26990,395317139.0,4.98,1.58,2.3,0.29,147.95,150.96,143.7,66.46,22.15,6.04,33.33,9.09,41.94,55.38
1830,2009-07-03,600519,147.0,145.92,149.0,145.4,25739,376552059.0,2.43,-1.37,-2.03,0.27,145.92,149.0,145.4,63.51,21.35,6.04,33.62,9.51,46.55,52.85
1831,2009-07-06,600519,145.0,143.92,145.98,142.8,29492,423754900.0,2.18,-1.37,-2.0,0.31,143.92,145.98,142.8,63.54,20.8,8.64,32.74,13.6,47.84,49.14
1832,2009-07-07,600519,143.94,145.5,148.01,143.01,27406,399773428.0,3.47,1.1,1.58,0.29,145.5,148.01,143.01,65.24,21.48,8.64,32.92,13.24,47.46,45.64
1833,2009-07-08,600519,143.5,143.93,145.15,141.5,26516,378380305.0,2.51,-1.08,-1.57,0.28,143.93,145.15,141.5,66.24,21.48,10.15,32.43,15.32,45.56,43.28
1834,2009-07-09,600519,143.21,147.22,148.49,143.21,34642,505222990.0,3.67,2.29,3.29,0.37,147.22,148.49,143.21,68.43,24.63,10.15,35.99,14.83,45.74,42.91
1835,2009-07-10,600519,147.6,152.17,153.5,147.37,29770,451971144.0,4.16,3.36,4.95,0.32,152.17,153.5,147.37,69.39,29.64,7.43,42.72,10.71,46.2,44.07
1836,2009-07-13,600519,152.35,153.27,154.0,149.33,39766,601703320.0,3.07,0.72,1.1,0.42,153.27,154.0,149.33,69.12,30.14,4.11,43.61,5.95,49.55,48.05
1837,2009-07-14,600519,153.19,153.3,154.35,152.0,26645,408475427.0,1.53,0.02,0.03,0.28,153.3,154.35,152.0,68.48,30.49,4.11,44.52,6.0,55.37,51.61
1838,2009-07-15,600519,153.3,150.03,154.28,149.97,31598,477906537.0,2.81,-2.13,-3.27,0.33,150.03,154.28,149.97,68.58,28.29,6.14,41.25,8.95,58.99,53.22
1839,2009-07-16,600519,150.51,148.45,151.0,147.95,36431,542209782.0,2.03,-1.05,-1.58,0.39,148.45,151.0,147.95,69.52,26.49,8.16,38.1,11.74,61.84,53.7
1840,2009-07-17,600519,148.73,147.91,150.49,147.7,14100,210098779.0,1.88,-0.36,-0.54,0.15,147.91,150.49,147.7,60.3,15.48,8.41,25.67,13.95,59.83,52.78
1841,2009-07-20,600519,148.0,148.11,149.6,146.98,38738,572069340.0,1.77,0.14,0.2,0.41,148.11,149.6,146.98,57.42,14.19,9.13,24.71,15.9,53.46,49.83
1842,2009-07-21,600519,148.9,147.32,150.2,146.97,42220,627819240.0,2.18,-0.53,-0.79,0.45,147.32,150.2,146.97,57.62,14.79,9.13,25.67,15.85,44.74,47.14
1843,2009-07-22,600519,147.0,147.41,148.39,145.7,25036,366601445.0,1.83,0.06,0.09,0.27,147.41,148.39,145.7,53.05,11.83,10.4,22.3,19.6,33.1,44.24
1844,2009-07-23,600519,147.85,146.28,147.99,146.01,17250,253176789.0,1.34,-0.77,-1.13,0.18,146.28,147.99,146.01,51.43,11.83,10.4,23.0,20.22,23.45,41.22
1845,2009-07-24,600519,146.58,147.0,150.79,146.28,45371,673882706.0,3.08,0.49,0.72,0.48,147.0,150.79,146.28,52.76,14.63,7.8,27.73,14.78,19.71,40.77
1846,2009-07-27,600519,147.49,153.1,153.5,147.49,64531,969451469.0,4.09,4.15,6.1,0.68,153.1,153.5,147.49,54.26,15.31,7.8,28.22,14.38,20.2,40.01
1847,2009-07-28,600519,153.1,153.2,158.97,152.6,36230,564423483.0,4.16,0.07,0.1,0.38,153.2,158.97,152.6,56.63,20.78,6.29,36.69,11.11,25.5,39.48
1848,2009-07-29,600519,153.3,148.01,156.15,144.0,36956,556652765.0,7.93,-3.39,-5.19,0.39,148.01,156.15,144.0,63.5,17.44,14.89,27.46,23.45,22.87,33.8
1849,2009-07-30,600519,151.7,149.83,151.7,146.51,27550,410415145.0,3.51,1.23,1.82,0.29,149.83,151.7,146.51,62.41,12.43,14.89,19.92,23.86,23.3,28.2
1850,2009-07-31,600519,150.99,150.02,150.99,148.65,32992,494144461.0,1.56,0.13,0.19,0.35,150.02,150.99,148.65,60.08,11.93,14.89,19.86,24.78,24.07,23.76
1851,2009-08-03,600519,152.0,155.71,158.58,152.0,44458,693624944.0,4.39,3.79,5.69,0.47,155.71,158.58,152.0,66.29,19.17,14.89,28.92,22.46,21.09,20.4
1852,2009-08-04,600519,157.02,154.13,157.02,152.6,21435,329545708.0,2.84,-1.01,-1.58,0.23,154.13,157.02,152.6,66.4,19.17,12.86,28.87,19.37,18.95,19.57
1853,2009-08-05,600519,154.7,163.77,163.89,154.7,55449,893443535.0,5.96,6.25,9.64,0.59,163.77,163.89,154.7,73.11,26.04,10.84,35.62,14.83,16.9,21.2
1854,2009-08-06,600519,161.01,165.07,166.5,160.1,39442,644496759.0,3.91,0.79,1.3,0.42,165.07,166.5,160.1,76.72,28.65,10.59,37.34,13.8,23.26,23.06
1855,2009-08-07,600519,166.8,163.88,170.0,161.56,57867,953137970.0,5.11,-0.72,-1.19,0.61,163.88,170.0,161.56,82.54,32.15,9.87,38.95,11.96,30.59,26.95
1856,2009-08-10,600519,164.01,163.5,165.0,158.88,29299,472002862.0,3.73,-0.23,-0.38,0.31,163.5,165.0,158.88,85.43,31.55,12.55,36.93,14.69,35.94,30.0
1857,2009-08-11,600519,163.88,170.0,172.5,161.66,36307,611324918.0,6.63,3.98,6.5,0.38,170.0,172.5,161.66,93.58,39.05,11.28,41.73,12.05,43.04,32.06
1858,2009-08-12,600519,169.9,166.26,175.5,162.0,41404,698628591.0,7.94,-2.2,-3.74,0.44,166.26,175.5,162.0,105.1,42.05,11.28,40.01,10.73,49.37,34.16
1859,2009-08-13,600519,162.88,162.94,166.25,159.8,33769,544005102.0,3.88,-2.0,-3.32,0.36,162.94,166.25,159.8,107.05,39.25,13.48,36.67,12.59,50.65,33.77
1860,2009-08-14,600519,162.99,157.78,162.99,156.0,24707,390424195.0,4.29,-3.17,-5.16,0.26,157.78,162.99,156.0,107.54,36.54,17.28,33.98,16.07,48.94,36.1
1861,2009-08-17,600519,155.1,149.54,157.46,147.88,29750,451437989.0,6.07,-5.22,-8.24,0.32,149.54,157.46,147.88,111.07,31.07,25.4,27.97,22.87,41.78,36.18
1862,2009-08-18,600519,148.5,150.15,152.16,148.01,29840,448107193.0,2.78,0.41,0.61,0.32,150.15,152.16,148.01,103.07,31.07,16.8,30.14,16.3,39.56,37.75
1863,2009-08-19,600519,151.97,149.61,155.1,148.0,33576,509878566.0,4.73,-0.36,-0.54,0.36,149.61,155.1,148.0,104.98,34.01,16.8,32.4,16.0,36.01,39.52
1864,2009-08-20,600519,149.0,151.99,152.5,148.0,34600,522725007.0,3.01,1.59,2.38,0.37,151.99,152.5,148.0,107.14,34.01,16.8,31.74,15.68,32.04,40.71
1865,2009-08-21,600519,152.01,156.51,157.0,151.01,24743,383636526.0,3.94,2.97,4.52,0.26,156.51,157.0,151.01,104.57,30.92,16.8,29.57,16.07,28.83,39.74
1866,2009-08-24,600519,156.99,158.41,158.99,156.55,13418,212008261.0,1.56,1.21,1.9,0.14,158.41,158.99,156.55,102.63,32.91,16.8,32.07,16.37,28.27,38.6
1867,2009-08-25,600519,157.9,155.91,157.9,152.1,24501,377947429.0,3.66,-1.58,-2.5,0.26,155.91,157.9,152.1,99.18,26.04,21.25,26.26,21.43,28.28,35.03
1868,2009-08-26,600519,153.53,159.19,160.5,153.53,22355,353413336.0,4.47,2.1,3.28,0.24,159.19,160.5,153.53,99.75,26.03,21.25,26.1,21.3,25.0,32.28
1869,2009-08-27,600519,158.88,161.34,162.68,158.0,22161,356997195.0,2.94,1.35,2.15,0.23,161.34,162.68,158.0,95.99,24.71,21.25,25.74,22.14,20.61,28.31
1870,2009-08-28,600519,161.0,159.27,162.7,159.0,24049,386203839.0,2.29,-1.28,-2.07,0.25,159.27,162.7,159.0,93.57,24.73,18.57,26.43,19.85,17.33,24.69
1871,2009-08-31,600519,158.0,149.99,158.01,149.5,37334,568178140.0,5.34,-5.83,-9.28,0.4,149.99,158.01,149.5,92.5,17.23,28.07,18.63,30.35,16.39,22.61
1872,2009-09-01,600519,150.0,151.55,155.3,149.97,20632,313194378.0,3.55,1.04,1.56,0.22,151.55,155.3,149.97,84.33,14.23,28.07,16.87,33.29,16.44,22.35
1873,2009-09-02,600519,150.98,150.82,151.95,149.56,16156,243221073.0,1.58,-0.48,-0.73,0.17,150.82,151.95,149.56,80.26,14.23,26.28,17.73,32.74,19.71,23.99
1874,2009-09-03,600519,150.05,155.11,155.5,150.02,19157,293428432.0,3.63,2.84,4.29,0.2,155.11,155.5,150.02,78.75,17.78,22.48,22.58,28.55,19.97,22.48
1875,2009-09-04,600519,154.99,155.37,156.0,153.0,21554,332587085.0,1.93,0.17,0.26,0.23,155.37,156.0,153.0,71.85,18.28,14.36,25.44,19.99,20.72,20.66
1876,2009-09-07,600519,156.42,161.89,165.5,156.28,38845,630053587.0,5.93,4.2,6.52,0.41,161.89,165.5,156.28,77.83,27.78,14.36,35.69,18.45,23.65,20.49
1877,2009-09-08,600519,161.9,166.45,168.2,159.12,34490,572753391.0,5.61,2.82,4.56,0.37,166.45,168.2,159.12,79.81,27.54,14.36,34.51,17.99,24.91,20.65
1878,2009-09-09,600519,166.45,164.34,168.99,162.0,31203,512038300.0,4.2,-1.27,-2.11,0.33,164.34,168.99,162.0,82.3,28.33,14.36,34.42,17.45,24.91,20.67
1879,2009-09-10,600519,164.3,165.95,166.1,162.5,13255,218828433.0,2.19,0.98,1.61,0.14,165.95,166.1,162.5,79.91,23.83,14.36,29.82,17.97,24.08,21.9
1880,2009-09-11,600519,165.9,166.77,168.0,163.9,13472,224260634.0,2.47,0.49,0.82,0.14,166.77,168.0,163.9,81.53,23.74,14.36,29.12,17.61,26.24,23.11
1881,2009-09-14,600519,168.05,167.08,169.0,166.8,15551,260573647.0,1.32,0.19,0.31,0.16,167.08,169.0,166.8,77.45,24.74,9.91,31.94,12.8,31.37,26.05
1882,2009-09-15,600519,167.2,165.55,168.81,164.23,17816,294648966.0,2.74,-0.92,-1.53,0.19,165.55,168.81,164.23,75.06,22.14,12.48,29.5,16.63,30.72,27.19
1883,2009-09-16,600519,165.03,164.76,166.9,162.88,13431,219954118.0,2.43,-0.48,-0.79,0.14,164.76,166.9,162.88,74.4,19.96,13.83,26.83,18.59,28.5,26.7
1884,2009-09-17,600519,164.8,164.77,165.75,164.41,16694,275360254.0,0.81,0.01,0.01,0.18,164.77,165.75,164.41,72.04,19.94,13.83,27.68,19.2,26.06,25.48
1885,2009-09-18,600519,164.8,162.78,164.85,162.0,18412,301101120.0,1.73,-1.21,-1.99,0.2,162.78,164.85,162.0,65.12,19.94,6.74,30.62,10.35,30.17,27.13
1886,2009-09-21,600519,161.33,165.42,165.6,159.2,26129,422889399.0,3.93,1.62,2.64,0.28,165.42,165.6,159.2,66.19,19.94,9.54,30.13,14.41,31.95,29.1
1887,2009-09-22,600519,165.11,169.59,171.69,164.48,40975,697323678.0,4.36,2.52,4.17,0.43,169.59,171.69,164.48,71.01,26.03,9.13,36.66,12.86,32.83,32.1
1888,2009-09-23,600519,169.69,165.19,170.9,165.0,21215,356415097.0,3.48,-2.59,-4.4,0.22,165.19,170.9,165.0,71.43,22.48,9.13,31.47,12.78,35.21,32.97
1889,2009-09-24,600519,165.0,161.62,165.0,159.76,18787,302998962.0,3.17,-2.16,-3.57,0.2,161.62,165.0,159.76,73.86,21.98,14.37,29.76,19.46,35.68,32.09
1890,2009-09-25,600519,162.0,164.49,166.66,162.0,18528,304628817.0,2.88,1.78,2.87,0.2,164.49,166.66,162.0,68.77,14.14,14.37,20.56,20.9,32.8,29.43
1891,2009-09-28,600519,164.6,164.1,166.51,164.0,13453,222874121.0,1.53,-0.24,-0.39,0.14,164.1,166.51,164.0,62.2,11.44,14.37,18.39,23.1,26.45,28.31
1892,2009-09-29,600519,164.0,162.24,165.0,161.5,15424,251534805.0,2.13,-1.13,-1.86,0.16,162.24,165.0,161.5,58.71,10.65,16.87,18.14,28.73,24.33,28.14
1893,2009-09-30,600519,163.99,164.86,166.78,163.0,12882,212532258.0,2.33,1.61,2.62,0.14,164.86,166.78,163.0,59.65,12.43,16.87,20.84,28.28,18.85,25.84
1894,2009-10-09,600519,166.8,168.36,168.99,166.7,12506,210257020.0,1.39,2.12,3.5,0.13,168.36,168.99,166.7,59.68,12.74,16.87,21.35,28.27,14.13,24.67
1895,2009-10-12,600519,169.0,167.02,169.99,166.9,8762,147502660.0,1.84,-0.8,-1.34,0.09,167.02,169.99,166.9,60.54,12.74,16.87,21.04,27.87,12.97,24.32
1896,2009-10-13,600519,166.01,165.89,168.49,164.5,10237,170054046.0,2.39,-0.68,-1.13,0.11,165.89,168.49,164.5,59.95,12.74,16.7,21.25,27.86,15.08,23.94
1897,2009-10-14,600519,166.46,164.28,166.49,163.11,37300,612459767.0,2.04,-0.97,-1.61,0.4,164.28,166.49,163.11,59.31,12.74,16.74,21.48,28.22,15.45,20.95
1898,2009-10-15,600519,164.87,161.14,164.87,160.41,28112,454982752.0,2.71,-1.91,-3.14,0.3,161.14,164.87,160.41,62.43,12.74,19.44,20.41,31.14,15.15,19.74
1899,2009-10-16,600519,161.12,159.98,162.0,159.16,27987,447651087.0,1.76,-0.72,-1.16,0.3,159.98,162.0,159.16,62.42,12.74,18.28,20.41,29.29,15.6,17.22
1900,2009-10-19,600519,160.21,162.49,162.5,158.95,43640,698074669.0,2.22,1.57,2.51,0.46,162.49,162.5,158.95,59.57,13.24,15.48,22.23,25.99,14.57,14.35
1901,2009-10-20,600519,162.7,165.43,165.6,161.01,40788,666676389.0,2.82,1.81,2.94,0.43,165.43,165.6,161.01,56.95,10.25,15.48,18.0,27.18,15.64,14.3
1902,2009-10-21,600519,165.0,160.89,165.0,160.8,38084,617367731.0,2.54,-2.74,-4.54,0.4,160.89,165.0,160.8,55.68,10.25,15.69,18.41,28.18,16.89,15.98
1903,2009-10-22,600519,160.1,158.92,161.97,157.98,36817,585366561.0,2.48,-1.22,-1.97,0.39,158.92,161.97,157.98,54.24,10.25,13.27,18.9,24.47,16.77,16.11
1904,2009-10-23,600519,158.92,159.31,160.2,158.3,46516,739672651.0,1.2,0.25,0.39,0.49,159.31,160.2,158.3,51.1,8.59,13.27,16.81,25.97,16.87,16.01
1905,2009-10-26,600519,159.97,156.59,159.98,156.26,45644,716061313.0,2.34,-1.71,-2.72,0.48,156.59,159.98,156.26,52.31,8.59,15.31,16.42,29.27,18.58,17.09
1906,2009-10-27,600519,156.59,155.99,157.0,155.5,25428,396334908.0,0.96,-0.38,-0.6,0.27,155.99,157.0,155.5,50.31,8.59,13.57,17.07,26.97,21.02,17.8
1907,2009-10-28,600519,156.1,157.43,157.85,155.8,19142,300201158.0,1.31,0.92,1.44,0.2,157.43,157.85,155.8,47.82,7.66,13.57,16.02,28.38,22.27,18.96
1908,2009-10-29,600519,156.4,156.36,158.38,155.6,20565,323781024.0,1.77,-0.68,-1.07,0.22,156.36,158.38,155.6,46.47,5.98,13.57,12.87,29.2,25.25,21.07
1909,2009-10-30,600519,157.5,157.61,157.89,156.3,27504,432308188.0,1.02,0.8,1.25,0.29,157.61,157.89,156.3,44.97,4.98,13.57,11.07,30.18,30.83,23.8
1910,2009-11-02,600519,156.0,160.01,160.1,155.48,32020,506826774.0,2.93,1.52,2.4,0.34,160.01,160.1,155.48,45.6,7.19,11.17,15.77,24.5,30.87,23.87
1911,2009-11-03,600519,160.0,159.88,161.4,159.06,20119,322722635.0,1.46,-0.08,-0.13,0.21,159.88,161.4,159.06,44.56,8.49,9.78,19.05,21.95,27.36,22.97
1912,2009-11-04,600519,159.87,162.53,163.01,159.0,33612,543718745.0,2.51,1.66,2.65,0.36,162.53,163.01,159.0,44.11,10.1,7.08,22.9,16.05,26.55,23.79
1913,2009-11-05,600519,162.49,162.33,163.35,161.51,20029,325198987.0,1.13,-0.12,-0.2,0.21,162.33,163.35,161.51,43.11,10.44,5.83,24.22,13.52,26.63,24.45
1914,2009-11-06,600519,163.11,161.04,163.19,160.31,26422,427266654.0,1.77,-0.79,-1.29,0.28,161.04,163.19,160.31,42.44,9.94,7.03,23.42,16.56,23.02,24.13
1915,2009-11-09,600519,161.04,159.89,161.8,159.3,18476,295938895.0,1.55,-0.71,-1.15,0.2,159.89,161.8,159.3,40.35,6.84,8.04,16.95,19.93,16.64,23.74
1916,2009-11-10,600519,160.43,160.35,161.61,159.0,32878,527631019.0,1.63,0.29,0.46,0.35,160.35,161.61,159.0,38.33,6.84,8.13,17.85,21.21,14.47,22.67
1917,2009-11-11,600519,160.15,163.42,165.8,160.15,42757,698929654.0,3.52,1.91,3.07,0.45,163.42,165.8,160.15,39.99,11.03,5.31,27.58,13.28,19.12,23.24
1918,2009-11-12,600519,163.45,166.5,167.61,163.2,42621,706940280.0,2.7,1.88,3.08,0.45,166.5,167.61,163.2,42.5,12.84,5.31,30.21,12.49,23.11,24.83
1919,2009-11-13,600519,166.6,168.57,170.3,165.23,50108,845848184.0,3.05,1.24,2.07,0.53,168.57,170.3,165.23,43.85,15.53,3.27,35.42,7.46,29.26,27.94
1920,2009-11-16,600519,168.88,173.88,175.53,168.88,41480,721755719.0,3.94,3.15,5.31,0.44,173.88,175.53,168.88,49.31,20.76,2.51,42.1,5.09,39.47,31.24
1921,2009-11-17,600519,174.0,174.0,175.0,168.8,29399,506410452.0,3.57,0.07,0.12,0.31,174.0,175.0,168.8,53.46,19.91,2.59,37.24,4.84,50.95,33.8
1922,2009-11-18,600519,172.82,170.96,174.4,170.85,16440,282834420.0,2.04,-1.75,-3.04,0.17,170.96,174.4,170.85,54.23,19.38,2.59,35.74,4.78,62.26,38.36
1923,2009-11-19,600519,171.08,170.11,172.79,169.2,17109,291816172.0,2.1,-0.5,-0.85,0.18,170.11,172.79,169.2,56.23,19.38,4.24,34.47,7.54,67.1,43.11
1924,2009-11-20,600519,170.03,168.86,170.5,168.46,23133,391812970.0,1.2,-0.73,-1.25,0.25,168.86,170.5,168.46,53.65,17.17,4.98,32.0,9.28,69.36,46.24
1925,2009-11-23,600519,169.1,171.78,172.0,168.83,35331,602278226.0,1.88,1.73,2.92,0.37,171.78,172.0,168.83,54.48,17.37,4.98,31.88,9.14,67.73,48.49
1926,2009-11-24,600519,172.89,169.84,177.11,169.6,43379,757143585.0,4.37,-1.13,-1.94,0.46,169.84,177.11,169.6,57.98,20.87,4.98,36.0,8.59,64.91,52.19
1927,2009-11-25,600519,169.9,174.06,174.88,169.9,32233,557388538.0,2.93,2.48,4.22,0.34,174.06,174.88,169.9,61.18,20.53,4.98,33.56,8.14,62.24,56.6
1928,2009-11-26,600519,174.89,168.49,174.89,168.4,26501,452465235.0,3.73,-3.2,-5.57,0.28,168.49,174.89,168.4,64.79,20.53,5.28,31.69,8.15,59.35,60.8
1929,2009-11-27,600519,168.32,165.21,168.6,165.06,24670,411859873.0,2.1,-1.95,-3.28,0.26,165.21,168.6,165.06,65.83,20.53,7.61,31.19,11.56,56.32,61.71
1930,2009-11-30,600519,166.98,173.91,174.44,165.4,43747,749610425.0,5.47,5.27,8.7,0.46,173.91,174.44,165.4,72.45,26.37,7.31,36.4,10.09,56.58,62.97
1931,2009-12-01,600519,172.75,177.24,178.2,172.02,39579,698056574.0,3.55,1.91,3.33,0.42,177.24,178.2,172.02,72.98,25.94,7.31,35.54,10.02,56.67,62.2
1932,2009-12-02,600519,177.24,176.14,177.44,173.88,20596,362528922.0,2.01,-0.62,-1.1,0.22,176.14,177.44,173.88,72.13,24.13,7.31,33.45,10.13,55.35,60.13
1933,2009-12-03,600519,175.99,173.9,176.02,171.65,25006,433467098.0,2.48,-1.27,-2.24,0.26,173.9,176.02,171.65,71.55,21.44,9.54,29.97,13.33,51.59,56.91
1934,2009-12-04,600519,173.9,170.9,173.9,169.01,31035,530120181.0,2.81,-1.73,-3.0,0.33,170.9,173.9,169.01,69.48,16.21,12.18,23.33,17.53,44.11,51.73
1935,2009-12-07,600519,180.0,176.53,181.06,174.8,45683,808969972.0,3.66,3.29,5.63,0.48,176.53,181.06,174.8,73.44,23.37,12.1,31.82,16.48,41.75,49.03
1936,2009-12-08,600519,176.57,174.56,178.0,173.5,26144,456591109.0,2.55,-1.12,-1.97,0.28,174.56,178.0,173.5,74.39,23.37,13.4,31.42,18.01,36.84,46.71
1937,2009-12-09,600519,174.0,172.81,174.44,171.8,17824,308029900.0,1.51,-1.0,-1.75,0.19,172.81,174.44,171.8,73.56,23.37,13.45,31.77,18.28,31.99,44.33
1938,2009-12-10,600519,174.02,174.42,174.55,172.38,16404,284681531.0,1.26,0.93,1.61,0.17,174.42,174.55,172.38,73.69,23.48,12.71,31.86,17.25,28.03,41.69
1939,2009-12-11,600519,175.01,174.91,175.97,173.5,16594,290069819.0,1.42,0.28,0.49,0.18,174.91,175.97,173.5,72.99,23.4,12.71,32.06,17.41,26.56,39.08
1940,2009-12-14,600519,175.5,174.38,175.5,172.86,21182,368762139.0,1.51,-0.3,-0.53,0.22,174.38,175.5,172.86,68.12,18.29,13.35,26.85,19.6,26.8,35.45
1941,2009-12-15,600519,174.5,172.92,175.0,171.85,20791,359287534.0,1.81,-0.84,-1.46,0.22,172.92,175.0,171.85,66.23,18.29,14.36,27.62,21.68,23.51,32.63
1942,2009-12-16,600519,172.9,169.4,172.91,168.79,32650,555677963.0,2.38,-2.04,-3.52,0.35,169.4,172.91,168.79,63.87,18.29,15.92,28.64,24.93,20.15,28.49
1943,2009-12-17,600519,170.11,166.34,170.11,166.1,27957,469717785.0,2.37,-1.81,-3.06,0.3,166.34,170.11,166.1,64.34,18.29,15.27,28.43,23.73,17.16,24.57
1944,2009-12-18,600519,166.0,165.26,166.09,163.5,18309,302160706.0,1.56,-0.65,-1.08,0.19,165.26,166.09,163.5,57.95,12.45,17.87,21.48,30.84,15.18,21.6
1945,2009-12-21,600519,166.0,167.77,169.23,166.0,18123,303592013.0,1.95,1.52,2.51,0.19,167.77,169.23,166.0,55.74,11.83,17.87,21.22,32.06,13.63,20.1
1946,2009-12-22,600519,168.19,166.87,168.5,165.5,16264,271984510.0,1.79,-0.54,-0.9,0.17,166.87,168.5,165.5,55.18,11.83,18.37,21.44,33.29,14.64,20.72
1947,2009-12-23,600519,166.84,167.68,168.1,166.03,20919,350286334.0,1.24,0.49,0.81,0.22,167.68,168.1,166.03,52.76,11.83,16.14,22.42,30.59,15.2,19.36
1948,2009-12-24,600519,167.0,172.45,173.93,166.81,38204,655732970.0,4.25,2.84,4.77,0.4,172.45,173.93,166.81,54.99,17.66,13.5,32.11,24.55,16.27,18.21
1949,2009-12-25,600519,172.45,170.44,173.0,169.19,31847,542382941.0,2.21,-1.17,-2.01,0.34,170.44,173.0,169.19,48.64,10.5,13.5,21.59,27.75,16.85,17.01
1950,2009-12-28,600519,170.2,170.4,171.96,169.5,27905,474640192.0,1.44,-0.02,-0.04,0.3,170.4,171.96,169.5,46.6,10.5,12.2,22.53,26.18,15.12,15.15
1951,2009-12-29,600519,171.49,171.2,171.74,169.8,21527,367265881.0,1.14,0.47,0.8,0.23,171.2,171.74,169.8,45.78,10.5,10.5,22.94,22.94,11.73,12.68
1952,2009-12-30,600519,171.49,169.08,171.49,168.0,48254,815387555.0,2.04,-1.24,-2.12,0.51,169.08,171.49,168.0,47.1,10.39,12.3,22.06,26.11,9.53,12.08
1953,2009-12-31,600519,169.23,169.82,170.05,168.8,29934,507306247.0,0.74,0.44,0.74,0.32,169.82,170.05,168.8,45.88,8.97,12.3,19.55,26.81,9.57,12.38
1954,2010-01-04,600519,172.0,169.94,172.0,169.31,44305,753405635.0,1.58,0.07,0.12,0.47,169.94,172.0,169.31,45.93,10.92,11.66,23.78,25.39,7.89,12.08
1955,2010-01-05,600519,170.99,169.44,171.5,169.0,31513,535720422.0,1.47,-0.29,-0.5,0.33,169.44,171.5,169.0,45.28,10.92,10.96,24.12,24.2,5.84,11.35
1956,2010-01-06,600519,168.99,166.76,169.5,166.31,39889,666073283.0,1.88,-1.58,-2.68,0.42,166.76,169.5,166.31,44.34,10.92,10.59,24.63,23.88,4.84,9.98
1957,2010-01-07,600519,166.76,163.72,167.19,161.88,48826,801445269.0,3.18,-1.82,-3.04,0.52,163.72,167.19,161.88,45.64,10.92,12.33,23.93,27.02,5.86,8.79
1958,2010-01-08,600519,164.0,162.0,164.0,160.1,36702,593162176.0,2.38,-1.05,-1.72,0.39,162.0,164.0,160.1,46.7,10.92,11.51,23.38,24.65,4.89,7.21
1959,2010-01-11,600519,163.6,161.29,164.9,160.5,24461,395563861.0,2.72,-0.44,-0.71,0.26,161.29,164.9,160.5,47.13,8.68,11.51,18.42,24.42,4.62,7.09
1960,2010-01-12,600519,161.45,165.65,166.17,160.61,31063,509373871.0,3.45,2.7,4.36,0.33,165.65,166.17,160.61,49.69,9.95,11.01,20.02,22.16,4.91,6.4
1961,2010-01-13,600519,163.99,161.44,165.15,161.0,37924,621261800.0,2.51,-2.54,-4.21,0.4,161.44,165.15,161.0,52.27,9.95,11.01,19.04,21.06,5.73,5.78
1962,2010-01-14,600519,162.0,168.54,169.2,162.0,46455,775471608.0,4.46,4.4,7.1,0.49,168.54,169.2,162.0,52.91,8.17,11.01,15.44,20.81,7.94,6.39
1963,2010-01-15,600519,168.51,169.87,173.38,168.51,45939,788328964.0,2.89,0.79,1.33,0.49,169.87,173.38,168.51,53.97,12.35,11.01,22.88,20.4,7.88,6.87
1964,2010-01-18,600519,170.0,170.98,172.26,169.9,21462,368485894.0,1.39,0.65,1.11,0.23,170.98,172.26,169.9,53.9,12.35,11.01,22.91,20.43,8.4,6.65
1965,2010-01-19,600519,170.99,169.77,171.5,169.5,17819,302797491.0,1.17,-0.71,-1.21,0.19,169.77,171.5,169.5,53.96,12.35,11.41,22.89,21.15,6.73,5.67
1966,2010-01-20,600519,169.91,165.92,170.15,165.8,20973,353315689.0,2.56,-2.27,-3.85,0.22,165.92,170.15,165.8,54.82,12.35,13.31,22.53,24.28,6.51,5.71
1967,2010-01-21,600519,165.86,166.73,168.38,165.5,17257,287779661.0,1.74,0.49,0.81,0.18,166.73,168.38,165.5,56.45,12.35,13.61,21.88,24.11,6.47,6.1
1968,2010-01-22,600519,166.6,164.13,167.29,161.89,25433,416305093.0,3.24,-1.56,-2.6,0.27,164.13,167.29,161.89,59.16,10.4,17.22,17.58,29.11,8.12,8.03
1969,2010-01-25,600519,163.85,166.04,167.3,162.51,23239,385581318.0,2.92,1.16,1.91,0.25,166.04,167.3,162.51,61.45,10.41,16.91,16.94,27.52,11.13,9.51
1970,2010-01-26,600519,168.27,166.7,170.17,164.6,32889,553152669.0,3.35,0.4,0.66,0.35,166.7,170.17,164.6,63.83,13.28,14.22,20.81,22.28,10.74,9.57
1971,2010-01-27,600519,166.03,163.98,167.78,163.6,19317,320765897.0,2.51,-1.63,-2.72,0.2,163.98,167.78,163.6,62.7,13.28,10.79,21.18,17.21,11.81,9.27
1972,2010-01-28,600519,163.86,169.2,170.35,163.5,30268,507716302.0,4.18,3.18,5.22,0.32,169.2,170.35,163.5,65.65,15.85,9.01,24.14,13.72,15.77,11.14
1973,2010-01-29,600519,169.95,168.54,170.2,167.68,37173,628192888.0,1.49,-0.39,-0.66,0.39,168.54,170.2,167.68,63.77,14.95,9.01,23.44,14.13,19.09,12.78
1974,2010-02-01,600519,168.88,168.89,169.58,167.01,29656,499867002.0,1.52,0.21,0.35,0.31,168.89,169.58,167.01,60.78,13.68,9.68,22.51,15.93,17.83,12.97
1975,2010-02-02,600519,168.0,166.52,170.0,166.29,15494,260426281.0,2.2,-1.4,-2.37,0.16,166.52,170.0,166.29,59.84,13.68,10.4,22.86,17.38,16.14,13.63
1976,2010-02-03,600519,166.21,165.93,168.1,164.2,23035,382974414.0,2.34,-0.35,-0.59,0.24,165.93,168.1,164.2,55.98,9.63,12.49,17.2,22.31,17.72,14.23
1977,2010-02-04,600519,165.9,168.6,169.25,165.13,22475,376703449.0,2.48,1.61,2.67,0.24,168.6,169.25,165.13,55.23,6.6,12.49,11.95,22.61,21.14,16.47
1978,2010-02-05,600519,167.61,171.25,171.88,167.0,26234,445744684.0,2.89,1.57,2.65,0.28,171.25,171.88,167.0,57.72,9.23,12.49,15.99,21.64,19.05,17.41
1979,2010-02-08,600519,171.25,171.23,175.6,170.52,31496,548228595.0,2.97,-0.01,-0.02,0.33,171.23,175.6,170.52,60.8,12.95,12.09,21.3,19.88,15.5,17.29
1980,2010-02-09,600519,172.0,171.11,173.33,170.53,14151,243172993.0,1.64,-0.07,-0.12,0.15,171.11,173.33,170.53,59.25,12.95,8.39,21.86,14.16,16.2,17.02
1981,2010-02-10,600519,172.0,171.83,172.59,170.7,6398,109830207.0,1.1,0.42,0.72,0.07,171.83,172.59,170.7,58.26,12.95,8.09,22.23,13.89,17.78,16.96
1982,2010-02-11,600519,171.8,173.38,174.44,171.6,14945,259254548.0,1.65,0.9,1.55,0.16,173.38,174.44,171.6,55.7,14.8,4.48,26.57,8.04,24.55,21.13
1983,2010-02-12,600519,173.97,173.09,174.2,172.2,9346,161899961.0,1.15,-0.17,-0.29,0.1,173.09,174.2,172.2,52.91,14.79,4.48,27.95,8.47,28.32,24.73
1984,2010-02-22,600519,173.0,169.08,173.1,169.07,12178,207127846.0,2.33,-2.32,-4.01,0.13,169.08,173.1,169.07,51.37,11.92,7.61,23.2,14.81,29.5,24.28
1985,2010-02-23,600519,169.25,166.75,170.5,164.7,23562,391601201.0,3.43,-1.38,-2.33,0.25,166.75,170.5,164.7,52.99,11.92,10.98,22.49,20.72,29.61,22.55
1986,2010-02-24,600519,166.76,167.92,168.6,165.5,9904,165405133.0,1.86,0.7,1.17,0.1,167.92,168.6,165.5,49.24,9.35,10.98,18.99,22.3,27.39,21.79
1987,2010-02-25,600519,166.9,168.25,170.0,166.9,15314,258220826.0,1.85,0.2,0.33,0.16,168.25,170.0,166.9,49.82,10.75,10.98,21.58,22.04,23.71,20.75
1988,2010-02-26,600519,168.98,166.84,168.98,166.6,10339,173028879.0,1.41,-0.84,-1.41,0.11,166.84,168.98,166.6,49.63,10.75,10.61,21.66,21.38,14.9,19.72
1989,2010-03-01,600519,166.45,166.24,167.45,165.99,21735,361550327.0,0.88,-0.36,-0.6,0.23,166.24,167.45,165.99,47.38,10.75,10.5,22.69,22.16,6.18,17.25
1990,2010-03-02,600519,166.61,165.6,166.79,164.9,17182,284524248.0,1.14,-0.38,-0.64,0.18,165.6,166.79,164.9,45.37,10.75,9.5,23.69,20.94,3.53,16.52
1991,2010-03-03,600519,165.99,165.66,166.24,164.93,14233,235470730.0,0.79,0.04,0.06,0.15,165.66,166.24,164.93,42.56,9.6,9.5,22.56,22.32,2.93,16.27
1992,2010-03-04,600519,166.02,165.14,166.85,164.0,14169,234440689.0,1.72,-0.31,-0.52,0.15,165.14,166.85,164.0,40.53,6.97,10.43,17.2,25.73,4.91,16.15
1993,2010-03-05,600519,165.15,164.41,165.45,164.28,9771,160821083.0,0.71,-0.44,-0.73,0.1,164.41,165.45,164.28,36.62,3.25,10.43,8.87,28.48,13.48,18.6
1994,2010-03-08,600519,164.48,163.18,164.98,162.8,23259,380034354.0,1.33,-0.75,-1.23,0.25,163.18,164.98,162.8,36.0,3.25,11.91,9.03,33.08,22.89,18.9
1995,2010-03-09,600519,163.2,163.17,163.7,162.7,12341,201437828.0,0.61,-0.01,-0.01,0.13,163.17,163.7,162.7,35.11,3.25,12.01,9.26,34.21,32.27,19.22
1996,2010-03-10,600519,163.27,163.66,163.7,162.9,11814,192984027.0,0.49,0.3,0.49,0.13,163.66,163.7,162.9,33.07,1.4,12.01,4.23,36.32,44.42,23.98
1997,2010-03-11,600519,163.86,163.01,164.45,162.58,13519,220769894.0,1.14,-0.4,-0.65,0.14,163.01,164.45,162.58,32.94,2.15,12.01,6.53,36.46,55.94,29.44
1998,2010-03-12,600519,163.02,161.92,163.67,161.59,12192,197699619.0,1.28,-0.67,-1.09,0.13,161.92,163.67,161.59,30.99,2.15,9.87,6.94,31.85,63.33,34.12
1999,2010-03-15,600519,161.91,158.7,161.91,157.9,15809,251338919.0,2.48,-1.99,-3.22,0.17,158.7,161.91,157.9,29.21,2.15,9.19,7.36,31.46,64.93,39.21
2000,2010-03-16,600519,158.7,158.94,159.65,157.9,7764,123284715.0,1.1,0.15,0.24,0.08,158.94,159.65,157.9,27.86,2.15,9.19,7.72,32.99,65.76,44.33
2001,2010-03-17,600519,158.98,160.51,160.58,158.9,18711,298972351.0,1.06,0.99,1.57,0.2,160.51,160.58,158.9,26.44,1.68,9.19,6.35,34.76,67.71,49.99
2002,2010-03-18,600519,160.58,158.41,161.37,157.75,14727,234364030.0,2.26,-1.31,-2.1,0.16,158.41,161.37,157.75,27.68,1.68,10.04,6.07,36.27,66.41,55.42
2003,2010-03-19,600519,158.88,158.76,159.34,158.0,13362,212046433.0,0.85,0.22,0.35,0.14,158.76,159.34,158.0,27.56,1.68,9.43,6.1,34.22,66.43,61.18
2004,2010-03-22,600519,159.24,158.0,159.6,157.68,23008,364454790.0,1.21,-0.48,-0.76,0.24,158.0,159.6,157.68,27.59,1.68,8.66,6.09,31.39,66.97,65.15
2005,2010-03-23,600519,157.81,157.28,158.48,156.92,18330,288785264.0,0.99,-0.46,-0.72,0.19,157.28,158.48,156.92,27.84,1.68,9.42,6.03,33.84,68.25,66.59
2006,2010-03-24,600519,157.58,159.15,159.78,157.55,20176,320611718.0,1.42,1.19,1.87,0.21,159.15,159.78,157.55,27.49,2.98,8.49,10.84,30.88,65.91,65.83
2007,2010-03-25,600519,158.9,157.9,158.9,157.8,9814,155141078.0,0.69,-0.79,-1.25,0.1,157.9,158.9,157.8,27.67,2.98,8.49,10.77,30.68,62.4,65.05
2008,2010-03-26,600519,158.17,159.66,160.88,158.08,20527,328239751.0,1.77,1.11,1.76,0.22,159.66,160.88,158.08,28.47,4.96,7.01,17.42,24.62,53.37,59.89
2009,2010-03-29,600519,159.7,161.72,161.97,159.01,31475,505626392.0,1.85,1.29,2.06,0.33,161.72,161.97,159.01,30.43,6.05,6.91,19.88,22.71,42.85,54.64
2010,2010-03-30,600519,161.76,160.01,161.96,159.5,19012,304981145.0,1.52,-1.06,-1.71,0.2,160.01,161.96,159.5,32.09,6.05,6.91,18.85,21.53,32.7,49.84
2011,2010-03-31,600519,159.97,158.76,161.62,158.5,14905,237596436.0,1.95,-0.78,-1.25,0.16,158.76,161.62,158.5,33.34,5.3,7.91,15.9,23.73,24.37,46.31
2012,2010-04-01,600519,158.78,160.06,160.5,158.76,23981,383228783.0,1.1,0.82,1.3,0.25,160.06,160.5,158.76,33.0,5.3,6.92,16.06,20.97,18.58,42.24
2013,2010-04-02,600519,158.0,152.63,158.0,151.6,154282,2359758883.0,4.0,-4.64,-7.43,1.63,152.63,158.0,151.6,37.44,5.3,10.39,14.16,27.75,15.98,39.19
2014,2010-04-06,600519,151.9,151.84,152.99,151.3,53123,806704607.0,1.11,-0.52,-0.79,0.56,151.84,152.99,151.3,37.38,5.3,10.69,14.18,28.6,18.74,36.05
2015,2010-04-07,600519,151.87,152.13,152.85,151.22,41061,623779291.0,1.07,0.19,0.29,0.44,152.13,152.85,151.22,37.33,4.37,10.77,11.71,28.85,24.68,33.76
2016,2010-04-08,600519,152.16,150.51,152.17,150.0,32921,497205376.0,1.43,-1.06,-1.62,0.35,150.51,152.17,150.0,35.88,4.37,10.84,12.18,30.21,30.66,31.68
2017,2010-04-09,600519,150.01,149.14,150.6,147.79,54418,809627274.0,1.87,-0.91,-1.37,0.58,149.14,150.6,147.79,37.35,4.37,13.05,11.7,34.94,35.67,30.02
2018,2010-04-12,600519,149.2,147.29,149.78,146.78,38514,568871643.0,2.01,-1.24,-1.85,0.41,147.29,149.78,146.78,38.43,4.37,13.74,11.37,35.75,42.09,30.33
2019,2010-04-13,600519,147.4,149.88,150.99,146.9,54305,807780230.0,2.78,1.76,2.59,0.58,149.88,150.99,146.9,40.96,5.58,12.98,13.62,31.69,43.33,29.65
2020,2010-04-14,600519,150.87,150.52,150.87,148.26,46368,693802745.0,1.74,0.43,0.64,0.49,150.52,150.87,148.26,41.07,4.28,12.98,10.42,31.6,46.11,32.42
2021,2010-04-15,600519,150.65,147.48,150.65,147.0,40617,602138292.0,2.42,-2.02,-3.04,0.43,147.48,150.65,147.0,43.37,4.28,14.24,9.87,32.83,48.03,36.35
2022,2010-04-16,600519,147.47,147.98,149.51,146.8,29396,434500524.0,1.84,0.34,0.5,0.31,147.98,149.51,146.8,43.1,2.3,14.44,5.34,33.5,53.02,41.84
2023,2010-04-19,600519,148.01,146.16,149.55,145.85,41332,609860437.0,2.5,-1.23,-1.82,0.44,146.16,149.55,145.85,43.84,1.21,15.39,2.76,35.1,58.96,47.32
2024,2010-04-20,600519,146.0,143.52,146.0,140.12,49387,704502590.0,4.02,-1.81,-2.64,0.52,143.52,146.0,140.12,47.42,1.21,21.12,2.55,44.54,65.19,53.64
2025,2010-04-21,600519,143.5,148.02,148.21,141.71,63366,922573405.0,4.53,3.14,4.5,0.67,148.02,148.21,141.71,50.8,3.42,20.12,6.73,39.61,70.37,56.85
2026,2010-04-22,600519,147.35,148.56,149.25,146.03,37064,549560405.0,2.18,0.36,0.54,0.39,148.56,149.25,146.03,52.28,4.46,20.12,8.53,38.49,72.59,59.35
2027,2010-04-23,600519,148.0,143.83,149.6,143.1,66687,972162191.0,4.38,-3.18,-4.73,0.71,143.83,149.6,143.1,50.32,4.46,15.89,8.86,31.58,72.99,60.51
2028,2010-04-26,600519,139.0,136.93,139.58,136.9,107036,1480340425.0,1.86,-4.8,-6.9,1.13,136.93,139.58,136.9,55.56,4.46,21.79,8.03,39.22,71.9,62.46
2029,2010-04-27,600519,136.89,132.95,136.89,132.7,58234,781868466.0,3.06,-2.91,-3.98,0.62,132.95,136.89,132.7,58.16,4.46,25.91,7.67,44.55,69.44,64.2
2030,2010-04-28,600519,132.0,132.13,133.4,131.0,26287,347144556.0,1.81,-0.62,-0.82,0.28,132.13,133.4,131.0,58.39,4.46,26.39,7.64,45.2,66.43,65.81
2031,2010-04-29,600519,132.56,134.25,135.26,132.56,34501,464124490.0,2.04,1.6,2.12,0.37,134.25,135.26,132.56,58.71,6.32,24.18,10.76,41.19,64.36,67.37
2032,2010-04-30,600519,131.43,129.03,131.43,127.75,85567,1102902799.0,2.74,-3.89,-5.22,0.91,129.03,131.43,127.75,62.21,6.32,27.98,10.16,44.98,64.27,68.43
2033,2010-05-04,600519,127.99,128.64,129.56,126.89,23975,308504586.0,2.07,-0.3,-0.39,0.25,128.64,129.56,126.89,60.79,5.11,28.84,8.41,47.44,66.56,69.77
2034,2010-05-05,600519,127.8,130.79,131.24,127.3,33839,440483241.0,3.06,1.67,2.15,0.36,130.79,131.24,127.3,62.12,6.79,28.84,10.93,46.43,65.87,68.89
2035,2010-05-06,600519,131.0,127.35,131.0,127.3,28240,364015607.0,2.83,-2.63,-3.44,0.3,127.35,131.0,127.3,62.17,6.79,27.58,10.92,44.36,64.18,66.81
2036,2010-05-07,600519,126.0,130.01,130.37,125.5,31255,401357091.0,3.82,2.09,2.66,0.33,130.01,130.37,125.5,64.33,6.79,29.18,10.55,45.36,62.7,64.56
2037,2010-05-10,600519,132.0,133.54,136.0,132.0,66193,888886062.0,3.08,2.72,3.53,0.7,133.54,136.0,132.0,66.62,12.42,28.23,18.64,42.37,59.43,61.89
2038,2010-05-11,600519,135.59,133.66,136.0,132.83,33632,450668323.0,2.37,0.09,0.12,0.36,133.66,136.0,132.83,63.75,12.42,22.5,19.48,35.29,53.71,58.99
2039,2010-05-12,600519,133.29,133.18,134.0,130.0,21643,285567368.0,2.99,-0.36,-0.48,0.23,133.18,134.0,130.0,61.25,10.21,25.33,16.67,41.36,49.15,57.86
2040,2010-05-13,600519,133.23,134.87,135.7,133.23,27050,365164014.0,1.85,1.27,1.69,0.29,134.87,135.7,133.23,60.55,10.87,25.33,17.95,41.83,45.5,55.68
2041,2010-05-14,600519,134.88,134.95,136.11,134.0,18126,245038802.0,1.56,0.06,0.08,0.19,134.95,136.11,134.0,56.16,11.28,22.4,20.09,39.89,40.92,52.55
2042,2010-05-17,600519,134.7,129.8,134.7,129.6,17644,231880074.0,3.78,-3.82,-5.15,0.19,129.8,134.7,129.6,54.58,11.28,20.6,20.67,37.74,35.42,49.06
2043,2010-05-18,600519,130.0,130.11,130.97,126.18,26037,334232104.0,3.69,0.24,0.31,0.28,130.11,130.97,126.18,55.14,11.28,19.82,20.46,35.94,33.51,46.47
2044,2010-05-19,600519,130.5,129.83,131.2,128.02,10799,140244493.0,2.44,-0.22,-0.28,0.11,129.83,131.2,128.02,55.92,11.51,18.12,20.58,32.4,32.42,43.07
2045,2010-05-20,600519,129.45,131.48,133.33,129.01,22740,300553538.0,3.33,1.27,1.65,0.24,131.48,133.33,129.01,57.11,11.78,18.12,20.63,31.73,28.86,39.01
2046,2010-05-21,600519,129.4,134.21,134.6,128.47,27341,362007811.0,4.66,2.08,2.73,0.29,134.21,134.6,128.47,56.74,13.05,13.31,23.0,23.46,22.37,33.93
2047,2010-05-24,600519,134.99,135.97,136.5,134.3,29783,404173639.0,1.64,1.31,1.76,0.32,135.97,136.5,134.3,56.36,14.95,12.45,26.53,22.09,18.39,29.65
2048,2010-05-25,600519,135.6,131.25,135.6,130.75,22051,292444449.0,3.57,-3.47,-4.72,0.23,131.25,135.6,130.75,57.64,13.27,16.0,23.02,27.76,15.07,25.24
2049,2010-05-26,600519,131.5,131.94,132.66,130.16,11025,145156073.0,1.9,0.53,0.69,0.12,131.94,132.66,130.16,56.44,13.27,16.59,23.51,29.39,12.34,22.93
2050,2010-05-31,600519,133.5,131.88,135.22,131.88,23550,314717160.0,2.53,-0.05,-0.06,0.25,131.88,135.22,131.88,54.91,15.83,14.79,28.83,26.93,9.19,20.81
2051,2010-06-01,600519,131.75,132.63,133.46,130.5,23526,311393511.0,2.24,0.57,0.75,0.25,132.63,133.46,130.5,51.88,10.2,16.17,19.66,31.17,9.43,19.15
2052,2010-06-02,600519,132.56,134.16,134.4,131.65,21889,291694861.0,2.07,1.15,1.53,0.23,134.16,134.4,131.65,51.46,11.14,16.17,21.65,31.42,12.34,17.35
2053,2010-06-03,600519,134.99,135.03,136.5,133.4,24949,338070633.0,2.31,0.65,0.87,0.26,135.03,136.5,133.4,50.56,13.24,13.34,26.19,26.38,10.88,14.63
2054,2010-06-04,600519,134.93,138.12,138.4,134.21,30036,410658458.0,3.1,2.29,3.09,0.32,138.12,138.4,134.21,52.23,13.44,13.34,25.73,25.54,9.39,12.23
2055,2010-06-07,600519,137.0,141.06,142.27,136.0,38125,535882247.0,4.54,2.13,2.94,0.4,141.06,142.27,136.0,56.39,16.9,13.34,29.97,23.66,9.5,10.92
2056,2010-06-08,600519,141.06,140.12,141.88,139.0,14395,202331408.0,2.04,-0.67,-0.94,0.15,140.12,141.88,139.0,53.92,16.9,8.94,31.34,16.58,14.06,11.63
2057,2010-06-09,600519,140.22,141.42,142.6,140.08,18054,255194304.0,1.8,0.93,1.3,0.19,141.42,142.6,140.08,51.65,17.62,5.52,34.11,10.69,19.01,14.22
2058,2010-06-10,600519,141.4,141.35,142.6,140.53,11781,166835001.0,1.46,-0.05,-0.07,0.12,141.35,142.6,140.53,50.54,17.39,5.52,34.41,10.92,24.57,18.45
2059,2010-06-11,600519,141.57,138.71,142.5,138.56,19573,274933803.0,2.79,-1.87,-2.64,0.21,138.71,142.5,138.56,50.16,15.26,7.49,30.42,14.93,30.2,20.54
2060,2010-06-17,600519,139.2,136.48,139.49,136.31,12524,172316218.0,2.29,-1.61,-2.23,0.13,136.48,139.49,136.31,47.21,13.99,9.74,29.63,20.63,33.12,21.26
2061,2010-06-18,600519,136.01,132.26,136.8,131.01,20102,270316817.0,4.24,-3.09,-4.22,0.21,132.26,136.8,131.01,50.71,12.09,15.04,23.84,29.66,32.97,21.24
2062,2010-06-21,600519,132.4,134.44,134.5,131.2,18954,251513446.0,2.5,1.65,2.18,0.2,134.44,134.5,131.2,48.79,12.09,11.49,24.78,23.55,28.26,21.16
2063,2010-06-22,600519,133.26,132.19,133.94,131.4,20779,275184084.0,1.89,-1.67,-2.25,0.22,132.19,133.94,131.4,49.33,12.09,10.9,24.51,22.1,20.41,19.71
2064,2010-06-23,600519,132.0,131.7,132.88,131.42,12813,169174743.0,1.1,-0.37,-0.49,0.14,131.7,132.88,131.42,47.45,9.53,10.9,20.08,22.97,12.89,18.73
2065,2010-06-24,600519,131.91,129.97,132.47,129.68,24344,317936253.0,2.12,-1.31,-1.73,0.26,129.97,132.47,129.68,47.28,9.53,11.26,20.16,23.82,8.59,19.39
2066,2010-06-25,600519,129.8,130.52,131.0,128.83,19011,246313336.0,1.67,0.42,0.55,0.2,130.52,131.0,128.83,46.7,8.59,12.11,18.39,25.93,8.44,20.78
2067,2010-06-28,600519,130.2,128.01,130.22,127.81,14817,190660624.0,1.85,-1.92,-2.51,0.16,128.01,130.22,127.81,46.31,6.49,13.13,14.01,28.35,12.27,22.62
2068,2010-06-29,600519,128.51,126.27,129.39,125.51,27783,354061610.0,3.03,-1.36,-1.74,0.29,126.27,129.39,125.51,46.0,4.59,15.43,9.98,33.54,20.87,24.57
2069,2010-06-30,600519,126.0,127.36,127.5,125.65,17824,225134758.0,1.47,0.86,1.09,0.19,127.36,127.5,125.65,41.58,0.72,15.43,1.73,37.11,35.18,27.8
2070,2010-07-01,600519,127.85,127.02,127.85,126.5,7450,94688255.0,1.06,-0.27,-0.34,0.08,127.02,127.85,126.5,40.05,1.07,15.43,2.67,38.53,48.57,30.73
2071,2010-07-02,600519,126.55,127.68,129.1,126.55,16453,209978232.0,2.01,0.52,0.66,0.17,127.68,129.1,126.55,40.08,1.6,15.43,3.99,38.5,60.72,34.65
2072,2010-07-05,600519,126.5,125.81,126.8,124.56,14041,176428087.0,1.75,-1.46,-1.87,0.15,125.81,126.8,124.56,41.13,1.6,17.42,3.89,42.35,71.75,40.09
2073,2010-07-06,600519,125.9,127.6,128.16,125.0,15306,195146898.0,2.51,1.42,1.79,0.16,127.6,128.16,125.0,40.35,2.96,15.45,7.34,38.29,77.41,44.84
2074,2010-07-07,600519,127.6,127.32,128.5,126.5,8788,111689439.0,1.57,-0.22,-0.28,0.09,127.32,128.5,126.5,39.17,3.3,13.2,8.42,33.7,78.39,49.63
2075,2010-07-08,600519,127.11,128.32,128.5,127.11,8516,108893890.0,1.09,0.79,1.0,0.09,128.32,128.5,127.11,34.77,3.3,7.9,9.49,22.72,70.06,52.62
2076,2010-07-09,600519,128.58,131.06,132.2,127.71,27379,357390425.0,3.5,2.14,2.74,0.29,131.06,132.2,127.71,35.96,7.0,7.9,19.47,21.97,56.56,52.56
2077,2010-07-12,600519,130.8,130.71,133.3,130.55,17834,235347809.0,2.1,-0.27,-0.35,0.19,130.71,133.3,130.55,35.67,8.1,7.9,22.71,22.15,43.23,51.97
2078,2010-07-13,600519,130.74,129.55,130.74,128.51,7439,96225621.0,1.71,-0.89,-1.16,0.08,129.55,130.74,128.51,36.44,8.1,9.94,22.23,27.28,31.07,51.41
2079,2010-07-14,600519,129.4,130.24,131.16,129.03,9643,125763296.0,1.64,0.53,0.69,0.1,130.24,131.16,129.03,35.78,8.52,8.2,23.81,22.92,20.08,48.75
2080,2010-07-15,600519,130.5,131.83,133.2,130.35,18833,248573676.0,2.19,1.22,1.59,0.2,131.83,133.2,130.35,36.57,10.56,7.35,28.88,20.1,13.07,45.73
2081,2010-07-16,600519,130.9,133.81,134.34,130.58,32950,438987876.0,2.85,1.5,1.98,0.35,133.81,134.34,130.58,37.62,11.7,6.33,31.1,16.83,11.19,40.62
2082,2010-07-19,600519,133.05,135.8,136.2,132.91,19412,261608074.0,2.46,1.49,1.99,0.21,135.8,136.2,132.91,37.03,13.56,4.03,36.62,10.88,19.21,37.88
2083,2010-07-20,600519,135.98,136.51,137.29,134.68,26886,366053258.0,1.92,0.52,0.71,0.28,136.51,137.29,134.68,37.79,14.65,4.03,38.77,10.66,28.48,35.85
2084,2010-07-21,600519,136.51,137.88,140.4,136.51,24363,338324505.0,2.85,1.0,1.37,0.26,137.88,140.4,136.51,40.33,17.41,4.03,43.17,9.99,37.18,34.12
2085,2010-07-22,600519,138.8,137.96,138.8,136.8,16222,223560516.0,1.45,0.06,0.08,0.17,137.96,138.8,136.8,39.78,16.16,4.03,40.62,10.13,46.87,33.47
2086,2010-07-23,600519,138.18,140.71,141.02,138.18,38466,539887868.0,2.06,1.99,2.75,0.41,140.71,141.02,138.18,39.72,18.38,2.04,46.27,5.14,57.22,35.14
2087,2010-07-26,600519,140.71,140.96,142.78,140.25,22017,311555737.0,1.8,0.18,0.25,0.23,140.96,142.78,140.25,39.09,18.78,2.04,48.04,5.22,65.66,38.42
2088,2010-07-27,600519,140.1,142.0,142.18,140.1,25229,357546813.0,1.48,0.74,1.04,0.27,142.0,142.18,140.1,39.17,18.44,2.19,47.08,5.59,69.76,44.48
2089,2010-07-28,600519,142.6,142.94,143.03,141.5,27740,395352770.0,1.08,0.66,0.94,0.29,142.94,143.03,141.5,39.31,19.29,2.19,49.07,5.57,73.55,51.01
2090,2010-07-29,600519,142.93,139.42,143.1,139.16,45373,636454908.0,2.76,-2.46,-3.52,0.48,139.42,143.1,139.16,38.76,15.59,4.53,40.22,11.69,72.31,54.74
2091,2010-07-30,600519,139.28,138.67,139.28,137.5,29439,406203348.0,1.28,-0.54,-0.75,0.31,138.67,139.28,137.5,37.93,14.49,6.19,38.2,16.32,68.98,57.93
2092,2010-08-02,600519,138.63,143.55,145.26,138.63,42966,614400254.0,4.78,3.52,4.88,0.46,143.55,145.26,138.63,42.33,20.47,4.15,48.36,9.8,66.7,61.96
2093,2010-08-03,600519,143.0,142.26,144.8,142.01,17573,251858817.0,1.94,-0.9,-1.29,0.19,142.26,144.8,142.01,42.99,20.05,4.15,46.64,9.65,64.25,64.95
2094,2010-08-04,600519,142.0,144.02,144.2,141.72,17350,249201032.0,1.74,1.24,1.76,0.18,144.02,144.2,141.72,42.51,18.01,4.44,42.37,10.44,61.19,65.47
2095,2010-08-05,600519,144.08,148.16,149.35,144.08,41966,620781742.0,3.66,2.87,4.14,0.44,148.16,149.35,144.08,44.08,22.02,4.44,49.95,10.07,59.0,66.27
2096,2010-08-06,600519,147.8,148.2,148.8,147.2,21841,323918732.0,1.08,0.03,0.04,0.23,148.2,148.8,147.2,42.39,20.16,4.44,47.56,10.47,60.49,66.4
2097,2010-08-09,600519,148.25,151.61,152.22,148.25,38704,586147268.0,2.68,2.3,3.41,0.41,151.61,152.22,148.25,43.8,22.49,4.44,51.35,10.14,64.97,66.98
2098,2010-08-10,600519,151.61,146.76,153.59,146.5,28740,427619893.0,4.68,-3.2,-4.85,0.3,146.76,153.59,146.5,47.0,19.38,6.19,41.23,13.17,62.52,64.61
2099,2010-08-11,600519,146.0,147.85,149.0,146.0,15191,224550906.0,2.04,0.74,1.09,0.16,147.85,149.0,146.0,48.0,19.38,6.69,40.37,13.94,59.68,61.96
2100,2010-08-12,600519,147.8,148.92,151.9,146.21,31026,463112778.0,3.85,0.72,1.07,0.33,148.92,151.9,146.21,50.63,20.06,6.69,39.62,13.21,57.93,59.56
2101,2010-08-13,600519,148.88,150.39,151.46,148.32,15776,236758807.0,2.11,0.99,1.47,0.17,150.39,151.46,148.32,51.24,18.3,6.69,35.71,13.06,54.6,56.8
2102,2010-08-16,600519,150.41,152.9,153.29,150.41,25910,395272912.0,1.92,1.67,2.51,0.27,152.9,153.29,150.41,52.06,20.13,6.54,38.67,12.56,52.45,56.47
2103,2010-08-17,600519,152.8,155.09,156.25,152.5,35748,554777110.0,2.45,1.43,2.19,0.38,155.09,156.25,152.5,54.28,22.24,6.54,40.97,12.05,50.37,57.67
2104,2010-08-18,600519,154.98,152.84,156.42,152.3,30174,464752257.0,2.66,-1.45,-2.25,0.32,152.84,156.42,152.3,54.46,22.24,4.4,40.84,8.08,52.93,57.72
2105,2010-08-19,600519,152.88,151.26,153.9,150.5,35437,536485063.0,2.22,-1.03,-1.58,0.38,151.26,153.9,150.5,55.94,22.24,4.54,39.76,8.12,55.83,57.76
2106,2010-08-20,600519,151.19,148.89,151.19,148.48,20842,311220147.0,1.79,-1.57,-2.37,0.22,148.89,151.19,148.48,52.09,16.26,6.56,31.22,12.59,54.59,56.26
2107,2010-08-23,600519,148.25,150.72,150.9,148.0,13215,197952515.0,1.95,1.23,1.83,0.14,150.72,150.9,148.0,52.2,16.26,7.04,31.15,13.49,53.44,54.02
2108,2010-08-24,600519,150.32,151.42,152.99,149.1,10838,164253365.0,2.58,0.46,0.7,0.11,151.42,152.99,149.1,53.61,18.35,6.75,34.23,12.59,52.65,52.55
2109,2010-08-25,600519,150.5,149.79,151.92,149.63,16508,249067209.0,1.51,-1.08,-1.63,0.17,149.79,151.92,149.63,50.57,13.2,6.75,26.1,13.35,48.95,49.66
2110,2010-08-26,600519,149.9,150.37,150.55,148.5,12233,183116485.0,1.37,0.39,0.58,0.13,150.37,150.55,148.5,51.02,13.2,7.88,25.87,15.44,41.99,47.46
2111,2010-08-27,600519,150.0,151.06,151.23,149.2,8799,132580368.0,1.35,0.46,0.69,0.09,151.06,151.23,149.2,49.03,10.46,7.88,21.33,16.07,33.32,44.58
2112,2010-08-30,600519,151.68,159.82,160.0,151.68,53784,849497659.0,5.51,5.8,8.76,0.57,159.82,160.0,151.68,50.88,19.23,6.13,37.79,12.05,34.85,44.72
2113,2010-08-31,600519,158.53,159.23,160.99,157.88,31400,501261374.0,1.95,-0.37,-0.59,0.33,159.23,160.99,157.88,50.99,20.22,5.63,39.65,11.04,37.66,45.55
2114,2010-09-01,600519,158.8,156.88,161.2,155.9,25589,406904438.0,3.33,-1.48,-2.35,0.27,156.88,161.2,155.9,50.6,17.32,7.61,34.23,15.04,36.45,44.55
2115,2010-09-02,600519,158.0,159.99,162.08,157.87,24822,399335601.0,2.68,1.98,3.11,0.26,159.99,162.08,157.87,52.66,18.2,7.61,34.56,14.45,37.9,43.42
2116,2010-09-03,600519,159.8,162.62,165.38,159.8,27761,452832217.0,3.49,1.64,2.63,0.29,162.62,165.38,159.8,55.34,19.67,7.61,35.54,13.75,41.06,41.53
2117,2010-09-06,600519,164.0,166.72,168.6,164.0,29008,485289346.0,2.83,2.52,4.1,0.31,166.72,168.6,164.0,57.57,19.93,7.61,34.62,13.22,46.17,39.75
2118,2010-09-07,600519,167.05,165.27,169.1,164.8,22374,372434005.0,2.58,-0.87,-1.45,0.24,165.27,169.1,164.8,57.75,20.43,7.41,35.38,12.83,45.36,40.1
2119,2010-09-08,600519,165.0,166.48,167.5,165.0,15011,250344694.0,1.51,0.73,1.21,0.16,166.48,167.5,165.0,56.85,20.43,5.61,35.94,9.87,45.43,41.55
2120,2010-09-09,600519,167.0,166.89,169.1,166.0,21504,360593531.0,1.86,0.25,0.41,0.23,166.89,169.1,166.0,57.17,22.03,3.59,38.53,6.28,50.94,43.69
2121,2010-09-10,600519,167.5,169.49,169.9,166.5,19868,335023684.0,2.04,1.56,2.6,0.21,169.49,169.9,166.5,57.67,22.83,3.11,39.59,5.39,56.77,47.33
2122,2010-09-13,600519,169.0,168.78,173.45,167.95,28063,480493819.0,3.25,-0.42,-0.71,0.3,168.78,173.45,167.95,59.28,24.29,3.11,40.98,5.25,62.29,51.67
2123,2010-09-14,600519,168.75,167.29,170.22,165.6,26383,441034013.0,2.74,-0.88,-1.49,0.28,167.29,170.22,165.6,61.61,24.29,5.46,39.43,8.86,65.38,55.77
2124,2010-09-15,600519,167.0,162.45,167.29,161.7,21032,347008844.0,3.34,-2.89,-4.84,0.22,162.45,167.29,161.7,65.15,24.29,8.23,37.28,12.63,65.81,55.58
2125,2010-09-16,600519,162.1,159.34,164.05,156.89,20498,327836606.0,4.41,-1.91,-3.11,0.22,159.34,164.05,156.89,70.28,23.61,13.04,33.59,18.55,61.14,53.28
2126,2010-09-17,600519,159.22,161.81,164.44,157.51,17975,290800424.0,4.35,1.55,2.47,0.19,161.81,164.44,157.51,68.27,15.23,13.04,22.31,19.1,50.43,50.68
2127,2010-09-20,600519,162.86,164.65,166.0,162.0,12576,206418537.0,2.47,1.76,2.84,0.13,164.65,166.0,162.0,69.35,15.8,13.04,22.78,18.8,39.36,48.06
2128,2010-09-21,600519,166.5,166.08,166.88,164.01,14940,247684425.0,1.74,0.87,1.43,0.16,166.08,166.88,164.01,66.92,16.68,11.06,24.93,16.53,29.85,46.07
2129,2010-09-27,600519,166.1,168.83,169.0,165.3,18548,310077012.0,2.23,1.66,2.75,0.2,168.83,169.0,165.3,65.42,17.92,11.06,27.39,16.91,23.25,44.31
2130,2010-09-28,600519,168.59,170.78,171.19,168.0,22585,384574256.0,1.89,1.16,1.95,0.24,170.78,171.19,168.0,63.03,16.81,11.06,26.67,17.55,18.45,42.13
2131,2010-09-29,600519,170.4,167.16,171.55,167.01,13272,225065386.0,2.66,-2.12,-3.62,0.14,167.16,171.55,167.01,61.59,13.59,12.05,22.07,19.56,14.65,37.89
2132,2010-09-30,600519,166.56,168.73,169.2,166.0,14579,244719876.0,1.91,0.94,1.57,0.15,168.73,169.2,166.0,60.49,13.09,13.06,21.64,21.59,13.38,31.9
2133,2010-10-08,600519,169.0,173.53,175.5,169.0,31609,549853018.0,3.85,2.84,4.8,0.33,173.53,175.5,169.0,64.76,19.39,13.06,29.94,20.17,15.03,27.19
2134,2010-10-11,600519,174.0,167.8,176.43,166.0,43743,742024422.0,6.01,-3.3,-5.73,0.46,167.8,176.43,166.0,72.09,17.79,16.06,24.68,22.28,12.51,21.18
2135,2010-10-12,600519,167.81,166.6,169.98,164.29,28543,473412980.0,3.39,-0.72,-1.2,0.3,166.6,169.98,164.29,74.38,16.99,17.77,22.84,23.89,8.94,16.09
2136,2010-10-13,600519,166.0,161.0,166.53,159.85,60288,972450177.0,4.01,-3.36,-5.6,0.64,161.0,166.53,159.85,75.63,13.44,22.21,17.77,29.37,9.6,14.03
2137,2010-10-14,600519,161.02,158.44,161.3,156.81,53244,842374776.0,2.79,-1.59,-2.56,0.56,158.44,161.3,156.81,75.5,13.44,22.9,17.8,30.33,12.93,13.79
2138,2010-10-15,600519,158.52,159.98,163.0,158.31,72100,1152421933.0,2.96,0.97,1.54,0.76,159.98,163.0,158.31,74.6,15.14,19.0,20.29,25.47,14.8,14.09
2139,2010-10-18,600519,160.0,162.42,165.16,154.8,96564,1522116994.0,6.48,1.53,2.44,1.02,162.42,165.16,154.8,77.8,15.14,17.7,19.46,22.75,12.85,13.94
2140,2010-10-19,600519,161.42,163.27,164.9,160.0,53448,870135034.0,3.02,0.52,0.85,0.57,163.27,164.9,160.0,75.77,14.75,17.7,19.47,23.36,13.51,13.01
2141,2010-10-20,600519,160.1,167.41,168.9,160.09,47373,788461639.0,5.4,2.54,4.14,0.5,167.41,168.9,160.09,80.39,17.19,17.7,21.38,22.02,13.38,11.16
2142,2010-10-21,600519,167.6,167.47,170.05,165.8,37622,632118759.0,2.54,0.04,0.06,0.4,167.47,170.05,165.8,81.77,17.46,17.7,21.35,21.65,9.39,9.5
2143,2010-10-22,600519,167.48,168.11,171.6,166.66,41047,697025656.0,2.95,0.38,0.64,0.43,168.11,171.6,166.66,83.01,16.89,17.7,20.35,21.32,5.45,9.19
2144,2010-10-25,600519,169.0,173.0,173.8,168.13,36195,622609050.0,3.37,2.91,4.89,0.38,173.0,173.8,168.13,85.51,16.9,17.7,19.76,20.7,3.95,9.37
2145,2010-10-26,600519,172.8,169.01,172.88,168.01,28591,484027261.0,2.82,-2.31,-3.99,0.3,169.01,172.88,168.01,85.96,16.9,16.83,19.66,19.58,2.68,7.77
2146,2010-10-27,600519,168.75,168.15,169.4,166.5,28913,484076380.0,1.72,-0.51,-0.86,0.31,168.15,169.4,166.5,85.66,16.9,17.33,19.73,20.23,1.38,7.44
2147,2010-10-28,600519,167.9,167.04,168.3,166.73,19441,325743881.0,0.93,-0.66,-1.11,0.21,167.04,168.3,166.73,80.46,10.6,17.33,13.17,21.54,5.15,9.27
2148,2010-10-29,600519,164.74,163.15,165.07,160.5,65466,1064852159.0,2.74,-2.33,-3.89,0.69,163.15,165.07,160.5,76.57,10.6,20.56,13.84,26.85,10.36,9.88
2149,2010-11-01,600519,163.2,163.76,164.9,162.2,49659,810910408.0,1.65,0.37,0.61,0.53,163.76,164.9,162.2,73.58,10.6,18.85,14.41,25.62,14.64,10.04
2150,2010-11-02,600519,164.52,162.67,164.52,161.59,62292,1009953812.0,1.79,-0.67,-1.09,0.66,162.67,164.52,161.59,69.76,10.6,15.02,15.19,21.53,17.13,10.54
2151,2010-11-03,600519,163.0,163.35,165.65,161.5,42253,693876483.0,2.55,0.42,0.68,0.45,163.35,165.65,161.5,69.42,11.73,11.98,16.9,17.26,17.27,9.98
2152,2010-11-04,600519,163.95,165.05,165.54,162.78,44629,732196946.0,1.69,1.04,1.7,0.47,165.05,165.54,162.78,67.49,10.03,11.98,14.86,17.75,18.54,9.96
2153,2010-11-05,600519,165.3,163.98,166.0,163.3,34655,569207561.0,1.64,-0.65,-1.07,0.37,163.98,166.0,163.3,59.83,10.49,8.47,17.53,14.16,16.3,10.72
2154,2010-11-08,600519,163.99,163.49,164.0,161.25,56894,922801037.0,1.68,-0.3,-0.49,0.6,163.49,164.0,161.25,57.68,10.49,10.52,18.19,18.24,11.0,10.68
2155,2010-11-09,600519,163.6,165.86,166.59,162.72,60738,1002019514.0,2.37,1.45,2.37,0.64,165.86,166.59,162.72,52.74,9.08,10.52,17.22,19.95,7.55,11.1
2156,2010-11-10,600519,166.6,179.73,182.45,166.5,150005,2670067328.0,9.62,8.36,13.87,1.59,179.73,182.45,166.5,65.08,23.79,10.52,36.56,16.16,11.12,14.13
2157,2010-11-11,600519,181.99,175.92,181.99,174.11,74217,1322968333.0,4.38,-2.12,-3.81,0.79,175.92,181.99,174.11,68.02,22.24,10.52,32.7,15.47,16.91,17.09
2158,2010-11-12,600519,175.55,177.53,188.08,175.52,126500,2298576167.0,7.14,0.92,1.61,1.34,177.53,188.08,175.52,74.89,26.13,10.52,34.89,14.05,22.53,20.54
2159,2010-11-15,600519,181.99,183.69,188.0,181.99,79039,1458250426.0,3.39,3.47,6.16,0.84,183.69,188.0,181.99,80.37,26.13,10.4,32.51,12.94,27.93,22.12
2160,2010-11-16,600519,185.99,177.19,186.0,174.5,72292,1294350638.0,6.26,-3.54,-6.5,0.77,177.19,186.0,174.5,88.97,26.13,16.38,29.37,18.41,31.73,21.36
2161,2010-11-17,600519,175.9,165.0,175.9,163.8,80509,1362362423.0,6.83,-6.88,-12.19,0.85,165.0,175.9,163.8,100.79,26.13,27.08,25.93,26.87,30.8,19.18
2162,2010-11-18,600519,166.55,169.49,170.97,166.0,40286,680881283.0,3.01,2.72,4.49,0.43,169.49,170.97,166.0,100.22,26.13,20.85,26.07,20.8,26.23,18.68
2163,2010-11-19,600519,171.1,175.16,176.0,170.21,48955,848958178.0,3.42,3.35,5.67,0.52,175.16,176.0,170.21,104.03,31.16,20.85,29.95,20.04,23.57,20.24
2164,2010-11-22,600519,174.88,178.51,182.38,173.8,47941,857696481.0,4.9,1.91,3.35,0.51,178.51,182.38,173.8,109.68,37.54,20.24,34.23,18.45,21.46,22.0
2165,2010-11-23,600519,178.38,189.04,189.2,176.2,108470,1995630382.0,7.28,5.9,10.53,1.15,189.04,189.2,176.2,118.53,43.23,20.24,36.47,17.08,20.32,24.13
2166,2010-11-24,600519,192.0,199.92,206.6,192.0,110799,2220954810.0,7.72,5.76,10.88,1.17,199.92,206.6,192.0,133.33,60.63,20.24,45.47,15.18,24.83,28.28
2167,2010-11-25,600519,200.53,202.97,203.62,197.0,45580,916382376.0,3.31,1.53,3.05,0.48,202.97,203.62,197.0,137.25,60.17,20.24,43.84,14.75,32.8,31.8
2168,2010-11-26,600519,202.97,207.24,212.67,200.61,63799,1324934628.0,5.94,2.1,4.27,0.68,207.24,212.67,200.61,146.56,69.22,18.19,47.23,12.41,40.66,33.45
2169,2010-11-29,600519,205.25,216.43,222.0,205.25,67499,1441023288.0,8.08,4.43,9.19,0.72,216.43,222.0,205.25,159.44,75.96,18.19,47.64,11.41,47.58,35.58
2170,2010-11-30,600519,216.37,204.81,216.37,200.33,65665,1356812148.0,7.41,-5.37,-11.62,0.7,204.81,216.37,200.33,158.95,60.1,23.11,37.81,14.54,50.0,35.73
2171,2010-12-01,600519,203.0,202.4,208.0,200.02,38016,773495042.0,3.9,-1.18,-2.41,0.4,202.4,208.0,200.02,159.05,60.1,23.42,37.79,14.72,51.29,35.8
2172,2010-12-02,600519,204.2,198.17,206.0,197.91,42940,864862808.0,4.0,-2.09,-4.23,0.45,198.17,206.0,197.91,154.58,54.01,25.53,34.94,16.52,48.93,36.88
2173,2010-12-03,600519,198.0,199.79,203.49,197.7,43037,863905870.0,2.92,0.82,1.62,0.46,199.79,203.49,197.7,149.9,54.01,25.74,36.03,17.17,46.56,39.68
2174,2010-12-06,600519,199.85,193.02,202.0,190.11,43282,839963278.0,5.95,-3.39,-6.77,0.46,193.02,202.0,190.11,150.29,54.01,25.84,35.94,17.19,42.71,41.69
2175,2010-12-07,600519,191.89,197.56,198.8,189.86,31805,621615004.0,4.63,2.35,4.54,0.34,197.56,198.8,189.86,145.84,54.01,15.39,37.03,10.55,41.76,44.67
2176,2010-12-08,600519,197.5,196.18,201.8,196.01,28335,564539229.0,2.93,-0.7,-1.38,0.3,196.18,201.8,196.01,145.66,57.01,15.39,39.14,10.57,43.93,46.97
2177,2010-12-09,600519,195.99,195.26,196.78,192.3,24461,474949022.0,2.28,-0.47,-0.92,0.26,195.26,196.78,192.3,143.63,51.98,19.1,36.19,13.3,44.32,47.8
2178,2010-12-10,600519,193.35,197.72,198.88,191.0,39587,766519126.0,4.04,1.26,2.46,0.42,197.72,198.88,191.0,142.93,47.7,19.1,33.37,13.36,45.49,47.21
2179,2010-12-13,600519,197.5,196.99,197.5,193.5,58593,1144043372.0,2.02,-0.37,-0.73,0.62,196.99,197.5,193.5,134.15,40.88,19.1,30.47,14.24,45.63,46.1
2180,2010-12-14,600519,197.31,197.91,201.5,196.8,61543,1224103219.0,2.39,0.47,0.92,0.65,197.91,201.5,196.8,121.29,27.48,19.1,22.66,15.75,42.75,42.73
2181,2010-12-15,600519,198.0,200.7,203.33,198.0,47424,953073582.0,2.69,1.41,2.79,0.5,200.7,203.33,198.0,120.09,29.31,19.1,24.41,15.9,36.99,39.38
2182,2010-12-16,600519,211.99,206.98,212.5,206.5,66818,1396868342.0,2.99,3.13,6.28,0.71,206.98,212.5,206.5,119.83,29.43,19.1,24.56,15.94,30.96,37.44
2183,2010-12-17,600519,208.0,204.42,209.2,203.81,51770,1060471130.0,2.6,-1.24,-2.56,0.55,204.42,209.2,203.81,108.47,20.1,21.79,18.53,20.09,23.92,34.12
2184,2010-12-20,600519,205.98,197.38,206.66,194.0,68557,1361002093.0,6.19,-3.44,-7.04,0.73,197.38,206.66,194.0,105.03,20.1,26.68,19.14,25.4,19.13,32.31
2185,2010-12-21,600519,197.35,194.0,197.61,193.01,59359,1153389514.0,2.33,-1.71,-3.38,0.63,194.0,197.61,193.01,101.65,20.1,27.36,19.77,26.92,15.63,30.63
2186,2010-12-22,600519,194.07,190.95,194.49,190.0,44151,845830946.0,2.31,-1.57,-3.05,0.47,190.95,194.49,190.0,98.05,20.1,28.26,20.5,28.82,15.44,29.1
2187,2010-12-23,600519,190.85,190.71,192.7,190.0,32744,626262013.0,1.41,-0.13,-0.24,0.35,190.71,192.7,190.0,94.96,20.1,28.05,21.17,29.54,14.68,25.83
2188,2010-12-24,600519,190.71,188.72,190.91,187.0,29409,553596991.0,2.05,-1.04,-1.99,0.31,188.72,190.91,187.0,86.98,20.1,23.46,23.11,26.97,12.42,21.69
2189,2010-12-27,600519,189.0,182.99,189.99,182.31,45246,844631482.0,4.07,-3.04,-5.73,0.48,182.99,189.99,182.31,85.72,20.1,27.9,23.45,32.55,14.45,19.19
2190,2010-12-28,600519,183.0,183.26,186.6,177.4,48176,873676036.0,5.03,0.15,0.27,0.51,183.26,186.6,177.4,89.13,17.1,32.81,19.19,36.81,17.35,18.24
2191,2010-12-29,600519,183.1,186.0,186.07,182.0,30968,569651391.0,2.22,1.5,2.74,0.33,186.0,186.07,182.0,88.72,17.1,29.1,19.27,32.8,19.13,17.38
2192,2010-12-30,600519,186.5,181.93,186.5,180.2,41775,760950273.0,3.39,-2.19,-4.07,0.44,181.93,186.5,180.2,87.14,15.0,30.9,17.21,35.46,22.09,18.77
2193,2010-12-31,600519,181.8,183.92,184.28,181.05,46085,843075733.0,1.78,1.09,1.99,0.49,183.92,184.28,181.05,86.15,15.0,30.9,17.41,35.87,25.12,19.9
2194,2011-01-04,600519,186.9,185.5,187.9,182.6,60462,1116558389.0,2.88,0.86,1.58,0.64,185.5,187.9,182.6,86.75,14.62,30.9,16.85,35.62,29.79,21.1
2195,2011-01-05,600519,184.9,181.08,185.4,180.5,58198,1064872709.0,2.64,-2.38,-4.42,0.62,181.08,185.4,180.5,86.33,12.79,33.0,14.82,38.23,34.44,24.45
2196,2011-01-06,600519,181.21,180.24,183.6,178.44,37585,677983969.0,2.85,-0.46,-0.84,0.4,180.24,183.6,178.44,79.69,3.62,35.06,4.54,44.0,42.74,30.05
2197,2011-01-07,600519,180.18,179.72,181.69,178.5,30534,548732363.0,1.77,-0.29,-0.52,0.32,179.72,181.69,178.5,77.49,3.62,32.37,4.67,41.77,51.72,35.43
2198,2011-01-10,600519,179.62,174.31,180.51,174.14,38785,687881571.0,3.54,-3.01,-5.41,0.41,174.31,180.51,174.14,71.2,3.62,26.92,5.08,37.81,58.67,40.38
2199,2011-01-11,600519,173.68,173.56,175.5,171.21,45322,787943021.0,2.46,-0.43,-0.75,0.48,173.56,175.5,171.21,70.89,3.62,28.86,5.11,40.71,65.84,45.48
2200,2011-01-12,600519,174.1,174.47,176.0,172.41,31323,546334112.0,2.07,0.52,0.91,0.33,174.47,176.0,172.41,69.99,4.12,25.85,5.89,36.93,71.97,50.88
2201,2011-01-13,600519,175.5,179.49,181.0,174.49,41342,740207616.0,3.73,2.88,5.02,0.44,179.49,181.0,174.49,73.82,9.12,25.85,12.35,35.02,72.59,53.51
2202,2011-01-14,600519,178.95,180.19,181.21,177.3,25773,461741103.0,2.18,0.39,0.7,0.27,180.19,181.21,177.3,73.82,9.33,22.85,12.64,30.95,66.04,54.39
2203,2011-01-17,600519,179.7,175.59,182.2,175.02,37475,673586235.0,3.98,-2.55,-4.6,0.4,175.59,182.2,175.02,73.32,9.33,20.44,12.73,27.88,58.95,55.34
2204,2011-01-18,600519,175.1,182.56,182.61,173.99,40962,738283975.0,4.91,3.97,6.97,0.43,182.56,182.61,173.99,72.74,9.33,16.56,12.83,22.77,50.89,54.78
2205,2011-01-19,600519,182.56,182.83,183.57,181.11,26199,478032606.0,1.35,0.15,0.27,0.28,182.83,183.57,181.11,71.13,10.29,16.56,14.47,23.28,41.83,53.84
2206,2011-01-20,600519,182.3,180.07,183.99,178.25,24523,444085191.0,3.14,-1.51,-2.76,0.26,180.07,183.99,178.25,70.57,10.29,17.62,14.58,24.97,34.12,53.04
2207,2011-01-21,600519,179.8,175.89,181.5,175.66,26867,479005923.0,3.24,-2.32,-4.18,0.28,175.89,181.5,175.66,73.18,10.29,20.21,14.06,27.62,31.57,52.08
2208,2011-01-24,600519,175.87,171.52,177.48,170.01,34775,601578015.0,4.25,-2.48,-4.37,0.37,171.52,177.48,170.01,75.35,6.67,25.86,8.85,34.32,34.4,50.22
2209,2011-01-25,600519,170.98,170.7,172.4,170.0,17239,294978979.0,1.4,-0.48,-0.82,0.18,170.7,172.4,170.0,72.75,6.67,23.77,9.17,32.67,37.54,48.24
2210,2011-01-26,600519,171.01,172.14,173.99,171.01,14326,247045171.0,1.75,0.84,1.44,0.15,172.14,173.99,171.01,70.88,8.26,21.71,11.65,30.63,40.36,45.63
2211,2011-01-27,600519,171.96,173.06,175.28,169.58,29444,507387589.0,3.31,0.53,0.92,0.31,173.06,175.28,169.58,73.39,8.26,23.14,11.25,31.53,44.37,43.1
2212,2011-01-28,600519,173.01,173.34,174.13,172.38,19591,339796042.0,1.01,0.16,0.28,0.21,173.34,174.13,172.38,68.77,8.26,18.78,12.01,27.31,46.48,40.3
2213,2011-01-31,600519,173.5,177.99,180.92,173.01,32442,577621803.0,4.56,2.68,4.65,0.34,177.99,180.92,173.01,72.39,15.05,15.85,20.79,21.9,41.49,36.53
2214,2011-02-01,600519,178.0,180.28,181.85,177.5,17758,319648600.0,2.44,1.29,2.29,0.19,180.28,181.85,177.5,73.15,15.48,15.85,21.16,21.67,31.85,33.12
2215,2011-02-09,600519,179.99,177.96,180.81,177.0,17675,317003717.0,2.11,-1.29,-2.32,0.19,177.96,180.81,177.0,70.43,10.48,16.35,14.88,23.21,26.14,31.84
2216,2011-02-10,600519,177.35,185.03,185.99,177.3,36009,656695297.0,4.88,3.97,7.07,0.38,185.03,185.99,177.3,75.21,15.45,16.35,20.54,21.74,19.13,29.75
2217,2011-02-11,600519,184.74,184.93,188.45,184.29,34001,634257226.0,2.25,-0.05,-0.1,0.36,184.93,188.45,184.29,72.19,17.91,14.07,24.81,19.49,13.23,28.8
2218,2011-02-14,600519,184.93,187.11,188.0,183.9,36639,681621643.0,2.22,1.18,2.18,0.39,187.11,188.0,183.9,67.67,17.91,13.43,26.47,19.85,9.13,27.8
2219,2011-02-15,600519,187.11,185.24,188.8,184.8,29716,554140643.0,2.14,-1.0,-1.87,0.31,185.24,188.8,184.8,69.21,17.75,13.43,25.65,19.4,11.01,26.25
2220,2011-02-16,600519,185.01,183.68,185.99,181.7,36440,667440837.0,2.32,-0.84,-1.56,0.39,183.68,185.99,181.7,67.76,17.75,13.67,26.2,20.17,12.98,22.41
2221,2011-02-17,600519,183.0,181.26,183.7,180.83,36364,662075979.0,1.56,-1.32,-2.42,0.39,181.26,183.7,180.83,64.79,17.75,11.95,27.4,18.44,12.58,19.36
2222,2011-02-18,600519,180.8,181.98,185.45,180.3,36829,676343235.0,2.84,0.4,0.72,0.39,181.98,185.45,180.3,62.47,19.5,6.3,31.21,10.08,20.64,19.88
2223,2011-02-21,600519,182.0,183.48,184.8,181.2,27290,498811371.0,1.98,0.82,1.5,0.29,183.48,184.8,181.2,63.67,19.5,6.29,30.63,9.88,27.17,20.2
2224,2011-02-22,600519,183.48,181.88,185.25,181.0,38294,701713006.0,2.32,-0.87,-1.6,0.41,181.88,185.25,181.0,64.63,18.36,6.29,28.41,9.73,32.95,21.04
2225,2011-02-23,600519,181.11,182.76,183.47,181.11,19422,353816777.0,1.3,0.48,0.88,0.21,182.76,183.47,181.11,61.29,18.36,4.86,29.96,7.93,40.33,25.67
2226,2011-02-24,600519,182.58,182.15,183.47,181.12,20476,373539569.0,1.29,-0.33,-0.61,0.22,182.15,183.47,181.12,61.89,18.36,4.86,29.67,7.85,47.86,30.42
2227,2011-02-25,600519,182.88,179.62,182.88,179.2,29413,532482186.0,2.02,-1.39,-2.53,0.31,179.62,182.88,179.2,57.66,11.57,6.78,20.07,11.76,48.96,30.77
2228,2011-02-28,600519,179.3,178.68,179.46,176.0,39093,693295724.0,1.93,-0.52,-0.94,0.41,178.68,179.46,176.0,56.93,10.64,9.98,18.69,17.53,40.96,30.8
2229,2011-03-01,600519,178.71,178.64,179.93,177.8,23059,411728226.0,1.19,-0.02,-0.04,0.24,178.64,179.93,177.8,55.25,11.11,9.48,20.11,17.16,33.74,30.46
2230,2011-03-02,600519,178.2,177.21,179.0,176.01,32096,569125294.0,1.67,-0.8,-1.43,0.34,177.21,179.0,176.01,49.55,5.93,11.27,11.97,22.74,30.76,31.86
2231,2011-03-03,600519,177.27,175.0,178.69,174.75,37735,663456221.0,2.22,-1.25,-2.21,0.4,175.0,178.69,174.75,49.33,3.47,12.53,7.03,25.4,30.51,35.42
2232,2011-03-04,600519,175.0,175.93,176.78,174.5,33351,587411610.0,1.3,0.53,0.93,0.35,175.93,176.78,174.5,47.51,3.47,12.39,7.3,26.08,30.19,39.02
2233,2011-03-07,600519,175.84,177.38,177.53,175.84,33554,593119911.0,0.96,0.82,1.45,0.36,177.38,177.53,175.84,45.2,3.42,12.39,7.57,27.41,35.29,42.12
2234,2011-03-08,600519,177.43,176.72,177.6,174.8,31870,560058561.0,1.58,-0.37,-0.66,0.34,176.72,177.6,174.8,43.71,3.42,10.33,7.82,23.63,43.14,42.05
2235,2011-03-09,600519,177.49,177.99,178.2,176.05,22971,406818003.0,1.22,0.72,1.27,0.24,177.99,178.2,176.05,42.99,4.02,9.46,9.35,22.01,48.54,41.14
2236,2011-03-10,600519,177.97,182.0,184.2,177.38,54492,991540447.0,3.83,2.25,4.01,0.58,182.0,184.2,177.38,44.66,8.27,9.46,18.52,21.18,44.49,37.62
2237,2011-03-11,600519,181.6,180.04,183.4,179.89,23345,424871796.0,1.93,-1.08,-1.96,0.25,180.04,183.4,179.89,44.57,8.27,9.46,18.56,21.23,36.17,33.34
2238,2011-03-14,600519,179.52,182.88,184.0,179.11,22373,408383265.0,2.72,1.58,2.84,0.24,182.88,184.0,179.11,45.21,7.82,10.24,17.3,22.65,29.03,29.61
2239,2011-03-15,600519,181.64,179.27,183.22,177.03,30899,554199756.0,3.38,-1.97,-3.61,0.33,179.27,183.22,177.03,49.04,7.82,12.32,15.95,25.12,23.3,29.3
2240,2011-03-16,600519,179.6,181.84,182.97,179.31,24176,438681962.0,2.04,1.43,2.57,0.26,181.84,182.97,179.31,50.39,7.82,12.32,15.52,24.45,18.64,30.89
2241,2011-03-17,600519,180.9,189.03,189.53,180.18,88523,1653009378.0,5.14,3.95,7.19,0.94,189.03,189.53,180.18,56.06,14.38,10.4,25.65,18.55,14.6,31.57
2242,2011-03-18,600519,189.55,191.15,194.1,187.13,61484,1175141410.0,3.69,1.12,2.12,0.65,191.15,194.1,187.13,59.41,18.95,7.2,31.9,12.12,20.97,32.73
2243,2011-03-21,600519,189.8,187.13,190.98,184.55,48651,910057839.0,3.36,-2.1,-4.02,0.52,187.13,190.98,184.55,63.88,18.48,9.78,28.93,15.31,24.98,30.57
2244,2011-03-22,600519,188.38,185.75,189.98,185.2,27888,521369663.0,2.55,-0.74,-1.38,0.3,185.75,189.98,185.2,65.67,18.48,7.99,28.14,12.17,29.35,29.19
2245,2011-03-23,600519,186.01,186.54,186.69,183.5,42882,792668100.0,1.72,0.43,0.79,0.45,186.54,186.69,183.5,64.92,18.48,8.43,28.47,12.99,31.85,27.57
2246,2011-03-24,600519,186.3,183.55,186.55,183.5,21353,393924337.0,1.64,-1.6,-2.99,0.23,183.55,186.55,183.5,65.69,18.48,8.18,28.13,12.45,34.57,26.6
2247,2011-03-25,600519,183.0,183.43,185.58,183.0,27906,513404256.0,1.41,-0.07,-0.12,0.3,183.43,185.58,183.0,66.58,17.73,8.68,26.63,13.04,37.6,26.1
2248,2011-03-28,600519,183.55,180.91,184.4,180.49,40296,731053019.0,2.13,-1.37,-2.52,0.43,180.91,184.4,180.49,67.69,17.73,10.15,26.19,14.99,34.64,27.8
2249,2011-03-29,600519,181.0,178.95,181.3,178.5,26523,476995781.0,1.55,-1.08,-1.96,0.28,178.95,181.3,178.5,68.34,17.13,12.14,25.07,17.76,32.35,28.67
2250,2011-03-30,600519,178.94,178.71,180.26,178.3,20603,368964875.0,1.1,-0.13,-0.24,0.22,178.71,180.26,178.3,63.48,11.13,12.34,17.53,19.44,26.61,27.98
2251,2011-03-31,600519,178.71,179.85,182.8,178.5,17526,316949399.0,2.41,0.64,1.14,0.19,179.85,182.8,178.5,64.27,13.67,12.34,21.27,19.2,21.23,26.54
2252,2011-04-01,600519,179.98,179.46,181.35,178.55,18227,326554075.0,1.56,-0.22,-0.39,0.19,179.46,181.35,178.55,62.18,13.67,11.56,21.98,18.59,16.19,25.38
2253,2011-04-06,600519,179.4,176.98,179.9,176.71,28775,510620637.0,1.78,-1.38,-2.48,0.3,176.98,179.9,176.71,59.18,13.67,11.32,23.1,19.13,12.05,24.82
2254,2011-04-07,600519,176.2,174.94,177.0,174.78,46831,820484804.0,1.25,-1.15,-2.04,0.5,174.94,177.0,174.78,57.7,13.67,13.25,23.69,22.96,7.77,21.21
2255,2011-04-08,600519,174.96,175.66,176.5,174.8,21823,383817086.0,0.97,0.41,0.72,0.23,175.66,176.5,174.8,50.05,7.11,13.25,14.21,26.47,9.96,21.16
2256,2011-04-11,600519,175.45,177.49,178.65,175.11,26173,463960298.0,2.02,1.04,1.83,0.28,177.49,178.65,175.11,46.62,4.69,13.25,10.06,28.42,17.05,21.83
2257,2011-04-12,600519,177.5,177.42,179.34,176.7,34946,623251647.0,1.49,-0.04,-0.07,0.37,177.42,179.34,176.7,42.66,5.38,10.67,12.61,25.01,21.69,21.46
2258,2011-04-13,600519,177.3,178.33,179.0,177.02,29389,522953556.0,1.12,0.51,0.91,0.31,178.33,179.0,177.02,39.86,5.38,10.67,13.5,26.77,25.79,20.99
2259,2011-04-14,600519,178.3,175.74,178.5,175.48,36622,644626738.0,1.69,-1.45,-2.59,0.39,175.74,178.5,175.48,39.69,5.38,10.51,13.56,26.48,29.61,20.83
2260,2011-04-15,600519,175.97,172.38,176.99,170.77,53327,919620925.0,3.54,-1.91,-3.36,0.57,172.38,176.99,170.77,42.86,5.38,15.22,12.55,35.51,37.31,22.54
2261,2011-04-18,600519,172.18,173.06,173.39,171.21,19609,338287704.0,1.26,0.39,0.68,0.21,173.06,173.39,171.21,42.46,5.38,14.72,12.67,34.67,40.03,24.99
2262,2011-04-19,600519,173.06,173.38,174.64,171.49,22881,395248447.0,1.82,0.18,0.32,0.24,173.38,174.64,171.49,41.7,6.63,12.21,15.9,29.28,37.01,27.03
2263,2011-04-20,600519,173.38,174.8,175.18,173.0,22509,392495921.0,1.26,0.82,1.42,0.24,174.8,175.18,173.0,41.08,7.17,10.22,17.45,24.88,34.44,28.07
2264,2011-04-21,600519,175.0,174.86,177.59,174.71,28684,505336037.0,1.65,0.03,0.06,0.3,174.86,177.59,174.71,42.0,9.58,10.02,22.81,23.86,29.32,27.56
2265,2011-04-22,600519,175.5,176.15,176.4,174.53,14500,254794864.0,1.07,0.74,1.29,0.15,176.15,176.4,174.53,39.57,7.04,10.2,17.79,25.78,26.99,28.3
2266,2011-04-25,600519,180.0,183.06,185.08,179.5,70226,1280812447.0,3.17,3.92,6.91,0.74,183.06,185.08,179.5,45.7,15.72,10.2,34.4,22.32,22.58,29.94
2267,2011-04-26,600519,183.0,181.17,183.5,180.88,31095,565862126.0,1.43,-1.03,-1.89,0.33,181.17,183.5,180.88,45.13,15.72,8.36,34.83,18.52,19.93,29.98
2268,2011-04-27,600519,181.6,181.15,185.0,181.0,27748,508713443.0,2.21,-0.01,-0.02,0.29,181.15,185.0,181.0,46.91,17.22,6.43,36.71,13.71,22.6,29.8
2269,2011-04-28,600519,182.1,178.42,182.58,177.8,25357,455048059.0,2.64,-1.51,-2.73,0.27,178.42,182.58,177.8,49.99,17.22,9.63,34.45,19.26,24.39,29.41
2270,2011-04-29,600519,178.4,182.31,183.09,177.68,22084,401140719.0,3.03,2.18,3.89,0.23,182.31,183.09,177.68,51.86,15.58,9.63,30.04,18.57,27.95,28.63
2271,2011-05-03,600519,183.0,185.86,186.8,182.0,41271,764382818.0,2.63,1.95,3.55,0.44,185.86,186.8,182.0,54.02,18.6,9.63,34.43,17.83,30.19,28.59
2272,2011-05-04,600519,184.49,183.5,188.08,183.44,32521,604784367.0,2.5,-1.27,-2.36,0.34,183.5,188.08,183.44,56.68,19.88,9.63,35.07,16.99,32.43,27.51
2273,2011-05-05,600519,183.51,184.95,187.5,183.01,26693,496448129.0,2.45,0.79,1.45,0.28,184.95,187.5,183.01,58.15,19.88,8.52,34.19,14.65,34.0,26.97
2274,2011-05-06,600519,184.0,185.81,187.0,183.01,23961,444808841.0,2.16,0.46,0.86,0.25,185.81,187.0,183.01,55.92,19.88,3.81,35.55,6.81,37.7,30.15
2275,2011-05-09,600519,186.58,184.16,187.49,183.9,12176,225581746.0,1.93,-0.89,-1.65,0.13,184.16,187.49,183.9,57.33,20.37,3.81,35.53,6.65,44.41,34.4
2276,2011-05-10,600519,184.07,183.59,184.5,182.78,15919,292606289.0,0.93,-0.31,-0.57,0.17,183.59,184.5,182.78,55.9,19.12,4.93,34.2,8.82,50.31,39.13
2277,2011-05-11,600519,183.02,185.27,186.3,183.02,12897,238855455.0,1.79,0.92,1.68,0.14,185.27,186.3,183.02,57.0,20.38,4.93,35.75,8.65,55.18,42.69
2278,2011-05-12,600519,185.0,187.32,189.5,184.6,25028,470405158.0,2.64,1.11,2.05,0.27,187.32,189.5,184.6,59.02,21.17,4.93,35.87,8.35,59.76,46.1
2279,2011-05-13,600519,187.35,187.66,188.99,185.5,12253,229207566.0,1.86,0.18,0.34,0.13,187.66,188.99,185.5,60.64,21.17,4.75,34.91,7.83,63.66,48.83
2280,2011-05-16,600519,187.5,187.67,188.98,186.5,11506,216417130.0,1.32,0.01,0.01,0.12,187.67,188.98,186.5,54.19,12.49,4.75,23.05,8.77,59.83,48.77
2281,2011-05-17,600519,187.02,187.63,190.3,186.0,20866,393848458.0,2.29,-0.02,-0.04,0.22,187.63,190.3,186.0,55.87,13.81,4.75,24.72,8.5,56.55,50.48
2282,2011-05-18,600519,187.3,194.95,197.44,187.3,62165,1212084674.0,5.4,3.9,7.32,0.66,194.95,197.44,187.3,62.01,19.45,4.75,31.37,7.66,56.84,53.57
2283,2011-05-19,600519,196.0,199.88,201.65,196.0,85738,1716471110.0,2.9,2.53,4.93,0.91,199.88,201.65,196.0,63.93,23.66,1.55,37.01,2.42,61.29,58.24
2284,2011-05-20,600519,200.7,200.83,201.66,198.81,40044,801739991.0,1.43,0.48,0.95,0.42,200.83,201.66,198.81,61.37,23.16,1.55,37.74,2.53,65.49,62.63
2285,2011-05-23,600519,200.0,197.03,202.75,197.0,39421,783913346.0,2.86,-1.89,-3.8,0.42,197.03,202.75,197.0,62.32,19.45,3.36,31.21,5.39,66.69,65.17
2286,2011-05-24,600519,195.51,194.61,197.5,194.5,23997,470085883.0,1.52,-1.23,-2.42,0.25,194.61,197.5,194.5,60.68,18.17,5.86,29.94,9.66,67.75,63.79
2287,2011-05-26,600519,194.8,198.69,202.79,194.8,38970,779314782.0,4.11,2.1,4.08,0.41,198.69,202.79,194.8,64.37,23.46,5.43,36.45,8.44,70.01,63.28
2288,2011-05-27,600519,199.88,193.74,200.78,193.21,31730,626618182.0,3.81,-2.49,-4.95,0.34,193.74,200.78,193.21,67.95,23.46,7.02,34.53,10.33,68.88,62.86
2289,2011-05-30,600519,192.18,202.53,202.58,191.77,47286,942388980.0,5.58,4.54,8.79,0.5,202.53,202.58,191.77,75.17,24.77,7.02,32.95,9.34,63.57,62.43
2290,2011-05-31,600519,202.65,203.8,203.98,201.3,33855,685945963.0,1.32,0.63,1.27,0.36,203.8,203.98,201.3,76.13,26.17,5.9,34.38,7.75,59.53,62.51
2291,2011-06-01,600519,204.1,209.89,209.98,203.02,39094,813188052.0,3.42,2.99,6.09,0.41,209.89,209.98,203.02,79.81,30.37,5.9,38.05,7.39,59.01,62.85
2292,2011-06-02,600519,208.5,206.59,209.66,203.6,39585,818431995.0,2.89,-1.57,-3.3,0.42,206.59,209.66,203.6,81.2,27.17,5.9,33.46,7.27,61.2,64.47
2293,2011-06-03,600519,206.02,211.61,212.7,206.02,29484,618505293.0,3.23,2.43,5.02,0.31,211.61,212.7,206.02,84.39,30.21,5.9,35.8,6.99,62.01,66.01
2294,2011-06-07,600519,211.98,207.87,211.99,206.28,26876,559703875.0,2.7,-1.77,-3.74,0.28,207.87,211.99,206.28,87.62,30.21,5.9,34.48,6.73,64.24,66.56
2295,2011-06-08,600519,207.55,208.74,209.7,203.58,25070,517190772.0,2.94,0.42,0.87,0.27,208.74,209.7,203.58,89.44,28.89,8.6,32.3,9.62,63.96,63.76
2296,2011-06-09,600519,208.05,201.82,208.3,201.76,36180,737042713.0,3.13,-3.32,-6.92,0.38,201.82,208.3,201.76,86.28,21.75,10.42,25.21,12.08,59.29,59.41
2297,2011-06-10,600519,201.5,202.56,204.49,199.8,34279,692444753.0,2.32,0.37,0.74,0.36,202.56,204.49,199.8,84.27,17.54,12.38,20.81,14.69,50.92,54.97
2298,2011-06-13,600519,202.5,201.49,203.9,198.8,28005,562464133.0,2.52,-0.53,-1.07,0.3,201.49,203.9,198.8,86.52,17.53,13.38,20.26,15.46,42.44,51.82
2299,2011-06-14,600519,201.47,204.46,204.98,200.5,37488,758192892.0,2.22,1.47,2.97,0.4,204.46,204.98,200.5,85.25,18.61,11.57,21.83,13.57,35.11,48.56
2300,2011-06-15,600519,204.02,203.21,204.47,202.19,16409,333131863.0,1.12,-0.61,-1.25,0.17,203.21,204.47,202.19,84.53,18.61,9.07,22.02,10.73,29.63,46.94
2301,2011-06-16,600519,202.2,203.02,205.29,200.22,17731,359795619.0,2.49,-0.09,-0.19,0.19,203.02,205.29,200.22,81.42,13.32,11.04,16.36,13.56,22.17,43.07
2302,2011-06-17,600519,203.5,208.63,209.99,202.65,33411,690941504.0,3.62,2.76,5.61,0.35,208.63,209.99,202.65,81.19,18.02,9.45,22.19,11.64,21.5,40.4
2303,2011-06-20,600519,208.1,203.46,208.28,201.0,29909,611059058.0,3.49,-2.48,-5.17,0.32,203.46,208.28,201.0,78.01,16.22,11.1,20.79,14.23,21.75,36.34
2304,2011-06-21,600519,202.03,203.3,204.84,202.03,12738,259198214.0,1.38,-0.08,-0.16,0.13,203.3,204.84,202.03,78.14,14.82,11.1,18.97,14.21,21.91,32.17
2305,2011-06-22,600519,203.2,205.93,207.48,203.2,16189,333499822.0,2.11,1.29,2.63,0.17,205.93,207.48,203.2,75.46,11.46,11.1,15.19,14.71,18.29,26.7
2306,2011-06-23,600519,205.3,207.99,209.2,205.0,20281,421820426.0,2.04,1.0,2.06,0.21,207.99,209.2,205.0,73.37,13.18,11.1,17.96,15.13,13.97,21.8
2307,2011-06-24,600519,207.85,206.44,210.15,205.35,37069,770684579.0,2.31,-0.75,-1.55,0.39,206.44,210.15,205.35,71.49,11.09,11.1,15.51,15.53,12.42,17.3
2308,2011-06-27,600519,207.2,208.27,208.96,205.78,23190,480816709.0,1.54,0.89,1.83,0.25,208.27,208.96,205.78,68.96,11.09,11.1,16.08,16.1,7.22,14.36
2309,2011-06-28,600519,209.0,210.45,211.87,207.22,25540,536916003.0,2.23,1.05,2.18,0.27,210.45,211.87,207.22,67.49,14.0,8.4,20.74,12.45,8.27,15.01
2310,2011-06-29,600519,210.88,210.94,212.88,207.9,19597,412274520.0,2.37,0.23,0.49,0.21,210.94,212.88,207.9,65.49,15.01,6.58,22.92,10.05,12.38,17.15
2311,2011-06-30,600519,210.02,212.63,213.3,210.02,32701,694508280.0,1.55,0.8,1.69,0.35,212.63,213.3,210.02,64.08,15.43,4.62,24.08,7.21,21.1,19.69
2312,2011-07-01,600519,192.5,191.63,192.5,189.9,15811,302002762.0,1.22,-9.88,-21.0,0.15,191.63,192.5,189.9,81.71,15.43,23.74,18.88,29.05,23.21,18.59
2313,2011-07-04,600519,191.21,193.02,193.33,190.8,46338,888995936.0,1.32,0.73,1.39,0.45,193.02,193.33,190.8,79.76,15.18,23.74,19.03,29.76,26.87,19.64
2314,2011-07-05,600519,193.0,191.43,193.02,189.8,27058,516722478.0,1.67,-0.82,-1.59,0.26,191.43,193.02,189.8,80.7,15.18,24.74,18.81,30.66,30.85,19.04
2315,2011-07-06,600519,190.98,191.07,192.0,190.11,19754,377527543.0,0.99,-0.19,-0.36,0.19,191.07,192.0,190.11,77.52,15.18,22.77,19.58,29.37,30.02,19.14
2316,2011-07-07,600519,191.0,194.11,196.08,191.0,40957,793379763.0,2.66,1.59,3.04,0.39,194.11,196.08,191.0,75.26,14.56,22.77,19.35,30.26,27.18,19.78
2317,2011-07-08,600519,194.35,194.08,195.48,192.95,17184,333151331.0,1.3,-0.02,-0.03,0.17,194.08,195.48,192.95,70.16,14.56,21.12,20.75,30.1,21.26,21.18
2318,2011-07-11,600519,194.06,196.83,198.07,193.45,25616,502438508.0,2.38,1.42,2.75,0.25,196.83,198.07,193.45,71.97,17.15,21.12,23.83,29.35,19.45,21.33
2319,2011-07-12,600519,196.32,193.74,196.83,193.64,28488,554927096.0,1.62,-1.57,-3.09,0.27,193.74,196.83,193.64,70.88,14.51,21.12,20.47,29.8,18.88,22.87
2320,2011-07-13,600519,194.09,194.59,195.49,193.36,22109,429986678.0,1.1,0.44,0.85,0.21,194.59,195.49,193.36,68.81,12.79,21.4,18.59,31.1,19.08,24.97
2321,2011-07-14,600519,194.59,193.25,194.8,192.8,24822,480420222.0,1.03,-0.69,-1.34,0.24,193.25,194.8,192.8,66.01,11.84,21.96,17.94,33.27,20.74,25.38
2322,2011-07-15,600519,192.59,195.15,195.79,192.59,17764,346071487.0,1.66,0.98,1.9,0.17,195.15,195.79,192.59,66.03,12.83,21.96,19.43,33.26,21.45,24.31
2323,2011-07-18,600519,195.2,198.96,200.44,195.2,28523,566196215.0,2.69,1.95,3.81,0.27,198.96,200.44,195.2,66.67,14.57,21.96,21.85,32.94,21.75,21.5
2324,2011-07-19,600519,198.9,198.84,200.03,197.2,20277,403182838.0,1.42,-0.06,-0.12,0.2,198.84,200.03,197.2,64.52,13.56,21.96,21.02,34.04,23.97,21.71
2325,2011-07-20,600519,199.99,199.89,200.48,198.5,18967,378689393.0,1.0,0.53,1.05,0.18,199.89,200.48,198.5,63.22,13.59,21.96,21.5,34.74,24.8,21.84
2326,2011-07-21,600519,200.17,203.43,205.5,200.0,47677,968173564.0,2.75,1.77,3.54,0.46,203.43,205.5,200.0,46.1,18.61,1.84,40.37,3.99,34.27,26.67
2327,2011-07-22,600519,203.16,206.28,208.88,203.16,49861,1029115254.0,2.81,1.4,2.85,0.48,206.28,208.88,203.16,49.29,21.16,1.84,42.93,3.73,43.28,32.01
2328,2011-07-25,600519,207.0,203.65,207.68,202.51,35260,720951264.0,2.51,-1.27,-2.63,0.34,203.65,207.68,202.51,51.24,21.16,1.49,41.3,2.91,53.38,37.41
2329,2011-07-26,600519,203.5,203.56,203.99,202.0,24792,503434823.0,0.98,-0.04,-0.09,0.24,203.56,203.99,202.0,51.34,21.16,2.0,41.22,3.9,63.79,42.77
2330,2011-07-27,600519,203.89,204.32,207.5,202.66,30676,630035091.0,2.38,0.37,0.76,0.3,204.32,207.5,202.66,51.1,20.59,2.0,40.29,3.91,73.57,48.77
2331,2011-07-28,600519,203.89,207.75,207.9,202.0,22923,468616881.0,2.89,1.68,3.43,0.22,207.75,207.9,202.0,54.47,20.59,2.66,37.8,4.88,82.5,53.65
2332,2011-07-29,600519,207.5,206.69,207.5,205.3,19104,394180474.0,1.06,-0.51,-1.06,0.18,206.69,207.5,205.3,52.3,18.0,2.66,34.42,5.09,81.21,57.74
2333,2011-08-01,600519,207.33,203.38,207.33,202.8,18573,378447567.0,2.19,-1.6,-3.31,0.18,203.38,207.33,202.8,53.64,18.0,5.16,33.56,9.62,76.45,59.86
2334,2011-08-02,600519,202.2,201.11,202.75,198.55,27850,555745763.0,2.07,-1.12,-2.27,0.27,201.11,202.75,198.55,56.34,18.0,9.13,31.95,16.21,67.42,60.4
2335,2011-08-03,600519,199.21,201.79,202.8,199.0,17061,344076872.0,1.89,0.34,0.68,0.16,201.79,202.8,199.0,58.14,18.05,8.57,31.05,14.74,59.57,61.68
2336,2011-08-04,600519,202.5,204.98,205.69,201.8,17773,363287270.0,1.93,1.58,3.19,0.17,204.98,205.69,201.8,58.84,19.95,8.57,33.91,14.56,52.5,63.04
2337,2011-08-05,600519,200.08,203.13,205.6,200.08,21320,433966204.0,2.69,-0.9,-1.85,0.21,203.13,205.6,200.08,59.07,15.3,10.29,25.9,17.42,42.91,62.71
2338,2011-08-08,600519,201.01,199.66,205.1,198.0,36884,740883138.0,3.5,-1.71,-3.47,0.36,199.66,205.1,198.0,63.34,15.3,12.37,24.16,19.53,32.3,56.75
2339,2011-08-09,600519,196.44,201.1,203.0,193.0,36924,726671479.0,5.01,0.72,1.44,0.36,201.1,203.0,193.0,71.36,14.85,17.37,20.81,24.34,24.37,50.41
2340,2011-08-10,600519,202.4,205.7,206.49,199.75,38436,782644219.0,3.35,2.29,4.6,0.37,205.7,206.49,199.75,72.49,13.32,17.37,18.37,23.96,21.12,44.27
2341,2011-08-11,600519,204.0,214.7,215.6,204.0,61949,1301728291.0,5.64,4.38,9.0,0.6,214.7,215.6,204.0,78.37,19.05,17.37,24.31,22.16,15.95,37.76
2342,2011-08-12,600519,215.0,216.77,217.6,213.0,39466,851693649.0,2.14,0.96,2.07,0.38,216.77,217.6,213.0,77.8,21.05,16.72,27.06,21.49,11.21,31.86
2343,2011-08-15,600519,217.2,213.3,218.79,211.92,29451,630341327.0,3.17,-1.6,-3.47,0.28,213.3,218.79,211.92,82.68,22.24,16.21,26.9,19.61,10.56,26.74
2344,2011-08-16,600519,213.65,209.69,215.28,208.27,37492,788423427.0,3.29,-1.69,-3.61,0.36,209.69,215.28,208.27,84.85,18.73,19.86,22.07,23.41,9.28,20.79
2345,2011-08-17,600519,210.0,209.85,211.49,208.72,13553,284382051.0,1.32,0.08,0.16,0.13,209.85,211.49,208.72,81.72,18.73,19.2,22.92,23.49,8.19,16.28
2346,2011-08-18,600519,209.31,208.2,209.85,206.36,29342,609082956.0,1.66,-0.79,-1.65,0.28,208.2,209.85,206.36,82.76,18.73,21.56,22.63,26.05,7.16,14.14
2347,2011-08-19,600519,206.9,209.9,210.15,206.55,37488,780729993.0,1.73,0.82,1.7,0.36,209.9,210.15,206.55,81.83,19.03,19.06,23.26,23.29,6.4,11.18
2348,2011-08-22,600519,210.1,204.31,210.9,203.6,28164,581020716.0,3.48,-2.66,-5.59,0.27,204.31,210.9,203.6,84.3,19.03,17.76,22.57,21.07,5.07,8.14
2349,2011-08-23,600519,203.99,204.93,206.2,203.4,23579,482616543.0,1.37,0.3,0.62,0.23,204.93,206.2,203.4,83.3,18.98,17.96,22.79,21.56,2.91,6.74
2350,2011-08-24,600519,205.0,205.8,207.99,204.09,17957,370146592.0,1.9,0.42,0.87,0.17,205.8,207.99,204.09,83.3,17.88,17.96,21.46,21.56,2.46,5.87
2351,2011-08-25,600519,207.5,207.42,208.5,205.01,30083,623188928.0,1.7,0.79,1.62,0.29,207.42,208.5,205.01,81.27,18.39,16.24,22.63,19.98,3.29,5.74
2352,2011-08-26,600519,207.38,212.88,212.99,206.85,22749,477352656.0,2.96,2.63,5.46,0.22,212.88,212.99,206.85,80.31,22.88,14.16,28.49,17.63,6.04,6.6
2353,2011-08-29,600519,212.0,215.27,215.98,209.5,26082,558335968.0,3.04,1.12,2.39,0.25,215.27,215.98,209.5,76.79,25.87,9.16,33.69,11.93,13.98,10.19
2354,2011-08-30,600519,215.5,214.82,217.43,213.01,28816,619557328.0,2.05,-0.21,-0.45,0.28,214.82,217.43,213.01,74.47,23.83,9.16,32.0,12.3,20.82,12.94
2355,2011-08-31,600519,218.8,214.77,219.5,214.5,50015,1079339680.0,2.33,-0.02,-0.05,0.48,214.77,219.5,214.5,67.87,16.79,9.16,24.74,13.5,25.26,14.09
2356,2011-09-01,600519,214.7,211.48,215.48,210.5,25690,544632800.0,2.32,-1.53,-3.29,0.25,211.48,215.48,210.5,68.25,14.79,13.16,21.67,19.28,26.19,14.33
2357,2011-09-02,600519,210.86,211.86,212.2,209.9,13833,292111760.0,1.09,0.18,0.38,0.13,211.86,212.2,209.9,63.68,13.6,13.76,21.36,21.61,25.26,14.27
2358,2011-09-05,600519,211.19,207.27,211.38,206.5,27345,569905680.0,2.3,-2.17,-4.59,0.26,207.27,211.38,206.5,62.03,13.6,13.51,21.92,21.78,21.39,13.72
2359,2011-09-06,600519,206.0,203.01,208.3,202.28,32095,656690816.0,2.9,-2.06,-4.26,0.31,203.01,208.3,202.28,65.28,13.6,17.73,20.83,27.16,15.63,14.81
2360,2011-09-07,600519,203.6,207.59,207.88,203.5,20088,412012240.0,2.16,2.26,4.58,0.19,207.59,207.88,203.5,66.66,13.6,15.37,20.4,23.06,9.24,15.03
2361,2011-09-08,600519,208.0,205.87,208.99,205.62,13183,274052384.0,1.62,-0.83,-1.72,0.13,205.87,208.99,205.62,66.43,14.41,15.37,21.69,23.14,4.88,15.07
2362,2011-09-09,600519,206.56,207.08,209.68,203.99,14227,294079504.0,2.76,0.59,1.21,0.14,207.08,209.68,203.99,64.82,14.41,14.05,22.23,21.68,4.12,15.15
2363,2011-09-13,600519,204.59,201.63,206.0,201.08,18949,384543760.0,2.38,-2.63,-5.45,0.18,201.63,206.0,201.08,68.02,14.41,16.76,21.18,24.64,5.28,15.27
2364,2011-09-14,600519,203.0,197.95,203.28,194.17,47626,940641408.0,4.52,-1.83,-3.68,0.46,197.95,203.28,194.17,73.23,12.62,23.67,17.23,32.32,10.29,15.84
2365,2011-09-15,600519,198.0,198.49,200.2,197.77,19122,380380016.0,1.23,0.27,0.54,0.18,198.49,200.2,197.77,72.17,12.11,23.67,16.78,32.8,13.48,14.56
2366,2011-09-16,600519,199.49,202.92,203.13,198.0,18029,361574736.0,2.58,2.23,4.43,0.17,202.92,203.13,198.0,71.16,10.55,23.67,14.83,33.26,18.85,14.05
2367,2011-09-19,600519,203.7,202.72,204.5,201.92,15352,311793488.0,1.27,-0.1,-0.2,0.15,202.72,204.5,201.92,67.26,8.93,23.67,13.28,35.19,25.85,15.37
2368,2011-09-20,600519,202.7,200.84,202.7,199.5,12785,256651648.0,1.58,-0.93,-1.88,0.12,200.84,202.7,199.5,66.06,7.48,26.09,11.32,39.49,34.88,19.5
2369,2011-09-21,600519,200.82,204.36,205.03,200.5,24640,501953360.0,2.26,1.75,3.52,0.24,204.36,205.03,200.5,65.59,7.74,26.09,11.8,39.78,42.67,23.97
2370,2011-09-22,600519,203.0,197.66,203.88,197.3,24336,489514704.0,3.22,-3.28,-6.7,0.23,197.66,203.88,197.3,67.67,7.74,25.29,11.44,37.37,46.45,28.37
2371,2011-09-23,600519,194.1,194.05,196.0,189.89,76537,1476263520.0,3.09,-1.83,-3.61,0.74,194.05,196.0,189.89,73.14,7.74,32.1,10.58,43.89,51.25,32.37
2372,2011-09-26,600519,191.86,188.12,194.25,188.0,42211,803193664.0,3.22,-3.06,-5.93,0.41,188.12,194.25,188.0,74.03,7.74,30.59,10.46,41.32,54.8,36.83
2373,2011-09-27,600519,189.97,189.46,191.64,187.67,24750,468028768.0,2.11,0.71,1.34,0.24,189.46,191.64,187.67,71.98,7.74,26.7,10.75,37.09,56.44,41.14
2374,2011-09-28,600519,190.8,187.12,190.8,186.23,32390,611544832.0,2.41,-1.24,-2.34,0.31,187.12,190.8,186.23,71.68,7.74,28.14,10.8,39.26,56.67,45.78
2375,2011-09-29,600519,184.9,187.09,191.0,184.9,30031,563567696.0,3.26,-0.02,-0.03,0.29,187.09,191.0,184.9,74.41,6.63,29.47,8.91,39.6,58.18,50.42
2376,2011-09-30,600519,187.16,190.59,191.1,187.16,18270,346902288.0,2.11,1.87,3.5,0.18,190.59,191.1,187.16,72.73,6.73,27.84,9.25,38.28,59.5,52.97
2377,2011-10-10,600519,190.88,188.0,191.8,187.63,14284,270790784.0,2.19,-1.36,-2.59,0.14,188.0,191.8,187.63,70.9,7.43,24.93,10.48,35.16,58.32,54.79
2378,2011-10-11,600519,191.99,186.97,191.99,183.0,20586,387171392.0,4.78,-0.55,-1.03,0.2,186.97,191.99,183.0,70.78,7.43,22.65,10.5,32.0,56.82,55.81
2379,2011-10-12,600519,186.5,192.04,192.6,184.43,29779,563092944.0,4.37,2.71,5.07,0.29,192.04,192.6,184.43,76.52,8.04,22.65,10.51,29.6,55.58,56.01
2380,2011-10-13,600519,192.04,192.07,194.84,190.0,23962,460883856.0,2.52,0.02,0.03,0.23,192.07,194.84,190.0,76.23,7.35,22.65,9.64,29.71,54.6,55.64
2381,2011-10-14,600519,191.05,191.44,192.78,189.8,12468,238319748.0,1.55,-0.33,-0.63,0.12,191.44,192.78,189.8,76.63,5.98,22.85,7.8,29.82,53.81,55.99
2382,2011-10-17,600519,192.17,197.14,197.51,191.6,26009,509046256.0,3.09,2.98,5.7,0.25,197.14,197.51,191.6,79.48,10.71,20.43,13.48,25.7,48.84,54.17
2383,2011-10-18,600519,195.34,196.42,199.37,195.01,22786,451487840.0,2.21,-0.37,-0.72,0.22,196.42,199.37,195.01,79.31,10.24,20.43,12.91,25.76,45.36,51.84
2384,2011-10-19,600519,197.42,198.12,201.5,197.0,22658,451701344.0,2.29,0.87,1.7,0.22,198.12,201.5,197.0,77.33,12.37,17.23,16.0,22.28,39.66,48.24
2385,2011-10-20,600519,197.0,191.1,198.56,190.6,29313,569297376.0,4.02,-3.54,-7.02,0.28,191.1,198.56,190.6,77.52,12.37,16.22,15.96,20.92,33.97,44.78
2386,2011-10-21,600519,190.66,194.39,195.0,190.66,17116,330777248.0,2.27,1.72,3.29,0.16,194.39,195.0,190.66,75.61,12.37,14.33,16.36,18.95,26.7,40.65
2387,2011-10-24,600519,195.8,200.55,201.11,194.4,32391,638275440.0,3.45,3.17,6.16,0.31,200.55,201.11,194.4,78.36,18.48,14.0,23.58,17.87,19.24,36.53
2388,2011-10-25,600519,199.2,200.62,203.33,199.2,32042,643502576.0,2.06,0.03,0.07,0.31,200.62,203.33,199.2,77.92,20.7,12.56,26.57,16.12,18.12,33.48
2389,2011-10-26,600519,199.88,201.86,202.08,198.71,29493,591834128.0,1.68,0.62,1.24,0.28,201.86,202.08,198.71,75.19,20.7,11.72,27.53,15.59,17.2,31.28
2390,2011-10-27,600519,202.05,202.0,204.36,201.54,20105,407006048.0,1.4,0.07,0.14,0.19,202.0,204.36,201.54,74.0,22.88,11.72,30.92,15.84,19.84,29.75
2391,2011-10-28,600519,203.51,205.01,206.8,203.51,26057,533715360.0,1.63,1.49,3.01,0.25,205.01,206.8,203.51,74.63,24.62,11.72,32.99,15.7,23.51,28.74
2392,2011-10-31,600519,205.3,204.21,206.18,202.68,28122,574616416.0,1.71,-0.39,-0.8,0.27,204.21,206.18,202.68,69.14,24.62,7.92,35.61,11.46,30.84,28.77
2393,2011-11-01,600519,203.18,207.19,207.5,202.51,27147,559038592.0,2.44,1.46,2.98,0.26,207.19,207.5,202.51,65.96,25.33,7.92,38.4,12.01,37.27,28.26
2394,2011-11-02,600519,204.95,209.57,209.65,204.6,26647,550968560.0,2.44,1.15,2.38,0.26,209.57,209.65,204.6,66.17,25.24,7.92,38.14,11.97,41.89,30.01
2395,2011-11-03,600519,211.07,207.28,211.5,207.17,30466,636306544.0,2.07,-1.09,-2.29,0.29,207.28,211.5,207.17,67.52,27.09,7.72,40.12,11.43,46.55,31.88
2396,2011-11-04,600519,207.88,207.76,210.0,206.33,18547,384686864.0,1.77,0.23,0.48,0.18,207.76,210.0,206.33,65.12,22.36,8.56,34.34,13.14,48.61,34.23
2397,2011-11-07,600519,208.2,206.8,208.7,206.56,16574,344437184.0,1.03,-0.46,-0.96,0.16,206.8,208.7,206.56,62.9,20.5,8.56,32.59,13.61,49.55,36.53
2398,2011-11-08,600519,207.66,204.75,207.93,203.98,25546,525028368.0,1.91,-0.99,-2.05,0.25,204.75,207.93,203.98,61.77,18.37,11.14,29.74,18.03,45.08,37.96
2399,2011-11-09,600519,204.9,204.12,206.66,202.5,24696,506506704.0,2.03,-0.31,-0.63,0.24,204.12,206.66,202.5,57.97,18.37,6.22,31.69,10.73,44.58,40.93
2400,2011-11-10,600519,203.29,205.01,205.6,203.13,14618,298980848.0,1.21,0.44,0.89,0.14,205.01,205.6,203.13,56.1,18.37,6.22,32.75,11.09,44.11,43.0
2401,2011-11-11,600519,205.01,203.97,205.15,203.03,11693,238543944.0,1.03,-0.51,-1.04,0.11,203.97,205.15,203.03,51.5,12.26,6.32,23.81,12.27,40.17,43.36
2402,2011-11-14,600519,205.49,207.26,208.15,204.2,17986,371343632.0,1.94,1.61,3.29,0.17,207.26,208.15,204.2,51.55,13.04,6.32,25.3,12.26,38.51,43.56
2403,2011-11-15,600519,207.6,203.93,207.95,203.0,17782,364242672.0,2.39,-1.61,-3.33,0.17,203.93,207.95,203.0,53.13,13.04,7.03,24.54,13.23,36.66,43.1
2404,2011-11-16,600519,203.95,200.77,203.95,199.9,29546,592948960.0,1.99,-1.55,-3.16,0.28,200.77,203.95,199.9,54.36,10.76,10.13,19.79,18.64,33.08,39.08
2405,2011-11-17,600519,200.85,201.84,203.6,200.31,15589,315328816.0,1.64,0.53,1.07,0.15,201.84,203.6,200.31,52.85,8.32,10.13,15.74,19.17,26.48,35.53
2406,2011-11-18,600519,201.88,200.57,202.88,199.7,19907,401272256.0,1.58,-0.63,-1.27,0.19,200.57,202.88,199.7,52.53,8.32,9.91,15.84,18.87,19.7,31.9
2407,2011-11-21,600519,200.7,200.87,203.4,200.11,18390,370926320.0,1.64,0.15,0.3,0.18,200.87,203.4,200.11,50.83,7.52,9.91,14.79,19.5,16.65,28.41
2408,2011-11-22,600519,200.89,206.07,206.89,200.6,35653,729198880.0,3.13,2.59,5.2,0.34,206.07,206.89,200.6,52.07,8.86,9.91,17.02,19.03,11.8,25.16
2409,2011-11-23,600519,205.62,209.11,209.3,205.62,31538,656169792.0,1.79,1.48,3.04,0.3,209.11,209.3,205.62,51.42,9.42,9.91,18.32,19.27,7.23,21.94
2410,2011-11-24,600519,208.6,207.69,209.18,207.5,26559,554286400.0,0.8,-0.68,-1.42,0.26,207.69,209.18,207.5,49.43,9.42,9.07,19.06,18.35,7.04,20.06
2411,2011-11-25,600519,207.75,209.98,213.34,207.0,40236,848244768.0,3.05,1.1,2.29,0.39,209.98,213.34,207.0,53.63,13.58,9.07,25.32,16.91,8.73,17.6
2412,2011-11-28,600519,210.31,213.87,214.77,209.31,53380,1136929568.0,2.6,1.85,3.89,0.51,213.87,214.77,209.31,55.14,15.01,6.49,27.22,11.77,13.88,16.79
2413,2011-11-29,600519,213.8,212.56,216.09,211.8,41355,884545008.0,2.01,-0.61,-1.31,0.4,212.56,216.09,211.8,55.27,16.33,5.01,29.55,9.06,20.43,18.54
2414,2011-11-30,600519,212.88,210.06,214.78,208.8,40263,850997824.0,2.81,-1.18,-2.5,0.39,210.06,214.78,208.8,58.78,16.33,8.01,27.78,13.63,25.2,18.5
2415,2011-12-01,600519,213.2,212.84,215.19,210.27,33785,719311328.0,2.34,1.32,2.78,0.33,212.84,215.19,210.27,61.79,16.74,7.91,27.09,12.8,30.75,18.99
2416,2011-12-02,600519,212.0,214.03,216.2,212.0,27267,584935200.0,1.97,0.56,1.19,0.26,214.03,216.2,212.0,61.81,14.75,7.91,23.86,12.8,35.46,21.25
2417,2011-12-05,600519,214.45,206.72,214.45,206.4,39026,816027280.0,3.76,-3.42,-7.31,0.38,206.72,214.45,206.4,64.91,14.75,12.31,22.72,18.96,33.65,21.19
2418,2011-12-06,600519,206.51,203.67,206.55,201.7,37152,756470592.0,2.35,-1.48,-3.05,0.36,203.67,206.55,201.7,65.88,14.75,13.91,22.39,21.11,27.53,20.7
2419,2011-12-07,600519,203.7,205.7,206.5,203.7,27334,562146784.0,1.37,1.0,2.03,0.26,205.7,206.5,203.7,65.42,14.75,13.91,22.55,21.26,19.18,19.81
2420,2011-12-08,600519,205.9,203.0,208.6,202.88,24661,506265024.0,2.78,-1.31,-2.7,0.24,203.0,208.6,202.88,67.96,16.85,13.3,24.79,19.57,15.44,20.32
2421,2011-12-09,600519,202.85,199.82,203.85,199.7,36746,737854848.0,2.04,-1.57,-3.18,0.35,199.82,203.85,199.7,68.82,16.33,16.48,23.73,23.95,9.55,20.15
2422,2011-12-12,600519,199.82,197.54,200.9,196.89,29527,585362512.0,2.01,-1.14,-2.28,0.28,197.54,200.9,196.89,66.54,12.84,19.29,19.3,28.99,7.86,21.66
2423,2011-12-13,600519,196.92,196.25,197.98,195.98,29996,591182080.0,1.01,-0.65,-1.29,0.29,196.25,197.98,195.98,64.86,10.43,20.2,16.08,31.14,11.68,22.66
2424,2011-12-14,600519,196.25,197.84,200.0,196.25,20813,412444016.0,1.91,0.81,1.59,0.2,197.84,200.0,196.25,66.93,12.45,20.2,18.6,30.18,15.15,21.34
2425,2011-12-15,600519,196.87,196.98,198.88,195.05,21880,430851248.0,1.94,-0.43,-0.86,0.21,196.98,198.88,195.05,64.42,8.29,21.4,12.87,33.22,22.02,20.6
2426,2011-12-16,600519,198.0,201.78,201.98,197.99,30649,614353392.0,2.03,2.44,4.8,0.3,201.78,201.98,197.99,63.96,9.96,21.4,15.57,33.46,26.13,20.79
2427,2011-12-19,600519,200.97,201.0,201.39,199.3,25456,510463392.0,1.04,-0.39,-0.78,0.25,201.0,201.39,199.3,62.15,8.64,21.4,13.9,34.43,33.14,21.34
2428,2011-12-20,600519,201.0,200.24,202.8,198.5,17106,342834672.0,2.14,-0.38,-0.76,0.16,200.24,202.8,198.5,60.47,10.05,18.4,16.62,30.43,34.68,21.27
2429,2011-12-21,600519,201.18,197.23,201.48,196.98,21963,437207568.0,2.25,-1.5,-3.01,0.21,197.23,201.48,196.98,59.84,9.64,19.92,16.11,33.29,35.16,23.42
2430,2011-12-22,600519,197.5,199.67,200.92,195.8,17443,346785296.0,2.6,1.24,2.44,0.17,199.67,200.92,195.8,60.76,8.63,21.1,14.2,34.73,38.2,26.67
2431,2011-12-23,600519,199.9,200.76,201.4,199.0,17610,353128160.0,1.2,0.55,1.09,0.17,200.76,201.4,199.0,55.11,9.11,15.5,16.53,28.13,35.17,28.59
2432,2011-12-26,600519,200.61,193.12,200.62,192.3,46995,918253504.0,4.14,-3.81,-7.64,0.45,193.12,200.62,192.3,58.55,9.11,17.5,15.56,29.89,34.34,30.24
2433,2011-12-27,600519,193.0,189.03,193.0,188.32,31315,594898816.0,2.42,-2.12,-4.09,0.3,189.03,193.0,188.32,60.52,9.11,21.48,15.05,35.49,34.0,33.57
2434,2011-12-28,600519,188.3,190.23,190.5,186.49,27738,524088080.0,2.12,0.63,1.2,0.27,190.23,190.5,186.49,58.81,7.01,23.31,11.92,39.64,38.07,36.38
2435,2011-12-29,600519,189.1,192.21,192.89,189.1,20062,384718000.0,1.99,1.04,1.98,0.19,192.21,192.89,189.1,58.45,9.4,20.13,16.08,34.44,38.33,36.75
2436,2011-12-30,600519,192.7,193.3,194.88,190.0,29461,569875568.0,2.54,0.57,1.09,0.28,193.3,194.88,190.0,59.32,11.39,17.32,19.2,29.2,34.78,36.49
2437,2012-01-04,600519,191.5,185.27,192.77,185.0,33878,637232816.0,4.02,-4.15,-8.03,0.33,185.27,192.77,185.0,65.62,11.39,21.41,17.36,32.63,35.54,35.35
2438,2012-01-05,600519,184.0,183.15,185.2,182.36,30123,553347008.0,1.53,-1.14,-2.12,0.29,183.15,185.2,182.36,64.78,9.37,24.05,14.46,37.13,37.61,35.98
2439,2012-01-06,600519,183.1,186.64,188.05,181.65,25191,464647456.0,3.49,1.91,3.49,0.24,186.64,188.05,181.65,67.35,12.22,22.85,18.14,33.93,35.92,34.96
2440,2012-01-09,600519,186.0,188.01,188.09,181.77,26160,483282448.0,3.39,0.73,1.37,0.25,188.01,188.09,181.77,68.67,9.16,22.85,13.34,33.28,34.09,36.08
2441,2012-01-10,600519,187.0,194.48,194.66,186.11,39236,749263280.0,4.55,3.44,6.47,0.38,194.48,194.66,186.11,74.74,15.73,22.85,21.05,30.57,31.11,34.72
2442,2012-01-11,600519,192.95,189.68,193.89,189.3,39891,761167936.0,2.36,-2.47,-4.8,0.38,189.68,193.89,189.3,75.62,14.32,22.85,18.94,30.22,31.49,33.14
2443,2012-01-12,600519,188.58,190.35,191.56,188.58,27440,522231552.0,1.57,0.35,0.67,0.26,190.35,191.56,188.58,74.1,14.32,22.05,19.33,29.76,29.94,32.74
2444,2012-01-13,600519,190.7,188.69,191.2,187.52,20542,387615920.0,1.93,-0.87,-1.66,0.2,188.69,191.2,187.52,72.66,14.32,21.93,19.71,30.18,26.12,31.87
2445,2012-01-16,600519,187.38,177.41,187.38,175.66,51656,933514128.0,6.21,-5.98,-11.28,0.5,177.41,187.38,175.66,83.29,13.84,33.79,16.62,40.57,28.05,31.99
2446,2012-01-17,600519,177.9,180.44,181.98,170.9,61228,1077158896.0,6.25,1.71,3.03,0.59,180.44,181.98,170.9,85.91,13.84,31.85,16.11,37.07,27.49,30.79
2447,2012-01-18,600519,181.42,177.38,185.18,176.66,47295,858725552.0,4.72,-1.7,-3.06,0.46,177.38,185.18,176.66,89.63,17.04,27.87,19.01,31.09,28.44,29.77
2448,2012-01-19,600519,177.89,180.7,181.6,175.51,24329,437246160.0,3.43,1.87,3.32,0.23,180.7,181.6,175.51,91.71,17.04,27.19,18.58,29.65,28.44,29.96
2449,2012-01-20,600519,182.0,185.97,186.2,182.0,29683,548292992.0,2.32,2.92,5.27,0.29,185.97,186.2,182.0,93.42,19.25,27.19,20.61,29.11,27.74,28.84
2450,2012-01-30,600519,185.99,183.8,186.99,183.06,30550,563162784.0,2.11,-1.17,-2.17,0.29,183.8,186.99,183.06,92.47,18.05,27.19,19.52,29.4,27.61,26.87
2451,2012-01-31,600519,184.42,186.41,186.6,184.35,15855,294490832.0,1.22,1.42,2.61,0.15,186.41,186.6,184.35,86.97,18.05,22.19,20.75,25.51,22.34,25.2
2452,2012-02-01,600519,186.2,186.15,188.52,184.88,24824,464159680.0,1.95,-0.14,-0.26,0.24,186.15,188.52,184.88,87.7,19.97,19.55,22.77,22.29,15.95,21.72
2453,2012-02-02,600519,186.15,186.43,187.0,184.28,20375,378596176.0,1.46,0.15,0.28,0.2,186.43,187.0,184.28,84.02,17.12,20.15,20.38,23.98,13.29,20.86
2454,2012-02-03,600519,186.46,186.48,186.6,183.49,26518,490438848.0,1.67,0.03,0.05,0.26,186.48,186.6,183.49,80.81,17.08,20.94,21.14,25.91,11.16,19.8
2455,2012-02-06,600519,186.61,188.54,188.76,185.8,29748,557205040.0,1.59,1.1,2.06,0.29,188.54,188.76,185.8,75.22,12.67,20.94,16.84,27.84,12.41,20.07
2456,2012-02-07,600519,187.3,185.86,188.45,185.4,17942,334371760.0,1.62,-1.42,-2.68,0.17,185.86,188.45,185.4,73.18,12.67,21.34,17.31,29.16,13.29,20.45
2457,2012-02-08,600519,185.86,188.29,189.0,185.08,23082,432175424.0,2.11,1.31,2.43,0.22,188.29,189.0,185.08,74.12,13.22,20.62,17.84,27.82,15.22,18.78
2458,2012-02-09,600519,188.0,190.75,191.15,187.66,31385,596916592.0,1.85,1.31,2.46,0.3,190.75,191.15,187.66,73.93,15.37,19.56,20.79,26.46,17.04,16.5
2459,2012-02-10,600519,189.53,190.51,192.4,189.1,22276,425266912.0,1.73,-0.13,-0.24,0.21,190.51,192.4,189.1,64.2,16.62,7.7,25.89,11.99,21.8,17.54
2460,2012-02-13,600519,189.5,193.42,195.17,188.66,21639,416409712.0,3.42,1.53,2.91,0.21,193.42,195.17,188.66,59.63,19.39,2.94,32.52,4.93,32.38,21.77
2461,2012-02-14,600519,192.69,193.82,194.66,191.8,15142,292922048.0,1.48,0.21,0.4,0.15,193.82,194.66,191.8,53.97,16.19,2.94,30.0,5.45,39.83,26.12
2462,2012-02-15,600519,192.73,194.8,195.9,192.73,24714,481676736.0,1.64,0.51,0.98,0.24,194.8,195.9,192.73,51.05,17.43,1.79,34.14,3.51,49.14,31.21
2463,2012-02-16,600519,193.52,191.72,194.8,190.6,22016,424963024.0,2.16,-1.58,-3.08,0.21,191.72,194.8,190.6,49.75,12.83,3.92,25.79,7.88,54.36,34.79
2464,2012-02-17,600519,193.88,191.44,193.88,190.37,12288,235751780.0,1.83,-0.15,-0.28,0.12,191.44,193.88,190.37,49.33,12.04,4.15,24.41,8.41,60.48,38.76
2465,2012-02-20,600519,192.96,190.86,193.67,190.8,18530,356774752.0,1.5,-0.3,-0.58,0.18,190.86,193.67,190.8,49.4,12.04,4.15,24.37,8.4,62.49,42.15
2466,2012-02-21,600519,191.79,191.95,192.58,190.4,13789,264260509.0,1.14,0.57,1.09,0.13,191.95,192.58,190.4,47.94,10.12,4.55,21.11,9.49,56.54,44.46
2467,2012-02-22,600519,192.76,192.76,193.5,190.98,22352,429952032.0,1.31,0.42,0.81,0.22,192.76,193.5,190.98,47.74,11.04,3.95,23.13,8.27,52.88,46.36
2468,2012-02-23,600519,192.52,194.31,195.04,192.52,33433,649316720.0,1.31,0.8,1.55,0.32,194.31,195.04,192.52,47.15,12.58,3.16,26.68,6.7,49.3,49.22
2469,2012-02-24,600519,194.18,198.08,198.21,194.15,23944,471970592.0,2.09,1.94,3.77,0.23,198.08,198.21,194.15,48.25,13.59,3.16,28.17,6.55,50.81,52.59
2470,2012-02-27,600519,198.78,198.5,200.02,197.5,26562,528808016.0,1.27,0.21,0.42,0.26,198.5,200.02,197.5,47.63,15.4,2.76,32.33,5.79,54.29,57.39
2471,2012-02-28,600519,199.43,200.74,200.95,198.56,25698,514122720.0,1.2,1.13,2.24,0.25,200.74,200.95,198.56,46.16,15.78,2.76,34.19,5.98,57.87,60.18
2472,2012-02-29,600519,201.0,204.46,205.0,200.5,39432,802601072.0,2.24,1.85,3.72,0.38,204.46,205.0,200.5,47.17,17.68,2.76,37.48,5.85,63.71,60.13
2473,2012-03-01,600519,203.52,202.58,205.47,202.39,16921,345438320.0,1.51,-0.92,-1.88,0.16,202.58,205.47,202.39,46.95,16.9,2.76,36.0,5.88,67.81,60.35
2474,2012-03-02,600519,202.63,200.9,203.7,199.51,35217,706746816.0,2.07,-0.83,-1.68,0.34,200.9,203.7,199.51,44.63,14.13,5.64,31.66,12.64,64.99,57.14
2475,2012-03-05,600519,200.85,199.84,200.88,198.6,30554,609500896.0,1.13,-0.53,-1.06,0.29,199.84,200.88,198.6,44.07,14.13,6.55,32.06,14.86,60.72,55.77
2476,2012-03-06,600519,199.0,196.05,199.84,196.0,31474,621286496.0,1.92,-1.9,-3.79,0.3,196.05,199.84,196.0,44.74,12.89,9.15,28.81,20.45,51.95,53.12
2477,2012-03-07,600519,194.72,193.13,195.59,192.98,29199,567286768.0,1.33,-1.49,-2.92,0.28,193.13,195.59,192.98,43.61,12.89,10.04,29.56,23.02,42.32,50.09
2478,2012-03-08,600519,193.21,194.44,196.11,192.98,23575,458505184.0,1.62,0.68,1.31,0.23,194.44,196.11,192.98,43.23,13.41,9.81,31.02,22.69,32.74,48.22
2479,2012-03-09,600519,194.69,199.93,200.12,194.2,29239,578119776.0,3.04,2.82,5.49,0.28,199.93,200.12,194.2,46.28,17.42,9.81,37.64,21.2,25.41,46.61
2480,2012-03-12,600519,200.12,200.54,201.61,199.03,25682,514548192.0,1.29,0.31,0.61,0.25,200.54,201.61,199.03,46.68,18.91,9.41,40.51,20.16,23.84,44.42
2481,2012-03-13,600519,200.1,201.66,203.3,200.1,18316,370157888.0,1.6,0.56,1.12,0.18,201.66,203.3,200.1,47.36,19.68,9.41,41.55,19.87,23.62,42.17
2482,2012-03-14,600519,201.59,198.67,204.05,198.0,40700,820433744.0,3.0,-1.48,-2.99,0.39,198.67,204.05,198.0,50.89,18.14,11.51,35.65,22.62,24.52,38.23
2483,2012-03-15,600519,199.04,198.93,202.4,198.6,28095,562966960.0,1.91,0.13,0.26,0.27,198.93,202.4,198.6,50.63,14.97,11.51,29.57,22.73,24.62,33.47
2484,2012-03-16,600519,200.79,207.59,208.0,200.3,51584,1060740608.0,3.87,4.35,8.66,0.5,207.59,208.0,200.3,57.18,18.76,11.51,32.81,20.13,26.03,29.38
2485,2012-03-19,600519,207.8,207.64,211.57,205.57,45636,952934080.0,2.89,0.02,0.05,0.44,207.64,211.57,205.57,60.73,21.4,11.51,35.24,18.95,26.38,25.89
2486,2012-03-20,600519,207.55,207.75,209.1,206.11,23400,486464272.0,1.44,0.05,0.11,0.23,207.75,209.1,206.11,59.22,17.35,11.51,29.3,19.44,24.16,24.0
2487,2012-03-21,600519,207.8,205.1,209.0,203.86,29528,607930944.0,2.47,-1.28,-2.65,0.28,205.1,209.0,203.86,61.28,16.88,13.76,27.55,22.45,19.97,21.8
2488,2012-03-22,600519,204.32,205.35,206.9,204.29,8332,171049550.0,1.27,0.12,0.25,0.08,205.35,206.9,204.29,59.7,16.88,10.88,28.27,18.22,19.85,22.18
2489,2012-03-23,600519,207.5,212.02,212.55,207.5,54874,1159278432.0,2.46,3.25,6.67,0.53,212.02,212.55,207.5,64.6,22.53,9.97,34.88,15.43,24.11,24.37
2490,2012-03-26,600519,211.12,215.2,215.9,211.1,37654,807094320.0,2.26,1.5,3.18,0.36,215.2,215.9,211.1,65.56,25.88,7.37,39.48,11.24,29.4,27.71
2491,2012-03-27,600519,210.22,201.5,210.99,201.0,79106,1635757952.0,4.64,-6.37,-13.7,0.76,201.5,210.99,201.0,76.69,25.88,14.45,33.75,18.84,29.11,27.75
2492,2012-03-28,600519,199.0,201.4,205.0,198.31,55461,1116354640.0,3.32,-0.05,-0.1,0.53,201.4,205.0,198.31,80.25,25.36,17.14,31.6,21.36,28.97,26.56
2493,2012-03-29,600519,200.8,201.15,205.5,200.0,36983,751200416.0,2.73,-0.12,-0.25,0.36,201.15,205.5,200.0,79.83,21.85,17.14,27.37,21.47,29.28,24.63
2494,2012-03-30,600519,201.16,196.96,202.99,195.0,37960,749355392.0,3.97,-2.08,-4.19,0.37,196.96,202.99,195.0,85.24,20.36,22.14,23.89,25.97,26.38,23.11
2495,2012-04-05,600519,196.1,206.0,206.4,196.1,40961,831105664.0,5.23,4.59,9.04,0.39,206.0,206.4,196.1,92.34,22.08,22.14,23.91,23.98,19.96,22.04
2496,2012-04-06,600519,205.62,207.97,208.08,205.53,26730,553032992.0,1.24,0.96,1.97,0.26,207.97,208.08,205.53,88.84,23.76,20.04,26.74,22.56,12.1,20.75
2497,2012-04-09,600519,207.55,209.26,209.92,205.6,14475,300301664.0,2.08,0.62,1.29,0.14,209.26,209.92,205.6,89.36,25.6,20.04,28.65,22.43,9.4,19.26
2498,2012-04-10,600519,209.28,208.11,209.78,205.11,16641,344431376.0,2.23,-0.55,-1.15,0.16,208.11,209.78,205.11,84.96,20.0,20.53,23.54,24.16,6.4,17.68
2499,2012-04-11,600519,205.0,208.85,211.5,203.51,31461,655577440.0,3.84,0.36,0.74,0.3,208.85,211.5,203.51,86.95,18.15,20.53,20.87,23.61,5.41,17.35
2500,2012-04-12,600519,208.85,212.42,212.52,206.68,28423,597232640.0,2.8,1.71,3.57,0.27,212.42,212.52,206.68,89.8,19.17,20.53,21.35,22.86,5.28,15.83
2501,2012-04-13,600519,212.5,213.03,214.05,211.4,20527,436617440.0,1.25,0.29,0.61,0.2,213.03,214.05,211.4,87.31,20.7,18.28,23.71,20.94,6.3,13.13
2502,2012-04-16,600519,212.5,212.83,215.4,211.59,20893,447725424.0,1.79,-0.09,-0.2,0.2,212.83,215.4,211.59,88.51,22.05,18.28,24.91,20.65,6.44,9.27
2503,2012-04-17,600519,212.84,210.18,213.01,210.0,17872,377050672.0,1.41,-1.25,-2.65,0.17,210.18,213.01,210.0,84.32,16.4,19.87,19.45,23.56,6.0,7.7
2504,2012-04-18,600519,210.41,213.86,214.8,210.0,22815,485407312.0,2.28,1.75,3.68,0.22,213.86,214.8,210.0,84.32,14.84,19.87,17.6,23.56,8.2,7.3
2505,2012-04-19,600519,213.78,209.48,214.37,207.81,21824,459867200.0,3.07,-2.05,-4.38,0.21,209.48,214.37,207.81,76.68,14.84,11.96,19.35,15.6,8.96,7.19
2506,2012-04-20,600519,208.3,212.5,213.35,208.3,17046,360265744.0,2.41,1.44,3.02,0.16,212.5,213.35,208.3,75.04,14.84,9.27,19.78,12.35,12.24,8.76
2507,2012-04-23,600519,211.72,211.84,214.27,209.86,13282,281175040.0,2.08,-0.31,-0.66,0.13,211.84,214.27,209.86,73.95,15.26,9.27,20.64,12.54,15.28,10.79
2508,2012-04-24,600519,212.19,211.52,213.01,209.94,21782,459834816.0,1.45,-0.15,-0.32,0.21,211.52,213.01,209.94,69.03,15.26,4.27,22.11,6.19,23.1,14.77
2509,2012-04-25,600519,212.45,212.92,213.26,210.0,15529,329552768.0,1.54,0.66,1.4,0.15,212.92,213.26,210.0,61.99,12.1,4.27,19.52,6.89,29.48,17.74
2510,2012-04-26,600519,214.25,216.69,217.0,213.5,35020,753334304.0,1.64,1.77,3.77,0.34,216.69,217.0,213.5,63.52,14.16,4.27,22.29,6.72,36.01,22.1
2511,2012-04-27,600519,216.69,224.56,225.48,216.69,42728,954712960.0,4.06,3.63,7.87,0.41,224.56,225.48,216.69,67.99,20.8,4.27,30.59,6.28,45.2,27.08
2512,2012-05-02,600519,226.0,225.98,226.57,222.0,35340,793434512.0,2.04,0.63,1.42,0.34,225.98,226.57,222.0,67.89,21.89,3.78,32.24,5.57,53.11,32.68
2513,2012-05-03,600519,225.98,226.69,227.3,223.61,25654,579082880.0,1.63,0.31,0.71,0.25,226.69,227.3,223.61,63.59,20.9,3.78,32.87,5.94,60.6,37.94
2514,2012-05-04,600519,226.5,234.0,234.88,226.5,31879,734789680.0,3.7,3.22,7.31,0.31,234.0,234.88,226.5,66.13,27.46,3.78,41.52,5.72,63.86,43.48
2515,2012-05-07,600519,234.8,234.51,237.76,233.28,34245,805751888.0,1.91,0.22,0.51,0.33,234.51,237.76,233.28,67.96,28.81,3.78,42.39,5.56,68.69,49.08
2516,2012-05-08,600519,234.45,234.11,234.85,229.38,36665,851128752.0,2.33,-0.17,-0.4,0.35,234.11,234.85,229.38,69.62,27.46,7.68,39.44,11.03,69.12,52.56
2517,2012-05-09,600519,231.12,230.83,232.65,227.2,32910,756259728.0,2.33,-1.4,-3.28,0.32,230.83,232.65,227.2,73.52,27.46,8.27,37.35,11.25,67.09,56.15
2518,2012-05-10,600519,231.0,227.7,231.0,226.95,30574,697959456.0,1.75,-1.36,-3.13,0.29,227.7,231.0,226.95,72.77,25.67,8.52,35.28,11.71,63.69,58.4
2519,2012-05-11,600519,228.0,227.69,228.5,225.9,23261,528011696.0,1.14,0.0,-0.01,0.22,227.69,228.5,225.9,68.81,25.67,7.38,37.31,10.73,61.35,60.98
2520,2012-05-14,600519,228.0,222.18,228.0,220.61,38797,863502640.0,3.25,-2.42,-5.51,0.37,222.18,228.0,220.61,71.15,25.67,12.67,36.08,17.81,54.37,59.11
2521,2012-05-15,600519,221.1,223.11,223.66,220.1,16169,359784512.0,1.6,0.42,0.93,0.16,223.11,223.66,220.1,70.3,24.75,13.18,35.21,18.75,46.65,57.67
2522,2012-05-16,600519,222.95,220.02,223.4,218.0,28140,619595456.0,2.42,-1.38,-3.09,0.27,220.02,223.4,218.0,72.63,24.75,15.28,34.08,21.04,41.21,55.17
2523,2012-05-17,600519,220.12,219.91,221.4,218.61,34172,751957376.0,1.27,-0.05,-0.11,0.33,219.91,221.4,218.61,72.16,24.5,15.28,33.95,21.18,36.12,51.61
2524,2012-05-18,600519,218.67,217.92,219.97,215.9,26278,571816864.0,1.85,-0.9,-1.99,0.25,217.92,219.97,215.9,72.15,20.76,17.99,28.77,24.93,28.96,46.32
2525,2012-05-21,600519,217.58,223.19,224.52,217.58,28843,638767872.0,3.18,2.42,5.27,0.28,223.19,224.52,217.58,70.3,16.83,17.99,23.94,25.59,20.29,40.82
2526,2012-05-22,600519,225.01,229.28,231.5,225.01,41458,951034144.0,2.91,2.73,6.09,0.4,229.28,231.5,225.01,74.04,22.72,17.99,30.69,24.3,16.57,35.47
2527,2012-05-23,600519,229.25,230.47,232.1,228.0,24723,570787760.0,1.79,0.52,1.19,0.24,230.47,232.1,228.0,74.45,22.59,17.99,30.34,24.16,13.38,30.01
2528,2012-05-24,600519,229.8,220.24,232.77,217.88,53743,1201209536.0,6.46,-4.44,-10.23,0.52,220.24,232.77,217.88,80.96,15.01,28.11,18.54,34.72,14.5,27.86
2529,2012-05-25,600519,220.24,218.58,220.87,216.0,30569,667952256.0,2.21,-0.75,-1.66,0.29,218.58,220.87,216.0,81.35,12.13,29.99,14.91,36.87,17.7,26.91
2530,2012-05-28,600519,218.01,225.49,225.9,217.81,27834,618961104.0,3.7,3.16,6.91,0.27,225.49,225.9,217.81,83.97,17.16,26.09,20.44,31.07,19.95,24.45
2531,2012-05-30,600519,227.51,228.66,229.98,227.0,25701,587866128.0,1.32,1.41,3.17,0.25,228.66,229.98,227.0,81.55,21.24,23.91,26.05,29.32,20.38,20.34
2532,2012-05-31,600519,228.2,236.68,237.8,228.0,37367,877484816.0,4.29,3.51,8.02,0.36,236.68,237.8,228.0,87.3,29.06,23.66,33.29,27.1,20.15,18.36
2533,2012-06-01,600519,238.0,240.37,243.0,236.71,38504,923904352.0,2.66,1.56,3.69,0.37,240.37,243.0,236.71,91.02,34.26,22.61,37.64,24.84,21.68,17.53
2534,2012-06-04,600519,238.0,236.53,242.99,236.47,24328,581257504.0,2.71,-1.6,-3.84,0.23,236.53,242.99,236.47,90.15,34.26,17.56,38.0,19.48,21.99,18.24
2535,2012-06-05,600519,237.48,240.8,241.8,237.21,24561,588242224.0,1.94,1.81,4.27,0.24,240.8,241.8,237.21,91.86,34.26,17.05,37.3,18.56,20.51,19.11
2536,2012-06-06,600519,241.0,236.58,242.0,236.41,18729,445576928.0,2.32,-1.75,-4.22,0.18,236.58,242.0,236.41,92.05,34.26,15.75,37.22,17.11,23.24,21.59
2537,2012-06-07,600519,238.39,237.98,240.66,236.8,19677,470452064.0,1.63,0.59,1.4,0.19,237.98,240.66,236.8,93.34,34.26,15.75,36.7,16.87,28.42,24.4
2538,2012-06-08,600519,239.0,238.98,240.18,236.0,17286,411908848.0,1.76,0.42,1.0,0.17,238.98,240.18,236.0,93.45,34.26,13.84,36.66,14.81,33.79,26.97
2539,2012-06-11,600519,238.9,235.55,240.23,233.4,33061,780468480.0,2.86,-1.44,-3.43,0.32,235.55,240.23,233.4,93.34,29.71,16.44,31.83,17.61,35.17,28.42
2540,2012-06-12,600519,234.21,233.85,236.49,232.13,16373,382922352.0,1.85,-0.72,-1.7,0.16,233.85,236.49,232.13,89.39,22.73,17.71,25.43,19.81,31.86,26.93
2541,2012-06-13,600519,234.5,238.99,239.18,233.1,20463,485626128.0,2.6,2.2,5.14,0.2,238.99,239.18,233.1,91.37,24.82,17.71,27.16,19.38,29.06,24.79
2542,2012-06-14,600519,238.0,244.59,245.79,237.22,28705,698222400.0,3.59,2.34,5.6,0.28,244.59,245.79,237.22,85.05,31.43,7.59,36.95,8.92,33.07,28.16
2543,2012-06-15,600519,245.02,243.38,246.41,239.77,19860,483582928.0,2.71,-0.49,-1.21,0.19,243.38,246.41,239.77,86.82,32.05,5.71,36.92,6.58,38.53,33.48
2544,2012-06-18,600519,243.41,246.46,248.31,243.41,19538,482525472.0,2.01,1.27,3.08,0.19,246.46,248.31,243.41,83.66,28.92,5.71,34.57,6.83,42.63,38.21
2545,2012-06-19,600519,245.11,243.7,248.17,241.96,17300,423906512.0,2.52,-1.12,-2.76,0.17,243.7,248.17,241.96,85.38,24.84,7.16,29.09,8.39,47.04,41.1
2546,2012-06-20,600519,243.83,243.56,244.39,242.0,11393,277398320.0,0.98,-0.06,-0.14,0.11,243.56,244.39,242.0,77.97,17.02,7.16,21.83,9.18,51.77,41.82
2547,2012-06-21,600519,243.56,239.78,243.6,238.8,17034,409685072.0,1.97,-1.55,-3.78,0.16,239.78,243.6,238.8,76.45,11.82,10.36,15.46,13.55,50.08,39.57
2548,2012-06-25,600519,238.1,237.6,241.96,237.5,18434,440645792.0,1.86,-0.91,-2.18,0.18,237.6,241.96,237.5,74.39,11.82,11.42,15.89,15.35,40.19,36.63
2549,2012-06-26,600519,237.2,237.85,238.88,232.62,26122,615182464.0,2.63,0.11,0.25,0.25,237.85,238.88,232.62,75.38,11.82,16.3,15.68,21.62,31.21,34.87
2550,2012-06-27,600519,238.0,241.9,242.31,238.0,23257,559606592.0,1.81,1.7,4.05,0.22,241.9,242.31,238.0,74.25,15.25,15.5,20.54,20.88,20.18,31.4
2551,2012-06-28,600519,241.88,236.14,242.0,235.99,22213,529704800.0,2.48,-2.38,-5.76,0.21,236.14,242.0,235.99,76.18,15.25,17.51,20.02,22.99,12.12,29.58
2552,2012-06-29,600519,235.37,239.15,241.0,235.37,23224,555873152.0,2.38,1.27,3.01,0.22,239.15,241.0,235.37,77.63,15.25,17.33,19.64,22.32,6.39,29.08
2553,2012-07-02,600519,240.0,241.85,244.94,236.02,25731,622505568.0,3.73,1.13,2.7,0.25,241.85,244.94,236.02,79.72,19.19,14.73,24.07,18.48,7.48,28.78
2554,2012-07-03,600519,241.3,254.94,255.0,241.01,50159,1255671520.0,5.78,5.41,13.09,0.48,254.94,255.0,241.01,89.35,29.25,13.46,32.74,15.06,13.36,26.77
2555,2012-07-04,600519,257.0,258.66,259.9,252.0,45035,1155572208.0,3.1,1.46,3.72,0.43,258.66,259.9,252.0,91.17,31.46,13.46,34.51,14.76,17.38,24.3
2556,2012-07-05,600519,251.6,251.66,253.99,249.16,22749,572395280.0,1.87,-2.71,-7.0,0.22,251.66,253.99,249.16,92.1,24.85,16.3,26.98,17.7,20.71,20.44
2557,2012-07-06,600519,251.95,259.99,261.98,250.2,39159,1005403248.0,4.68,3.31,8.33,0.38,259.99,261.98,250.2,97.24,32.22,16.3,33.13,16.76,25.03,18.57
2558,2012-07-09,600519,259.88,254.73,263.0,254.63,28527,736832304.0,3.22,-2.02,-5.26,0.27,254.73,263.0,254.63,100.68,31.34,16.3,31.13,16.19,29.22,17.81
2559,2012-07-10,600519,254.5,250.4,257.19,249.87,26987,683253808.0,2.87,-1.7,-4.33,0.26,250.4,257.19,249.87,101.79,31.34,19.61,30.79,19.27,30.87,19.18
2560,2012-07-11,600519,250.92,258.01,258.33,248.38,32010,808688576.0,3.97,3.04,7.61,0.31,258.01,258.33,248.38,109.35,31.34,21.1,28.66,19.3,27.96,20.66
2561,2012-07-12,600519,258.11,256.06,265.01,255.0,37273,968810608.0,3.88,-0.76,-1.95,0.36,256.06,265.01,255.0,114.56,38.02,17.9,33.19,15.63,27.28,22.33
2562,2012-07-13,600519,255.67,262.7,264.0,255.3,29548,769107552.0,3.4,2.59,6.64,0.28,262.7,264.0,255.3,118.8,38.02,16.6,32.0,13.97,30.35,25.53
2563,2012-07-16,600519,262.1,262.25,266.08,261.9,29534,779744592.0,1.59,-0.17,-0.45,0.28,262.25,266.08,261.9,116.72,40.1,11.72,34.36,10.04,34.01,29.52
2564,2012-07-17,600519,260.0,253.76,260.99,253.31,36031,925218304.0,2.93,-3.24,-8.49,0.35,253.76,260.99,253.31,121.2,36.67,20.31,30.26,16.76,33.54,31.38
2565,2012-07-18,600519,253.6,244.96,255.9,239.9,74047,1815273728.0,6.31,-3.47,-8.8,0.71,244.96,255.9,239.9,131.19,36.67,31.71,27.95,24.17,30.91,30.89
2566,2012-07-19,600519,243.99,246.21,248.55,243.05,26581,654750768.0,2.25,0.51,1.25,0.26,246.21,248.55,243.05,131.06,36.67,31.09,27.98,23.72,29.03,28.5
2567,2012-07-20,600519,245.49,243.08,250.74,242.89,26055,644548784.0,3.19,-1.27,-3.13,0.25,243.08,250.74,242.89,129.99,34.92,31.09,26.86,23.92,24.0,25.64
2568,2012-07-23,600519,239.88,242.58,243.46,239.0,19811,477867232.0,1.83,-0.21,-0.5,0.19,242.58,243.46,239.0,120.46,24.86,34.98,20.64,29.04,20.28,25.32
2569,2012-07-24,600519,240.61,249.38,254.18,240.61,34372,853488544.0,5.59,2.8,6.8,0.33,249.38,254.18,240.61,126.13,30.68,34.98,24.32,27.73,12.24,23.13
2570,2012-07-25,600519,250.0,255.55,255.8,249.51,26170,664005632.0,2.52,2.47,6.17,0.25,255.55,255.8,249.51,123.05,32.3,32.14,26.25,26.12,7.5,20.52
2571,2012-07-26,600519,254.9,250.44,259.5,249.7,23419,594576400.0,3.83,-2.0,-5.11,0.23,250.44,259.5,249.7,121.07,28.01,32.14,23.14,26.55,7.44,19.17
2572,2012-07-27,600519,250.88,249.45,252.0,246.8,18422,458534528.0,2.08,-0.4,-0.99,0.18,249.45,252.0,246.8,117.9,26.99,35.04,22.89,29.72,8.23,18.63
2573,2012-07-30,600519,249.25,249.84,252.6,247.55,17495,439211392.0,2.02,0.16,0.39,0.17,249.84,252.6,247.55,115.63,27.59,30.28,23.86,26.19,8.03,16.02
2574,2012-07-31,600519,249.5,246.44,254.0,246.05,19466,487548464.0,3.18,-1.36,-3.4,0.19,246.44,254.0,246.05,113.63,27.59,30.29,24.28,26.66,5.99,13.14
2575,2012-08-01,600519,246.18,243.05,248.63,241.89,26715,654397920.0,2.73,-1.38,-3.39,0.26,243.05,248.63,241.89,110.36,20.91,34.45,18.95,31.22,8.98,10.61
2576,2012-08-02,600519,243.11,242.16,245.49,241.15,17055,414452976.0,1.79,-0.37,-0.89,0.16,242.16,245.49,241.15,106.0,20.91,35.19,19.73,33.2,13.18,10.34
2577,2012-08-03,600519,242.5,246.96,247.0,242.17,16473,403397232.0,1.99,1.98,4.8,0.16,246.96,247.0,242.17,106.66,20.34,35.19,19.07,32.99,16.49,11.96
2578,2012-08-06,600519,246.64,248.83,249.6,245.2,17321,428757456.0,1.78,0.76,1.87,0.17,248.83,249.6,245.2,102.12,22.94,26.6,22.46,26.05,15.56,11.89
2579,2012-08-07,600519,248.82,251.9,252.77,248.12,18119,454543104.0,1.87,1.23,3.07,0.17,251.9,252.77,248.12,90.77,26.11,13.19,28.77,14.53,20.26,14.15
2580,2012-08-08,600519,252.46,252.8,254.0,249.0,14893,375890832.0,1.98,0.36,0.9,0.14,252.8,254.0,249.0,90.27,27.34,13.19,30.29,14.61,25.31,15.65
2581,2012-08-09,600519,251.8,260.92,261.65,251.2,30672,789861696.0,4.13,3.21,8.12,0.3,260.92,261.65,251.2,92.87,32.8,13.19,35.32,14.2,28.34,18.66
2582,2012-08-10,600519,251.0,248.21,254.7,244.02,91226,2273430544.0,4.09,-4.87,-12.71,0.88,248.21,254.7,244.02,105.31,32.8,16.48,31.15,15.65,29.61,21.4
2583,2012-08-13,600519,248.48,248.0,249.68,246.8,23037,572237184.0,1.16,-0.08,-0.21,0.22,248.0,249.68,246.8,94.62,22.08,16.48,23.34,17.42,27.58,22.03
2584,2012-08-14,600519,248.0,247.5,249.99,245.0,18787,465808752.0,2.01,-0.2,-0.5,0.18,247.5,249.99,245.0,93.19,20.46,18.28,21.96,19.62,27.28,21.42
2585,2012-08-15,600519,246.98,244.13,247.4,243.5,22723,556345600.0,1.58,-1.36,-3.37,0.22,244.13,247.4,243.5,87.39,16.76,19.78,19.18,22.63,23.18,21.72
2586,2012-08-16,600519,244.26,239.28,245.5,239.07,31483,758259696.0,2.63,-1.99,-4.85,0.3,239.28,245.5,239.07,88.62,16.76,21.31,18.91,24.05,19.35,22.33
2587,2012-08-17,600519,238.42,229.62,238.42,228.5,59072,1365745648.0,4.15,-4.04,-9.66,0.57,229.62,238.42,228.5,94.35,16.16,31.88,17.13,33.79,17.7,23.02
2588,2012-08-20,600519,229.61,232.65,232.68,225.98,24052,554470080.0,2.92,1.32,3.03,0.23,232.65,232.68,225.98,93.1,16.16,32.9,17.36,35.34,17.87,23.74
2589,2012-08-21,600519,232.67,235.79,239.9,232.67,26323,624105408.0,3.11,1.35,3.14,0.25,235.79,239.9,232.67,93.61,23.38,28.74,24.98,30.7,17.16,22.37
2590,2012-08-22,600519,236.92,232.18,236.92,230.0,20423,473902048.0,2.93,-1.53,-3.61,0.2,232.18,236.92,230.0,96.19,23.38,30.67,24.31,31.88,18.47,22.88
2591,2012-08-23,600519,231.9,228.27,231.9,226.07,27956,639443952.0,2.51,-1.68,-3.91,0.27,228.27,231.9,226.07,97.46,21.87,34.6,22.44,35.5,20.85,22.02
2592,2012-08-24,600519,227.21,231.88,232.91,227.05,21676,500922592.0,2.57,1.58,3.61,0.21,231.88,232.91,227.05,98.92,20.28,34.6,20.5,34.98,23.21,21.28
2593,2012-08-27,600519,230.5,228.5,230.63,227.15,20899,478778016.0,1.5,-1.46,-3.38,0.2,228.5,230.63,227.15,99.0,17.11,34.6,17.28,34.95,23.39,20.55
2594,2012-08-28,600519,229.0,225.53,230.58,225.01,20295,461461664.0,2.44,-1.3,-2.97,0.2,225.53,230.58,225.01,99.57,15.88,36.74,15.95,36.9,24.31,21.09
2595,2012-08-29,600519,225.0,219.16,225.0,218.77,30426,674492576.0,2.76,-2.82,-6.37,0.29,219.16,225.0,218.77,95.88,8.23,42.98,8.58,44.83,33.91,25.53
2596,2012-08-30,600519,216.99,217.88,219.19,213.5,48349,1046698768.0,2.6,-0.58,-1.28,0.47,217.88,219.19,213.5,84.67,8.23,41.07,9.72,48.51,42.76,30.62
2597,2012-08-31,600519,218.0,219.76,222.0,217.2,22485,496296848.0,2.2,0.86,1.88,0.22,219.76,222.0,217.2,86.59,11.04,41.07,12.75,47.43,48.61,34.73
2598,2012-09-04,600519,237.0,233.43,238.0,231.0,111509,2606767792.0,3.19,6.22,13.67,1.07,233.43,238.0,231.0,99.84,27.04,39.27,27.08,39.33,47.33,35.27
2599,2012-09-05,600519,232.5,234.06,234.97,232.0,27490,643292496.0,1.27,0.27,0.63,0.26,234.06,234.97,232.0,98.81,27.04,37.77,27.37,38.22,44.46,33.92
2600,2012-09-06,600519,234.25,231.75,234.5,229.1,20794,481683552.0,2.31,-0.99,-2.31,0.2,231.75,234.5,229.1,97.78,27.04,36.24,27.65,37.06,40.27,32.29
2601,2012-09-07,600519,233.2,241.6,243.0,233.2,42813,1023079152.0,4.23,4.25,9.85,0.41,241.6,243.0,233.2,98.25,35.54,25.67,36.17,26.13,31.65,32.78
2602,2012-09-10,600519,241.71,241.68,246.0,239.28,28170,683513904.0,2.78,0.03,0.08,0.27,241.68,246.0,239.28,98.27,38.54,23.15,39.22,23.56,24.71,33.73
2603,2012-09-11,600519,240.3,239.73,240.3,237.98,16136,385605488.0,0.96,-0.81,-1.95,0.16,239.73,240.3,237.98,94.72,31.32,24.45,33.07,25.81,17.15,32.88
2604,2012-09-12,600519,241.5,240.26,246.5,238.9,29023,703237248.0,3.17,0.22,0.53,0.28,240.26,246.5,238.9,95.4,37.52,21.78,39.33,22.83,18.5,32.92
2605,2012-09-13,600519,240.45,239.98,241.54,238.3,14294,342849648.0,1.35,-0.12,-0.28,0.14,239.98,241.54,238.3,92.53,37.52,18.45,40.55,19.94,21.42,32.94
2606,2012-09-14,600519,241.0,244.76,245.15,239.11,24587,597041984.0,2.52,1.99,4.78,0.24,244.76,245.15,239.11,92.71,40.12,18.45,43.27,19.9,25.17,32.72
2607,2012-09-17,600519,245.0,241.3,246.68,241.2,20015,488152592.0,2.24,-1.41,-3.46,0.19,241.3,246.68,241.2,93.46,41.65,18.45,44.56,19.74,28.91,30.28
2608,2012-09-18,600519,240.79,240.33,243.1,239.5,18277,441080160.0,1.49,-0.4,-0.97,0.18,240.33,243.1,239.5,91.49,41.65,18.01,45.52,19.69,31.36,28.03
2609,2012-09-19,600519,239.54,231.56,241.0,230.15,40991,958082592.0,4.51,-3.65,-8.77,0.39,231.56,241.0,230.15,95.58,41.65,21.12,43.58,22.1,34.76,25.96
2610,2012-09-20,600519,230.9,229.04,232.79,228.89,21518,496309728.0,1.68,-1.09,-2.52,0.21,229.04,232.79,228.89,93.79,41.65,17.11,44.41,18.24,37.29,27.9
2611,2012-09-21,600519,228.31,230.59,233.0,228.12,15680,361373296.0,2.13,0.68,1.55,0.15,230.59,233.0,228.12,93.87,38.84,17.88,41.38,19.05,37.77,29.6
2612,2012-09-24,600519,229.0,232.36,232.98,228.08,17635,408195808.0,2.12,0.77,1.77,0.17,232.36,232.98,228.08,80.53,22.84,17.92,28.36,22.25,33.62,29.39
2613,2012-09-25,600519,232.47,238.51,238.58,231.5,26231,619272096.0,3.05,2.65,6.15,0.25,238.51,238.58,231.5,84.64,28.44,17.92,33.6,21.17,30.97,29.94
2614,2012-09-26,600519,238.0,235.87,240.56,233.7,20363,482230832.0,2.88,-1.11,-2.64,0.2,235.87,240.56,233.7,86.1,30.42,15.02,35.33,17.44,30.01,30.69
2615,2012-09-27,600519,235.0,240.69,241.58,234.53,27140,650222912.0,2.99,2.04,4.82,0.26,240.69,241.58,234.53,81.9,22.94,15.02,28.01,18.34,28.04,31.4
2616,2012-09-28,600519,239.02,245.8,245.95,239.0,31283,760146560.0,2.89,2.12,5.11,0.3,245.8,245.95,239.0,82.13,24.31,15.02,29.6,18.29,25.02,31.15
2617,2012-10-08,600519,245.3,239.94,245.3,237.48,23608,566527568.0,3.18,-2.38,-5.86,0.23,239.94,245.3,237.48,86.75,24.31,15.24,28.02,17.57,22.68,30.23
2618,2012-10-09,600519,240.98,244.15,245.05,240.04,23411,569554624.0,2.09,1.75,4.21,0.23,244.15,245.05,240.04,84.26,18.11,15.24,21.49,18.09,22.1,27.86
2619,2012-10-10,600519,243.0,243.82,244.83,240.75,13457,327126304.0,1.67,-0.14,-0.33,0.13,243.82,244.83,240.75,85.1,18.11,14.64,21.28,17.2,20.08,25.53
2620,2012-10-11,600519,242.35,241.93,243.75,241.13,10626,257483485.0,1.07,-0.78,-1.89,0.1,241.93,243.75,241.13,81.75,14.5,14.64,17.74,17.91,14.52,22.26
2621,2012-10-12,600519,242.62,243.51,244.79,241.73,11742,285916688.0,1.26,0.65,1.58,0.11,243.51,244.79,241.73,79.33,14.01,14.64,17.66,18.45,11.41,19.72
2622,2012-10-15,600519,244.77,245.71,247.24,244.77,18883,464547296.0,1.01,0.9,2.2,0.18,245.71,247.24,244.77,79.46,16.46,12.94,20.71,16.28,9.46,17.24
2623,2012-10-16,600519,245.11,249.81,251.08,245.11,27738,690466784.0,2.43,1.67,4.1,0.27,249.81,251.08,245.11,74.58,20.3,3.59,27.22,4.81,17.3,19.99
2624,2012-10-17,600519,249.81,248.78,250.5,247.9,15981,397637472.0,1.04,-0.41,-1.03,0.15,248.78,250.5,247.9,73.28,20.3,2.33,27.7,3.18,29.1,25.6
2625,2012-10-18,600519,249.25,251.22,254.5,249.0,22278,561905408.0,2.21,0.98,2.44,0.21,251.22,254.5,249.0,74.12,24.3,1.56,32.78,2.1,41.99,31.04
2626,2012-10-19,600519,251.25,253.0,254.96,251.25,18630,472389456.0,1.48,0.71,1.78,0.18,253.0,254.96,251.25,72.96,24.76,1.52,33.94,2.08,56.65,35.58
2627,2012-10-22,600519,252.68,250.54,253.53,247.8,19117,478244288.0,2.26,-0.97,-2.46,0.18,250.54,253.53,247.8,71.61,19.16,4.97,26.76,6.94,66.08,38.74
2628,2012-10-23,600519,250.8,244.7,250.8,244.6,18703,461008032.0,2.47,-2.33,-5.84,0.18,244.7,250.8,244.6,70.95,17.18,8.17,24.21,11.52,70.01,39.74
2629,2012-10-24,600519,244.6,246.28,247.12,244.1,10972,269652768.0,1.23,0.65,1.58,0.11,246.28,247.12,244.1,66.92,16.16,8.67,24.15,12.96,63.38,40.34
2630,2012-10-25,600519,247.0,246.07,248.0,244.3,9160,225725463.0,1.5,-0.09,-0.21,0.09,246.07,248.0,244.3,63.67,12.67,8.67,19.9,13.62,53.27,41.19
2631,2012-10-26,600519,248.72,241.0,248.98,240.07,24559,596652704.0,3.62,-2.06,-5.07,0.24,241.0,248.98,240.07,64.26,12.67,11.38,19.72,17.71,39.51,40.75
2632,2012-10-29,600519,241.59,241.82,243.6,239.05,14491,349849296.0,1.89,0.34,0.82,0.14,241.82,243.6,239.05,63.7,12.67,12.4,19.89,19.47,24.95,40.8
2633,2012-10-30,600519,241.8,244.58,245.49,241.21,15610,380664720.0,1.77,1.14,2.76,0.15,244.58,245.49,241.21,63.9,14.56,12.4,22.79,19.41,16.48,41.28
2634,2012-10-31,600519,244.52,247.34,247.94,243.65,15845,390460784.0,1.75,1.13,2.76,0.15,247.34,247.94,243.65,65.5,17.01,12.4,25.97,18.93,13.17,41.59
2635,2012-11-01,600519,248.21,249.4,250.85,246.35,18191,453437152.0,1.82,0.83,2.06,0.18,249.4,250.85,246.35,66.94,18.88,12.4,28.2,18.52,11.6,37.49
2636,2012-11-02,600519,249.2,248.36,250.5,246.28,16975,420531728.0,1.69,-0.42,-1.04,0.16,248.36,250.5,246.28,67.43,16.43,12.47,24.37,18.49,10.76,32.01
2637,2012-11-05,600519,246.99,242.92,246.99,241.2,22666,552311456.0,2.33,-2.19,-5.44,0.22,242.92,246.99,241.2,68.62,12.59,17.55,18.35,25.58,12.61,26.06
2638,2012-11-06,600519,242.41,235.93,242.41,235.5,41713,991450624.0,2.84,-2.88,-6.99,0.4,235.93,242.41,235.5,73.44,12.59,23.25,17.14,31.66,17.38,21.17
2639,2012-11-07,600519,235.0,237.47,238.03,235.0,16218,383915184.0,1.28,0.65,1.54,0.16,237.47,238.03,235.0,70.75,8.59,23.75,12.14,33.57,23.86,20.17
2640,2012-11-08,600519,235.99,234.1,236.95,233.85,16262,382711600.0,1.31,-1.42,-3.37,0.16,234.1,236.95,233.85,70.63,8.13,24.9,11.51,35.25,29.71,21.44
2641,2012-11-09,600519,234.09,234.81,235.8,233.66,11670,273825056.0,0.91,0.3,0.71,0.11,234.81,235.8,233.66,67.04,8.13,21.64,12.13,32.28,33.82,22.71
2642,2012-11-12,600519,235.0,231.46,235.78,228.89,20464,472928288.0,2.93,-1.43,-3.35,0.2,231.46,235.78,228.89,67.73,8.13,23.21,12.0,34.27,39.56,25.16
2643,2012-11-13,600519,231.0,228.06,231.0,225.7,20448,465306368.0,2.29,-1.47,-3.4,0.2,228.06,231.0,225.7,70.47,8.13,25.9,11.54,36.75,45.52,29.06
2644,2012-11-14,600519,228.38,230.65,231.0,226.5,12238,280680240.0,1.97,1.14,2.59,0.12,230.65,231.0,226.5,71.27,7.25,25.9,10.17,36.34,49.94,33.66
2645,2012-11-15,600519,229.0,227.25,229.0,226.33,11401,259657230.0,1.16,-1.47,-3.4,0.11,227.25,229.0,226.33,66.68,7.25,21.84,10.87,32.75,50.48,37.17
2646,2012-11-16,600519,226.8,224.4,226.95,222.5,19677,441363632.0,1.96,-1.25,-2.85,0.19,224.4,226.95,222.5,66.88,7.25,24.65,10.84,36.86,51.11,40.41
2647,2012-11-19,600519,224.4,214.05,224.4,208.9,70484,1508795040.0,6.91,-4.61,-10.35,0.68,214.05,224.4,208.9,78.1,5.36,38.25,6.86,48.98,56.12,44.97
2648,2012-11-20,600519,212.85,215.96,218.34,212.5,38078,820492576.0,2.73,0.89,1.91,0.37,215.96,218.34,212.5,79.65,2.91,38.25,3.65,48.02,62.41,50.98
2649,2012-11-21,600519,215.85,218.65,219.8,211.79,33335,719458144.0,3.71,1.25,2.69,0.32,218.65,219.8,211.79,83.16,1.46,38.25,1.76,46.0,69.15,57.33
2650,2012-11-22,600519,207.5,217.29,217.46,206.8,51521,1093946848.0,4.88,-0.62,-1.36,0.5,217.29,217.46,206.8,90.79,1.46,43.17,1.61,47.55,75.35,62.64
2651,2012-11-23,600519,215.02,222.23,223.0,215.01,29845,655947680.0,3.68,2.27,4.94,0.29,222.23,223.0,215.01,91.62,7.0,38.09,7.64,41.57,78.48,64.48
2652,2012-11-26,600519,221.41,217.05,221.8,215.5,21955,478884320.0,2.83,-2.33,-5.18,0.21,217.05,221.8,215.5,90.93,7.0,32.39,7.7,35.62,80.13,65.62
2653,2012-11-27,600519,217.05,219.76,221.09,216.18,20459,447807808.0,2.26,1.25,2.71,0.2,219.76,221.09,216.18,92.81,7.0,31.89,7.54,34.36,78.23,67.17
2654,2012-11-28,600519,219.25,218.39,219.25,217.0,15017,328018448.0,1.02,-0.62,-1.37,0.14,218.39,219.25,217.0,91.95,7.0,30.74,7.61,33.43,74.4,68.41
2655,2012-11-29,600519,218.4,219.28,220.12,218.14,15676,343521808.0,0.91,0.41,0.89,0.15,219.28,220.12,218.14,91.79,7.87,30.55,8.57,33.28,68.8,68.97
2656,2012-11-30,600519,219.2,216.01,219.2,213.21,21371,459310352.0,2.73,-1.49,-3.27,0.21,216.01,219.2,213.21,90.97,7.87,30.71,8.65,33.76,63.09,69.22
2657,2012-12-03,600519,213.0,200.19,213.0,199.05,79372,1620343232.0,6.46,-7.32,-15.82,0.76,200.19,213.0,199.05,102.17,7.87,41.68,7.7,40.79,62.97,70.73
2658,2012-12-04,600519,195.01,196.95,199.98,190.8,78705,1534594320.0,4.59,-1.62,-3.24,0.76,196.95,199.98,190.8,107.06,7.87,49.93,7.35,46.64,64.36,72.24
2659,2012-12-05,600519,194.3,196.64,200.52,188.63,111704,2172380160.0,6.04,-0.16,-0.31,1.08,196.64,200.52,188.63,114.63,7.87,51.93,6.87,45.3,65.97,72.1
2660,2012-12-06,600519,196.2,194.21,197.0,184.0,117562,2244829136.0,6.61,-1.24,-2.43,1.13,194.21,197.0,184.0,122.88,7.87,52.73,6.4,42.91,67.82,71.11
2661,2012-12-07,600519,196.99,198.79,202.69,196.58,99501,1983064736.0,3.15,2.36,4.58,0.96,198.79,202.69,196.58,115.86,13.56,39.13,11.7,33.77,66.07,67.44
2662,2012-12-11,600519,198.5,202.31,208.0,198.5,92233,1869715840.0,4.78,1.77,3.52,0.89,202.31,208.0,198.5,119.52,18.87,39.13,15.79,32.74,62.03,62.56
2663,2012-12-12,600519,205.0,211.86,211.99,202.5,64325,1327462832.0,4.69,4.72,9.55,0.62,211.86,211.99,202.5,121.19,21.4,39.13,17.66,32.29,55.54,59.25
2664,2012-12-13,600519,209.89,205.7,214.98,205.1,61996,1297953952.0,4.66,-2.91,-6.16,0.6,205.7,214.98,205.1,119.22,24.39,34.14,20.46,28.64,46.19,55.27
2665,2012-12-14,600519,203.0,207.92,209.5,198.5,78926,1609442080.0,5.35,1.08,2.22,0.76,207.92,209.5,198.5,122.23,18.85,40.74,15.42,33.33,40.03,53.0
2666,2012-12-17,600519,206.0,211.09,213.66,202.0,71361,1488539584.0,5.61,1.52,3.17,0.69,211.09,213.66,202.0,127.16,23.01,40.74,18.1,32.04,32.33,50.07
2667,2012-12-18,600519,211.21,214.53,216.78,211.17,46945,1005177392.0,2.66,1.63,3.44,0.45,214.53,216.78,211.17,127.94,26.13,40.74,20.42,31.84,27.88,46.98
2668,2012-12-19,600519,213.13,219.45,221.0,213.01,47570,1039482928.0,3.72,2.29,4.92,0.46,219.45,221.0,213.01,133.17,30.35,40.74,22.79,30.59,24.49,43.26
2669,2012-12-20,600519,218.5,218.4,220.4,215.59,34434,750851792.0,2.19,-0.48,-1.05,0.33,218.4,220.4,215.59,136.0,29.48,40.74,21.68,29.96,22.28,38.91
2670,2012-12-21,600519,217.69,216.6,219.0,215.83,25093,544719328.0,1.45,-0.82,-1.8,0.24,216.6,219.0,215.83,133.1,29.48,35.81,22.15,26.9,21.12,33.65
2671,2012-12-24,600519,212.01,204.58,212.01,200.0,100051,2054317648.0,5.54,-5.55,-12.02,0.96,204.58,212.01,200.0,132.74,29.48,37.48,22.21,28.24,16.99,28.51
2672,2012-12-25,600519,202.9,204.72,206.87,201.22,59534,1218659232.0,2.76,0.07,0.14,0.57,204.72,206.87,201.22,129.0,29.48,29.23,22.85,22.66,12.43,22.38
2673,2012-12-26,600519,203.78,205.25,206.8,202.71,44866,918674032.0,2.0,0.26,0.53,0.43,205.25,206.8,202.71,121.2,29.48,27.06,24.32,22.33,9.5,18.69
2674,2012-12-27,600519,205.3,207.58,209.5,203.74,60926,1259078000.0,2.81,1.14,2.33,0.59,207.58,209.5,203.74,113.96,32.18,22.43,28.24,19.68,10.04,17.27
2675,2012-12-28,600519,207.6,212.3,215.58,207.6,56589,1202787584.0,3.84,2.27,4.72,0.55,212.3,215.58,207.6,113.48,32.57,22.43,28.7,19.77,10.44,16.36
2676,2012-12-31,600519,213.31,209.02,214.8,206.35,51915,1085776112.0,3.98,-1.54,-3.28,0.5,209.02,214.8,206.35,112.43,27.26,23.68,24.25,21.06,10.0,15.56
2677,2013-01-04,600519,212.0,206.94,212.0,205.0,58370,1205796544.0,3.35,-1.0,-2.08,0.56,206.94,212.0,205.0,109.75,23.27,25.03,21.2,22.81,8.61,12.8
2678,2013-01-07,600519,205.88,204.29,205.88,202.5,41271,840359824.0,1.63,-1.28,-2.65,0.4,204.29,205.88,202.5,104.31,20.28,27.53,19.44,26.39,11.07,11.75
2679,2013-01-08,600519,203.18,210.84,210.85,203.18,65287,1362186176.0,3.75,3.21,6.55,0.63,210.84,210.85,203.18,100.98,25.25,20.93,25.0,20.73,11.91,10.71
2680,2013-01-09,600519,211.5,216.45,217.65,211.5,53749,1159330304.0,2.92,2.66,5.61,0.52,216.45,217.65,211.5,96.13,27.89,20.93,29.01,21.77,11.31,10.68
2681,2013-01-10,600519,215.58,214.5,217.0,213.0,30528,656830928.0,1.85,-0.9,-1.95,0.29,214.5,217.0,213.0,94.44,24.77,20.93,26.23,22.16,9.64,10.04
2682,2013-01-11,600519,213.72,211.26,215.15,209.88,37010,784542944.0,2.46,-1.51,-3.24,0.36,211.26,215.15,209.88,91.72,20.55,24.05,22.41,26.22,9.78,9.89
2683,2013-01-14,600519,208.5,209.42,210.3,202.81,68184,1410483968.0,3.55,-0.87,-1.84,0.66,209.42,210.3,202.81,95.36,20.55,31.12,21.55,32.63,12.58,10.6
2684,2013-01-15,600519,208.79,210.85,212.1,206.82,52635,1103130864.0,2.52,0.68,1.43,0.51,210.85,212.1,206.82,97.47,22.35,31.12,22.93,31.93,12.79,11.93
2685,2013-01-16,600519,205.0,206.0,206.8,203.68,69502,1427067088.0,1.48,-2.3,-4.85,0.67,206.0,206.8,203.68,88.04,22.35,18.43,25.39,20.93,12.83,12.37
2686,2013-01-17,600519,204.99,205.13,207.68,204.52,36202,744614976.0,1.53,-0.42,-0.87,0.35,205.13,207.68,204.52,85.55,23.23,18.43,27.15,21.54,12.37,11.84
2687,2013-01-18,600519,206.15,203.76,206.48,200.11,55318,1122848384.0,3.11,-0.67,-1.37,0.53,203.76,206.48,200.11,87.83,23.23,22.84,26.45,26.0,11.11,10.38
2688,2013-01-21,600519,202.8,197.31,202.8,196.3,74779,1482664896.0,3.19,-3.17,-6.45,0.72,197.31,202.8,196.3,89.53,20.53,26.65,22.93,29.77,11.97,10.87
2689,2013-01-22,600519,195.81,198.83,199.73,189.0,73815,1425054464.0,5.44,0.77,1.52,0.71,198.83,199.73,189.0,92.26,14.45,33.95,15.66,36.8,15.27,13.93
2690,2013-01-23,600519,196.0,198.98,199.51,193.8,51014,1006483568.0,2.87,0.08,0.15,0.49,198.98,199.51,193.8,89.52,14.45,32.7,16.14,36.53,18.99,15.89
2691,2013-01-24,600519,197.9,195.96,200.1,194.8,59474,1171137856.0,2.66,-1.52,-3.02,0.57,195.96,200.1,194.8,87.82,15.04,31.35,17.13,35.7,23.25,18.04
2692,2013-01-25,600519,189.0,189.05,191.8,186.1,80008,1508197808.0,2.91,-3.53,-6.91,0.77,189.05,191.8,186.1,93.24,15.04,37.55,16.13,40.27,28.46,20.42
2693,2013-01-28,600519,186.0,178.5,187.8,178.0,158291,2857092944.0,5.18,-5.58,-10.55,1.52,178.5,187.8,178.0,96.62,10.07,45.65,10.42,47.25,38.96,25.04
2694,2013-01-29,600519,176.0,178.16,179.99,172.0,115448,2034723440.0,4.48,-0.19,-0.34,1.11,178.16,179.99,172.0,97.8,3.27,51.65,3.34,52.81,51.48,31.73
2695,2013-01-30,600519,177.05,180.12,182.49,176.68,71377,1285436672.0,3.26,1.1,1.96,0.69,180.12,182.49,176.68,99.61,5.77,51.65,5.79,51.85,58.09,36.68
2696,2013-01-31,600519,181.2,178.9,181.8,177.77,37816,678384688.0,2.24,-0.68,-1.22,0.36,178.9,181.8,177.77,98.37,5.77,48.53,5.87,49.33,64.76,41.88
2697,2013-02-01,600519,178.88,178.98,181.77,178.03,45266,813241680.0,2.09,0.04,0.08,0.44,178.98,181.77,178.03,93.66,5.77,41.46,6.16,44.27,71.49,47.37
2698,2013-02-04,600519,180.0,175.13,180.95,174.0,64964,1142310992.0,3.88,-2.15,-3.85,0.63,175.13,180.95,174.0,95.33,3.97,45.49,4.16,47.72,78.35,53.41
2699,2013-02-05,600519,174.95,184.43,184.5,173.8,87825,1575281152.0,6.11,5.31,9.3,0.85,184.43,184.5,173.8,98.86,7.52,42.35,7.61,42.84,79.35,59.16
2700,2013-02-06,600519,184.98,183.93,185.07,182.0,46195,849026096.0,1.66,-0.27,-0.5,0.44,183.93,185.07,182.0,98.77,7.21,42.35,7.3,42.88,76.48,63.98
2701,2013-02-07,600519,183.0,185.17,186.55,181.32,48568,895061568.0,2.84,0.67,1.24,0.47,185.17,186.55,181.32,97.63,8.69,37.94,8.9,38.86,73.62,65.85
2702,2013-02-08,600519,185.15,187.86,188.4,184.3,41573,778273776.0,2.21,1.45,2.69,0.4,187.86,188.4,184.3,94.27,10.54,34.13,11.18,36.2,69.3,67.03
2703,2013-02-18,600519,188.3,179.69,188.3,179.0,56570,1024714896.0,4.95,-4.35,-8.17,0.54,179.69,188.3,179.0,92.84,10.54,32.13,11.35,34.61,65.14,68.32
2704,2013-02-19,600519,178.98,177.92,180.59,176.8,37738,673362432.0,2.11,-0.99,-1.77,0.36,177.92,180.59,176.8,90.92,10.54,34.33,11.59,37.76,59.98,69.17
2705,2013-02-20,600519,177.0,177.9,179.98,175.02,36582,650765312.0,2.79,-0.01,-0.02,0.35,177.9,179.98,175.02,90.58,9.95,36.11,10.98,39.87,57.81,68.58
2706,2013-02-21,600519,175.23,180.02,185.2,175.05,53833,974530656.0,5.71,1.19,2.12,0.52,180.02,185.2,175.05,90.87,15.17,27.41,16.69,30.16,50.78,63.63
2707,2013-02-22,600519,181.0,185.59,186.6,181.0,62864,1163340816.0,3.11,3.09,5.57,0.61,185.59,186.6,181.0,86.4,16.57,19.31,19.18,22.35,41.6,57.61
2708,2013-02-25,600519,184.0,181.09,185.35,180.26,34549,629472576.0,2.74,-2.42,-4.5,0.33,181.09,185.35,180.26,83.74,16.57,14.05,19.79,16.78,34.17,51.74
2709,2013-02-26,600519,180.7,177.37,184.0,177.33,43755,783158032.0,3.68,-2.05,-3.72,0.42,177.37,184.0,177.33,84.6,14.07,16.98,16.63,20.07,27.3,46.22
2710,2013-02-27,600519,176.61,176.77,178.7,175.56,34158,602608240.0,1.77,-0.34,-0.6,0.33,176.77,178.7,175.56,83.71,14.07,18.75,16.81,22.4,20.84,40.41
2711,2013-02-28,600519,177.8,175.0,177.8,172.0,56786,990766784.0,3.28,-1.0,-1.77,0.55,175.0,177.8,172.0,85.77,14.07,22.31,16.4,26.01,15.15,36.48
2712,2013-03-01,600519,174.3,173.82,175.96,172.99,38003,661720752.0,1.7,-0.67,-1.18,0.37,173.82,175.96,172.99,81.79,14.07,18.28,17.2,22.35,12.53,31.65
2713,2013-03-04,600519,173.72,174.72,176.62,173.72,52073,912360624.0,1.67,0.52,0.9,0.5,174.72,176.62,173.72,73.99,11.18,18.28,15.11,24.71,15.27,28.44
2714,2013-03-05,600519,175.42,175.0,176.46,173.86,36975,648668784.0,1.49,0.16,0.28,0.36,175.0,176.46,173.86,73.52,10.61,18.28,14.43,24.86,18.32,26.25
2715,2013-03-06,600519,176.0,177.22,177.3,173.65,49227,861725424.0,2.09,1.27,2.22,0.47,177.22,177.3,173.65,71.94,9.97,18.28,13.86,25.41,21.66,24.48
2716,2013-03-07,600519,179.38,183.86,188.6,179.32,85191,1573676096.0,5.24,3.75,6.64,0.82,183.86,188.6,179.32,79.22,19.42,18.28,24.51,23.07,19.79,20.32
2717,2013-03-08,600519,186.01,184.13,187.5,183.67,35960,667118432.0,2.08,0.15,0.27,0.35,184.13,187.5,183.67,73.75,19.42,12.98,26.33,17.6,19.33,17.24
2718,2013-03-11,600519,183.8,185.2,185.5,181.81,34965,642927312.0,2.0,0.58,1.07,0.34,185.2,185.5,181.81,73.65,19.42,12.64,26.37,17.16,20.69,16.61
2719,2013-03-12,600519,186.0,182.18,186.1,180.0,25394,465220576.0,3.29,-1.63,-3.02,0.24,182.18,186.1,180.0,74.79,19.42,12.67,25.97,16.94,20.17,17.72
2720,2013-03-13,600519,182.4,183.83,186.02,182.4,30770,567812080.0,1.99,0.91,1.65,0.3,183.83,186.02,182.4,68.48,14.2,12.67,20.74,18.5,16.7,17.51
2721,2013-03-14,600519,182.5,178.94,184.77,178.66,35124,635985856.0,3.32,-2.66,-4.89,0.34,178.94,184.77,178.66,68.01,12.8,16.41,18.82,24.13,13.86,17.76
2722,2013-03-15,600519,177.52,176.97,180.7,175.1,35961,639236960.0,3.13,-1.1,-1.97,0.35,176.97,180.7,175.1,68.28,12.8,19.23,18.75,28.16,16.7,18.24
2723,2013-03-18,600519,176.9,169.45,176.9,168.19,78232,1336285504.0,4.92,-4.25,-7.52,0.75,169.45,176.9,168.19,70.39,12.8,23.21,18.18,32.97,18.2,18.77
2724,2013-03-19,600519,168.2,165.18,169.82,164.51,63414,1052322592.0,3.13,-2.52,-4.27,0.61,165.18,169.82,164.51,72.56,12.8,25.12,17.64,34.62,20.09,20.39
2725,2013-03-20,600519,165.26,169.91,170.59,164.1,71895,1202347856.0,3.93,2.86,4.73,0.69,169.91,170.59,164.1,73.25,13.57,21.56,18.53,29.43,20.38,20.28
2726,2013-03-21,600519,169.5,166.78,169.5,165.8,65393,1091400976.0,2.18,-1.84,-3.13,0.63,166.78,169.5,165.8,74.39,13.57,21.56,18.24,28.98,23.22,19.96
2727,2013-03-22,600519,166.48,169.05,169.9,165.71,45579,767262032.0,2.51,1.36,2.27,0.44,169.05,169.9,165.71,75.68,13.31,21.56,17.59,28.49,25.1,19.48
2728,2013-03-25,600519,169.0,169.03,170.77,168.1,31966,541959904.0,1.58,-0.01,-0.02,0.31,169.03,170.77,168.1,75.75,14.18,21.56,18.72,28.46,25.2,20.95
2729,2013-03-26,600519,169.1,169.88,171.21,168.41,32480,551865776.0,1.66,0.5,0.85,0.31,169.88,171.21,168.41,74.9,13.78,21.56,18.4,28.79,24.05,21.13
2730,2013-03-27,600519,170.01,166.79,170.4,165.4,47662,795809840.0,2.94,-1.82,-3.09,0.46,166.79,170.4,165.4,68.52,2.48,24.57,3.62,35.86,32.25,26.17
2731,2013-03-28,600519,166.08,166.82,168.18,162.31,41491,685703920.0,3.52,0.02,0.03,0.4,166.82,168.18,162.31,70.56,2.48,27.66,3.51,39.2,42.38,31.38
2732,2013-03-29,600519,167.25,168.86,169.57,166.02,47717,802924384.0,2.13,1.22,2.04,0.46,168.86,169.57,166.02,70.42,3.87,25.8,5.5,36.64,50.91,37.06
2733,2013-04-01,600519,168.09,164.95,168.46,164.58,29129,483197216.0,2.3,-2.32,-3.91,0.28,164.95,168.46,164.58,68.6,3.87,25.43,5.64,37.07,59.23,42.17
2734,2013-04-02,600519,165.1,163.71,165.97,163.27,32525,534554080.0,1.64,-0.75,-1.24,0.31,163.71,165.97,163.27,67.46,3.87,26.74,5.74,39.64,68.24,46.72
2735,2013-04-03,600519,163.68,163.85,165.0,163.18,21991,360543776.0,1.11,0.09,0.14,0.21,163.85,165.0,163.18,63.17,3.87,23.09,6.13,36.55,76.45,50.25
2736,2013-04-08,600519,162.14,164.32,165.0,160.45,37733,613230368.0,2.78,0.29,0.47,0.36,164.32,165.0,160.45,62.12,3.87,22.26,6.23,35.83,74.57,53.41
2737,2013-04-09,600519,163.89,163.6,164.9,162.7,24195,396645808.0,1.34,-0.44,-0.72,0.23,163.6,164.9,162.7,55.54,3.87,15.35,6.97,27.64,70.6,56.49
2738,2013-04-10,600519,164.0,169.96,171.11,162.7,70858,1194391200.0,5.14,3.89,6.36,0.68,169.96,171.11,162.7,58.64,10.08,11.67,17.19,19.9,59.5,55.2
2739,2013-04-11,600519,170.0,168.92,171.0,168.3,29730,504695120.0,1.59,-0.61,-1.04,0.29,168.92,171.0,168.3,54.85,9.31,11.67,16.97,21.28,49.11,54.17
2740,2013-04-12,600519,168.92,172.23,174.4,168.5,59800,1032119616.0,3.49,1.96,3.31,0.58,172.23,174.4,168.5,56.64,12.71,11.67,22.44,20.6,37.37,52.8
2741,2013-04-15,600519,172.27,172.74,173.66,170.02,28337,487286256.0,2.11,0.3,0.51,0.27,172.74,173.66,170.02,56.09,12.31,11.67,21.95,20.81,25.93,51.19
2742,2013-04-16,600519,170.0,173.16,175.2,169.6,39138,676673440.0,3.24,0.24,0.42,0.38,173.16,175.2,169.6,59.02,12.98,11.67,21.99,19.77,15.09,44.83
2743,2013-04-17,600519,173.6,178.49,178.77,173.55,42974,760898352.0,3.01,3.08,5.33,0.41,178.49,178.77,173.55,61.83,16.11,11.67,26.06,18.87,7.8,39.2
2744,2013-04-18,600519,177.2,179.15,180.0,176.01,41957,749007264.0,2.24,0.37,0.66,0.4,179.15,180.0,176.01,60.82,17.34,8.66,28.51,14.24,12.14,35.82
2745,2013-04-19,600519,179.4,179.23,179.88,176.89,39238,701185040.0,1.67,0.04,0.08,0.38,179.23,179.88,176.89,57.94,17.34,5.57,29.93,9.61,18.83,33.97
2746,2013-04-22,600519,178.9,173.71,178.9,173.5,42746,747616496.0,3.01,-3.08,-5.52,0.41,173.71,178.9,173.5,60.12,15.95,8.96,26.53,14.9,22.8,30.08
2747,2013-04-23,600519,173.5,171.81,174.98,171.7,30953,535923152.0,1.89,-1.09,-1.9,0.3,171.81,174.98,171.7,59.12,15.95,9.32,26.98,15.76,26.73,26.33
2748,2013-04-24,600519,172.22,174.87,175.0,170.3,30403,525381344.0,2.74,1.78,3.06,0.29,174.87,175.0,170.3,61.12,15.95,9.41,26.1,15.4,30.14,22.61
2749,2013-04-25,600519,174.02,176.7,177.56,173.22,25360,446045072.0,2.48,1.05,1.83,0.24,176.7,177.56,173.22,63.64,18.51,9.32,29.09,14.64,32.98,20.39
2750,2013-04-26,600519,177.41,173.99,178.0,173.01,16308,285787936.0,2.82,-1.53,-2.71,0.16,173.99,178.0,173.01,64.08,18.95,6.59,29.57,10.28,35.48,23.81
2751,2013-05-02,600519,173.0,171.11,173.05,169.03,28587,489586432.0,2.31,-1.66,-2.88,0.28,171.11,173.05,169.03,66.84,18.95,10.57,28.35,15.81,31.65,25.24
2752,2013-05-03,600519,171.8,172.45,174.02,170.6,21461,369986944.0,2.0,0.78,1.34,0.21,172.45,174.02,170.6,61.85,13.71,10.57,22.17,17.09,29.13,25.96
2753,2013-05-06,600519,173.0,177.8,177.98,171.98,30196,529181408.0,3.48,3.1,5.35,0.29,177.8,177.98,171.98,65.15,17.67,10.57,27.12,16.22,28.94,27.84
2754,2013-05-07,600519,179.02,187.69,188.34,179.02,71021,1305178752.0,5.24,5.56,9.89,0.68,187.69,188.34,179.02,69.79,24.63,10.57,35.29,15.15,31.3,30.72
2755,2013-05-08,600519,187.8,188.89,190.0,186.13,42416,799534960.0,2.06,0.64,1.2,0.41,188.89,190.0,186.13,70.02,26.29,10.57,37.55,15.1,32.91,32.94
2756,2013-05-09,600519,189.26,197.18,197.2,189.26,70135,1370326176.0,4.2,4.39,8.29,0.68,197.18,197.2,189.26,72.73,31.95,10.57,43.93,14.53,33.22,34.35
2757,2013-05-10,600519,197.01,197.11,200.92,196.01,48777,970170016.0,2.49,-0.04,-0.07,0.47,197.11,200.92,196.01,72.03,32.1,10.57,44.56,14.67,36.9,34.27
2758,2013-05-13,600519,197.11,197.68,201.6,193.77,32579,645155888.0,3.97,0.29,0.57,0.31,197.68,201.6,193.77,75.87,30.87,12.81,40.69,16.88,41.64,35.38
2759,2013-05-14,600519,196.1,191.19,197.1,190.01,36432,701153968.0,3.59,-3.28,-6.49,0.35,191.19,197.1,190.01,80.55,30.87,16.57,38.32,20.57,42.47,35.71
2760,2013-05-15,600519,190.88,194.66,196.66,190.72,23264,452499712.0,3.11,1.81,3.47,0.22,194.66,196.66,190.72,80.76,30.87,13.18,38.22,16.32,42.51,36.9
2761,2013-05-16,600519,194.01,194.85,200.51,192.0,45462,893376384.0,4.37,0.1,0.19,0.44,194.85,200.51,192.0,85.99,34.72,11.38,40.38,13.23,43.84,38.37
2762,2013-05-17,600519,194.08,195.91,196.45,193.0,33557,654713520.0,1.77,0.54,1.06,0.32,195.91,196.45,193.0,84.74,34.72,9.98,40.97,11.78,44.68,38.95
2763,2013-05-20,600519,196.8,195.0,198.48,194.45,30944,605797984.0,2.06,-0.46,-0.91,0.3,195.0,198.48,194.45,84.43,34.19,9.98,40.5,11.82,45.41,41.15
2764,2013-05-21,600519,194.88,195.02,195.76,193.51,23102,449227072.0,1.15,0.01,0.02,0.22,195.02,195.76,193.51,81.69,33.75,10.92,41.31,13.37,47.03,44.33
2765,2013-05-22,600519,195.65,199.47,200.6,195.1,46150,917905232.0,2.82,2.28,4.45,0.44,199.47,200.6,195.1,82.31,38.59,6.94,46.88,8.43,53.59,48.03
2766,2013-05-23,600519,199.6,202.44,206.49,199.6,62247,1272531728.0,3.45,1.49,2.97,0.6,202.44,206.49,199.6,85.91,43.51,6.94,50.65,8.08,58.98,50.74
2767,2013-05-24,600519,204.0,200.93,207.17,200.0,45073,915894080.0,3.54,-0.75,-1.51,0.43,200.93,207.17,200.0,87.08,40.23,6.94,46.2,7.97,62.31,53.07
2768,2013-05-27,600519,201.97,201.63,202.1,198.0,26778,536544400.0,2.04,0.35,0.7,0.26,201.63,202.1,198.0,80.64,29.87,8.94,37.04,11.09,62.07,53.38
2769,2013-05-28,600519,201.88,202.14,203.31,199.55,23676,477386720.0,1.86,0.25,0.51,0.23,202.14,203.31,199.55,80.53,29.42,8.94,36.53,11.1,61.83,53.62
2770,2013-05-29,600519,203.0,201.49,206.87,201.35,32340,659505376.0,2.73,-0.32,-0.65,0.31,201.49,206.87,201.35,77.74,25.78,8.94,33.16,11.5,61.4,54.22
2771,2013-05-30,600519,200.8,200.25,202.82,199.01,25019,500916432.0,1.89,-0.62,-1.24,0.24,200.25,202.82,199.01,76.64,22.06,11.28,28.78,14.72,55.2,54.4
2772,2013-05-31,600519,200.97,197.1,201.4,197.0,24591,490984240.0,2.2,-1.57,-3.15,0.24,197.1,201.4,197.0,73.21,22.06,11.05,30.13,15.09,48.66,53.82
2773,2013-06-03,600519,198.1,202.08,202.55,197.18,40257,807356528.0,2.72,2.53,4.98,0.39,202.08,202.55,197.18,70.99,23.21,7.29,32.69,10.27,45.6,53.95
2774,2013-06-04,600519,202.3,201.7,205.3,201.65,42357,862313616.0,1.81,-0.19,-0.38,0.41,201.7,205.3,201.65,68.7,25.96,7.29,37.79,10.61,45.97,54.02
2775,2013-06-05,600519,201.99,201.17,202.5,199.58,23724,476555328.0,1.45,-0.26,-0.53,0.23,201.17,202.5,199.58,63.11,22.11,9.36,35.03,14.83,43.83,52.83
2776,2013-06-06,600519,201.21,201.66,204.8,201.21,33877,688473440.0,1.78,0.24,0.49,0.33,201.66,204.8,201.21,63.29,24.41,9.36,38.57,14.79,43.17,52.28
2777,2013-06-07,600519,195.11,196.26,200.0,193.51,25478,502253008.0,3.22,-2.68,-5.4,0.25,196.26,200.0,193.51,67.41,22.38,17.06,33.2,25.31,40.03,47.62
2778,2013-06-13,600519,195.12,194.71,198.48,192.01,44999,876852224.0,3.3,-0.79,-1.55,0.43,194.71,198.48,192.01,71.63,22.38,17.62,31.24,24.6,36.47,42.57
2779,2013-06-14,600519,194.35,194.02,195.0,189.58,32519,625711424.0,2.78,-0.35,-0.69,0.31,194.02,195.0,189.58,71.47,17.54,20.05,24.54,28.05,28.88,37.24
2780,2013-06-17,600519,194.27,189.48,194.98,189.21,29689,568914656.0,2.97,-2.34,-4.54,0.29,189.48,194.98,189.21,70.22,11.65,20.42,16.59,29.08,24.08,35.03
2781,2013-06-18,600519,189.16,191.65,191.8,186.52,27378,516512032.0,2.79,1.15,2.17,0.26,191.65,191.8,186.52,68.33,10.97,23.11,16.05,33.82,23.27,33.55
2782,2013-06-19,600519,190.88,194.83,195.5,188.2,28909,556142176.0,3.81,1.66,3.18,0.28,194.83,195.5,188.2,71.53,14.67,21.11,20.51,29.51,18.84,31.0
2783,2013-06-20,600519,194.46,191.74,195.48,190.61,25587,493350640.0,2.5,-1.59,-3.09,0.25,191.74,195.48,190.61,72.64,13.46,21.11,18.53,29.06,20.28,30.15
2784,2013-06-21,600519,190.04,191.17,195.88,187.5,39654,762942576.0,4.37,-0.3,-0.57,0.38,191.17,195.88,187.5,75.5,9.9,24.22,13.11,32.08,25.29,30.88
2785,2013-06-24,600519,191.61,185.62,192.0,185.18,40807,765344880.0,3.57,-2.9,-5.55,0.39,185.62,192.0,185.18,78.51,9.9,24.2,12.61,30.82,31.17,30.02
2786,2013-06-25,600519,185.56,189.84,190.3,176.03,51352,952843632.0,7.69,2.27,4.22,0.49,189.84,190.3,176.03,88.38,9.9,31.34,11.2,35.46,35.27,29.68
2787,2013-06-26,600519,188.49,188.72,189.82,184.78,32903,613847376.0,2.65,-0.59,-1.12,0.32,188.72,189.82,184.78,87.99,8.75,31.34,9.94,35.62,38.73,31.0
2788,2013-06-27,600519,188.72,189.58,192.35,188.09,34136,651525216.0,2.26,0.46,0.86,0.33,189.58,192.35,188.09,88.6,8.53,31.34,9.63,35.37,45.26,32.05
2789,2013-06-28,600519,188.85,192.37,193.46,188.85,28070,540002736.0,2.43,1.47,2.79,0.27,192.37,193.46,188.85,90.29,9.64,29.27,10.68,32.42,49.98,35.13
2790,2013-07-01,600519,192.03,194.29,194.97,191.02,25829,498364208.0,2.05,1.0,1.92,0.25,194.29,194.97,191.02,90.61,8.85,29.27,9.77,32.3,51.92,38.6
2791,2013-07-02,600519,194.27,197.95,198.99,192.62,33453,656544864.0,3.28,1.88,3.66,0.32,197.95,198.99,192.62,88.83,12.87,21.57,14.49,24.28,49.14,40.15
2792,2013-07-03,600519,198.9,197.97,199.8,196.13,35425,702154064.0,1.85,0.01,0.02,0.34,197.97,199.8,196.13,86.03,13.68,20.07,15.9,23.33,43.63,39.45
2793,2013-07-04,600519,197.07,196.62,199.86,196.58,24215,480333712.0,1.66,-0.68,-1.35,0.23,196.62,199.86,196.58,83.89,13.74,17.64,16.38,21.03,36.31,37.52
2794,2013-07-05,600519,196.9,197.12,199.37,196.9,17780,351961200.0,1.26,0.25,0.5,0.17,197.12,199.37,196.9,80.87,13.74,17.27,16.99,21.36,28.67,36.97
2795,2013-07-08,600519,196.88,195.16,197.89,193.0,24114,471887312.0,2.48,-0.99,-1.96,0.23,195.16,197.89,193.0,80.48,13.74,18.48,17.07,22.96,22.71,36.35
2796,2013-07-09,600519,196.3,192.05,196.3,190.71,20234,390495520.0,2.86,-1.59,-3.11,0.19,192.05,196.3,190.71,78.77,10.04,20.77,12.75,26.37,19.59,35.75
2797,2013-07-10,600519,191.21,193.84,194.1,188.89,33245,635969696.0,2.71,0.93,1.79,0.32,193.84,194.1,188.89,79.11,10.04,22.59,12.69,28.56,21.79,35.46
2798,2013-07-11,600519,194.55,195.97,196.5,192.03,46057,897968912.0,2.31,1.1,2.13,0.44,195.97,196.5,192.03,75.2,12.44,19.48,16.54,25.9,22.31,32.97
2799,2013-07-12,600519,195.11,188.81,196.77,188.7,42992,823551968.0,4.12,-3.65,-7.16,0.41,188.81,196.77,188.7,76.45,12.44,20.49,16.27,26.8,24.31,30.31
2800,2013-07-15,600519,189.38,187.95,190.1,184.93,36607,683259584.0,2.74,-0.46,-0.86,0.35,187.95,190.1,184.93,67.35,12.44,15.11,18.47,22.44,24.03,26.35
2801,2013-07-16,600519,188.16,190.95,191.28,185.5,37011,698456704.0,3.08,1.6,3.0,0.36,190.95,191.28,185.5,68.07,13.62,15.11,20.01,22.2,22.44,22.58
2802,2013-07-17,600519,190.5,186.92,190.79,186.81,27388,517180736.0,2.08,-2.11,-4.03,0.26,186.92,190.79,186.81,67.95,11.09,15.11,16.32,22.24,19.2,19.39
2803,2013-07-18,600519,187.0,185.07,187.45,183.7,25700,475329680.0,2.01,-0.99,-1.85,0.25,185.07,187.45,183.7,67.09,9.98,18.22,14.88,27.16,17.66,19.72
2804,2013-07-19,600519,185.01,176.01,185.01,174.53,73319,1309145808.0,5.66,-4.9,-9.06,0.71,176.01,185.01,174.53,73.68,8.47,27.39,11.5,37.17,22.77,22.54
2805,2013-07-22,600519,175.66,174.88,177.09,173.05,27062,472471728.0,2.3,-0.64,-1.13,0.26,174.88,177.09,173.05,71.35,4.45,28.87,6.24,40.46,30.92,27.61
2806,2013-07-23,600519,175.93,179.59,180.29,174.98,28756,513622528.0,3.04,2.69,4.71,0.28,179.59,180.29,174.98,73.09,6.84,28.87,9.36,39.5,39.58,31.81
2807,2013-07-24,600519,179.4,174.62,179.4,173.1,44067,772480656.0,3.51,-2.77,-4.97,0.42,174.62,179.4,173.1,76.3,6.78,30.75,8.89,40.3,49.36,35.9
2808,2013-07-25,600519,175.4,178.74,179.8,174.3,39541,701690240.0,3.15,2.36,4.12,0.38,178.74,179.8,174.3,79.05,7.18,30.75,9.08,38.9,57.16,38.18
2809,2013-07-26,600519,177.0,174.97,177.8,174.9,19046,334279504.0,1.62,-2.11,-3.77,0.18,174.97,177.8,174.9,78.0,7.18,26.85,9.21,34.42,61.93,39.79
2810,2013-07-29,600519,174.28,171.32,174.28,171.0,26883,462873568.0,1.87,-2.09,-3.65,0.26,171.32,174.28,171.0,76.38,7.18,28.46,9.4,37.26,63.08,42.93
2811,2013-07-30,600519,170.3,168.43,171.28,165.59,42114,708812320.0,3.32,-1.69,-2.89,0.41,168.43,171.28,165.59,76.9,7.18,32.05,9.34,41.68,61.43,46.17
2812,2013-07-31,600519,169.68,168.5,171.2,167.7,14590,246901546.0,2.08,0.04,0.07,0.14,168.5,171.2,167.7,75.93,4.78,32.05,6.3,42.21,63.49,51.54
2813,2013-08-01,600519,169.98,171.89,172.5,169.06,24853,426199168.0,2.04,2.01,3.39,0.24,171.89,172.5,169.06,71.86,6.08,28.72,8.46,39.97,63.69,56.53
2814,2013-08-02,600519,172.79,176.03,178.16,172.69,29241,514840304.0,3.18,2.41,4.14,0.28,176.03,178.16,172.69,72.96,11.74,24.95,16.09,34.2,59.34,58.25
2815,2013-08-05,600519,176.03,175.5,176.77,173.9,18065,316638080.0,1.63,-0.3,-0.53,0.17,175.5,176.77,173.9,70.05,10.56,24.95,15.07,35.62,56.46,59.19
2816,2013-08-06,600519,173.93,175.23,175.5,172.7,26562,462053664.0,1.6,-0.15,-0.27,0.26,175.23,175.5,172.7,68.71,10.56,26.15,15.37,38.06,53.58,58.33
2817,2013-08-07,600519,174.8,176.38,178.66,173.73,28378,501679184.0,2.81,0.66,1.15,0.27,176.38,178.66,173.73,69.89,13.72,23.04,19.63,32.97,47.24,54.34
2818,2013-08-08,600519,176.42,175.16,177.36,174.4,16077,282184720.0,1.68,-0.69,-1.22,0.15,175.16,177.36,174.4,62.31,13.72,13.87,22.02,22.26,34.99,49.24
2819,2013-08-09,600519,175.45,172.83,176.09,170.94,22889,396239808.0,2.94,-1.33,-2.33,0.22,172.83,176.09,170.94,63.42,13.72,15.85,21.63,24.99,25.35,44.52
2820,2013-08-12,600519,172.8,178.31,178.43,172.51,39390,692000832.0,3.43,3.17,5.48,0.38,178.31,178.43,172.51,63.93,12.86,15.85,20.12,24.79,21.08,40.21
2821,2013-08-13,600519,178.01,179.95,180.5,176.5,25436,453549744.0,2.24,0.92,1.64,0.25,179.95,180.5,176.5,61.44,14.93,13.97,24.3,22.74,14.88,35.67
2822,2013-08-14,600519,179.89,178.69,182.34,178.4,21722,392821872.0,2.19,-0.7,-1.26,0.21,178.69,182.34,178.4,59.88,16.37,13.97,27.34,23.33,9.12,31.35
2823,2013-08-15,600519,178.86,177.46,181.2,177.39,15366,274789280.0,2.13,-0.69,-1.23,0.15,177.46,181.2,177.39,59.85,16.37,14.98,27.35,25.03,5.64,26.44
2824,2013-08-16,600519,177.53,174.4,181.0,174.05,34974,617783344.0,3.92,-1.72,-3.06,0.34,174.4,181.0,174.05,62.83,16.37,14.42,26.05,22.95,6.6,20.8
2825,2013-08-19,600519,175.4,175.17,175.91,173.0,19358,337652096.0,1.67,0.44,0.77,0.19,175.17,175.91,173.0,60.01,16.37,10.06,27.28,16.76,9.38,17.37
2826,2013-08-20,600519,174.15,173.61,175.0,172.7,31251,541646640.0,1.31,-0.89,-1.56,0.3,173.61,175.0,172.7,58.98,16.37,10.36,27.76,17.57,11.39,16.24
2827,2013-08-21,600519,175.01,174.69,175.15,172.4,23103,401820448.0,1.58,0.62,1.08,0.22,174.69,175.15,172.4,57.73,15.07,10.66,26.1,18.47,13.7,14.29
2828,2013-08-22,600519,174.6,175.08,176.68,174.02,15502,272139856.0,1.52,0.22,0.39,0.15,175.08,176.68,174.02,54.12,10.94,10.66,20.21,19.7,12.59,10.86
2829,2013-08-23,600519,175.97,172.99,175.98,171.5,19530,338959488.0,2.56,-1.19,-2.09,0.19,172.99,175.98,171.5,55.73,10.94,13.18,19.63,23.65,13.4,9.52
2830,2013-08-26,600519,173.11,173.94,175.0,172.0,16885,293255616.0,1.73,0.55,0.95,0.16,173.94,175.0,172.0,55.93,10.94,11.98,19.56,21.42,13.1,9.85
2831,2013-08-27,600519,173.77,173.15,173.77,172.0,24437,422029088.0,1.02,-0.45,-0.79,0.24,173.15,173.77,172.0,52.94,7.78,11.98,14.7,22.63,12.67,11.02
2832,2013-08-28,600519,172.17,169.9,172.17,169.57,30603,521639360.0,1.5,-1.88,-3.25,0.29,169.9,172.17,169.57,53.56,7.78,14.41,14.53,26.9,13.9,12.65
2833,2013-08-29,600519,170.0,168.48,170.34,168.11,21804,368545680.0,1.31,-0.84,-1.42,0.21,168.48,170.34,168.11,50.64,7.78,12.41,15.36,24.51,14.86,14.28
2834,2013-08-30,600519,168.48,168.78,169.0,167.55,25861,435606368.0,0.86,0.18,0.3,0.25,168.78,169.0,167.55,46.17,5.44,12.97,11.78,28.09,21.47,17.03
2835,2013-09-02,600519,160.8,151.92,160.8,151.9,224971,3438418528.0,5.27,-9.99,-16.86,2.17,151.92,160.8,151.9,59.05,3.37,28.62,5.71,48.47,33.07,23.24
2836,2013-09-03,600519,151.0,151.66,152.8,149.0,123211,1855978592.0,2.5,-0.17,-0.26,1.19,151.66,152.8,149.0,58.91,1.53,31.52,2.6,53.51,47.44,30.27
2837,2013-09-04,600519,152.0,152.1,153.55,151.6,76790,1171694800.0,1.29,0.29,0.44,0.74,152.1,153.55,151.6,57.05,2.28,30.51,4.0,53.48,58.25,35.46
2838,2013-09-05,600519,151.86,150.27,152.8,149.3,71283,1070129376.0,2.3,-1.2,-1.83,0.69,150.27,152.8,149.3,53.6,2.28,29.47,4.25,54.98,67.54,40.72
2839,2013-09-06,600519,150.1,150.28,150.9,149.77,37784,567391472.0,0.75,0.01,0.01,0.36,150.28,150.9,149.77,51.82,2.28,28.42,4.4,54.84,77.91,46.39
2840,2013-09-09,600519,151.0,150.95,151.52,149.88,69271,1042258768.0,1.09,0.45,0.67,0.67,150.95,151.52,149.88,50.99,2.9,28.12,5.69,55.15,84.64,53.05
2841,2013-09-10,600519,150.8,151.62,151.88,150.08,54093,816720656.0,1.19,0.44,0.67,0.52,151.62,151.88,150.08,50.04,3.26,27.82,6.51,55.6,84.66,58.86
2842,2013-09-11,600519,151.75,152.57,152.78,150.0,69013,1045733440.0,1.83,0.63,0.95,0.66,152.57,152.78,150.0,50.16,2.63,27.82,5.24,55.46,83.32,65.38
2843,2013-09-12,600519,152.63,151.73,153.2,151.21,47723,725740672.0,1.3,-0.55,-0.84,0.46,151.73,153.2,151.21,47.67,3.05,25.3,6.4,53.07,82.05,70.15
2844,2013-09-13,600519,151.69,152.02,154.48,151.65,68255,1044001952.0,1.87,0.19,0.29,0.66,152.02,154.48,151.65,47.5,4.33,25.3,9.12,53.26,79.58,73.56
2845,2013-09-16,600519,152.62,149.65,152.62,149.59,58877,889024064.0,1.99,-1.56,-2.37,0.57,149.65,152.62,149.59,48.59,4.33,27.36,8.91,56.31,77.5,77.7
2846,2013-09-17,600519,149.0,141.3,149.2,140.51,109058,1571781600.0,5.81,-5.58,-8.35,1.05,141.3,149.2,140.51,54.15,4.33,34.01,8.0,62.81,76.85,80.75
2847,2013-09-18,600519,141.0,141.9,142.38,139.5,67318,949223072.0,2.04,0.42,0.6,0.65,141.9,142.38,139.5,54.8,4.33,33.56,7.9,61.24,76.54,80.6
2848,2013-09-23,600519,141.99,140.81,142.0,140.05,65410,921212144.0,1.37,-0.77,-1.09,0.63,140.81,142.0,140.05,55.3,4.33,33.0,7.83,59.67,75.55,79.43
2849,2013-09-24,600519,141.0,136.8,142.26,136.7,98819,1371542704.0,3.95,-2.85,-4.01,0.95,136.8,142.26,136.7,43.98,4.33,20.7,9.85,47.07,73.37,77.71
2850,2013-09-25,600519,136.55,135.16,137.5,133.02,69789,943851488.0,3.27,-1.2,-1.64,0.67,135.16,137.5,133.02,44.66,4.33,21.48,9.7,48.1,72.65,76.11
2851,2013-09-26,600519,134.0,135.42,136.22,134.0,47228,638421040.0,1.64,0.19,0.26,0.45,135.42,136.22,134.0,44.93,3.58,21.48,7.97,47.81,72.44,74.97
2852,2013-09-27,600519,135.49,134.06,136.16,133.79,34639,465617872.0,1.75,-1.0,-1.36,0.33,134.06,136.16,133.79,43.8,3.58,19.39,8.17,44.27,71.01,73.93
2853,2013-09-30,600519,133.93,135.94,136.31,133.52,50461,681360336.0,2.08,1.4,1.88,0.49,135.94,136.31,133.52,45.46,3.58,19.66,7.88,43.25,69.68,73.11
2854,2013-10-08,600519,135.76,136.67,137.4,134.19,56867,773294160.0,2.36,0.54,0.73,0.55,136.67,137.4,134.19,47.03,4.05,19.66,8.61,41.8,67.86,71.7
2855,2013-10-09,600519,136.6,136.99,137.4,135.8,40815,557664496.0,1.17,0.23,0.32,0.39,136.99,137.4,135.8,46.83,3.69,19.66,7.88,41.98,68.35,70.86
2856,2013-10-10,600519,137.0,137.04,137.38,136.25,29046,397207808.0,0.82,0.04,0.05,0.28,137.04,137.38,136.25,45.18,2.79,19.66,6.18,43.51,69.8,71.23
2857,2013-10-11,600519,135.3,137.52,137.83,135.3,36456,499830912.0,1.85,0.35,0.48,0.35,137.52,137.83,135.3,45.72,2.37,20.61,5.18,45.08,71.13,71.78
2858,2013-10-14,600519,137.95,139.65,139.73,137.32,55275,767129552.0,1.75,1.55,2.13,0.53,139.65,139.73,137.32,45.3,2.99,20.61,6.6,45.5,72.1,71.55
2859,2013-10-15,600519,139.74,144.25,144.8,139.08,69278,986261712.0,4.1,3.29,4.6,0.67,144.25,144.8,139.08,47.99,8.06,18.55,16.8,38.65,67.14,68.41
2860,2013-10-16,600519,146.3,144.24,147.7,142.1,94813,1382754192.0,3.88,-0.01,-0.01,0.91,144.24,147.7,142.1,44.45,10.96,9.47,24.66,21.3,57.38,62.62
2861,2013-10-17,600519,144.59,144.19,145.8,143.5,48621,703391968.0,1.59,-0.03,-0.05,0.47,144.19,145.8,143.5,43.87,10.96,8.46,24.98,19.28,48.13,58.24
2862,2013-10-18,600519,144.49,142.98,144.91,142.0,35575,510349744.0,2.02,-0.84,-1.21,0.34,142.98,144.91,142.0,44.83,10.96,9.96,24.45,22.22,36.4,53.1
2863,2013-10-21,600519,143.51,145.09,145.3,142.2,47023,677908672.0,2.17,1.48,2.11,0.45,145.09,145.3,142.2,42.37,11.35,6.61,26.79,15.6,27.57,49.35
2864,2013-10-22,600519,144.8,143.42,144.8,142.75,24581,353140640.0,1.41,-1.15,-1.67,0.24,143.42,144.8,142.75,40.23,11.35,2.93,28.21,7.28,24.95,48.53
2865,2013-10-23,600519,143.26,143.69,144.68,142.21,26215,375070080.0,1.72,0.19,0.27,0.25,143.69,144.68,142.21,40.48,11.35,3.47,28.04,8.57,27.25,47.19
2866,2013-10-24,600519,143.3,143.71,143.97,142.7,26255,376580496.0,0.88,0.01,0.02,0.25,143.71,143.97,142.7,39.38,11.35,3.26,28.82,8.28,35.26,46.32
2867,2013-10-25,600519,143.01,136.73,143.01,135.6,58584,807380208.0,5.16,-4.86,-6.98,0.56,136.73,143.01,135.6,44.7,11.35,10.09,25.39,22.57,34.09,41.11
2868,2013-10-28,600519,135.78,133.97,136.77,133.26,32141,431472144.0,2.57,-2.02,-2.76,0.31,133.97,136.77,133.26,45.0,10.26,12.43,22.8,27.62,34.89,35.65
2869,2013-10-29,600519,134.15,132.8,134.66,131.5,35183,468246864.0,2.36,-0.87,-1.17,0.34,132.8,134.66,131.5,46.56,10.26,14.19,22.04,30.48,33.17,30.37
2870,2013-10-30,600519,132.98,132.59,133.3,131.96,25343,335579616.0,1.01,-0.16,-0.21,0.24,132.59,133.3,131.96,46.77,10.26,14.19,21.94,30.34,26.02,25.49
2871,2013-10-31,600519,132.65,135.11,136.51,132.5,34893,471033936.0,3.02,1.9,2.52,0.34,135.11,136.51,132.5,48.25,13.47,13.24,27.92,27.44,17.3,22.27
2872,2013-11-01,600519,134.33,135.18,135.84,133.8,22154,299057616.0,1.51,0.05,0.07,0.21,135.18,135.84,133.8,47.88,11.57,13.24,24.16,27.65,9.2,22.23
2873,2013-11-04,600519,135.45,136.34,136.97,135.27,19436,264834002.0,1.26,0.86,1.16,0.19,136.34,136.97,135.27,43.95,7.63,13.24,17.36,30.13,12.7,23.4
2874,2013-11-05,600519,135.8,138.11,138.39,134.7,27843,381603616.0,2.71,1.3,1.77,0.27,138.11,138.39,134.7,42.04,6.15,13.24,14.63,31.49,17.2,26.04
2875,2013-11-06,600519,138.28,139.65,141.01,137.5,44449,619496992.0,2.54,1.12,1.54,0.43,139.65,141.01,137.5,43.25,8.77,13.24,20.28,30.61,17.9,25.54
2876,2013-11-07,600519,139.36,138.97,139.88,136.7,21359,294635360.0,2.28,-0.49,-0.68,0.21,138.97,139.88,136.7,43.52,8.77,12.54,20.15,28.81,18.17,22.1
2877,2013-11-08,600519,138.6,136.14,139.99,136.01,21537,298492272.0,2.86,-2.04,-2.83,0.21,136.14,139.99,136.01,44.4,8.38,13.23,18.87,29.8,21.77,19.54
2878,2013-11-11,600519,138.0,139.55,141.68,136.18,52329,729491568.0,4.04,2.5,3.41,0.5,139.55,141.68,136.18,47.6,10.07,13.23,21.16,27.79,22.91,16.05
2879,2013-11-12,600519,139.42,144.84,145.35,139.05,69478,997440464.0,4.51,3.79,5.29,0.67,144.84,145.35,139.05,51.43,13.74,12.69,26.72,24.67,19.09,15.89
2880,2013-11-13,600519,144.09,144.72,146.45,143.1,31881,460888128.0,2.31,-0.08,-0.12,0.31,144.72,146.45,143.1,53.51,14.84,12.69,27.73,23.72,14.3,15.75
2881,2013-11-14,600519,145.0,144.07,145.0,141.69,24042,344294688.0,2.29,-0.45,-0.65,0.23,144.07,145.0,141.69,48.71,14.84,7.0,30.47,14.37,16.9,17.4
2882,2013-11-15,600519,143.74,143.44,144.62,142.1,33598,481165008.0,1.75,-0.44,-0.63,0.32,143.44,144.62,142.1,47.72,14.84,4.66,31.1,9.77,22.65,20.41
2883,2013-11-18,600519,144.0,143.49,144.86,142.8,41572,596980144.0,1.44,0.03,0.05,0.4,143.49,144.86,142.8,46.62,15.08,2.9,32.35,6.22,30.2,25.98
2884,2013-11-19,600519,143.5,142.82,144.2,141.3,41167,588099504.0,2.02,-0.47,-0.67,0.4,142.82,144.2,141.3,48.18,15.08,4.4,31.3,9.13,37.08,29.99
2885,2013-11-20,600519,142.74,142.06,142.92,141.4,25518,362889664.0,1.06,-0.53,-0.76,0.25,142.06,142.92,141.4,45.69,11.87,4.4,25.98,9.63,44.07,31.58
2886,2013-11-21,600519,141.68,138.66,142.29,138.55,32992,459524464.0,2.63,-2.39,-3.4,0.32,138.66,142.29,138.55,47.39,11.87,7.25,25.05,15.3,46.79,30.54
2887,2013-11-22,600519,138.66,138.47,139.35,137.98,28111,389528912.0,0.99,-0.14,-0.19,0.27,138.47,139.35,137.98,46.97,10.74,7.82,22.87,16.65,43.43,30.16
2888,2013-11-25,600519,137.78,140.93,141.86,137.52,26181,367831840.0,3.13,1.78,2.46,0.25,140.93,141.86,137.52,47.62,11.83,7.82,24.84,16.42,38.13,30.39
2889,2013-11-26,600519,140.99,139.98,141.84,139.78,16406,230259508.0,1.46,-0.67,-0.95,0.16,139.98,141.84,139.78,46.17,9.21,7.82,19.95,16.94,28.2,29.2
2890,2013-11-27,600519,139.99,139.95,141.19,138.6,15680,219358339.0,1.85,-0.02,-0.03,0.15,139.95,141.19,138.6,45.58,9.21,8.2,20.21,17.99,20.03,28.55
2891,2013-11-28,600519,139.98,141.83,142.65,139.98,22241,315027616.0,1.91,1.34,1.88,0.21,141.83,142.65,139.98,44.3,10.67,7.51,24.09,16.95,15.27,29.67
2892,2013-11-29,600519,141.0,141.44,141.65,139.92,20424,287184368.0,1.22,-0.27,-0.39,0.2,141.44,141.65,139.92,40.67,8.98,7.57,22.08,18.61,12.67,29.73
2893,2013-12-02,600519,140.01,136.78,140.27,136.5,42892,591853936.0,2.67,-3.29,-4.66,0.41,136.78,140.27,136.5,39.31,5.31,10.99,13.51,27.96,15.85,29.64
2894,2013-12-03,600519,136.55,137.58,137.92,135.34,32882,448934464.0,1.89,0.58,0.8,0.32,137.58,137.92,135.34,38.54,4.21,12.15,10.92,31.53,20.54,29.34
2895,2013-12-04,600519,137.46,138.48,139.02,136.57,33510,463071200.0,1.78,0.65,0.9,0.32,138.48,139.02,136.57,37.68,5.31,10.74,14.09,28.5,24.82,26.51
2896,2013-12-05,600519,138.44,136.99,138.44,136.95,19326,265765318.0,1.08,-1.08,-1.49,0.19,136.99,138.44,136.95,36.69,5.31,10.74,14.47,29.27,29.49,24.76
2897,2013-12-06,600519,136.77,138.75,139.1,136.0,29151,402741312.0,2.26,1.28,1.76,0.28,138.75,139.1,136.0,37.73,5.07,11.69,13.44,30.98,33.18,24.23
2898,2013-12-09,600519,138.6,137.94,138.7,136.0,25372,347999968.0,1.95,-0.58,-0.81,0.24,137.94,138.7,136.0,37.58,5.07,10.19,13.49,27.12,37.35,25.01
2899,2013-12-10,600519,137.51,136.95,137.9,136.2,25393,347805552.0,1.23,-0.72,-0.99,0.24,136.95,137.9,136.2,37.8,5.07,10.19,13.41,26.96,37.13,26.49
2900,2013-12-11,600519,136.86,136.39,137.6,136.17,19868,271716032.0,1.04,-0.41,-0.56,0.19,136.39,137.6,136.17,35.49,5.07,7.37,14.29,20.77,32.13,26.33
2901,2013-12-12,600519,136.33,136.4,137.34,136.2,18307,250384797.0,0.84,0.01,0.01,0.18,136.4,137.34,136.2,35.26,5.07,6.8,14.38,19.29,28.92,26.87
2902,2013-12-13,600519,136.23,136.4,137.39,136.22,19267,263371186.0,0.86,0.0,0.0,0.19,136.4,137.39,136.22,32.09,2.61,6.8,8.13,21.19,30.7,30.09
2903,2013-12-16,600519,136.01,132.97,136.42,132.87,32869,439536256.0,2.6,-2.51,-3.43,0.32,132.97,136.42,132.87,33.58,2.61,10.15,7.77,30.23,33.96,33.57
2904,2013-12-17,600519,132.95,133.21,134.73,132.4,15641,209082464.0,1.75,0.18,0.24,0.15,133.21,134.73,132.4,33.32,2.61,9.44,7.83,28.33,37.82,37.58
2905,2013-12-18,600519,132.99,132.49,133.5,132.31,20105,266750697.0,0.89,-0.54,-0.72,0.19,132.49,133.5,132.31,31.81,1.15,9.53,3.62,29.96,45.3,41.22
2906,2013-12-19,600519,133.29,131.15,133.4,131.1,17813,235156558.0,1.74,-1.01,-1.34,0.17,131.15,133.4,131.1,32.2,1.15,10.68,3.57,33.17,55.65,43.89
2907,2013-12-20,600519,131.25,126.65,131.75,126.0,38556,495862864.0,4.38,-3.43,-4.5,0.37,126.65,131.75,126.0,33.01,1.15,12.36,3.48,37.44,67.05,47.98
2908,2013-12-23,600519,126.43,126.51,127.64,126.12,19223,243709867.0,1.2,-0.11,-0.14,0.19,126.51,127.64,126.12,31.95,1.15,11.2,3.6,35.05,73.19,51.94
2909,2013-12-24,600519,127.0,126.61,127.7,126.38,27897,354505536.0,1.04,0.08,0.1,0.27,126.61,127.7,126.38,30.82,0.11,11.2,0.36,36.34,79.68,56.82
2910,2013-12-25,600519,127.0,126.26,127.37,125.89,18439,233016830.0,1.17,-0.28,-0.35,0.18,126.26,127.37,125.89,30.77,0.11,11.69,0.36,37.99,86.59,62.21
2911,2013-12-26,600519,126.0,124.74,126.23,124.14,34156,427007200.0,1.66,-1.2,-1.52,0.33,124.74,126.23,124.14,29.79,0.11,12.49,0.37,41.93,89.89,67.6
2912,2013-12-27,600519,125.2,126.2,127.23,124.74,25455,321517728.0,2.0,1.17,1.46,0.25,126.2,127.23,124.74,29.53,1.11,12.49,3.76,42.3,90.41,73.03
2913,2013-12-30,600519,126.45,124.46,126.98,123.99,32167,401569200.0,2.37,-1.38,-1.74,0.31,124.46,126.98,123.99,30.78,1.11,13.24,3.61,43.01,90.67,78.86
2914,2013-12-31,600519,124.0,128.38,129.31,122.5,57546,730676608.0,5.47,3.15,3.92,0.55,128.38,129.31,122.5,36.16,3.44,13.21,9.51,36.53,86.89,80.04
2915,2014-01-02,600519,127.99,125.98,127.99,125.6,21977,277430224.0,1.86,-1.87,-2.4,0.21,125.98,127.99,125.6,37.8,3.44,13.21,9.1,34.95,80.33,80.01
2916,2014-01-03,600519,125.25,123.98,125.8,123.23,23342,288934608.0,2.04,-1.59,-2.0,0.22,123.98,125.8,123.23,39.38,3.39,15.58,8.61,39.56,74.68,80.64
2917,2014-01-06,600519,122.88,120.73,124.9,120.7,30229,367274768.0,3.39,-2.62,-3.25,0.29,120.73,124.9,120.7,40.03,3.39,14.76,8.47,36.87,68.74,79.32
2918,2014-01-07,600519,120.11,120.56,121.35,119.2,18039,216936563.0,1.78,-0.14,-0.17,0.17,120.56,121.35,119.2,39.85,3.39,15.79,8.51,39.62,65.57,77.99
2919,2014-01-08,600519,120.49,119.4,121.18,118.01,31990,380752976.0,2.63,-0.96,-1.16,0.31,119.4,121.18,118.01,41.83,3.39,16.89,8.1,40.38,62.58,76.63
2920,2014-01-09,600519,119.0,119.34,121.8,118.6,47887,575090336.0,2.68,-0.05,-0.06,0.46,119.34,121.8,118.6,42.73,4.01,15.68,9.38,36.7,62.68,74.78
2921,2014-01-10,600519,119.01,119.27,120.43,118.05,21127,251742737.0,1.99,-0.06,-0.07,0.2,119.27,120.43,118.05,39.36,4.01,11.13,10.19,28.28,60.74,70.53
2922,2014-01-13,600519,119.3,119.89,122.32,119.08,37646,454274352.0,2.72,0.52,0.62,0.36,119.89,122.32,119.08,41.08,5.9,11.13,14.36,27.09,55.15,64.91
2923,2014-01-14,600519,120.2,121.31,121.79,118.9,23475,282925552.0,2.41,1.18,1.42,0.23,121.31,121.79,118.9,42.65,5.84,11.31,13.69,26.52,50.02,59.38
2924,2014-01-15,600519,120.51,118.76,121.15,118.05,19721,235363881.0,2.56,-2.1,-2.55,0.19,118.76,121.15,118.05,44.43,5.84,11.67,13.14,26.27,44.79,55.18
2925,2014-01-16,600519,118.85,121.99,122.45,118.74,39120,474484848.0,3.12,2.72,3.23,0.38,121.99,122.45,118.74,46.02,7.14,9.92,15.51,21.56,36.42,49.5
2926,2014-01-17,600519,121.8,120.3,122.65,120.12,32364,393324784.0,2.07,-1.39,-1.69,0.31,120.3,122.65,120.12,46.06,6.34,9.92,13.76,21.54,30.21,46.44
2927,2014-01-20,600519,121.9,126.79,127.3,121.02,60091,751598256.0,5.22,5.39,6.49,0.58,126.79,127.3,121.02,50.07,10.99,9.17,21.95,18.31,23.87,42.31
2928,2014-01-21,600519,126.0,126.99,128.71,125.35,35405,451224688.0,2.65,0.16,0.2,0.34,126.99,128.71,125.35,46.62,10.07,9.17,21.6,19.67,19.53,37.34
2929,2014-01-22,600519,126.98,134.17,134.81,126.3,73668,975900192.0,6.7,5.65,7.18,0.71,134.17,134.81,126.3,52.35,16.17,9.17,30.89,17.52,18.82,34.42
2930,2014-01-23,600519,134.18,134.09,135.4,131.76,40258,538497408.0,2.71,-0.06,-0.08,0.39,134.09,135.4,131.76,53.24,16.76,6.8,31.48,12.77,20.32,32.56
2931,2014-01-24,600519,133.5,135.5,135.69,132.51,35781,482834464.0,2.37,1.05,1.41,0.34,135.5,135.69,132.51,52.22,17.05,4.27,32.65,8.18,27.59,32.0
2932,2014-01-27,600519,134.89,140.75,143.78,134.66,83511,1170783936.0,6.73,3.87,5.25,0.8,140.75,143.78,134.66,59.19,25.14,2.77,42.47,4.68,37.28,33.75
2933,2014-01-28,600519,140.51,139.22,142.0,137.5,36401,508739360.0,3.2,-1.09,-1.53,0.35,139.22,142.0,137.5,60.52,25.14,1.58,41.54,2.61,50.47,37.17
2934,2014-01-29,600519,139.78,137.01,141.06,136.49,31520,434136672.0,3.28,-1.59,-2.21,0.3,137.01,141.06,136.49,61.89,24.52,2.59,39.62,4.18,63.18,41.36
2935,2014-01-30,600519,136.5,132.2,136.95,131.0,37223,496967648.0,4.34,-3.51,-4.81,0.36,132.2,136.95,131.0,65.52,24.52,7.53,37.42,11.49,67.41,43.12
2936,2014-02-07,600519,132.06,133.89,134.62,131.06,23866,317924208.0,2.69,1.28,1.69,0.23,133.89,134.62,131.06,65.84,22.63,7.53,34.37,11.44,68.71,44.51
2937,2014-02-10,600519,134.0,132.86,134.4,130.86,36252,479835312.0,2.64,-0.77,-1.03,0.35,132.86,134.4,130.86,66.49,22.63,7.55,34.04,11.36,67.04,47.32
2938,2014-02-11,600519,132.8,134.04,135.58,132.1,43007,578123056.0,2.62,0.89,1.18,0.41,134.04,135.58,132.1,66.71,23.81,6.7,35.69,10.04,63.03,50.16
2939,2014-02-12,600519,134.2,134.15,134.97,133.31,19283,258332741.0,1.24,0.08,0.11,0.19,134.15,134.97,133.31,64.66,22.51,6.7,34.81,10.36,57.36,53.92
2940,2014-02-13,600519,134.03,135.67,138.39,134.01,38567,528398496.0,3.27,1.13,1.52,0.37,135.67,138.39,134.01,66.51,25.73,6.7,38.69,10.07,53.65,58.42
2941,2014-02-14,600519,135.39,142.9,143.0,135.39,67410,946589744.0,5.61,5.33,7.23,0.65,142.9,143.0,135.39,67.12,25.69,6.7,38.27,9.98,54.59,61.0
2942,2014-02-17,600519,144.1,149.98,150.99,144.1,87465,1301703984.0,4.82,4.95,7.08,0.84,149.98,150.99,144.1,71.85,32.27,6.7,44.91,9.32,57.18,62.94
2943,2014-02-18,600519,149.44,147.01,149.44,146.12,33640,496116912.0,2.21,-1.98,-2.97,0.32,147.01,149.44,146.12,67.2,26.17,6.7,38.94,9.97,58.73,62.89
2944,2014-02-19,600519,147.05,149.53,151.98,147.05,31483,472702784.0,3.35,1.71,2.52,0.3,149.53,151.98,147.05,68.53,28.12,6.7,41.03,9.78,59.63,61.33
2945,2014-02-20,600519,149.5,148.99,151.58,148.0,23189,346513536.0,2.39,-0.36,-0.54,0.22,148.99,151.58,148.0,68.93,27.83,6.7,40.37,9.72,60.81,59.08
2946,2014-02-21,600519,148.0,149.08,150.15,147.78,34125,508426624.0,1.59,0.06,0.09,0.33,149.08,150.15,147.78,62.18,19.74,6.92,31.75,11.13,59.05,56.35
2947,2014-02-24,600519,149.1,147.62,151.08,145.61,31179,463140896.0,3.67,-0.98,-1.46,0.3,147.62,151.08,145.61,63.15,19.74,9.09,31.26,14.39,55.43,55.01
2948,2014-02-25,600519,148.0,142.37,148.4,141.0,46280,662701584.0,5.01,-3.56,-5.25,0.45,142.37,148.4,141.0,65.98,19.74,12.69,29.92,19.23,48.12,52.65
2949,2014-02-26,600519,140.56,142.03,144.98,139.05,26514,377024800.0,4.17,-0.24,-0.34,0.26,142.03,144.98,139.05,65.9,19.74,9.15,29.95,13.88,44.36,51.54
2950,2014-02-27,600519,142.15,144.95,145.79,140.02,25646,367761888.0,4.06,2.06,2.92,0.25,144.95,145.79,140.02,68.11,20.55,9.15,30.17,13.43,40.5,50.07
2951,2014-02-28,600519,145.0,150.02,150.8,144.95,41926,626931552.0,4.04,3.5,5.07,0.4,150.02,150.8,144.95,70.42,25.56,8.95,36.3,12.71,38.32,49.57
2952,2014-03-03,600519,150.0,154.93,154.99,148.33,48817,745535040.0,4.44,3.27,4.91,0.47,154.93,154.99,148.33,73.6,28.57,8.95,38.82,12.16,39.02,49.03
2953,2014-03-04,600519,152.12,153.4,159.29,152.0,50867,795957008.0,4.71,-0.99,-1.53,0.49,153.4,159.29,152.0,79.23,32.87,8.95,41.49,11.3,42.4,48.92
2954,2014-03-05,600519,154.03,159.84,159.99,152.0,47212,741663984.0,5.21,4.2,6.44,0.45,159.84,159.99,152.0,82.84,30.15,8.95,36.4,10.8,47.81,47.97
2955,2014-03-06,600519,160.21,162.0,162.3,157.0,42741,684035152.0,3.32,1.35,2.16,0.41,162.0,162.3,157.0,80.53,27.85,8.95,34.58,11.11,50.26,47.31
2956,2014-03-07,600519,162.0,165.49,167.2,160.04,58110,952251168.0,4.42,2.15,3.49,0.56,165.49,167.2,160.04,79.6,24.76,8.95,31.11,11.24,51.68,46.09
2957,2014-03-10,600519,164.8,156.94,165.8,154.03,49985,797666912.0,7.11,-5.17,-8.55,0.48,156.94,165.8,154.03,87.51,24.76,14.96,28.29,17.1,47.77,43.05
2958,2014-03-11,600519,156.0,162.18,163.6,155.1,38561,619885232.0,5.42,3.34,5.24,0.37,162.18,163.6,155.1,91.04,22.22,14.96,24.41,16.43,42.31,40.67
2959,2014-03-12,600519,161.08,158.53,163.6,155.78,36764,582653264.0,4.82,-2.25,-3.65,0.35,158.53,163.6,155.78,95.28,22.22,14.96,23.32,15.7,36.03,39.22
2960,2014-03-13,600519,157.6,164.87,165.1,157.11,42638,695571568.0,5.04,4.0,6.34,0.41,164.87,165.1,157.11,100.9,23.72,14.74,23.51,14.61,30.89,39.35
2961,2014-03-14,600519,164.06,163.87,166.0,161.8,24934,407076144.0,2.55,-0.61,-1.0,0.24,163.87,166.0,161.8,99.63,24.62,12.57,24.71,12.62,27.73,39.0
2962,2014-03-17,600519,165.0,166.47,166.66,162.01,32199,529609728.0,2.84,1.59,2.6,0.31,166.47,166.66,162.01,96.88,25.28,7.96,26.09,8.22,28.6,40.14
2963,2014-03-18,600519,168.3,171.32,176.2,168.3,59474,1030329360.0,4.75,2.91,4.85,0.57,171.32,176.2,168.3,100.68,34.82,6.01,34.58,5.97,36.25,42.01
2964,2014-03-19,600519,169.9,174.37,175.0,169.0,35366,613576544.0,3.5,1.78,3.05,0.34,174.37,175.0,169.0,100.91,34.01,6.01,33.7,5.96,44.65,43.48
2965,2014-03-20,600519,174.3,169.18,174.5,169.0,33895,579777920.0,3.15,-2.98,-5.19,0.33,169.18,174.5,169.0,100.56,29.0,6.01,28.84,5.98,52.34,44.19
2966,2014-03-21,600519,168.44,171.4,171.98,165.5,40319,680945760.0,3.83,1.31,2.22,0.39,171.4,171.98,165.5,100.38,24.81,9.51,24.72,9.47,55.88,43.38
2967,2014-03-24,600519,171.0,171.29,175.73,169.9,26321,453477904.0,3.4,-0.06,-0.11,0.25,171.29,175.73,169.9,98.92,24.26,9.51,24.52,9.61,57.76,42.74
2968,2014-03-25,600519,168.4,166.81,168.4,155.59,62404,1024298848.0,7.48,-2.62,-4.48,0.6,166.81,168.4,155.59,106.63,23.56,23.82,22.1,22.34,49.17,38.88
2969,2014-03-26,600519,165.1,158.49,166.11,158.36,57376,927285408.0,4.65,-4.99,-8.32,0.55,158.49,166.11,158.36,109.78,21.25,23.82,19.36,21.7,38.36,37.3
2970,2014-03-27,600519,157.66,157.66,160.8,156.4,38045,603835728.0,2.78,-0.52,-0.83,0.37,157.66,160.8,156.4,107.02,16.35,25.78,15.28,24.09,30.43,37.54
2971,2014-03-28,600519,157.82,152.64,158.99,151.01,48273,740132768.0,5.06,-3.18,-5.02,0.46,152.64,158.99,151.01,103.23,16.35,25.16,15.84,24.37,23.02,37.68
2972,2014-03-31,600519,152.01,154.7,157.38,152.0,30584,473939136.0,3.52,1.35,2.06,0.29,154.7,157.38,152.0,100.11,16.35,25.16,16.33,25.13,19.13,37.5
2973,2014-04-01,600519,154.71,162.49,162.55,154.4,34047,544622704.0,5.27,5.04,7.79,0.33,162.49,162.55,154.4,100.44,21.52,25.16,21.43,25.05,13.15,35.45
2974,2014-04-02,600519,162.74,165.64,169.66,161.03,46698,777378720.0,5.31,1.94,3.15,0.45,165.64,169.66,161.03,101.08,27.13,25.16,26.84,24.89,13.68,31.42
2975,2014-04-03,600519,167.56,165.31,167.69,163.5,26918,444348448.0,2.53,-0.2,-0.33,0.26,165.31,167.69,163.5,101.07,26.23,25.16,25.95,24.89,13.08,25.72
2976,2014-04-04,600519,164.65,164.06,165.3,161.0,23207,377896960.0,2.6,-0.76,-1.25,0.22,164.06,165.3,161.0,100.73,25.57,27.66,25.38,27.46,10.0,20.22
2977,2014-04-08,600519,163.92,164.54,165.42,161.01,25927,423934496.0,2.69,0.29,0.48,0.25,164.54,165.42,161.01,95.41,16.15,27.66,16.93,28.99,10.85,16.93
2978,2014-04-09,600519,165.02,163.35,166.63,162.13,21619,354031808.0,2.73,-0.72,-1.19,0.21,163.35,166.63,162.13,93.91,17.36,27.66,18.49,29.45,11.12,15.12
2979,2014-04-10,600519,163.27,169.51,171.02,159.5,54178,897611264.0,7.05,3.77,6.16,0.52,169.51,171.02,159.5,99.93,21.75,27.66,21.77,27.68,11.81,12.48
2980,2014-04-11,600519,172.0,176.08,179.6,172.0,90226,1593651872.0,4.48,3.88,6.57,0.87,176.08,179.6,172.0,103.54,30.33,24.16,29.29,23.33,13.07,13.38
2981,2014-04-14,600519,174.7,174.36,177.31,173.0,26824,469646912.0,2.45,-0.98,-1.72,0.26,174.36,177.31,173.0,102.02,26.58,24.16,26.05,23.68,13.52,13.3
2982,2014-04-15,600519,173.2,174.49,175.87,173.2,25880,452432800.0,1.53,0.07,0.13,0.25,174.49,175.87,173.2,88.99,26.58,9.85,29.87,11.07,20.52,15.26
2983,2014-04-16,600519,173.7,171.02,174.56,170.19,22041,379301952.0,2.5,-1.99,-3.47,0.21,171.02,174.56,170.19,84.91,26.58,12.86,31.3,15.15,21.94,16.39
2984,2014-04-17,600519,170.8,175.2,176.0,170.21,29744,517914688.0,3.39,2.44,4.18,0.29,175.2,176.0,170.21,86.3,28.02,10.9,32.47,12.63,25.46,18.29
2985,2014-04-18,600519,175.0,175.31,177.77,173.3,19601,344825520.0,2.55,0.06,0.11,0.19,175.31,177.77,173.3,82.79,29.79,5.51,35.98,6.66,34.93,23.37
2986,2014-04-21,600519,174.01,172.05,175.98,172.0,18334,318935968.0,2.27,-1.86,-3.26,0.18,172.05,175.98,172.0,81.39,29.79,6.81,36.6,8.37,43.51,28.29
2987,2014-04-22,600519,172.0,172.13,175.13,171.52,22345,387206384.0,2.1,0.05,0.08,0.22,172.13,175.13,171.52,76.85,24.62,7.29,32.04,9.49,51.76,32.64
2988,2014-04-23,600519,172.08,176.06,176.49,172.03,33756,592119536.0,2.59,2.28,3.93,0.33,176.06,176.49,172.03,72.68,18.87,7.29,25.96,10.03,51.49,36.0
2989,2014-04-24,600519,176.15,175.76,176.71,173.7,12581,220213004.0,1.71,-0.17,-0.3,0.12,175.76,176.71,173.7,71.5,19.09,7.29,26.7,10.2,53.14,37.54
2990,2014-04-25,600519,167.98,164.69,168.0,161.79,95877,1581409280.0,3.53,-6.3,-11.07,0.92,164.69,168.0,161.79,81.16,19.09,16.7,23.52,20.58,46.93,36.19
2991,2014-04-28,600519,162.08,162.79,164.56,159.81,33029,535511088.0,2.88,-1.15,-1.9,0.32,162.79,164.56,159.81,81.63,18.97,18.68,23.24,22.88,35.59,35.26
2992,2014-04-29,600519,162.8,163.59,165.48,162.47,27996,459181200.0,1.85,0.49,0.8,0.27,163.59,165.48,162.47,80.14,18.68,18.68,23.31,23.31,25.13,34.32
2993,2014-04-30,600519,163.95,163.88,164.29,162.53,19221,314017280.0,1.08,0.18,0.29,0.19,163.88,164.29,162.53,70.38,14.29,18.68,20.3,26.54,18.29,35.03
2994,2014-05-05,600519,163.5,160.25,163.5,157.08,36743,585326688.0,3.92,-2.22,-3.63,0.35,160.25,163.5,157.08,67.09,5.71,24.13,8.51,35.97,21.2,36.35
2995,2014-05-06,600519,160.0,160.79,162.7,160.0,13623,219512505.0,1.68,0.34,0.54,0.13,160.79,162.7,160.0,65.48,5.71,24.13,8.72,36.85,24.04,38.59
2996,2014-05-07,600519,161.61,160.66,161.61,159.6,11961,192090276.0,1.25,-0.08,-0.13,0.12,160.66,161.61,159.6,64.82,5.71,24.53,8.81,37.84,33.3,40.11
2997,2014-05-08,600519,160.8,160.67,162.49,160.42,14698,237490046.0,1.29,0.01,0.01,0.14,160.67,162.49,160.42,62.52,6.59,21.52,10.54,34.42,42.02,38.81
2998,2014-05-09,600519,160.66,160.62,162.3,160.3,16721,269803728.0,1.24,-0.03,-0.05,0.16,160.62,162.3,160.3,58.73,5.15,21.64,8.77,36.85,52.28,38.7
2999,2014-05-12,600519,162.29,160.91,162.3,159.5,26195,420667488.0,1.74,0.18,0.29,0.25,160.91,162.3,159.5,57.06,3.38,22.44,5.92,39.33,62.36,40.33
3000,2014-05-13,600519,160.77,160.74,161.61,159.56,15939,256197646.0,1.27,-0.11,-0.17,0.15,160.74,161.61,159.56,55.13,3.38,21.14,6.13,38.35,64.15,42.68
3001,2014-05-14,600519,159.99,155.27,160.93,154.01,34017,534826240.0,4.31,-3.4,-5.47,0.33,155.27,160.93,154.01,58.44,3.38,26.21,5.78,44.85,66.72,45.38
3002,2014-05-15,600519,154.98,156.15,157.08,154.5,16983,264995351.0,1.66,0.57,0.88,0.16,156.15,157.08,154.5,56.56,2.02,26.21,3.57,46.34,70.63,51.96
3003,2014-05-16,600519,156.15,155.16,157.1,154.67,18467,286938912.0,1.56,-0.63,-0.99,0.18,155.16,157.1,154.67,55.98,1.82,26.21,3.25,46.82,76.28,59.15
3004,2014-05-19,600519,152.5,147.98,153.0,147.94,56250,838456336.0,3.26,-4.63,-7.18,0.54,147.98,153.0,147.94,49.23,1.82,21.03,3.7,42.72,80.03,66.15
3005,2014-05-20,600519,148.1,144.98,149.44,143.6,46886,682615744.0,3.95,-2.03,-3.0,0.45,144.98,149.44,143.6,50.19,1.82,23.39,3.63,46.6,81.99,72.17
3006,2014-05-21,600519,144.1,151.0,151.66,143.95,38738,575063792.0,5.32,4.15,6.02,0.37,151.0,151.66,143.95,54.89,3.12,23.39,5.68,42.61,82.66,73.4
3007,2014-05-22,600519,150.9,150.05,153.6,149.65,18679,281907872.0,2.62,-0.63,-0.95,0.18,150.05,153.6,149.65,57.08,5.06,23.39,8.86,40.98,80.54,73.63
3008,2014-05-23,600519,150.0,152.3,152.78,149.98,14010,212338047.0,1.87,1.5,2.25,0.13,152.3,152.78,149.98,53.08,5.06,17.94,9.53,33.8,75.59,73.11
3009,2014-05-26,600519,154.9,153.57,154.9,152.85,8911,137024228.0,1.35,0.83,1.27,0.09,153.57,154.9,152.85,52.98,7.18,17.94,13.55,33.86,68.23,72.25
3010,2014-05-27,600519,153.0,153.2,155.75,152.86,13035,201097681.0,1.88,-0.24,-0.37,0.13,153.2,155.75,152.86,53.86,8.03,17.54,14.91,32.57,60.41,70.22
3011,2014-05-28,600519,152.89,153.94,155.0,152.8,12502,192903907.0,1.44,0.48,0.74,0.12,153.94,155.0,152.8,53.99,7.15,17.6,13.24,32.6,53.19,67.59
3012,2014-05-29,600519,153.73,154.29,155.93,153.46,10107,156525431.0,1.6,0.23,0.35,0.1,154.29,155.93,153.46,54.46,8.08,17.48,14.84,32.1,46.58,64.62
3013,2014-05-30,600519,154.25,153.22,155.28,153.02,9218,141927539.0,1.46,-0.69,-1.07,0.09,153.22,155.28,153.02,53.92,8.08,17.12,14.99,31.75,41.82,61.18
3014,2014-06-03,600519,153.0,152.77,154.5,152.25,13048,199563914.0,1.47,-0.29,-0.45,0.13,152.77,154.5,152.25,54.12,8.08,17.89,14.93,33.06,38.78,57.18
3015,2014-06-04,600519,152.99,151.15,153.38,150.02,10494,158991999.0,2.2,-1.06,-1.62,0.1,151.15,153.38,150.02,50.56,8.08,14.57,15.98,28.82,36.42,52.32
3016,2014-06-05,600519,151.12,154.77,155.0,149.33,20679,314507728.0,3.75,2.39,3.62,0.2,154.77,155.0,149.33,53.65,9.7,14.57,18.08,27.16,33.56,46.99
3017,2014-06-06,600519,154.68,153.59,155.65,152.29,9477,145936330.0,2.17,-0.76,-1.18,0.09,153.59,155.65,152.29,54.58,10.33,14.57,18.93,26.69,29.36,41.28
3018,2014-06-09,600519,152.3,153.23,154.4,152.3,10035,154198989.0,1.37,-0.23,-0.36,0.1,153.23,154.4,152.3,49.46,10.33,7.84,20.89,15.85,25.52,36.05
3019,2014-06-10,600519,153.25,154.8,155.29,153.25,19306,298186720.0,1.33,1.02,1.57,0.19,154.8,155.29,153.25,45.68,11.22,3.5,24.56,7.66,28.28,35.05
3020,2014-06-11,600519,154.75,153.94,155.38,153.21,10781,166086241.0,1.4,-0.56,-0.86,0.1,153.94,155.38,153.21,40.14,9.09,3.5,22.65,8.72,29.38,34.08
3021,2014-06-12,600519,154.07,152.63,154.07,152.12,11500,175855795.0,1.27,-0.85,-1.31,0.11,152.63,154.07,152.12,38.14,7.15,4.59,18.75,12.03,28.24,32.33
3022,2014-06-13,600519,152.69,152.81,153.83,151.16,16970,259337717.0,1.75,0.12,0.18,0.16,152.81,153.83,151.16,38.01,7.15,5.55,18.81,14.6,27.0,30.28
3023,2014-06-16,600519,152.9,154.42,154.78,152.4,16238,249568876.0,1.56,1.05,1.61,0.16,154.42,154.78,152.4,37.79,5.98,5.55,15.82,14.69,24.78,27.07
3024,2014-06-17,600519,154.3,153.19,154.3,152.2,16365,250297887.0,1.36,-0.8,-1.23,0.16,153.19,154.3,152.2,37.12,5.13,5.75,13.82,15.49,23.45,24.48
3025,2014-06-18,600519,153.8,153.58,154.45,153.4,14025,215965707.0,0.69,0.25,0.39,0.14,153.58,154.45,153.4,36.18,5.28,5.69,14.59,15.73,15.33,21.8
3026,2014-06-19,600519,153.56,152.73,154.2,152.5,11551,176868338.0,1.11,-0.55,-0.85,0.11,152.73,154.2,152.5,35.41,4.35,6.59,12.28,18.61,11.34,20.36
3027,2014-06-20,600519,152.7,153.18,153.6,152.32,12019,183993516.0,0.84,0.29,0.45,0.12,153.18,153.6,152.32,34.43,4.35,6.33,12.63,18.39,10.8,19.52
3028,2014-06-23,600519,153.5,156.31,156.38,153.36,28984,449611776.0,1.97,2.04,3.13,0.28,156.31,156.38,153.36,35.38,7.13,5.56,20.15,15.72,10.76,18.88
3029,2014-06-24,600519,156.62,163.57,163.8,156.55,38533,621636112.0,4.64,4.64,7.26,0.37,163.57,163.8,156.55,39.51,14.55,3.33,36.83,8.43,20.6,22.69
3030,2014-06-25,600519,145.33,142.23,145.33,141.5,38171,546556384.0,2.34,-13.05,-21.34,0.33,142.23,145.33,141.5,55.91,12.93,18.38,23.13,32.87,22.55,23.0
3031,2014-06-26,600519,142.23,141.64,142.98,141.41,36349,515915136.0,1.1,-0.41,-0.59,0.32,141.64,142.98,141.41,54.12,12.28,18.47,22.69,34.13,25.28,20.3
3032,2014-06-27,600519,141.42,140.38,141.42,139.22,26478,371027136.0,1.55,-0.89,-1.26,0.23,140.38,141.42,139.22,54.44,12.28,20.66,22.56,37.95,26.11,18.72
3033,2014-06-30,600519,141.18,141.98,142.89,140.4,24400,345879984.0,1.77,1.14,1.6,0.21,141.98,142.89,140.4,54.89,12.86,20.66,23.43,37.64,26.9,18.85
3034,2014-07-01,600519,142.59,141.77,142.59,140.8,11947,168987424.0,1.26,-0.15,-0.21,0.1,141.77,142.59,140.8,54.51,12.77,20.66,23.43,37.9,28.77,19.76
3035,2014-07-02,600519,142.03,142.08,142.35,141.0,12068,171127803.0,0.95,0.22,0.31,0.11,142.08,142.35,141.0,53.91,12.77,19.57,23.69,36.3,21.81,21.2
3036,2014-07-03,600519,142.21,143.26,143.4,141.4,19332,275808352.0,1.41,0.83,1.18,0.17,143.26,143.4,141.4,53.24,13.82,18.61,25.96,34.95,21.37,21.96
3037,2014-07-04,600519,143.4,143.32,144.18,142.72,15403,220860905.0,1.02,0.04,0.06,0.13,143.32,144.18,142.72,52.32,13.65,18.61,26.09,35.57,20.58,22.93
3038,2014-07-07,600519,142.8,144.16,144.28,142.21,22880,327900736.0,1.44,0.59,0.84,0.2,144.16,144.28,142.21,52.17,13.65,18.92,26.16,36.27,19.04,22.57
3039,2014-07-08,600519,144.1,142.18,144.17,141.02,21092,299615520.0,2.19,-1.37,-1.98,0.18,142.18,144.17,141.02,54.06,13.5,20.11,24.97,37.2,18.44,22.67
3040,2014-07-09,600519,142.0,141.24,142.87,141.02,14329,203120918.0,1.3,-0.66,-0.94,0.13,141.24,142.87,141.02,54.21,13.5,19.21,24.9,35.44,17.41,23.09
3041,2014-07-10,600519,141.12,141.04,141.83,140.6,12160,171762392.0,0.87,-0.14,-0.2,0.11,141.04,141.83,140.6,54.16,13.5,19.45,24.93,35.91,16.92,19.37
3042,2014-07-11,600519,141.47,141.87,143.09,141.12,18433,262292694.0,1.4,0.59,0.83,0.16,141.87,143.09,141.12,53.01,11.98,19.45,22.6,36.69,18.42,19.9
3043,2014-07-14,600519,141.87,149.77,150.89,141.5,46535,684819808.0,6.62,5.57,7.9,0.41,149.77,150.89,141.5,54.91,12.36,19.45,22.51,35.42,19.57,20.08
3044,2014-07-15,600519,149.11,153.81,158.0,149.11,58788,913284352.0,5.94,2.7,4.04,0.51,153.81,158.0,149.11,41.73,19.47,4.4,46.66,10.54,27.4,23.22
3045,2014-07-16,600519,153.85,154.57,156.78,153.85,24459,379071456.0,1.9,0.49,0.76,0.21,154.57,156.78,153.85,43.13,19.47,4.31,45.14,9.99,34.74,26.59
3046,2014-07-17,600519,154.09,153.75,155.55,152.0,20191,309501856.0,2.3,-0.53,-0.82,0.18,153.75,155.55,152.0,44.26,19.47,3.97,43.99,8.97,42.85,30.13
3047,2014-07-18,600519,153.59,160.98,165.0,152.7,74897,1200093424.0,8.0,4.7,7.23,0.66,160.98,165.0,152.7,54.05,27.45,3.97,50.79,7.35,52.3,34.61
3048,2014-07-21,600519,160.39,160.98,162.88,158.59,30143,485174688.0,2.66,0.0,0.0,0.26,160.98,162.88,158.59,56.55,27.45,3.97,48.54,7.02,60.79,39.61
3049,2014-07-22,600519,159.6,163.2,164.0,159.6,29821,483906544.0,2.73,1.38,2.22,0.26,163.2,164.0,159.6,59.6,28.57,3.97,47.94,6.66,69.68,44.62
3050,2014-07-23,600519,162.0,163.89,165.0,161.6,27836,455655824.0,2.08,0.42,0.69,0.24,163.89,165.0,161.6,61.0,28.52,3.97,46.75,6.51,71.75,49.57
3051,2014-07-24,600519,163.76,163.53,169.1,162.3,35682,595593136.0,4.15,-0.22,-0.36,0.31,163.53,169.1,162.3,66.34,31.84,3.97,48.0,5.98,74.1,54.42
3052,2014-07-25,600519,164.0,163.88,166.05,161.06,27834,454235008.0,3.05,0.21,0.35,0.24,163.88,166.05,161.06,69.26,31.84,4.7,45.97,6.79,75.45,59.15
3053,2014-07-28,600519,164.23,164.25,167.99,162.92,42969,706875696.0,3.09,0.23,0.37,0.38,164.25,167.99,162.92,71.18,33.78,3.51,47.46,4.93,76.53,64.41
3054,2014-07-29,600519,164.3,161.06,164.3,160.26,36017,580708800.0,2.46,-1.94,-3.19,0.32,161.06,164.3,160.26,73.37,33.78,6.17,46.04,8.41,75.59,68.19
3055,2014-07-30,600519,160.74,158.51,160.74,156.5,54876,865210176.0,2.63,-1.58,-2.55,0.48,158.51,160.74,156.5,76.7,33.78,9.51,44.04,12.4,72.34,71.01
3056,2014-07-31,600519,158.29,160.27,160.38,156.96,25206,400860672.0,2.16,1.11,1.76,0.22,160.27,160.38,156.96,78.07,32.52,9.51,41.65,12.18,68.87,70.31
3057,2014-08-01,600519,160.17,162.98,164.3,159.62,43260,704961968.0,2.92,1.69,2.71,0.38,162.98,164.3,159.62,73.36,28.64,9.51,39.04,12.96,64.25,69.17
3058,2014-08-04,600519,163.0,164.4,165.62,162.29,38848,637175456.0,2.04,0.87,1.42,0.34,164.4,165.62,162.29,67.8,22.85,9.51,33.7,14.03,58.74,67.1
3059,2014-08-05,600519,164.0,166.25,166.66,161.67,38358,627210400.0,3.04,1.13,1.85,0.34,166.25,166.66,161.67,69.82,23.89,9.51,34.22,13.62,52.39,64.46
3060,2014-08-06,600519,164.8,163.32,165.78,162.0,20317,332041712.0,2.27,-1.76,-2.93,0.18,163.32,165.78,162.0,70.52,23.89,7.66,33.88,10.86,49.45,62.52
3061,2014-08-07,600519,163.1,160.6,164.39,160.5,25396,411237184.0,2.38,-1.67,-2.72,0.22,160.6,164.39,160.5,62.11,14.44,9.16,23.25,14.75,43.83,58.08
3062,2014-08-08,600519,161.96,162.14,163.33,159.8,23819,384676144.0,2.2,0.96,1.54,0.21,162.14,163.33,159.8,61.35,14.44,9.86,23.54,16.07,37.85,53.36
3063,2014-08-11,600519,162.48,163.07,163.2,161.51,20071,326555328.0,1.04,0.57,0.93,0.18,163.07,163.2,161.51,58.64,13.32,9.86,22.71,16.81,31.98,48.12
3064,2014-08-12,600519,161.81,162.04,162.75,160.15,19604,316255856.0,1.59,-0.63,-1.03,0.17,162.04,162.75,160.15,58.16,12.32,11.22,21.18,19.29,25.89,42.32
3065,2014-08-13,600519,162.04,162.49,164.78,160.8,34454,560675712.0,2.46,0.28,0.45,0.3,162.49,164.78,160.8,55.34,10.25,11.22,18.52,20.27,19.46,35.93
3066,2014-08-14,600519,162.02,161.46,163.44,161.28,22959,373085472.0,1.33,-0.63,-1.03,0.2,161.46,163.44,161.28,52.51,10.25,9.98,19.52,19.01,11.11,30.28
3067,2014-08-15,600519,162.2,161.54,162.49,161.13,21803,352476096.0,0.84,0.05,0.08,0.19,161.54,162.49,161.13,48.8,8.31,10.13,17.03,20.76,9.03,26.43
3068,2014-08-18,600519,162.0,159.75,162.3,159.1,41698,667452064.0,1.98,-1.11,-1.79,0.37,159.75,162.3,159.1,47.96,8.31,9.5,17.33,19.81,7.0,22.42
3069,2014-08-19,600519,159.75,158.68,159.75,158.45,32096,509709616.0,0.81,-0.67,-1.07,0.28,158.68,159.75,158.45,44.7,8.31,6.39,18.59,14.3,6.69,19.33
3070,2014-08-20,600519,158.74,162.0,162.06,158.5,37085,596509536.0,2.24,2.09,3.32,0.32,162.0,162.06,158.5,44.84,10.62,6.39,23.68,14.25,10.06,17.97
3071,2014-08-21,600519,162.0,159.97,162.32,159.0,18873,301791008.0,2.05,-1.25,-2.03,0.17,159.97,162.32,159.0,43.48,6.96,6.39,16.01,14.7,10.01,14.74
3072,2014-08-22,600519,160.0,159.27,160.39,158.75,18637,297023440.0,1.03,-0.44,-0.7,0.16,159.27,160.39,158.75,41.79,5.64,6.64,13.5,15.89,11.15,11.13
3073,2014-08-25,600519,159.27,158.75,160.15,158.3,15377,244745466.0,1.16,-0.33,-0.52,0.13,158.75,160.15,158.3,38.65,4.6,7.09,11.9,18.34,13.05,11.04
3074,2014-08-26,600519,158.5,157.72,159.42,156.96,16590,261850709.0,1.55,-0.65,-1.03,0.15,157.72,159.42,156.96,36.86,4.6,8.43,12.48,22.87,16.84,11.92
3075,2014-08-27,600519,157.72,156.37,157.78,156.18,13829,216703370.0,1.01,-0.86,-1.35,0.12,156.37,157.78,156.18,34.57,4.6,7.71,13.31,22.3,18.87,12.78
3076,2014-08-28,600519,156.0,156.02,158.36,156.0,17618,276811136.0,1.51,-0.22,-0.35,0.15,156.02,158.36,156.0,33.4,5.18,7.01,15.51,20.99,17.23,13.64
3077,2014-08-29,600519,156.0,158.23,158.59,155.0,23839,375517440.0,2.3,1.42,2.21,0.21,158.23,158.59,155.0,35.3,5.18,8.01,14.67,22.69,20.09,15.05
3078,2014-09-01,600519,158.2,158.45,159.5,157.71,16450,260760134.0,1.13,0.14,0.22,0.14,158.45,159.5,157.71,34.17,6.09,6.65,17.82,19.46,19.47,15.31
3079,2014-09-02,600519,158.81,162.56,162.64,158.03,41246,664712704.0,2.91,2.59,4.11,0.36,162.56,162.64,158.03,34.8,7.2,6.65,20.69,19.11,16.58,14.82
3080,2014-09-03,600519,162.58,164.82,167.42,162.56,42042,695551840.0,2.99,1.39,2.26,0.37,164.82,167.42,162.56,37.5,11.98,6.65,31.95,17.73,16.45,16.65
3081,2014-09-04,600519,164.7,165.06,165.94,163.68,23976,395280320.0,1.37,0.15,0.24,0.21,165.06,165.94,163.68,38.4,11.98,6.5,31.2,16.93,17.18,18.03
3082,2014-09-05,600519,165.7,167.51,168.16,165.21,34732,579714720.0,1.79,1.48,2.45,0.3,167.51,168.16,165.21,38.3,14.2,4.47,37.08,11.67,23.37,20.3
3083,2014-09-09,600519,167.65,164.08,167.97,164.0,20563,339388096.0,2.37,-2.05,-3.43,0.18,164.08,167.97,164.0,40.97,14.2,5.03,34.66,12.28,27.74,23.92
3084,2014-09-10,600519,163.7,163.91,165.0,163.01,17868,293245984.0,1.21,-0.1,-0.17,0.16,163.91,165.0,163.01,39.4,11.89,6.02,30.18,15.28,32.47,25.97
3085,2014-09-11,600519,163.87,161.98,164.82,161.48,31876,519406672.0,2.04,-1.18,-1.93,0.28,161.98,164.82,161.48,39.42,11.63,7.55,29.5,19.15,35.35,25.97
3086,2014-09-12,600519,161.49,162.45,162.65,160.32,17356,280548672.0,1.44,0.29,0.47,0.15,162.45,162.65,160.32,40.11,11.63,8.46,29.0,21.09,33.21,24.83
3087,2014-09-15,600519,161.9,159.41,161.91,158.8,32544,519621408.0,1.91,-1.87,-3.04,0.28,159.41,161.91,158.8,41.91,11.63,9.53,27.75,22.74,29.93,23.55
3088,2014-09-16,600519,160.5,157.46,160.6,157.02,34823,551314384.0,2.25,-1.22,-1.95,0.3,157.46,160.6,157.02,43.03,11.63,9.97,27.03,23.17,22.52,22.94
3089,2014-09-17,600519,158.47,158.23,159.54,157.34,25841,408684992.0,1.4,0.49,0.77,0.23,158.23,159.54,157.34,43.63,11.63,9.19,26.66,21.06,16.53,22.13
3090,2014-09-18,600519,158.02,159.25,159.38,157.08,26482,418431984.0,1.45,0.64,1.02,0.23,159.25,159.38,157.08,43.57,11.05,9.45,25.36,21.69,12.36,22.42
3091,2014-09-19,600519,159.25,160.85,160.98,158.5,22666,362408976.0,1.56,1.0,1.6,0.2,160.85,160.98,158.5,42.46,12.65,8.45,29.79,19.9,12.14,23.74
3092,2014-09-22,600519,160.71,156.94,160.71,156.84,37192,586709104.0,2.41,-2.43,-3.91,0.33,156.94,160.71,156.84,44.68,11.74,10.11,26.28,22.63,10.75,21.98
3093,2014-09-23,600519,156.7,157.48,157.5,156.36,34546,541705824.0,0.73,0.34,0.54,0.3,157.48,157.5,156.36,41.21,8.6,10.59,20.87,25.7,10.82,20.37
3094,2014-09-24,600519,156.49,160.19,160.5,155.6,43449,687426592.0,3.11,1.72,2.71,0.38,160.19,160.5,155.6,41.25,6.82,10.59,16.53,25.67,13.15,17.84
3095,2014-09-25,600519,160.92,162.19,163.98,160.9,56851,924878320.0,1.92,1.25,2.0,0.5,162.19,163.98,160.9,42.78,10.3,10.59,24.08,24.75,11.43,13.98
3096,2014-09-26,600519,161.5,162.31,163.12,159.2,22717,366907280.0,2.42,0.07,0.12,0.2,162.31,163.12,159.2,43.6,8.08,12.29,18.53,28.19,13.57,12.97
3097,2014-09-29,600519,162.33,162.47,163.2,161.39,23489,381683088.0,1.12,0.1,0.16,0.21,162.47,163.2,161.39,41.44,8.16,11.08,19.69,26.74,12.79,12.46
3098,2014-09-30,600519,162.74,162.13,162.99,161.2,21574,349657792.0,1.1,-0.21,-0.34,0.19,162.13,162.99,161.2,41.24,8.16,10.28,19.79,24.93,13.46,12.1
3099,2014-10-08,600519,161.0,160.73,161.1,157.8,45653,725030224.0,2.04,-0.86,-1.4,0.4,160.73,161.1,157.8,42.23,8.16,12.15,19.32,28.77,15.0,12.91
3100,2014-10-09,600519,159.87,160.01,160.25,158.58,36245,578151792.0,1.04,-0.45,-0.72,0.32,160.01,160.25,158.58,42.05,8.16,10.99,19.41,26.14,13.86,13.51
3101,2014-10-10,600519,159.02,159.02,159.8,157.7,43148,684789408.0,1.31,-0.62,-0.99,0.38,159.02,159.8,157.7,40.71,8.16,10.35,20.04,25.42,15.6,13.51
3102,2014-10-13,600519,157.81,156.1,157.88,153.68,53176,826349744.0,2.64,-1.84,-2.92,0.47,156.1,157.88,153.68,42.47,8.16,12.59,19.21,29.64,15.71,14.64
3103,2014-10-14,600519,155.0,154.91,156.99,154.44,28896,449942592.0,1.63,-0.76,-1.19,0.25,154.91,156.99,154.44,42.82,8.16,12.59,19.06,29.4,16.74,14.76
3104,2014-10-15,600519,154.75,157.32,157.58,154.71,22238,348033856.0,1.85,1.56,2.41,0.19,157.32,157.58,154.71,43.39,8.75,12.33,20.17,28.42,17.66,15.56
3105,2014-10-16,600519,156.1,157.32,158.19,156.1,23950,377655664.0,1.33,0.0,0.0,0.21,157.32,158.19,156.1,43.0,7.76,12.33,18.05,28.67,18.17,16.59
3106,2014-10-17,600519,158.0,158.38,159.05,156.9,30977,489885680.0,1.37,0.67,1.06,0.27,158.38,159.05,156.9,41.14,8.62,10.67,20.95,25.94,17.48,15.67
3107,2014-10-20,600519,158.38,156.92,158.5,156.4,32910,517853728.0,1.33,-0.92,-1.46,0.29,156.92,158.5,156.4,42.1,8.62,10.69,20.48,25.39,17.3,16.45
3108,2014-10-21,600519,157.0,158.46,159.34,156.6,39911,632422368.0,1.75,0.98,1.54,0.35,158.46,159.34,156.6,39.94,6.46,10.69,16.17,26.77,17.85,16.78
3109,2014-10-22,600519,158.44,159.08,159.46,157.5,22836,363211440.0,1.24,0.39,0.62,0.2,159.08,159.46,157.5,38.11,3.1,10.69,8.13,28.05,23.46,20.1
3110,2014-10-23,600519,158.57,159.05,160.28,157.89,31917,508245984.0,1.5,-0.02,-0.03,0.28,159.05,160.28,157.89,36.58,3.92,8.99,10.72,24.58,27.18,22.42
3111,2014-10-24,600519,158.95,158.88,159.89,157.69,19980,317073600.0,1.38,-0.11,-0.17,0.17,158.88,159.89,157.69,36.97,3.84,9.19,10.39,24.86,30.23,24.2
3112,2014-10-27,600519,156.97,157.5,159.1,154.89,27971,439570896.0,2.65,-0.87,-1.38,0.24,157.5,159.1,154.89,39.39,3.84,11.8,9.75,29.96,36.94,27.21
3113,2014-10-28,600519,157.32,158.74,159.1,157.18,20548,325762192.0,1.22,0.79,1.24,0.18,158.74,159.1,157.18,36.98,3.84,8.4,10.38,22.71,41.36,29.33
3114,2014-10-29,600519,158.8,158.3,159.56,157.48,21423,339064784.0,1.31,-0.28,-0.44,0.19,158.3,159.56,157.48,36.91,4.3,8.4,11.65,22.76,42.63,30.24
3115,2014-10-30,600519,158.0,155.42,158.0,155.1,49087,764742336.0,1.83,-1.82,-2.88,0.43,155.42,158.0,155.1,37.8,4.3,9.9,11.38,26.19,40.03,31.75
3116,2014-10-31,600519,155.47,156.68,156.9,154.35,36422,567067440.0,1.64,0.81,1.26,0.32,156.68,156.9,154.35,35.01,4.3,6.63,12.28,18.94,37.04,32.11
3117,2014-11-03,600519,156.75,155.58,156.88,155.45,24670,384677504.0,0.91,-0.7,-1.1,0.22,155.58,156.88,155.45,33.89,4.3,6.63,12.69,19.56,33.75,31.99
3118,2014-11-04,600519,155.49,151.39,155.49,151.0,55944,854409056.0,2.89,-2.69,-4.19,0.49,151.39,155.49,151.0,35.6,3.71,11.08,10.42,31.12,33.57,35.26
3119,2014-11-05,600519,151.05,146.15,151.05,145.5,76720,1131348480.0,3.67,-3.46,-5.24,0.67,146.15,151.05,145.5,39.4,3.1,16.58,7.87,42.08,38.78,40.07
3120,2014-11-06,600519,146.15,147.15,147.49,146.01,36363,533913216.0,1.01,0.68,1.0,0.32,147.15,147.49,146.01,38.73,2.24,16.58,5.78,42.81,46.1,44.37
3121,2014-11-07,600519,147.17,148.04,148.3,147.11,41507,613638080.0,0.81,0.6,0.89,0.36,148.04,148.3,147.11,37.82,3.05,16.08,8.06,42.52,50.88,45.46
3122,2014-11-10,600519,150.0,153.77,153.78,149.0,62325,945032816.0,3.23,3.87,5.73,0.55,153.77,153.78,149.0,40.82,7.69,16.08,18.84,39.39,53.21,45.12
3123,2014-11-11,600519,154.3,153.35,155.2,152.01,47707,733026112.0,2.07,-0.27,-0.42,0.42,153.35,155.2,152.01,42.05,8.99,16.08,21.38,38.24,54.37,44.06
3124,2014-11-12,600519,152.98,152.89,153.59,150.2,30824,467531856.0,2.21,-0.3,-0.46,0.27,152.89,153.59,150.2,43.05,8.17,17.89,18.98,41.56,52.28,42.93
3125,2014-11-13,600519,152.72,151.58,152.73,149.68,49156,739602880.0,1.99,-0.86,-1.31,0.43,151.58,152.73,149.68,44.06,8.17,18.21,18.54,41.33,47.21,42.99
3126,2014-11-14,600519,151.56,157.29,157.63,150.91,75225,1168803280.0,4.43,3.77,5.71,0.66,157.29,157.63,150.91,46.57,13.07,15.41,28.07,33.09,35.88,40.99
3127,2014-11-17,600519,168.0,160.05,168.0,160.0,150416,2451673888.0,5.09,1.75,2.76,1.32,160.05,168.0,160.0,55.36,23.44,15.41,42.34,27.84,27.97,39.42
3128,2014-11-18,600519,161.0,155.65,161.82,155.0,63498,1001883696.0,4.26,-2.75,-4.4,0.56,155.65,161.82,155.0,60.1,22.98,20.41,38.24,33.96,23.07,38.14
3129,2014-11-19,600519,155.57,153.07,155.65,152.61,46291,710715296.0,1.95,-1.66,-2.58,0.41,153.07,155.65,152.61,59.94,22.98,20.42,38.34,34.07,19.34,36.86
3130,2014-11-20,600519,152.88,150.68,152.92,150.49,46258,698848960.0,1.59,-1.56,-2.39,0.41,150.68,152.92,150.49,59.97,22.98,21.79,38.32,36.33,13.57,32.93
3131,2014-11-21,600519,150.56,153.13,153.2,150.2,41991,638007376.0,1.99,1.63,2.45,0.37,153.13,153.2,150.2,61.54,22.98,22.08,37.34,35.88,7.56,27.38
3132,2014-11-24,600519,153.88,153.95,155.0,152.0,53879,828662512.0,1.96,0.54,0.82,0.47,153.95,155.0,152.0,59.96,24.78,17.63,41.33,29.4,9.0,22.44
3133,2014-11-25,600519,153.42,154.64,154.85,152.8,53231,816840944.0,1.33,0.45,0.69,0.47,154.64,154.85,152.8,56.12,24.78,12.13,44.16,21.61,11.27,19.62
3134,2014-11-26,600519,154.6,155.95,156.36,153.89,63859,990302240.0,1.6,0.85,1.31,0.56,155.95,156.36,153.89,57.11,26.29,12.13,46.03,21.24,16.42,19.75
3135,2014-11-27,600519,155.0,156.68,157.22,154.0,96552,1508603312.0,2.06,0.47,0.73,0.85,156.68,157.22,154.0,59.14,26.34,12.13,44.54,20.51,21.6,20.47
3136,2014-11-28,600519,156.57,155.84,156.57,153.17,88288,1363855088.0,2.17,-0.54,-0.84,0.77,155.84,156.57,153.17,56.91,20.86,12.96,36.65,22.77,25.05,19.31
3137,2014-12-01,600519,156.57,160.06,161.0,156.0,121740,1932844688.0,3.21,2.71,4.22,1.07,160.06,161.0,156.0,58.88,23.87,12.96,40.54,22.01,29.65,18.61
3138,2014-12-02,600519,159.05,161.14,161.2,158.25,99268,1588412352.0,1.84,0.67,1.08,0.87,161.14,161.2,158.25,58.44,24.07,11.15,41.19,19.08,32.96,20.98
3139,2014-12-03,600519,162.44,164.83,168.3,162.36,117323,1936848368.0,3.69,2.29,3.69,1.03,164.83,168.3,162.36,62.39,31.17,10.63,49.96,17.04,35.43,23.35
3140,2014-12-04,600519,166.5,174.13,174.5,166.5,117781,2020248736.0,4.85,5.64,9.3,1.03,174.13,174.5,166.5,65.34,32.47,10.63,49.69,16.27,37.74,27.08
3141,2014-12-05,600519,177.99,170.92,178.96,168.6,112901,1943937520.0,5.95,-1.84,-3.21,0.99,170.92,178.96,168.6,64.99,26.56,10.63,40.87,16.36,38.72,30.16
3142,2014-12-08,600519,168.84,172.97,176.49,167.2,100894,1731248496.0,5.44,1.2,2.05,0.88,172.97,176.49,167.2,67.46,26.56,7.03,39.37,10.42,44.52,34.78
3143,2014-12-09,600519,172.0,172.86,186.62,171.5,151890,2713372288.0,8.74,-0.06,-0.11,1.33,172.86,186.62,171.5,79.54,36.69,4.64,46.13,5.83,52.5,41.08
3144,2014-12-10,600519,175.0,179.92,183.5,175.0,106656,1919193472.0,4.92,4.08,7.06,0.93,179.92,183.5,175.0,87.6,36.69,2.52,41.88,2.88,60.91,46.93
3145,2014-12-11,600519,180.0,175.89,181.94,175.29,54882,975885696.0,3.7,-2.24,-4.03,0.48,175.89,181.94,175.29,91.25,36.69,2.23,40.21,2.44,67.48,51.46
3146,2014-12-12,600519,176.78,176.59,180.99,176.0,51055,911591088.0,2.84,0.4,0.7,0.45,176.59,180.99,176.0,93.35,34.89,2.23,37.38,2.39,73.7,55.72
3147,2014-12-15,600519,176.6,184.04,184.1,175.43,70964,1281924240.0,4.91,4.22,7.45,0.62,184.04,184.1,175.43,99.97,38.0,2.23,38.01,2.23,81.38,60.05
3148,2014-12-16,600519,183.7,180.63,183.7,178.11,51129,918180192.0,3.04,-1.85,-3.41,0.45,180.63,183.7,178.11,103.43,36.49,2.23,35.28,2.16,86.44,65.48
3149,2014-12-17,600519,179.99,179.07,181.45,177.8,60020,1071735184.0,2.02,-0.86,-1.56,0.53,179.07,181.45,177.8,103.86,35.63,2.54,34.31,2.45,87.96,70.23
3150,2014-12-18,600519,179.69,179.34,182.2,179.0,38568,695500784.0,1.79,0.15,0.27,0.34,179.34,182.2,179.0,103.55,36.38,1.71,35.13,1.65,88.61,74.76
3151,2014-12-19,600519,179.06,180.82,181.98,178.0,49631,892730640.0,2.22,0.83,1.48,0.43,180.82,181.98,178.0,102.37,31.95,2.71,31.21,2.65,87.91,77.69
3152,2014-12-22,600519,179.65,184.1,184.29,175.88,73624,1327712480.0,4.65,1.81,3.28,0.64,184.1,184.29,175.88,107.83,34.06,2.71,31.59,2.51,87.45,80.58
3153,2014-12-23,600519,183.78,188.86,193.49,182.01,85651,1611272912.0,6.24,2.59,4.76,0.75,188.86,193.49,182.01,112.15,36.16,2.71,32.24,2.42,86.98,84.18
3154,2014-12-24,600519,188.0,183.06,191.8,180.68,63555,1187206208.0,5.89,-3.07,-5.8,0.56,183.06,191.8,180.68,113.6,29.96,4.04,26.37,3.56,84.94,85.69
3155,2014-12-25,600519,183.15,185.83,186.0,181.01,44072,806958768.0,2.73,1.51,2.77,0.39,185.83,186.0,181.01,108.23,25.5,4.04,23.56,3.73,82.6,85.28
3156,2014-12-26,600519,185.09,187.57,189.0,183.0,42677,793340608.0,3.23,0.94,1.74,0.37,187.57,189.0,183.0,104.94,28.5,2.64,27.16,2.52,81.27,84.94
3157,2014-12-29,600519,188.1,183.48,190.0,182.0,89839,1678243808.0,4.27,-2.18,-4.09,0.79,183.48,190.0,182.0,97.82,18.37,2.64,18.78,2.7,79.69,83.8
3158,2014-12-30,600519,183.0,186.84,187.98,182.48,56171,1043215632.0,3.0,1.83,3.36,0.49,186.84,187.98,182.48,92.68,18.37,2.64,19.82,2.85,77.95,82.7
3159,2014-12-31,600519,185.6,189.62,190.0,185.0,46269,871581696.0,2.68,1.49,2.78,0.41,189.62,190.0,185.0,91.03,20.39,2.64,22.4,2.9,76.46,81.72
3160,2015-01-05,600519,189.62,202.52,204.24,188.69,94515,1875063136.0,8.2,6.8,12.9,0.83,202.52,204.24,188.69,101.48,34.63,2.64,34.12,2.6,78.06,81.5
3161,2015-01-06,600519,200.0,197.83,202.56,196.02,55020,1094977376.0,3.23,-2.32,-4.69,0.48,197.83,202.56,196.02,99.35,31.52,2.64,31.73,2.66,80.04,81.32
3162,2015-01-07,600519,196.04,192.94,199.5,189.99,54798,1063925648.0,4.81,-2.47,-4.89,0.48,192.94,199.5,189.99,102.93,31.52,8.67,30.62,8.42,75.67,78.47
3163,2015-01-08,600519,194.0,191.76,194.52,190.14,40525,777874672.0,2.27,-0.61,-1.18,0.35,191.76,194.52,190.14,103.66,31.52,8.36,30.41,8.06,72.87,76.28
3164,2015-01-09,600519,190.4,190.31,195.77,190.11,53982,1039955152.0,2.95,-0.76,-1.45,0.47,190.31,195.77,190.11,106.12,32.02,8.36,30.17,7.88,70.16,74.06
3165,2015-01-12,600519,190.0,186.43,192.59,184.46,49915,934643408.0,4.27,-2.04,-3.88,0.44,186.43,192.59,184.46,110.27,32.02,13.01,29.04,11.8,64.35,70.4
3166,2015-01-13,600519,187.0,184.88,188.54,184.6,36708,683429632.0,2.11,-0.83,-1.55,0.32,184.88,188.54,184.6,105.8,29.71,13.01,28.08,12.3,56.56,67.31
3167,2015-01-14,600519,185.0,183.18,186.5,180.88,52403,965036192.0,3.04,-0.92,-1.7,0.46,183.18,186.5,180.88,99.94,20.51,16.73,20.52,16.74,44.16,62.1
3168,2015-01-15,600519,183.89,186.07,186.4,182.48,48586,895503104.0,2.14,1.58,2.89,0.43,186.07,186.4,182.48,92.74,20.51,15.4,22.12,16.61,37.06,56.37
3169,2015-01-16,600519,186.2,186.11,188.0,185.98,39978,746304288.0,1.09,0.02,0.04,0.35,186.11,188.0,185.98,89.77,22.11,15.4,24.63,17.15,30.36,51.62
3170,2015-01-19,600519,181.0,175.48,183.2,171.47,64679,1151544272.0,6.3,-5.71,-10.63,0.57,175.48,183.2,171.47,98.41,19.11,29.91,19.42,30.39,24.27,47.22
3171,2015-01-20,600519,176.02,178.08,180.5,173.0,61023,1086018448.0,4.27,1.48,2.6,0.53,178.08,180.5,173.0,97.91,19.11,29.91,19.52,30.55,20.9,42.63
3172,2015-01-21,600519,178.27,182.36,182.9,177.2,52675,950750400.0,3.2,2.4,4.28,0.46,182.36,182.9,177.2,98.11,21.51,29.91,21.92,30.49,17.11,36.84
3173,2015-01-22,600519,182.37,181.23,184.36,180.0,38255,696541248.0,2.39,-0.62,-1.13,0.33,181.23,184.36,180.0,97.47,20.95,29.91,21.49,30.69,18.36,31.26
3174,2015-01-23,600519,180.12,181.02,183.28,180.11,33085,600627344.0,1.75,-0.12,-0.21,0.29,181.02,183.28,180.11,85.09,6.71,29.91,7.89,35.15,26.54,31.8
3175,2015-01-26,600519,181.7,182.8,183.5,181.05,35649,650642096.0,1.35,0.98,1.78,0.31,182.8,183.5,181.05,81.03,6.93,29.91,8.55,36.91,33.96,32.16
3176,2015-01-27,600519,182.82,180.11,182.82,178.0,41884,755025856.0,2.64,-1.47,-2.69,0.37,180.11,182.82,178.0,76.34,6.93,26.93,9.08,35.28,40.13,32.2
3177,2015-01-28,600519,179.0,177.47,180.4,177.3,30681,547979152.0,1.72,-1.47,-2.64,0.27,177.47,180.4,177.3,75.06,6.93,27.63,9.23,36.81,46.44,33.67
3178,2015-01-29,600519,176.2,176.15,178.0,175.0,32493,571553424.0,1.69,-0.74,-1.32,0.28,176.15,178.0,175.0,72.4,5.68,29.93,7.85,41.34,55.07,36.09
3179,2015-01-30,600519,176.99,177.18,181.0,176.5,47508,848744496.0,2.55,0.58,1.03,0.42,177.18,181.0,176.5,69.12,8.68,24.28,12.56,35.13,60.02,39.19
3180,2015-02-02,600519,175.51,174.82,176.4,173.5,33983,593379648.0,1.64,-1.33,-2.36,0.3,174.82,176.4,173.5,68.86,8.68,27.28,12.61,39.62,58.08,42.31
3181,2015-02-03,600519,177.48,178.37,178.65,176.2,27793,493512560.0,1.4,2.03,3.55,0.24,178.37,178.65,176.2,67.07,10.93,23.56,16.3,35.13,53.79,43.87
3182,2015-02-04,600519,179.15,177.25,182.08,177.0,35294,634135328.0,2.85,-0.63,-1.12,0.31,177.25,182.08,177.0,68.23,14.36,23.56,21.05,34.53,47.99,44.06
3183,2015-02-05,600519,178.97,174.05,180.9,174.0,41240,735861120.0,3.89,-1.81,-3.2,0.36,174.05,180.9,174.0,73.11,12.76,26.56,17.45,36.33,43.86,45.15
3184,2015-02-06,600519,174.64,174.6,176.5,173.6,37102,648205632.0,1.67,0.32,0.55,0.32,174.6,176.5,173.6,61.37,12.76,12.45,20.79,20.29,32.71,43.89
3185,2015-02-09,600519,175.77,184.3,185.1,175.0,87294,1584342288.0,5.78,5.56,9.7,0.76,184.3,185.1,175.0,64.37,21.36,12.45,33.18,19.34,29.21,44.62
3186,2015-02-10,600519,184.8,182.88,185.2,181.45,53639,984795856.0,2.03,-0.77,-1.42,0.47,182.88,185.2,181.45,62.42,19.06,12.45,30.54,19.95,24.09,41.09
3187,2015-02-11,600519,182.4,183.15,184.25,182.08,22895,420358864.0,1.19,0.15,0.27,0.2,183.15,184.25,182.08,60.23,17.6,12.45,29.22,20.67,20.84,37.32
3188,2015-02-12,600519,183.99,183.57,184.49,182.01,25051,458818624.0,1.35,0.23,0.42,0.22,183.57,184.49,182.01,59.54,17.84,12.45,29.96,20.91,19.76,33.88
3189,2015-02-13,600519,184.11,182.49,184.5,181.4,40127,734977408.0,1.69,-0.59,-1.08,0.35,182.49,184.5,181.4,60.16,17.62,13.06,29.29,21.71,16.39,30.12
3190,2015-02-16,600519,182.54,183.31,183.63,181.22,39521,722512096.0,1.32,0.45,0.82,0.35,183.31,183.63,181.22,57.75,17.62,10.19,30.51,17.65,20.64,26.68
3191,2015-02-17,600519,183.55,182.22,183.89,181.91,34173,624854080.0,1.08,-0.59,-1.09,0.3,182.22,183.89,181.91,56.63,17.88,9.49,31.57,16.76,21.36,25.29
3192,2015-02-25,600519,183.0,183.96,185.7,181.11,59935,1104113264.0,2.52,0.95,1.74,0.52,183.96,185.7,181.11,58.22,19.69,7.19,33.82,12.35,25.61,24.85
3193,2015-02-26,600519,183.8,186.64,188.39,183.55,62298,1163369600.0,2.63,1.46,2.68,0.55,186.64,188.39,183.55,58.21,19.38,7.19,33.29,12.35,30.4,25.62
3194,2015-02-27,600519,186.9,191.05,194.5,186.8,63371,1217723184.0,4.13,2.36,4.41,0.55,191.05,194.5,186.8,62.39,25.49,4.19,40.86,6.72,39.4,29.58
3195,2015-03-02,600519,190.8,190.73,193.8,189.0,31099,592027088.0,2.51,-0.17,-0.32,0.27,190.73,193.8,189.0,63.36,23.24,4.19,36.68,6.61,48.49,32.44
3196,2015-03-03,600519,189.3,185.95,192.0,185.16,43000,812905776.0,3.59,-2.51,-4.78,0.38,185.95,192.0,185.16,65.12,19.81,8.03,30.42,12.33,51.09,35.87
3197,2015-03-04,600519,186.99,187.19,188.01,184.6,40662,757815040.0,1.83,0.67,1.24,0.36,187.19,188.01,184.6,61.63,19.81,5.59,32.14,9.07,55.32,38.34
3198,2015-03-05,600519,185.01,185.52,187.03,184.05,36206,670609776.0,1.59,-0.89,-1.67,0.32,185.52,187.03,184.05,61.87,19.81,5.74,32.02,9.28,56.74,41.18
3199,2015-03-06,600519,185.35,183.62,186.48,183.27,25471,471454752.0,1.73,-1.02,-1.9,0.22,183.62,186.48,183.27,54.58,11.21,6.52,20.54,11.95,53.51,41.95
3200,2015-03-09,600519,185.8,191.56,192.99,183.8,43486,815432192.0,5.0,4.32,7.94,0.38,191.56,192.99,183.8,60.2,17.62,6.52,29.27,10.83,49.21,44.3
3201,2015-03-10,600519,190.94,187.83,191.5,187.28,29637,561292480.0,2.2,-1.95,-3.73,0.26,187.83,191.5,187.28,62.31,17.62,6.52,28.28,10.46,45.3,46.9
3202,2015-03-11,600519,187.83,191.98,193.0,187.8,40583,778418704.0,2.77,2.21,4.15,0.36,191.98,193.0,187.8,65.03,18.88,6.52,29.03,10.03,46.36,48.72
3203,2015-03-12,600519,193.0,192.75,195.99,191.4,38496,747203168.0,2.39,0.4,0.77,0.34,192.75,195.99,191.4,66.52,21.87,5.91,32.88,8.88,46.6,50.96
3204,2015-03-13,600519,192.7,189.91,193.9,188.58,25479,486997360.0,2.76,-1.47,-2.84,0.22,189.91,193.9,188.58,69.43,21.87,8.55,31.5,12.31,44.72,50.73
3205,2015-03-16,600519,190.06,193.76,194.5,187.01,31161,597313680.0,3.94,2.03,3.85,0.27,193.76,194.5,187.01,74.94,21.61,10.12,28.84,13.5,46.35,49.93
3206,2015-03-17,600519,194.99,196.77,198.69,194.89,45904,903712736.0,1.96,1.55,3.01,0.4,196.77,198.69,194.89,75.28,23.99,10.12,31.87,13.44,45.46,47.33
3207,2015-03-18,600519,196.8,199.45,199.99,195.52,39304,778884992.0,2.27,1.36,2.68,0.34,199.45,199.99,195.52,74.91,22.6,10.12,30.17,13.51,44.15,44.72
3208,2015-03-19,600519,198.54,195.28,198.99,194.06,33540,658535488.0,2.47,-2.09,-4.17,0.29,195.28,198.99,194.06,72.44,16.49,11.58,22.76,15.99,38.96,42.66
3209,2015-03-20,600519,194.2,193.15,194.99,190.88,51374,991294896.0,2.1,-1.09,-2.13,0.45,193.15,194.99,190.88,72.04,16.49,14.76,22.89,20.49,30.31,38.45
3210,2015-03-23,600519,194.67,195.08,196.75,193.2,40979,799009920.0,1.84,1.0,1.93,0.36,195.08,196.75,193.2,68.8,18.25,10.92,26.53,15.87,27.2,35.96
3211,2015-03-24,600519,195.3,195.69,197.44,192.1,60079,1172628512.0,2.74,0.31,0.61,0.53,195.69,197.44,192.1,70.73,18.25,11.46,25.8,16.2,24.97,35.66
3212,2015-03-25,600519,193.0,192.78,195.1,192.06,42240,815963248.0,1.55,-1.49,-2.91,0.37,192.78,195.1,192.06,71.22,18.25,10.95,25.62,15.37,22.36,33.91
3213,2015-03-26,600519,193.55,198.56,199.9,192.0,67105,1315872112.0,4.1,3.0,5.78,0.59,198.56,199.9,192.0,75.91,23.05,10.17,30.36,13.4,22.46,33.31
3214,2015-03-27,600519,198.0,194.55,198.56,192.95,40145,784086656.0,2.83,-2.02,-4.01,0.35,194.55,198.56,192.95,72.15,16.54,10.17,22.92,14.1,23.52,31.24
3215,2015-03-30,600519,194.68,196.77,198.95,193.1,63451,1237889232.0,3.01,1.14,2.22,0.56,196.77,198.95,193.1,73.72,16.93,10.17,22.97,13.8,26.76,28.53
3216,2015-03-31,600519,196.68,195.96,200.77,194.02,88131,1746870224.0,3.43,-0.41,-0.81,0.77,195.96,200.77,194.02,75.27,17.25,10.17,22.92,13.51,26.87,27.03
3217,2015-04-01,600519,196.03,195.34,197.56,194.48,76875,1504959696.0,1.57,-0.32,-0.62,0.67,195.34,197.56,194.48,73.76,14.26,10.17,19.33,13.79,25.85,25.41
3218,2015-04-02,600519,195.96,194.58,197.6,192.88,62982,1228604480.0,2.42,-0.39,-0.76,0.55,194.58,197.6,192.88,73.16,14.26,8.95,19.49,12.23,25.5,23.93
3219,2015-04-03,600519,194.0,196.81,197.01,192.78,51211,996536048.0,2.17,1.15,2.23,0.45,196.81,197.01,192.78,69.9,14.26,7.48,20.4,10.7,24.24,23.35
3220,2015-04-07,600519,196.85,200.67,201.08,195.8,59824,1189027072.0,2.68,1.96,3.86,0.52,200.67,201.08,195.8,70.25,14.14,7.48,20.13,10.65,25.4,24.46
3221,2015-04-08,600519,202.5,204.5,210.68,201.59,135857,2798381808.0,4.53,1.91,3.83,1.19,204.5,210.68,201.59,75.79,22.44,7.48,29.61,9.87,29.57,28.16
3222,2015-04-09,600519,204.48,200.0,205.88,199.05,62400,1255308048.0,3.34,-2.2,-4.5,0.55,200.0,205.88,199.05,77.23,22.44,8.56,29.06,11.08,32.73,29.8
3223,2015-04-10,600519,199.99,200.22,202.99,199.61,102019,2048914304.0,1.69,0.11,0.22,0.89,200.22,202.99,199.61,76.21,22.44,5.38,29.44,7.06,40.16,33.01
3224,2015-04-13,600519,201.55,203.9,204.49,198.94,91356,1840018384.0,2.77,1.84,3.68,0.8,203.9,204.49,198.94,78.16,22.18,5.38,28.38,6.88,46.51,36.0
3225,2015-04-14,600519,204.0,206.0,209.28,203.96,81903,1691094336.0,2.61,1.03,2.1,0.72,206.0,209.28,203.96,78.2,26.97,4.28,34.49,5.47,53.41,38.82
3226,2015-04-15,600519,209.1,205.7,209.78,204.16,55005,1135635920.0,2.73,-0.15,-0.3,0.48,205.7,209.78,204.16,80.19,27.47,4.24,34.26,5.29,60.49,42.94
3227,2015-04-16,600519,208.55,226.27,226.27,207.83,86014,1877332304.0,8.96,10.0,20.57,0.75,226.27,226.27,207.83,92.86,39.16,4.24,42.17,4.57,65.56,47.57
3228,2015-04-17,600519,238.9,232.56,248.7,228.28,192095,4577504000.0,9.02,2.78,6.29,1.68,232.56,248.7,228.28,109.68,61.59,4.24,56.15,3.87,72.62,52.68
3229,2015-04-20,600519,230.0,234.03,245.7,229.0,130589,3118764544.0,7.18,0.63,1.47,1.14,234.03,245.7,229.0,120.53,61.2,4.24,50.78,3.52,76.91,58.53
3230,2015-04-21,600519,240.0,257.43,257.43,240.0,122402,3039243968.0,7.45,10.0,23.4,1.07,257.43,257.43,240.0,137.18,71.11,4.24,51.84,3.09,81.54,64.02
3231,2015-04-22,600519,268.8,263.89,269.0,257.11,134635,3543576704.0,4.62,2.51,6.46,1.18,263.89,269.0,257.11,145.99,82.68,4.24,56.63,2.9,84.48,68.94
3232,2015-04-23,600519,264.0,256.04,264.17,252.98,86030,2214737648.0,4.24,-2.97,-7.85,0.75,256.04,264.17,252.98,152.46,82.68,6.77,54.23,4.44,86.41,73.45
3233,2015-04-24,600519,251.88,258.49,259.68,245.01,100531,2547399872.0,5.73,0.96,2.45,0.88,258.49,259.68,245.01,162.9,82.68,14.64,50.76,8.99,84.65,75.11
3234,2015-04-27,600519,257.58,255.79,267.8,252.99,78973,2050832432.0,5.73,-1.04,-2.7,0.69,255.79,267.8,252.99,172.43,86.73,14.64,50.3,8.49,81.99,77.3
3235,2015-04-28,600519,254.0,247.89,258.6,247.05,87292,2187970736.0,4.52,-3.09,-7.9,0.76,247.89,258.6,247.05,173.97,77.13,20.58,44.34,11.83,77.13,77.02
3236,2015-04-29,600519,246.1,249.78,253.0,246.1,59301,1477767696.0,2.78,0.76,1.89,0.52,249.78,253.0,246.1,174.04,77.13,18.99,44.32,10.91,72.42,76.98
3237,2015-04-30,600519,251.15,252.23,254.9,247.75,64064,1610938048.0,2.86,0.98,2.45,0.56,252.23,254.9,247.75,177.81,79.03,18.99,44.45,10.68,67.58,76.03
3238,2015-05-04,600519,252.66,254.97,259.0,250.02,54739,1398337296.0,3.56,1.09,2.74,0.48,254.97,259.0,250.02,181.24,81.63,18.99,45.04,10.48,63.82,75.11
3239,2015-05-05,600519,252.0,240.95,252.0,239.88,73700,1801146752.0,4.75,-5.5,-14.02,0.65,240.95,252.0,239.88,190.95,76.84,29.13,40.24,15.26,59.67,72.16
3240,2015-05-06,600519,243.98,242.68,246.99,240.01,60324,1472597536.0,2.9,0.72,1.73,0.53,242.68,246.99,240.01,192.31,76.34,29.13,39.7,15.15,55.28,68.63
3241,2015-05-07,600519,245.0,244.93,251.88,242.56,68103,1693825904.0,3.84,0.93,2.25,0.6,244.93,251.88,242.56,181.06,64.74,29.13,35.76,16.09,51.95,64.54
3242,2015-05-08,600519,246.12,254.17,254.88,245.9,57806,1447670272.0,3.67,3.77,9.24,0.51,254.17,254.88,245.9,168.58,45.31,29.13,26.88,17.28,45.49,58.96
3243,2015-05-11,600519,251.5,257.44,257.99,250.0,61346,1552417968.0,3.14,1.29,3.27,0.54,257.44,257.99,250.0,159.87,48.42,29.13,30.29,18.22,39.43,53.51
3244,2015-05-12,600519,257.2,254.42,257.2,252.0,47031,1193035136.0,2.02,-1.17,-3.02,0.41,254.42,257.2,252.0,141.91,36.69,29.13,25.85,20.53,30.97,47.39
3245,2015-05-13,600519,253.8,256.4,262.97,252.5,58913,1520374560.0,4.12,0.78,1.98,0.52,256.4,262.97,252.5,140.49,30.89,29.13,21.99,20.73,23.95,41.81
3246,2015-05-14,600519,256.25,251.41,259.5,251.22,41853,1062504720.0,3.23,-1.95,-4.99,0.37,251.41,259.5,251.22,137.58,30.89,26.28,22.45,19.1,17.84,36.56
3247,2015-05-15,600519,251.41,245.17,253.49,241.61,54185,1333031168.0,4.73,-2.48,-6.24,0.47,245.17,253.49,241.61,134.79,30.89,27.92,22.92,20.71,12.36,32.15
3248,2015-05-18,600519,245.0,241.14,245.0,240.1,35363,856505072.0,2.0,-1.64,-4.03,0.31,241.14,245.0,240.1,125.05,22.77,29.43,18.21,23.53,10.86,28.18
3249,2015-05-19,600519,241.05,250.04,250.22,240.2,47638,1174434448.0,4.16,3.69,8.9,0.42,250.04,250.22,240.2,123.52,27.99,23.49,22.66,19.02,8.17,23.8
3250,2015-05-20,600519,252.0,253.95,260.0,249.3,63772,1631009456.0,4.28,1.56,3.91,0.56,253.95,260.0,249.3,127.32,37.77,22.54,29.67,17.7,10.47,20.72
3251,2015-05-21,600519,256.0,258.59,261.3,254.01,47669,1230234944.0,2.87,1.83,4.64,0.42,258.59,261.3,254.01,127.52,37.17,22.54,29.15,17.68,14.06,19.01
3252,2015-05-22,600519,259.68,275.86,276.8,259.59,66649,1779754352.0,6.66,6.68,17.27,0.58,275.86,276.8,259.59,136.75,48.57,22.54,35.52,16.48,18.82,18.33
3253,2015-05-25,600519,270.0,286.83,288.49,269.0,67474,1868570176.0,7.07,3.98,10.97,0.59,286.83,288.49,269.0,141.15,60.26,12.4,42.69,8.78,28.95,20.66
3254,2015-05-26,600519,286.6,285.54,290.0,283.96,60915,1746031120.0,2.11,-0.45,-1.29,0.53,285.54,290.0,283.96,140.21,61.77,12.4,44.06,8.84,37.92,24.39
3255,2015-05-27,600519,285.52,276.9,289.32,273.0,46935,1309260000.0,5.72,-3.03,-8.64,0.41,276.9,289.32,273.0,147.21,56.88,23.36,38.64,15.87,43.43,25.8
3256,2015-05-28,600519,275.25,261.11,281.0,260.1,60885,1650995552.0,7.55,-5.7,-15.79,0.53,261.11,281.0,260.1,158.16,53.88,36.26,34.07,22.93,42.48,26.47
3257,2015-05-29,600519,260.01,263.83,269.0,259.89,57783,1531805536.0,3.49,1.04,2.72,0.51,263.83,269.0,259.89,159.28,50.77,36.47,31.87,22.9,41.13,27.59
3258,2015-06-01,600519,263.94,271.46,272.98,259.8,65817,1747123648.0,5.0,2.89,7.63,0.58,271.46,272.98,259.8,167.02,54.75,36.47,32.78,21.84,38.36,28.59
3259,2015-06-02,600519,270.5,266.62,270.5,260.66,64636,1708951664.0,3.62,-1.78,-4.84,0.57,266.62,270.5,260.66,167.35,48.98,36.47,29.27,21.79,29.83,29.39
3260,2015-06-03,600519,265.18,262.79,266.62,260.01,46424,1218378720.0,2.48,-1.44,-3.83,0.41,262.79,266.62,260.01,165.68,48.98,35.84,29.56,21.63,21.31,29.62
3261,2015-06-04,600519,262.98,258.21,265.0,240.0,92363,2332785392.0,9.51,-1.74,-4.58,0.81,258.21,265.0,240.0,178.8,48.98,46.24,27.39,25.86,14.83,29.13
3262,2015-06-05,600519,258.11,253.84,262.1,246.0,85738,2188974560.0,6.24,-1.69,-4.37,0.75,253.84,262.1,246.0,189.83,48.98,44.73,25.8,23.56,12.33,27.4
3263,2015-06-08,600519,251.51,264.64,267.54,249.8,96008,2462736704.0,6.99,4.25,10.8,0.84,264.64,267.54,249.8,197.55,49.2,44.73,24.91,22.64,10.39,25.76
3264,2015-06-09,600519,265.0,259.03,269.8,256.5,77852,2045525408.0,5.03,-2.12,-5.61,0.68,259.03,269.8,256.5,200.15,41.68,44.73,20.82,22.35,7.64,23.0
3265,2015-06-10,600519,255.64,261.05,266.88,253.8,80462,2096832880.0,5.05,0.78,2.02,0.7,261.05,266.88,253.8,205.88,40.38,47.43,19.61,23.04,6.54,18.18
3266,2015-06-11,600519,260.0,260.06,264.5,257.77,52955,1378413760.0,2.58,-0.38,-0.99,0.46,260.06,264.5,257.77,194.4,24.88,47.43,12.8,24.4,9.15,15.23
3267,2015-06-12,600519,262.12,266.0,273.0,261.0,90910,2438986512.0,4.61,2.28,5.94,0.8,266.0,273.0,261.0,187.85,21.69,47.43,11.55,25.25,14.88,14.86
3268,2015-06-15,600519,266.98,260.89,272.0,260.08,100014,2664672592.0,4.48,-1.92,-5.11,0.88,260.89,272.0,260.08,193.73,20.18,48.35,10.42,24.96,20.97,16.65
3269,2015-06-16,600519,259.0,253.95,265.8,252.5,69304,1789696032.0,5.1,-2.66,-6.94,0.61,253.95,265.8,252.5,190.71,20.18,44.97,10.58,23.58,26.52,18.46
3270,2015-06-17,600519,253.96,255.09,257.76,249.0,58389,1478407040.0,3.45,0.45,1.14,0.51,255.09,257.76,249.0,178.57,20.18,35.57,11.3,19.92,30.54,19.09
3271,2015-06-18,600519,253.02,243.97,254.8,240.6,61507,1530836128.0,5.57,-4.36,-11.12,0.54,243.97,254.8,240.6,183.95,20.18,43.76,10.97,23.79,35.34,20.94
3272,2015-06-19,600519,245.87,235.31,248.49,234.02,67609,1646002768.0,5.93,-3.55,-8.66,0.59,235.31,248.49,234.02,185.24,16.2,50.34,8.75,27.18,38.7,23.93
3273,2015-06-23,600519,239.8,252.25,255.85,234.13,81247,1989068144.0,9.23,7.2,16.94,0.71,252.25,255.85,234.13,196.16,23.56,50.34,12.01,25.66,38.53,26.71
3274,2015-06-24,600519,250.0,261.21,265.2,247.65,95707,2463553856.0,6.96,3.55,8.96,0.84,261.21,265.2,247.65,207.1,32.91,49.69,15.89,23.99,35.07,28.02
3275,2015-06-25,600519,261.5,251.79,262.03,250.21,66522,1707385600.0,4.53,-3.61,-9.42,0.58,251.79,262.03,250.21,193.92,32.91,29.68,16.97,15.31,29.58,28.05
3276,2015-06-26,600519,250.02,242.45,255.75,235.3,99332,2451381600.0,8.12,-3.71,-9.34,0.87,242.45,255.75,235.3,198.27,32.91,44.59,16.6,22.49,27.5,29.02
3277,2015-06-29,600519,248.37,246.64,256.5,227.8,165072,4057069904.0,11.84,1.73,4.19,1.45,246.64,256.5,227.8,209.23,27.47,52.09,13.13,24.9,26.51,30.93
3278,2015-06-30,600519,246.64,257.65,259.82,246.0,126298,3205285536.0,5.6,4.46,11.01,1.11,257.65,259.82,246.0,209.75,28.53,52.09,13.6,24.83,22.83,30.76
3279,2015-07-01,600519,255.0,257.49,268.5,250.98,103327,2696026032.0,6.8,-0.06,-0.16,0.9,257.49,268.5,250.98,214.19,37.21,49.39,17.37,23.06,19.13,28.83
3280,2015-07-02,600519,255.3,260.3,282.6,245.01,118460,3011363680.0,14.6,1.09,2.81,1.04,260.3,282.6,245.01,245.05,51.31,49.39,20.94,20.16,16.06,25.56
3281,2015-07-03,600519,255.0,249.81,260.5,242.2,109605,2772183168.0,7.03,-4.03,-10.49,0.96,249.81,260.5,242.2,250.41,42.81,52.2,17.1,20.85,16.85,23.22
3282,2015-07-06,600519,267.95,254.04,267.99,239.5,272800,7012491264.0,11.4,1.69,4.23,2.39,254.04,267.99,239.5,266.98,50.3,51.28,18.84,19.21,14.5,21.0
3283,2015-07-07,600519,250.0,244.18,256.58,239.5,167562,4121731568.0,6.72,-3.88,-9.86,1.47,244.18,256.58,239.5,270.76,50.3,43.7,18.58,16.14,10.51,18.51
3284,2015-07-08,600519,229.0,236.86,244.99,219.76,289141,6738026752.0,10.33,-3.0,-7.32,2.53,236.86,244.99,219.76,287.23,50.3,59.94,17.51,20.87,7.1,14.96
3285,2015-07-09,600519,236.86,257.94,260.41,233.0,138203,3409950544.0,11.57,8.9,21.08,1.21,257.94,260.41,233.0,300.15,65.72,51.54,21.9,17.17,6.77,12.95
3286,2015-07-10,600519,257.0,265.59,283.0,251.96,256149,6888908288.0,12.03,2.97,7.65,2.24,265.59,283.0,251.96,316.72,88.31,44.96,27.88,14.2,11.87,13.97
3287,2015-07-13,600519,258.0,257.75,265.58,251.0,148926,3838169456.0,5.49,-2.95,-7.84,1.3,257.75,265.58,251.0,309.59,80.95,45.92,26.15,14.83,14.83,15.84
3288,2015-07-14,600519,255.0,249.05,255.18,247.2,96768,2425239232.0,3.1,-3.38,-8.7,0.85,249.05,255.18,247.2,302.59,71.6,49.72,23.66,16.43,17.67,16.09
3289,2015-07-15,600519,247.5,251.26,252.7,243.28,104077,2585923328.0,3.78,0.89,2.21,0.91,251.26,252.7,243.28,300.19,71.6,53.64,23.85,17.87,18.89,14.7
3290,2015-07-16,600519,251.26,251.59,254.18,248.26,72814,1826618384.0,2.36,0.13,0.33,0.64,251.59,254.18,248.26,285.66,73.08,38.73,25.58,13.56,22.55,14.83
3291,2015-07-17,600519,229.0,228.29,229.99,224.74,56419,1284361184.0,2.09,-9.26,-23.3,0.45,228.29,229.99,224.74,283.81,73.08,54.75,25.75,19.29,22.93,14.85
3292,2015-07-20,600519,227.15,225.11,227.9,222.5,67934,1531275696.0,2.37,-1.39,-3.18,0.54,225.11,227.9,222.5,275.78,69.76,56.99,25.3,20.67,19.19,15.53
3293,2015-07-21,600519,221.75,221.66,224.2,220.0,51790,1148423248.0,1.87,-1.53,-3.45,0.41,221.66,224.2,220.0,263.37,61.08,59.49,23.19,22.59,14.81,14.82
3294,2015-07-22,600519,220.0,217.13,222.0,216.58,70855,1552554832.0,2.45,-2.04,-4.53,0.56,217.13,222.0,216.58,231.2,46.98,62.91,20.32,27.21,14.22,15.94
3295,2015-07-23,600519,217.99,219.54,220.6,215.77,64748,1411411696.0,2.22,1.11,2.41,0.52,219.54,220.6,215.77,217.73,46.98,60.91,21.58,27.98,13.98,16.43
3296,2015-07-24,600519,220.5,219.21,223.69,218.75,57390,1271122144.0,2.25,-0.15,-0.33,0.46,219.21,223.69,218.75,194.18,42.58,60.91,21.93,31.37,11.81,17.18
3297,2015-07-27,600519,217.0,201.52,221.3,201.0,76944,1628465536.0,9.26,-8.07,-17.69,0.61,201.52,221.3,201.0,197.4,42.58,78.66,21.57,39.85,14.38,18.65
3298,2015-07-28,600519,199.86,205.83,209.44,197.48,86704,1766521472.0,5.93,2.14,4.31,0.69,205.83,209.44,197.48,184.13,42.58,62.44,23.12,33.91,15.85,17.52
3299,2015-07-29,600519,207.78,207.74,210.0,202.13,66507,1364157584.0,3.82,0.93,1.91,0.53,207.74,210.0,202.13,164.59,27.72,62.44,16.84,37.94,22.05,18.43
3300,2015-07-30,600519,208.83,205.96,208.83,205.1,41134,853284368.0,1.8,-0.86,-1.78,0.33,205.96,208.83,205.1,137.28,5.13,62.44,3.74,45.48,33.77,23.99
3301,2015-07-31,600519,206.7,206.83,206.93,203.0,40737,835374144.0,1.91,0.42,0.87,0.32,206.83,206.93,203.0,126.62,5.13,63.58,4.05,50.21,45.8,29.89
3302,2015-08-03,600519,205.0,209.56,209.99,203.0,54553,1117796048.0,3.38,1.32,2.73,0.43,209.56,209.99,203.0,123.06,8.19,59.78,6.66,48.58,55.49,33.65
3303,2015-08-04,600519,209.26,211.97,213.98,209.26,59534,1260302960.0,2.25,1.15,2.41,0.47,211.97,213.98,209.26,118.36,12.18,55.86,10.29,47.19,61.23,37.81
3304,2015-08-05,600519,212.93,207.19,213.85,206.94,43144,907597376.0,3.26,-2.26,-4.78,0.34,207.19,213.85,206.94,119.35,10.7,58.18,8.97,48.75,69.57,42.71
3305,2015-08-06,600519,206.23,204.96,207.5,203.0,39250,805358560.0,2.17,-1.08,-2.23,0.31,204.96,207.5,203.0,97.0,10.7,38.6,11.03,39.79,72.58,47.32
3306,2015-08-07,600519,207.49,206.93,208.6,205.6,39521,819022560.0,1.46,0.96,1.97,0.31,206.93,208.6,205.6,94.85,11.8,36.36,12.44,38.33,66.95,50.36
3307,2015-08-10,600519,207.01,212.3,213.0,205.13,56496,1182083552.0,3.8,2.6,5.37,0.45,212.3,213.0,205.13,97.61,16.2,33.86,16.6,34.69,58.65,52.22
3308,2015-08-11,600519,212.3,210.75,212.41,210.01,50897,1076261232.0,1.13,-0.73,-1.55,0.41,210.75,212.41,210.01,94.59,16.2,30.44,17.13,32.18,51.09,53.29
3309,2015-08-12,600519,209.99,209.47,214.29,208.75,45824,968610592.0,2.63,-0.61,-1.28,0.36,209.47,214.29,208.75,95.3,18.08,29.63,18.97,31.09,44.42,52.83
3310,2015-08-13,600519,211.5,209.51,211.5,206.0,35180,733202192.0,2.63,0.02,0.04,0.28,209.51,211.5,206.0,95.86,14.99,32.38,15.64,33.78,39.05,54.31
3311,2015-08-14,600519,210.5,209.98,211.4,209.25,30667,645849792.0,1.03,0.22,0.47,0.24,209.98,211.4,209.25,77.71,14.99,14.63,19.29,18.83,29.82,51.2
3312,2015-08-17,600519,208.02,206.22,208.82,204.0,53858,1108212048.0,2.3,-1.79,-3.76,0.43,206.22,208.82,204.0,71.73,14.99,16.36,20.9,22.81,22.05,44.5
3313,2015-08-18,600519,206.98,201.06,207.5,200.35,51286,1047896512.0,3.47,-2.5,-5.16,0.41,201.06,207.5,200.35,71.01,14.43,20.01,20.32,28.18,18.87,38.76
3314,2015-08-19,600519,199.75,201.62,202.16,198.18,50262,1004394400.0,1.98,0.28,0.56,0.4,201.62,202.16,198.18,71.26,14.43,22.18,20.25,31.13,17.31,34.2
3315,2015-08-20,600519,200.83,195.07,201.0,194.9,39645,788892224.0,3.03,-3.25,-6.55,0.32,195.07,201.0,194.9,74.05,14.43,23.36,19.49,31.55,17.22,30.82
3316,2015-08-21,600519,191.52,186.33,194.86,186.12,75621,1433277968.0,4.48,-4.48,-8.74,0.6,186.33,194.86,186.12,76.01,11.37,32.14,14.96,42.28,19.05,29.05
3317,2015-08-24,600519,181.0,169.64,181.5,168.2,89813,1559048768.0,7.14,-8.96,-16.69,0.71,169.64,181.5,168.2,89.42,7.38,50.06,8.25,55.98,31.24,30.53
3318,2015-08-25,600519,167.46,176.59,182.51,166.2,123081,2165823584.0,9.61,4.1,6.95,0.98,176.59,182.51,166.2,98.82,7.38,49.74,7.47,50.33,42.87,32.46
3319,2015-08-26,600519,176.76,183.88,188.5,175.0,91573,1663612848.0,7.64,4.13,7.29,0.73,183.88,188.5,175.0,107.82,13.37,45.8,12.4,42.48,49.3,34.09
3320,2015-08-27,600519,190.0,197.07,199.9,184.89,87052,1663248880.0,8.16,7.17,13.19,0.69,197.07,199.9,184.89,120.2,23.67,45.8,19.69,38.1,51.08,34.2
3321,2015-08-28,600519,195.0,192.65,195.29,187.13,89926,1720106864.0,4.14,-2.24,-4.42,0.72,192.65,195.29,187.13,122.27,19.27,45.8,15.76,37.46,53.94,35.58
3322,2015-08-31,600519,189.34,195.37,195.5,185.18,62730,1198185024.0,5.36,1.41,2.72,0.5,195.37,195.5,185.18,130.19,19.27,47.75,14.8,36.68,53.07,36.06
3323,2015-09-01,600519,191.82,194.37,195.0,188.0,87433,1688392992.0,3.58,-0.51,-1.0,0.7,194.37,195.0,188.0,132.02,17.39,47.75,13.17,36.17,48.45,39.84
3324,2015-09-02,600519,190.11,194.61,195.0,189.2,106945,2052413264.0,2.98,0.12,0.24,0.85,194.61,195.0,189.2,132.32,17.39,45.0,13.14,34.01,43.47,43.17
3325,2015-09-07,600519,192.6,188.71,194.0,188.65,32216,615819760.0,2.75,-3.03,-5.9,0.26,188.71,194.0,188.65,136.13,17.39,45.55,12.77,33.46,41.79,45.54
3326,2015-09-08,600519,188.46,189.32,190.47,185.0,33099,621914336.0,2.9,0.32,0.61,0.26,189.32,190.47,185.0,135.62,17.39,43.95,12.82,32.41,43.69,47.39
3327,2015-09-09,600519,190.14,191.86,193.87,190.14,35215,676337504.0,1.97,1.34,2.54,0.28,191.86,193.87,190.14,133.02,20.79,40.3,15.63,30.3,42.22,48.08
3328,2015-09-10,600519,190.38,193.21,193.3,189.14,26852,514766384.0,2.17,0.7,1.35,0.21,193.21,193.3,189.14,133.2,20.79,39.13,15.61,29.38,40.24,46.65
3329,2015-09-11,600519,191.88,192.91,194.1,191.05,16932,326277632.0,1.58,-0.16,-0.3,0.13,192.91,194.1,191.05,129.53,21.59,35.85,16.67,27.68,36.61,42.53
3330,2015-09-14,600519,192.43,202.53,202.8,187.9,86176,1678995776.0,7.72,4.99,9.62,0.69,202.53,202.8,187.9,135.48,30.29,27.07,22.36,19.98,30.17,36.82
3331,2015-09-15,600519,198.01,202.0,202.02,195.12,51884,1035493472.0,3.41,-0.26,-0.53,0.41,202.0,202.02,195.12,124.76,30.29,9.15,24.28,7.33,31.65,36.72
3332,2015-09-16,600519,200.01,204.55,209.54,197.73,37198,753188784.0,5.85,1.26,2.55,0.3,204.55,209.54,197.73,120.26,37.81,7.15,31.44,5.95,35.8,39.75
3333,2015-09-17,600519,202.6,198.0,205.8,197.61,26423,533638544.0,4.0,-3.2,-6.55,0.21,198.0,205.8,197.61,114.95,31.82,7.27,27.68,6.32,40.94,41.58
3334,2015-09-18,600519,198.6,199.43,200.89,198.0,15643,312040976.0,1.46,0.72,1.43,0.12,199.43,200.89,198.0,101.82,20.42,7.27,20.05,7.14,43.75,42.0
3335,2015-09-21,600519,198.01,199.3,200.7,198.0,16528,329196736.0,1.35,-0.07,-0.13,0.13,199.3,200.7,198.0,94.58,20.42,7.27,21.59,7.69,47.53,42.07
3336,2015-09-22,600519,200.77,199.27,201.18,198.98,16457,329161936.0,1.1,-0.02,-0.03,0.13,199.27,201.18,198.98,86.46,20.9,5.32,24.17,6.15,56.5,43.34
3337,2015-09-23,600519,197.15,194.72,198.99,194.1,22344,438412336.0,2.45,-2.28,-4.55,0.18,194.72,198.99,194.1,84.26,20.9,10.2,24.8,12.11,53.3,42.47
3338,2015-09-24,600519,195.8,194.0,196.28,192.8,13887,269653184.0,1.79,-0.37,-0.72,0.11,194.0,196.28,192.8,81.94,20.9,11.5,25.51,14.03,46.77,41.28
3339,2015-09-25,600519,193.99,193.46,194.9,189.5,24456,470411104.0,2.78,-0.28,-0.54,0.19,193.46,194.9,189.5,81.38,20.9,14.25,25.68,17.51,39.46,40.2
3340,2015-09-28,600519,191.48,191.38,192.3,189.23,12341,235369401.0,1.59,-1.08,-2.08,0.1,191.38,192.3,189.23,80.14,20.9,10.87,26.08,13.56,36.8,40.28
3341,2015-09-29,600519,189.55,190.17,191.37,188.3,18410,348759184.0,1.6,-0.63,-1.21,0.15,190.17,191.37,188.3,78.67,17.5,11.8,22.24,15.0,32.13,39.83
3342,2015-09-30,600519,190.23,190.31,191.48,190.17,11635,222178053.0,0.69,0.07,0.14,0.09,190.31,191.48,190.17,75.82,17.61,10.8,23.23,14.24,26.22,41.36
3343,2015-10-08,600519,198.78,197.52,201.58,197.0,34392,684138048.0,2.41,3.79,7.21,0.27,197.52,201.58,197.0,84.04,26.91,10.8,32.02,12.85,27.61,40.45
3344,2015-10-09,600519,198.78,196.95,198.9,196.5,15722,310187696.0,1.22,-0.29,-0.57,0.13,196.95,198.9,196.5,71.54,18.21,11.3,25.45,15.8,26.68,36.72
3345,2015-10-12,600519,199.0,198.09,204.49,197.85,49030,982174160.0,3.37,0.58,1.14,0.39,198.09,204.49,197.85,71.67,23.8,11.3,33.21,15.77,29.46,34.46
3346,2015-10-13,600519,198.09,198.74,200.09,198.09,15751,313495456.0,1.01,0.33,0.65,0.13,198.74,200.09,198.09,61.86,16.28,11.3,26.32,18.27,27.21,32.0
3347,2015-10-14,600519,198.98,197.83,199.5,197.01,15213,301666752.0,1.25,-0.46,-0.91,0.12,197.83,199.5,197.01,56.16,16.28,12.26,28.99,21.83,26.31,29.22
3348,2015-10-15,600519,198.16,199.99,200.37,197.56,16550,329836768.0,1.42,1.09,2.16,0.13,199.99,200.37,197.56,56.08,17.15,12.26,30.58,21.86,25.09,25.65
3349,2015-10-16,600519,201.22,200.74,202.4,199.41,19238,386383072.0,1.5,0.38,0.75,0.15,200.74,202.4,199.41,56.37,19.18,12.26,34.03,21.75,21.63,24.62
3350,2015-10-19,600519,204.94,202.72,204.94,201.9,26121,531101872.0,1.51,0.99,1.98,0.21,202.72,204.94,201.9,58.37,21.24,12.26,36.39,21.0,22.2,24.44
3351,2015-10-20,600519,202.02,201.97,202.88,201.18,14784,298284288.0,0.84,-0.37,-0.75,0.12,201.97,202.88,201.18,54.9,21.24,8.1,38.69,14.75,23.73,26.59
3352,2015-10-21,600519,202.08,200.31,202.55,197.01,22349,447195040.0,2.74,-0.82,-1.66,0.18,200.31,202.55,197.01,56.96,21.24,10.97,37.29,19.26,26.03,26.62
3353,2015-10-22,600519,200.24,202.53,202.73,199.43,23720,478632752.0,1.65,1.11,2.22,0.19,202.53,202.73,199.43,54.86,21.42,7.67,39.04,13.98,31.56,28.94
3354,2015-10-23,600519,205.8,210.98,217.6,205.55,56277,1189746960.0,5.95,4.17,8.45,0.45,210.98,217.6,205.55,65.7,36.29,7.4,55.24,11.26,39.81,32.45
3355,2015-10-26,600519,212.0,217.73,218.3,208.0,43346,932490832.0,4.88,3.2,6.75,0.35,217.73,218.3,208.0,72.92,36.99,6.47,50.73,8.87,47.85,34.74
3356,2015-10-27,600519,217.1,215.25,217.68,212.58,22573,484597008.0,2.34,-1.14,-2.48,0.18,215.25,217.68,212.58,76.76,36.88,6.47,48.05,8.43,55.07,38.64
3357,2015-10-28,600519,214.99,212.44,214.99,211.9,16559,353020512.0,1.44,-1.31,-2.81,0.13,212.44,214.99,211.9,68.84,26.78,7.15,38.9,10.39,57.25,40.49
3358,2015-10-29,600519,212.0,213.0,214.79,212.0,13454,287688320.0,1.31,0.26,0.56,0.11,213.0,214.79,212.0,69.23,26.78,6.65,38.68,9.61,61.97,44.0
3359,2015-10-30,600519,212.95,213.86,215.8,212.12,12258,263117287.0,1.73,0.4,0.86,0.1,213.86,215.8,212.12,65.37,22.2,6.65,33.96,10.17,63.08,47.32
3360,2015-11-02,600519,214.6,212.56,215.86,212.5,15298,328246688.0,1.57,-0.61,-1.3,0.12,212.56,215.86,212.5,66.73,22.26,6.65,33.36,9.97,61.06,50.43
3361,2015-11-03,600519,212.92,209.71,215.76,208.4,23173,493565248.0,3.46,-1.34,-2.85,0.18,209.71,215.76,208.4,71.6,22.26,9.67,31.09,13.51,55.92,51.89
3362,2015-11-04,600519,210.58,214.98,216.0,210.11,30810,659118992.0,2.81,2.51,5.27,0.25,214.98,216.0,210.11,75.08,21.63,9.67,28.81,12.88,50.6,52.84
3363,2015-11-05,600519,214.6,216.56,223.28,213.5,49983,1087812240.0,4.55,0.73,1.58,0.4,216.56,223.28,213.5,81.87,26.88,9.67,32.83,11.81,48.81,53.03
3364,2015-11-06,600519,217.35,218.42,218.6,215.56,21696,471929424.0,1.4,0.86,1.86,0.17,218.42,218.6,215.56,80.71,24.34,9.67,30.16,11.98,45.96,53.97
3365,2015-11-09,600519,222.0,220.83,224.66,219.0,40527,900398640.0,2.59,1.1,2.41,0.32,220.83,224.66,219.0,85.25,30.4,8.95,35.66,10.5,46.06,54.57
3366,2015-11-10,600519,220.0,222.38,224.12,219.16,28730,639416128.0,2.25,0.7,1.55,0.23,222.38,224.12,219.16,84.67,30.4,4.78,35.9,5.65,49.2,55.13
3367,2015-11-11,600519,222.01,220.15,223.0,218.6,23816,524296320.0,1.98,-1.0,-2.23,0.19,220.15,223.0,218.6,85.77,30.22,5.34,35.23,6.23,54.29,55.11
3368,2015-11-12,600519,220.23,220.01,223.0,219.38,16181,357408912.0,1.64,-0.06,-0.14,0.13,220.01,223.0,219.38,74.32,15.35,5.34,20.65,7.19,55.98,53.29
3369,2015-11-13,600519,218.1,215.11,219.5,214.83,28397,614644800.0,2.12,-2.23,-4.9,0.23,215.11,219.5,214.83,69.2,14.65,9.89,21.17,14.29,51.37,50.09
3370,2015-11-16,600519,212.5,213.78,216.5,212.0,23917,511461328.0,2.09,-0.62,-1.33,0.19,213.78,216.5,212.0,68.55,14.65,12.72,21.37,18.56,45.36,45.66
3371,2015-11-17,600519,214.72,214.36,217.5,213.14,21986,473813952.0,2.04,0.27,0.58,0.18,214.36,217.5,213.14,69.56,15.65,12.04,22.5,17.31,38.44,42.25
3372,2015-11-18,600519,213.59,214.66,216.0,213.59,19726,423815328.0,1.12,0.14,0.3,0.16,214.66,216.0,213.59,69.18,15.65,12.04,22.62,17.4,28.48,38.84
3373,2015-11-19,600519,214.0,215.03,216.0,213.9,15263,327777824.0,0.98,0.17,0.37,0.12,215.03,216.0,213.9,67.6,14.64,12.04,21.66,17.81,18.44,36.37
3374,2015-11-20,600519,215.14,213.72,215.78,213.1,22274,476413648.0,1.25,-0.61,-1.31,0.18,213.72,215.78,213.1,66.92,14.58,12.84,21.79,19.19,11.44,33.71
3375,2015-11-23,600519,213.0,212.62,213.84,212.51,20995,446996432.0,0.62,-0.51,-1.1,0.17,212.62,213.84,212.51,60.89,14.58,9.33,23.94,15.32,11.86,31.62
3376,2015-11-24,600519,212.39,211.69,213.28,210.0,20469,431548240.0,1.54,-0.44,-0.93,0.16,211.69,213.28,210.0,57.88,14.34,11.84,24.78,20.46,12.28,28.82
3377,2015-11-25,600519,211.7,212.98,213.0,210.4,24250,512351424.0,1.23,0.61,1.29,0.19,212.98,213.0,210.4,50.7,7.06,11.84,13.93,23.35,14.32,26.38
3378,2015-11-26,600519,213.49,212.84,213.79,211.83,18805,400523680.0,0.92,-0.07,-0.14,0.15,212.84,213.79,211.83,49.62,7.85,11.84,15.82,23.86,15.53,22.0
3379,2015-11-27,600519,212.49,207.74,212.54,206.63,16221,339061424.0,2.78,-2.4,-5.1,0.13,207.74,212.54,206.63,49.59,1.79,17.04,3.61,34.36,27.4,22.92
3380,2015-11-30,600519,208.04,214.31,214.78,207.79,33440,702029936.0,3.36,3.16,6.57,0.27,214.31,214.78,207.79,51.67,4.03,17.04,7.8,32.98,36.63,24.03
3381,2015-12-01,600519,213.0,213.8,213.95,211.0,18878,400895904.0,1.38,-0.24,-0.51,0.15,213.8,213.95,211.0,50.58,4.03,16.48,7.97,32.58,43.09,27.48
3382,2015-12-02,600519,214.48,221.58,227.0,212.0,47891,1055325952.0,7.02,3.64,7.78,0.38,221.58,227.0,212.0,61.96,17.08,16.48,27.57,26.6,41.8,27.04
3383,2015-12-03,600519,219.0,220.2,221.4,216.7,22387,489928576.0,2.12,-0.62,-1.38,0.18,220.2,221.4,216.7,61.66,17.08,11.93,27.7,19.35,40.54,27.43
3384,2015-12-04,600519,219.96,215.31,219.96,215.01,20849,452200736.0,2.25,-2.22,-4.89,0.17,215.31,219.96,215.01,62.35,17.08,10.79,27.39,17.31,40.92,28.22
3385,2015-12-07,600519,215.0,214.51,216.98,213.2,19255,413697600.0,1.76,-0.37,-0.8,0.15,214.51,216.98,213.2,61.77,16.08,12.6,26.03,20.4,29.45,28.42
3386,2015-12-08,600519,214.55,211.94,214.55,211.46,17394,370510928.0,1.44,-1.2,-2.57,0.14,211.94,214.55,211.46,62.45,16.08,14.34,25.75,22.96,20.11,28.37
3387,2015-12-09,600519,211.58,214.47,215.05,211.5,14120,302039600.0,1.68,1.19,2.53,0.11,214.47,215.05,211.5,63.9,16.58,14.34,25.95,22.44,11.2,27.15
3388,2015-12-10,600519,215.0,212.96,216.2,211.99,13787,295297552.0,1.96,-0.7,-1.51,0.11,212.96,216.2,211.99,65.43,17.73,13.54,27.1,20.69,13.14,27.47
3389,2015-12-11,600519,212.5,211.41,212.5,210.5,13035,275655728.0,0.94,-0.73,-1.55,0.1,211.41,212.5,210.5,66.56,17.73,14.44,26.64,21.69,11.88,26.21
3390,2015-12-14,600519,210.19,214.1,214.88,209.0,20701,439584112.0,2.78,1.27,2.69,0.16,214.1,214.88,209.0,69.16,20.11,11.93,29.08,17.25,12.38,26.65
3391,2015-12-15,600519,213.8,214.51,214.59,212.08,15088,321828816.0,1.17,0.19,0.41,0.12,214.51,214.59,212.08,69.07,20.11,11.93,29.12,17.27,14.61,22.03
3392,2015-12-16,600519,214.41,213.91,214.64,212.59,20145,430371568.0,0.96,-0.28,-0.6,0.16,213.91,214.64,212.59,69.16,19.37,11.93,28.01,17.25,17.62,18.86
3393,2015-12-17,600519,214.39,215.86,216.88,214.0,24253,523818384.0,1.35,0.91,1.95,0.19,215.86,216.88,214.0,65.92,21.61,6.73,32.78,10.21,25.16,18.18
3394,2015-12-18,600519,215.5,216.88,219.15,215.11,28460,618897536.0,1.87,0.47,1.02,0.23,216.88,219.15,215.11,62.92,21.64,6.73,34.39,10.7,31.69,22.41
3395,2015-12-21,600519,218.0,227.03,229.18,218.0,59392,1341466592.0,5.15,4.68,10.15,0.47,227.03,229.18,218.0,71.91,31.67,6.73,44.04,9.36,40.81,26.34
3396,2015-12-22,600519,226.8,225.03,226.8,223.28,28402,638684800.0,1.55,-0.88,-2.0,0.23,225.03,226.8,223.28,60.66,18.62,6.73,30.7,11.09,44.37,28.37
3397,2015-12-23,600519,225.45,223.0,226.69,222.7,22375,501438272.0,1.77,-0.9,-2.03,0.18,223.0,226.69,222.7,59.77,18.62,7.31,31.15,12.23,47.38,31.0
3398,2015-12-24,600519,223.98,224.78,225.68,223.2,15578,350137312.0,1.11,0.8,1.78,0.12,224.78,225.68,223.2,57.26,18.62,5.62,32.52,9.81,52.36,34.99
3399,2015-12-25,600519,225.0,224.5,225.66,222.88,11543,258870006.0,1.24,-0.12,-0.28,0.09,224.5,225.66,222.88,56.26,18.62,4.13,33.1,7.34,54.22,39.69
3400,2015-12-28,600519,225.48,219.12,226.0,219.0,25595,569404128.0,3.12,-2.4,-5.38,0.2,219.12,226.0,219.0,60.17,18.62,6.27,30.95,10.42,53.73,42.71
3401,2015-12-29,600519,218.62,219.83,220.44,218.51,15774,345982480.0,0.88,0.32,0.71,0.13,219.83,220.44,218.51,58.55,18.12,6.76,30.95,11.55,50.52,45.66
3402,2015-12-30,600519,220.18,218.86,220.66,217.52,20148,440489184.0,1.43,-0.44,-0.97,0.16,218.86,220.66,217.52,57.48,16.97,7.75,29.52,13.48,48.92,46.64
3403,2015-12-31,600519,218.22,218.19,219.5,217.82,19674,429872176.0,0.77,-0.31,-0.67,0.16,218.19,219.5,217.82,56.7,16.97,6.26,29.93,11.04,49.33,48.36
3404,2016-01-04,600519,218.0,210.02,218.0,209.99,17350,371909824.0,3.67,-3.74,-8.17,0.14,210.02,218.0,209.99,59.02,14.59,14.09,24.72,23.87,40.69,46.52
3405,2016-01-05,600519,210.0,212.82,213.97,207.51,31909,672596336.0,3.08,1.33,2.8,0.25,212.82,213.97,207.51,62.97,14.59,16.57,23.17,26.31,31.13,42.68
3406,2016-01-06,600519,212.78,212.18,213.66,209.3,23761,502483568.0,2.05,-0.3,-0.64,0.19,212.18,213.66,209.3,65.28,14.54,16.57,22.27,25.38,23.95,38.84
3407,2016-01-07,600519,208.99,202.23,208.99,200.03,8149,167829920.0,4.22,-4.69,-9.95,0.06,202.23,208.99,200.03,74.46,12.3,25.84,16.52,34.7,22.25,36.39
3408,2016-01-08,600519,204.17,204.63,208.0,200.0,44510,911812832.0,3.96,1.19,2.4,0.35,204.63,208.0,200.0,78.42,10.03,25.87,12.79,32.99,23.39,36.16
3409,2016-01-11,600519,203.16,199.86,203.79,199.4,29703,596838944.0,2.15,-2.33,-4.77,0.24,199.86,203.79,199.4,71.35,0.0,26.47,0.0,37.1,32.37,40.85
3410,2016-01-12,600519,201.1,196.79,202.1,196.0,40287,801495584.0,3.05,-1.54,-3.07,0.32,196.79,202.1,196.0,73.7,0.0,29.87,0.0,40.53,48.75,44.72
3411,2016-01-13,600519,199.1,199.78,206.0,198.6,29202,592420624.0,3.76,1.52,2.99,0.23,199.78,206.0,198.6,78.92,3.9,29.29,4.94,37.11,60.44,45.79
3412,2016-01-14,600519,197.11,204.82,205.98,195.51,34776,699341424.0,5.24,2.52,5.04,0.28,204.82,205.98,195.51,86.71,3.9,32.38,4.5,37.34,72.44,48.19
3413,2016-01-15,600519,204.75,199.0,206.18,198.0,26681,537750016.0,3.99,-2.84,-5.82,0.21,199.0,206.18,198.0,92.11,4.1,32.06,4.45,34.81,79.41,50.83
3414,2016-01-18,600519,198.0,199.43,202.4,197.2,27371,548614384.0,2.61,0.22,0.43,0.22,199.43,202.4,197.2,90.31,4.1,28.98,4.54,32.09,84.59,53.99
3415,2016-01-19,600519,201.0,210.24,210.33,200.01,59110,1224859280.0,5.17,5.42,10.81,0.47,210.24,210.33,200.01,99.28,12.03,28.49,12.12,28.7,74.69,53.53
3416,2016-01-20,600519,207.0,202.32,210.16,201.01,40969,835946960.0,4.35,-3.77,-7.92,0.33,202.32,210.16,201.01,105.37,12.03,27.5,11.42,26.1,64.55,56.65
3417,2016-01-21,600519,201.26,200.26,204.59,199.9,21832,439737648.0,2.32,-1.02,-2.06,0.17,200.26,204.59,199.9,108.38,12.03,28.61,11.1,26.4,58.6,59.52
3418,2016-01-22,600519,203.11,202.74,203.4,198.81,22733,456952016.0,2.29,1.24,2.48,0.18,202.74,203.4,198.81,104.77,12.03,21.87,11.48,20.87,50.35,61.39
3419,2016-01-25,600519,203.0,202.77,203.49,201.5,13750,278273552.0,0.98,0.01,0.03,0.11,202.77,203.49,201.5,100.3,12.12,19.39,12.08,19.33,41.31,60.36
3420,2016-01-26,600519,200.99,199.01,204.47,198.5,22281,448487472.0,2.94,-1.85,-3.76,0.18,199.01,204.47,198.5,101.91,12.12,22.39,11.89,21.97,33.74,59.16
3421,2016-01-27,600519,199.98,199.93,200.89,195.7,29840,589842576.0,2.61,0.46,0.92,0.24,199.93,200.89,195.7,94.95,12.12,15.92,12.76,16.77,29.22,51.96
3422,2016-01-28,600519,199.75,196.64,199.75,195.62,17903,353744032.0,2.07,-1.65,-3.29,0.14,196.64,199.75,195.62,91.26,12.12,15.97,13.28,17.5,24.99,44.77
3423,2016-01-29,600519,197.48,200.65,202.5,197.0,23090,461975280.0,2.8,2.04,4.01,0.18,200.65,202.5,197.0,91.89,14.87,15.37,16.18,16.73,18.46,38.53
3424,2016-02-01,600519,202.1,201.29,202.8,199.89,19178,386028336.0,1.45,0.32,0.64,0.15,201.29,202.8,199.89,88.7,15.17,11.97,17.1,13.49,15.59,32.97
3425,2016-02-02,600519,202.0,204.55,204.8,200.64,17842,362596992.0,2.07,1.62,3.26,0.14,204.55,204.8,200.64,83.65,13.27,11.97,15.86,14.31,12.6,26.96
3426,2016-02-03,600519,202.58,203.66,204.56,201.5,15157,307933680.0,1.5,-0.44,-0.89,0.12,203.66,204.56,201.5,76.24,13.27,8.88,17.41,11.65,10.95,22.34
3427,2016-02-04,600519,204.8,204.99,205.88,203.54,16625,340315136.0,1.15,0.65,1.33,0.13,204.99,205.88,203.54,70.4,14.39,8.88,20.44,12.61,12.63,20.93
3428,2016-02-05,600519,204.99,203.87,205.18,202.53,14228,290691680.0,1.29,-0.55,-1.12,0.11,203.87,205.18,202.53,67.85,14.39,9.09,21.21,13.4,14.11,19.55
3429,2016-02-15,600519,200.0,200.41,203.0,199.6,19470,390748384.0,1.67,-1.7,-3.46,0.15,200.41,203.0,199.6,61.22,6.46,12.02,10.55,19.63,18.85,18.66
3430,2016-02-16,600519,200.56,203.92,208.0,200.56,19223,393326288.0,3.71,1.75,3.51,0.15,203.92,208.0,200.56,59.58,11.46,12.02,19.23,20.17,17.28,16.44
3431,2016-02-17,600519,203.74,202.3,204.92,200.51,20349,411126976.0,2.16,-0.79,-1.62,0.16,202.3,204.92,200.51,59.3,11.46,10.96,19.33,18.48,16.8,14.7
3432,2016-02-18,600519,203.2,201.71,203.6,201.1,18893,381696256.0,1.24,-0.29,-0.59,0.15,201.71,203.6,201.1,57.21,11.46,9.87,20.03,17.25,14.73,12.84
3433,2016-02-19,600519,201.62,203.11,203.18,201.13,14238,287755552.0,1.02,0.69,1.4,0.11,203.11,203.18,201.13,57.27,11.37,9.87,19.85,17.23,11.97,12.3
3434,2016-02-22,600519,206.0,207.8,208.32,206.0,27760,574540624.0,1.14,2.31,4.69,0.22,207.8,208.32,206.0,56.51,16.51,6.87,29.22,12.16,15.07,14.59
3435,2016-02-23,600519,207.77,212.41,214.98,207.02,37461,795824528.0,3.83,2.22,4.61,0.3,212.41,214.98,207.02,59.28,23.17,4.07,39.09,6.87,21.75,20.3
3436,2016-02-24,600519,212.2,217.74,218.03,211.01,33129,717612352.0,3.3,2.51,5.33,0.26,217.74,218.03,211.01,61.99,26.22,3.99,42.3,6.44,33.61,25.45
3437,2016-02-25,600519,218.8,212.41,220.48,212.13,39481,855036784.0,3.83,-2.45,-5.33,0.31,212.41,220.48,212.13,64.48,25.92,3.99,40.2,6.19,45.46,31.13
3438,2016-02-26,600519,213.1,216.84,219.25,211.26,28333,609924304.0,3.76,2.09,4.43,0.23,216.84,219.25,211.26,69.56,25.62,4.86,36.83,6.99,55.57,35.15
3439,2016-02-29,600519,218.99,214.91,220.88,206.8,47712,1022532384.0,6.49,-0.89,-1.93,0.38,214.91,220.88,206.8,79.48,23.62,9.32,29.72,11.73,61.63,36.8
3440,2016-03-01,600519,215.96,218.42,220.3,210.4,34005,736088848.0,4.61,1.63,3.51,0.27,218.42,220.3,210.4,86.32,23.62,9.32,27.36,10.8,61.99,38.53
3441,2016-03-02,600519,219.0,224.22,225.5,218.67,47943,1073462816.0,3.13,2.66,5.8,0.38,224.22,225.5,218.67,91.06,27.5,9.32,30.2,10.24,58.54,40.14
3442,2016-03-03,600519,225.0,227.81,231.98,221.66,40193,914557328.0,4.6,1.6,3.59,0.32,227.81,231.98,221.66,98.73,33.98,8.31,34.42,8.42,56.39,45.0
3443,2016-03-04,600519,226.88,238.78,240.16,225.01,85839,2007278352.0,6.65,4.82,10.97,0.68,238.78,240.16,225.01,109.61,42.16,5.38,38.46,4.91,57.06,51.26
3444,2016-03-07,600519,238.11,233.64,240.0,231.05,39346,924016288.0,3.75,-2.15,-5.14,0.31,233.64,240.0,231.05,110.97,37.16,5.38,33.49,4.85,58.16,56.87
3445,2016-03-08,600519,233.3,229.21,233.3,227.0,26147,600938832.0,2.7,-1.9,-4.43,0.21,229.21,233.3,227.0,113.2,37.16,9.38,32.83,8.29,60.88,61.25
3446,2016-03-09,600519,227.0,227.44,232.65,226.1,16403,375804064.0,2.86,-0.77,-1.77,0.13,227.44,232.65,226.1,117.25,37.16,10.28,31.69,8.77,63.08,62.54
3447,2016-03-10,600519,228.99,228.06,233.7,228.0,25727,593953296.0,2.51,0.27,0.62,0.2,228.06,233.7,228.0,121.46,38.21,10.28,31.46,8.46,64.45,61.49
3448,2016-03-11,600519,226.54,228.05,231.88,225.5,16320,373343712.0,2.8,0.0,-0.01,0.13,228.05,231.88,225.5,122.63,33.07,12.78,26.97,10.42,61.71,59.05
3449,2016-03-14,600519,230.76,224.57,233.5,222.2,45278,1029457824.0,4.96,-1.53,-3.48,0.36,224.57,233.5,222.2,125.97,26.41,16.08,20.97,12.76,52.87,54.97
3450,2016-03-15,600519,224.8,231.92,234.39,224.34,36356,832373600.0,4.48,3.27,7.35,0.29,231.92,234.39,224.34,129.0,24.25,16.08,18.8,12.47,43.8,50.98
3451,2016-03-16,600519,230.22,228.61,232.5,225.0,24251,555358080.0,3.23,-1.43,-3.31,0.19,228.61,232.5,225.0,128.15,21.8,16.08,17.01,12.55,36.36,48.62
3452,2016-03-17,600519,230.0,229.56,234.1,228.3,28821,665454448.0,2.54,0.42,0.95,0.23,229.56,234.1,228.3,125.96,23.4,15.21,18.58,12.08,30.46,46.77
3453,2016-03-18,600519,232.0,226.0,232.26,225.78,70569,1613934128.0,2.82,-1.55,-3.56,0.56,226.0,232.26,225.78,118.36,23.4,13.27,19.77,11.21,25.46,44.96
3454,2016-03-21,600519,226.66,231.98,232.02,226.65,38547,885665712.0,2.38,2.65,5.98,0.31,231.98,232.02,226.65,114.48,23.4,13.27,20.44,11.59,22.69,42.2
3455,2016-03-22,600519,232.26,234.49,238.18,231.5,41767,981582400.0,2.88,1.08,2.51,0.33,234.49,238.18,231.5,114.08,24.36,13.27,21.35,11.63,23.55,38.21
3456,2016-03-23,600519,235.2,234.97,237.0,232.68,21412,503035648.0,1.84,0.2,0.48,0.17,234.97,237.0,232.68,108.08,17.88,13.27,16.54,12.28,22.64,33.22
3457,2016-03-24,600519,235.0,242.66,245.4,231.3,62068,1487290880.0,6.0,3.27,7.69,0.49,242.66,245.4,231.3,107.03,18.1,13.27,16.91,12.4,22.69,29.53
3458,2016-03-25,600519,242.5,244.98,249.79,241.02,44756,1100326144.0,3.61,0.96,2.32,0.36,244.98,249.79,241.02,106.85,22.49,13.27,21.05,12.42,23.45,26.95
3459,2016-03-28,600519,244.98,249.58,253.38,244.98,48338,1207751712.0,3.43,1.88,4.6,0.38,249.58,253.38,244.98,108.61,26.08,9.22,24.01,8.49,26.81,26.13
3460,2016-03-29,600519,249.6,248.11,251.0,244.44,36688,911522992.0,2.63,-0.59,-1.47,0.29,248.11,251.0,244.44,108.62,26.08,8.86,24.01,8.16,30.42,26.55
3461,2016-03-30,600519,249.0,248.66,250.4,245.48,27783,688591408.0,1.98,0.22,0.55,0.22,248.66,250.4,245.48,107.28,25.03,8.86,23.33,8.26,33.46,28.5
3462,2016-03-31,600519,249.84,247.64,250.3,246.99,19457,483196896.0,1.33,-0.41,-1.02,0.15,247.64,250.3,246.99,104.21,25.03,6.36,24.02,6.1,40.9,31.77
3463,2016-04-01,600519,248.95,245.09,250.49,244.54,25146,620149504.0,2.4,-1.03,-2.55,0.2,245.09,250.49,244.54,98.86,25.03,5.51,25.32,5.57,48.99,35.84
3464,2016-04-05,600519,243.0,245.52,247.5,243.0,25048,615354320.0,1.84,0.18,0.43,0.2,245.52,247.5,243.0,93.31,24.14,7.05,25.87,7.56,53.82,38.64
3465,2016-04-06,600519,245.8,257.21,257.6,245.8,48425,1225137024.0,4.81,4.76,11.69,0.39,257.21,257.6,245.8,97.89,34.24,7.05,34.98,7.2,56.84,41.82
3466,2016-04-07,600519,256.89,254.11,257.48,252.62,25536,650128768.0,1.89,-1.21,-3.1,0.2,254.11,257.48,252.62,96.95,32.64,7.05,33.67,7.27,59.37,44.89
3467,2016-04-08,600519,252.0,249.86,255.89,248.2,23156,583704016.0,3.03,-1.67,-4.25,0.18,249.86,255.89,248.2,98.16,32.64,8.95,33.25,9.12,60.91,47.18
3468,2016-04-11,600519,250.5,243.72,255.18,243.5,119285,2930751136.0,4.67,-2.46,-6.14,0.95,243.72,255.18,243.5,103.82,32.64,13.65,31.44,13.15,57.84,49.37
3469,2016-04-12,600519,243.7,244.92,245.0,242.1,23339,568663728.0,1.19,0.49,1.2,0.19,244.92,245.0,242.1,100.04,26.48,15.05,26.47,15.04,51.77,50.38
3470,2016-04-13,600519,245.4,242.24,248.63,241.7,54274,1328412384.0,2.83,-1.09,-2.68,0.43,242.24,248.63,241.7,102.65,30.11,15.05,29.33,14.66,48.2,51.01
3471,2016-04-14,600519,242.38,242.76,244.83,241.0,28664,696651872.0,1.58,0.21,0.52,0.23,242.76,244.83,241.0,92.38,21.71,15.75,23.5,17.05,39.87,48.36
3472,2016-04-15,600519,242.64,244.9,244.98,241.2,19029,463404864.0,1.56,0.88,2.14,0.15,244.9,244.98,241.2,87.39,17.47,15.75,19.99,18.02,29.99,44.68
3473,2016-04-18,600519,242.8,243.68,246.0,242.5,18593,453989136.0,1.43,-0.5,-1.22,0.15,243.68,246.0,242.5,82.49,14.9,15.75,18.06,19.09,20.96,40.94
3474,2016-04-19,600519,244.59,243.18,245.19,241.45,14237,345816832.0,1.53,-0.21,-0.5,0.11,243.18,245.19,241.45,79.67,14.9,16.26,18.7,20.41,14.85,36.34
3475,2016-04-20,600519,243.19,238.44,244.4,235.8,33709,808354336.0,3.54,-1.95,-4.74,0.27,238.44,244.4,235.8,83.35,14.9,21.91,17.88,26.29,13.44,32.6
3476,2016-04-21,600519,240.5,240.37,242.3,238.3,29672,713190672.0,1.68,0.81,1.93,0.24,240.37,242.3,238.3,84.04,14.9,21.91,17.73,26.07,11.05,29.62
3477,2016-04-22,600519,241.0,247.4,247.88,240.37,35459,869560464.0,3.12,2.92,7.03,0.28,247.4,247.88,240.37,85.6,20.48,19.46,23.93,22.73,8.83,24.35
3478,2016-04-25,600519,247.12,244.52,248.1,243.3,24990,614481808.0,1.94,-1.16,-2.88,0.2,244.52,248.1,243.3,85.9,20.7,17.92,24.1,20.86,9.16,19.58
3479,2016-04-26,600519,244.95,243.86,246.88,243.0,15157,370224912.0,1.59,-0.27,-0.66,0.12,243.86,246.88,243.0,77.7,10.6,18.22,13.64,23.45,13.11,17.03
3480,2016-04-27,600519,244.5,244.88,245.48,243.49,13915,340092448.0,0.82,0.42,1.02,0.11,244.88,245.48,243.49,74.83,10.6,18.22,14.17,24.35,16.79,15.82
3481,2016-04-28,600519,245.83,246.44,246.74,244.0,17157,421012816.0,1.12,0.64,1.56,0.14,246.44,246.74,244.0,69.88,11.86,13.8,16.97,19.75,14.87,14.15
3482,2016-04-29,600519,247.39,251.2,252.43,247.39,46079,1155915392.0,2.05,1.93,4.76,0.37,251.2,252.43,247.39,64.19,17.55,9.1,27.34,14.18,16.98,14.02
3483,2016-05-03,600519,250.55,260.0,262.28,250.55,56475,1463972624.0,4.67,3.5,8.8,0.45,260.0,262.28,250.55,73.02,27.4,7.7,37.52,10.55,25.91,17.37
3484,2016-05-04,600519,260.0,256.21,262.39,255.99,28636,743425168.0,2.46,-1.46,-3.79,0.23,256.21,262.39,255.99,72.49,23.88,7.7,32.94,10.62,33.25,21.21
3485,2016-05-05,600519,256.5,257.77,258.15,255.5,13518,347050352.0,1.03,0.61,1.56,0.11,257.77,258.15,255.5,71.31,23.88,7.49,33.49,10.5,37.55,25.33
3486,2016-05-06,600519,257.31,252.22,258.52,251.12,27174,689911424.0,2.87,-2.15,-5.55,0.22,252.22,258.52,251.12,74.93,23.73,11.87,31.67,15.84,38.7,27.74
3487,2016-05-09,600519,250.13,250.82,252.8,249.01,27799,696784544.0,1.5,-0.56,-1.4,0.22,250.82,252.8,249.01,75.22,22.71,13.98,30.19,18.59,41.4,28.14
3488,2016-05-10,600519,249.5,252.08,254.0,249.11,33506,843441776.0,1.95,0.5,1.26,0.27,252.08,254.0,249.11,76.37,23.91,12.93,31.31,16.93,41.09,29.04
3489,2016-05-11,600519,252.35,256.87,260.48,252.35,49277,1268594576.0,3.23,1.9,4.79,0.39,256.87,260.48,252.35,76.17,30.39,7.28,39.9,9.56,41.96,33.93
3490,2016-05-12,600519,254.02,255.96,256.56,252.0,18894,480711456.0,1.78,-0.35,-0.91,0.15,255.96,256.56,252.0,77.04,30.39,7.63,39.45,9.9,43.4,38.32
3491,2016-05-13,600519,255.98,250.96,258.9,250.5,28146,714915408.0,3.28,-1.95,-5.0,0.22,250.96,258.9,250.5,77.93,27.15,7.63,34.84,9.79,44.04,40.8
3492,2016-05-16,600519,250.86,251.63,251.8,247.3,22203,553627504.0,1.79,0.27,0.67,0.18,251.63,251.8,247.3,77.63,26.93,10.83,34.69,13.95,45.6,42.15
3493,2016-05-17,600519,251.01,250.03,252.4,249.83,11786,295827984.0,1.02,-0.64,-1.6,0.09,250.03,252.4,249.83,76.32,27.53,10.53,36.07,13.8,49.07,45.24
3494,2016-05-18,600519,249.08,244.44,251.85,243.1,28380,700172112.0,3.5,-2.24,-5.59,0.23,244.44,251.85,243.1,83.08,27.53,17.26,33.14,20.78,47.93,44.51
3495,2016-05-19,600519,245.16,245.77,248.5,244.5,20889,514050848.0,1.64,0.54,1.33,0.17,245.77,248.5,244.5,84.4,26.27,17.26,31.13,20.45,41.15,41.56
3496,2016-05-20,600519,246.84,251.26,252.18,244.32,25502,638079264.0,3.2,2.23,5.49,0.2,251.26,252.18,244.32,86.27,24.26,17.26,28.12,20.01,33.99,38.69
3497,2016-05-23,600519,249.72,254.2,254.99,249.72,18706,474832784.0,2.1,1.17,2.94,0.15,254.2,254.99,249.72,79.81,17.22,17.26,21.58,21.63,24.65,34.35
3498,2016-05-24,600519,254.41,251.94,255.21,250.1,11674,294383664.0,2.01,-0.89,-2.26,0.09,251.94,255.21,250.1,78.52,17.33,17.26,22.07,21.98,17.58,31.59
3499,2016-05-25,600519,254.48,251.86,254.94,251.01,17785,450815936.0,1.56,-0.03,-0.08,0.14,251.86,254.94,251.01,79.8,17.33,16.77,21.72,21.02,10.41,29.74
3500,2016-05-26,600519,251.99,252.71,253.8,249.2,18120,454859056.0,1.83,0.34,0.85,0.14,252.71,253.8,249.2,77.0,17.33,14.2,22.51,18.44,8.24,28.08
3501,2016-05-27,600519,252.72,252.44,254.69,251.38,13230,334258000.0,1.31,-0.11,-0.27,0.11,252.44,254.69,251.38,76.52,18.22,12.09,23.81,15.8,8.16,24.66
3502,2016-05-30,600519,251.5,256.13,256.5,250.0,29807,756013040.0,2.57,1.46,3.69,0.24,256.13,256.5,250.0,78.13,18.83,12.09,24.1,15.47,8.99,21.49
3503,2016-05-31,600519,256.0,264.47,266.62,255.2,53950,1418668240.0,4.46,3.26,8.34,0.43,264.47,266.62,255.2,81.15,22.47,12.09,27.69,14.9,13.97,19.31
3504,2016-06-01,600519,265.4,263.79,265.5,263.0,21877,578184016.0,0.95,-0.26,-0.68,0.17,263.79,265.5,263.0,78.78,22.47,11.74,28.52,14.9,19.17,18.37
3505,2016-06-02,600519,263.01,267.74,268.68,263.01,24761,660335568.0,2.15,1.5,3.95,0.2,267.74,268.68,263.01,76.05,23.31,11.74,30.65,15.44,24.39,17.4
3506,2016-06-03,600519,267.0,283.89,286.74,266.4,64798,1806172752.0,7.6,6.03,16.15,0.52,283.89,286.74,266.4,91.89,41.37,8.54,45.02,9.29,33.7,20.97
3507,2016-06-06,600519,282.0,276.05,283.0,275.0,37262,1034692864.0,2.82,-2.76,-7.84,0.3,276.05,283.0,275.0,98.21,40.77,8.54,41.51,8.7,41.22,24.69
3508,2016-06-07,600519,276.5,277.85,278.49,275.01,18754,518246016.0,1.26,0.65,1.8,0.15,277.85,278.49,275.01,92.94,40.77,1.81,43.87,1.95,52.84,30.91
3509,2016-06-08,600519,276.4,274.28,277.86,273.5,23882,656530784.0,1.57,-1.28,-3.57,0.19,274.28,277.86,273.5,93.24,40.77,3.32,43.73,3.56,61.99,37.98
3510,2016-06-13,600519,273.35,267.06,276.66,266.25,37775,1030012784.0,3.8,-2.63,-7.22,0.3,267.06,276.66,266.25,95.79,37.09,10.57,38.72,11.03,66.04,42.6
3511,2016-06-14,600519,267.71,272.75,273.8,267.71,25587,696446752.0,2.28,2.13,5.69,0.2,272.75,273.8,267.71,97.26,34.28,10.57,35.25,10.87,69.35,46.87
3512,2016-06-15,600519,270.71,276.49,277.8,270.21,27322,752172240.0,2.78,1.37,3.74,0.22,276.49,277.8,270.21,99.74,38.06,10.57,38.16,10.6,67.81,50.75
3513,2016-06-16,600519,274.86,274.02,277.8,273.78,19644,540824576.0,1.45,-0.89,-2.47,0.16,274.02,277.8,273.78,99.83,38.06,10.57,38.12,10.59,66.33,53.78
3514,2016-06-17,600519,273.6,278.26,282.49,273.6,24705,689165056.0,3.24,1.55,4.24,0.2,278.26,282.49,273.6,104.12,42.75,8.76,41.06,8.41,62.08,57.46
3515,2016-06-20,600519,279.77,276.11,279.86,274.0,19019,523759584.0,2.11,-0.77,-2.15,0.15,276.11,279.86,274.0,106.67,41.86,8.76,39.24,8.21,58.82,60.41
3516,2016-06-21,600519,277.04,273.81,277.94,273.0,16749,460067360.0,1.79,-0.83,-2.3,0.13,273.81,277.94,273.0,105.11,40.05,9.76,38.1,9.29,59.69,62.86
3517,2016-06-22,600519,273.77,278.44,279.36,272.77,20884,577353680.0,2.41,1.69,4.63,0.17,278.44,279.36,272.77,100.28,31.35,9.76,31.26,9.73,59.63,64.49
3518,2016-06-23,600519,279.97,276.44,279.97,274.88,13985,386801280.0,1.83,-0.72,-2.0,0.11,276.44,279.97,274.88,102.87,31.96,9.76,31.07,9.49,59.07,63.44
3519,2016-06-24,600519,275.28,273.77,277.0,267.2,20130,550877440.0,3.55,-0.97,-2.67,0.16,273.77,277.0,267.2,107.0,28.78,17.44,26.9,16.3,53.74,60.04
3520,2016-06-27,600519,275.0,287.68,292.3,275.0,63643,1823624048.0,6.32,5.08,13.91,0.51,287.68,292.3,275.0,105.19,26.02,17.44,24.74,16.58,46.03,54.06
3521,2016-06-28,600519,287.02,288.21,289.66,286.32,24282,699351504.0,1.16,0.18,0.53,0.19,288.21,289.66,286.32,99.64,26.02,17.44,26.11,17.5,38.43,48.63
3522,2016-06-29,600519,287.55,288.18,289.45,284.2,28148,805690464.0,1.82,-0.01,-0.03,0.22,288.18,289.45,284.2,101.41,26.02,19.56,25.66,19.29,30.65,45.17
3523,2016-06-30,600519,290.02,291.92,298.2,290.02,38022,1116195904.0,2.84,1.3,3.74,0.3,291.92,298.2,290.02,107.07,34.77,18.05,32.47,16.86,27.18,43.4
3524,2016-07-01,600519,287.2,286.17,291.88,284.0,26015,746622848.0,2.7,-1.97,-5.75,0.21,286.17,291.88,284.0,104.58,34.77,16.82,33.25,16.08,24.11,41.59
3525,2016-07-04,600519,287.0,293.9,295.4,286.0,29489,859625104.0,3.28,2.7,7.73,0.23,293.9,295.4,286.0,107.24,38.29,16.82,35.7,15.68,26.51,40.13
3526,2016-07-05,600519,295.03,300.58,303.1,295.03,41708,1252985744.0,2.75,2.27,6.68,0.33,300.58,303.1,295.03,108.85,41.99,16.82,38.58,15.45,30.35,38.19
3527,2016-07-06,600519,299.8,317.19,318.0,299.01,47348,1463885920.0,6.32,5.53,16.61,0.38,317.19,318.0,299.01,123.82,56.89,16.82,45.95,13.58,36.12,37.28
3528,2016-07-07,600519,315.8,316.91,326.8,312.08,50725,1619384208.0,4.64,-0.09,-0.28,0.4,316.91,326.8,312.08,129.65,61.0,16.82,47.05,12.97,43.22,36.94
3529,2016-07-08,600519,313.53,309.91,315.5,306.16,45546,1412963904.0,2.95,-2.21,-7.0,0.36,309.91,315.5,306.16,134.54,61.0,22.74,45.34,16.9,45.56,36.37
3530,2016-07-11,600519,309.03,315.14,324.0,309.03,57482,1825388224.0,4.83,1.69,5.23,0.46,315.14,324.0,309.03,144.57,69.5,21.74,48.07,15.04,48.49,36.3
3531,2016-07-12,600519,315.76,324.73,326.6,315.0,53119,1712151168.0,3.68,3.04,9.59,0.42,324.73,326.6,315.0,149.58,70.68,21.74,47.25,14.53,50.82,38.67
3532,2016-07-13,600519,323.03,317.19,324.73,315.05,53448,1697002624.0,2.98,-2.32,-7.54,0.43,317.19,324.73,315.05,154.17,70.07,21.74,45.45,14.1,52.46,41.41
3533,2016-07-14,600519,316.09,317.09,320.8,315.2,29231,928017840.0,1.77,-0.03,-0.1,0.23,317.09,320.8,315.2,149.97,70.07,14.06,46.72,9.38,54.5,45.31
3534,2016-07-15,600519,317.12,317.52,318.03,315.06,26811,848676192.0,0.94,0.14,0.43,0.21,317.52,318.03,315.06,134.41,54.77,14.2,40.75,10.56,54.84,49.03
3535,2016-07-18,600519,317.5,316.21,319.5,315.66,23353,741065232.0,1.21,-0.41,-1.31,0.19,316.21,319.5,315.66,134.91,56.24,14.2,41.69,10.53,57.17,51.37
3536,2016-07-19,600519,315.5,308.11,316.3,305.55,41432,1282256496.0,3.4,-2.56,-8.1,0.33,308.11,316.3,305.55,140.41,56.24,22.19,40.05,15.8,55.68,52.08
3537,2016-07-20,600519,308.62,308.56,310.87,307.5,17734,548187888.0,1.09,0.15,0.45,0.14,308.56,310.87,307.5,133.76,47.49,22.19,35.5,16.59,52.91,51.86
3538,2016-07-21,600519,310.15,314.38,317.6,309.0,33009,1041004816.0,2.79,1.89,5.82,0.26,314.38,317.6,309.0,134.88,54.22,16.17,40.2,11.99,53.14,52.8
3539,2016-07-22,600519,312.9,307.92,315.2,307.38,28871,893047920.0,2.49,-2.05,-6.46,0.23,307.92,315.2,307.38,133.3,50.7,17.79,38.03,13.35,50.06,52.28
3540,2016-07-25,600519,307.6,311.26,314.19,307.0,23624,736751808.0,2.34,1.08,3.34,0.19,311.26,314.19,307.0,131.29,43.0,18.17,32.75,13.84,47.02,50.93
3541,2016-07-26,600519,309.01,319.04,319.5,308.5,35556,1121135552.0,3.53,2.5,7.78,0.28,319.04,319.5,308.5,123.3,33.41,18.17,27.1,14.74,41.99,49.58
3542,2016-07-27,600519,319.85,314.01,320.6,308.3,39228,1235833184.0,3.86,-1.58,-5.03,0.31,314.01,320.6,308.3,120.88,25.71,18.17,21.27,15.03,37.62,46.65
3543,2016-07-28,600519,312.0,316.05,319.3,311.5,39644,1254912048.0,2.48,0.65,2.04,0.32,316.05,319.3,311.5,117.93,25.71,12.25,21.8,10.39,37.48,45.19
3544,2016-07-29,600519,315.08,313.15,318.88,313.0,29007,913987184.0,1.86,-0.92,-2.9,0.23,313.15,318.88,313.0,108.84,17.21,12.25,15.81,11.26,31.28,42.21
3545,2016-08-01,600519,313.0,306.96,313.95,305.0,31702,980681840.0,2.86,-1.98,-6.19,0.25,306.96,313.95,305.0,106.19,14.61,20.25,13.76,19.07,25.97,38.01
3546,2016-08-02,600519,307.25,306.21,310.5,302.85,26541,812078464.0,2.49,-0.24,-0.75,0.21,306.21,310.5,302.85,104.16,14.61,22.4,14.03,21.51,22.71,34.86
3547,2016-08-03,600519,307.0,306.82,307.9,304.15,24039,735080448.0,1.22,0.2,0.61,0.19,306.82,307.9,304.15,102.31,14.61,22.4,14.28,21.89,21.29,31.64
3548,2016-08-04,600519,306.85,306.3,308.33,304.22,21794,666165440.0,1.34,-0.17,-0.52,0.17,306.3,308.33,304.22,103.45,15.04,22.26,14.54,21.52,21.65,29.64
3549,2016-08-05,600519,306.49,305.93,308.37,305.03,20308,622324416.0,1.09,-0.12,-0.37,0.16,305.93,308.37,305.03,102.95,13.61,22.26,13.22,21.62,19.76,28.62
3550,2016-08-08,600519,306.15,308.1,308.3,303.06,22007,672724160.0,1.71,0.71,2.17,0.18,308.1,308.3,303.06,97.44,13.61,14.12,13.97,14.49,17.26,24.27
3551,2016-08-09,600519,308.17,315.75,317.67,306.42,39290,1230571984.0,3.65,2.48,7.65,0.31,315.75,317.67,306.42,105.32,22.98,14.12,21.82,13.41,18.55,22.26
3552,2016-08-10,600519,315.05,313.81,316.5,313.33,20945,659451040.0,1.0,-0.61,-1.94,0.17,313.81,316.5,313.33,99.45,16.25,14.12,16.34,14.2,16.21,19.46
3553,2016-08-11,600519,314.38,316.77,321.57,314.01,31940,1016399248.0,2.41,0.94,2.96,0.25,316.77,321.57,314.01,99.39,21.32,12.5,21.45,12.58,17.05,19.17
3554,2016-08-12,600519,317.4,316.97,317.4,314.01,23353,737487488.0,1.07,0.06,0.2,0.19,316.97,317.4,314.01,95.59,21.32,12.12,22.3,12.68,18.41,20.03
3555,2016-08-15,600519,315.8,318.78,321.69,314.15,34110,1084418384.0,2.38,0.57,1.81,0.27,318.78,321.69,314.15,92.13,20.3,12.12,22.03,13.16,18.59,19.18
3556,2016-08-16,600519,322.0,309.52,322.48,308.0,88379,2755749504.0,4.54,-2.9,-9.26,0.7,309.52,322.48,308.0,94.31,19.2,18.27,20.36,19.37,18.7,17.98
3557,2016-08-17,600519,309.6,308.16,310.97,306.5,43754,1347397792.0,1.44,-0.44,-1.36,0.35,308.16,310.97,306.5,90.98,19.2,19.77,21.1,21.73,14.96,16.76
3558,2016-08-18,600519,307.95,306.43,309.65,305.13,31006,951674784.0,1.47,-0.56,-1.73,0.25,306.43,309.65,305.13,89.62,19.2,21.14,21.42,23.59,14.6,15.4
3559,2016-08-19,600519,305.8,306.48,307.45,304.8,19141,585467696.0,0.86,0.02,0.05,0.15,306.48,307.45,304.8,83.32,19.2,13.47,23.04,16.17,13.17,15.11
3560,2016-08-22,600519,306.13,307.32,309.58,306.0,20813,640455200.0,1.17,0.27,0.84,0.17,307.32,309.58,306.0,79.25,21.33,11.32,26.91,14.28,13.7,16.05
3561,2016-08-23,600519,307.33,306.88,309.04,305.8,19914,612752800.0,1.05,-0.14,-0.44,0.16,306.88,309.04,305.8,78.74,21.33,11.52,27.09,14.63,14.47,16.53
3562,2016-08-24,600519,307.02,305.28,307.49,303.83,22779,695005296.0,1.19,-0.52,-1.6,0.18,305.28,307.49,303.83,78.29,20.9,13.49,26.7,17.23,17.65,18.17
3563,2016-08-25,600519,305.2,303.01,305.38,300.07,25363,766099104.0,1.74,-0.74,-2.27,0.2,303.01,305.38,300.07,80.26,20.86,17.25,25.99,21.49,18.98,16.97
3564,2016-08-26,600519,303.14,301.45,304.55,300.4,21436,648346752.0,1.37,-0.51,-1.56,0.17,301.45,304.55,300.4,79.17,20.86,15.28,26.35,19.3,20.75,17.67
3565,2016-08-29,600519,308.0,307.53,308.8,305.2,38056,1169052448.0,1.19,2.02,6.08,0.3,307.53,308.8,305.2,75.27,15.74,15.28,20.91,20.3,18.08,15.63
3566,2016-08-30,600519,307.0,305.86,308.5,304.67,21171,649198656.0,1.25,-0.54,-1.67,0.17,305.86,308.5,304.67,75.93,15.74,15.81,20.73,20.82,13.0,13.35
3567,2016-08-31,600519,306.7,310.19,310.76,305.54,40401,1250762224.0,1.71,1.42,4.33,0.32,310.19,310.76,305.54,73.39,12.93,15.81,17.62,21.54,9.7,12.08
3568,2016-09-01,600519,309.7,308.71,312.0,308.25,17186,532785264.0,1.21,-0.48,-1.48,0.14,308.71,312.0,308.25,73.75,14.17,15.81,19.21,21.44,7.02,12.33
3569,2016-09-02,600519,308.0,305.78,309.45,304.88,18572,570909568.0,1.48,-0.95,-2.93,0.15,305.78,309.45,304.88,70.78,9.88,19.18,13.96,27.1,10.77,14.88
3570,2016-09-05,600519,306.2,308.5,309.0,305.81,19139,589626256.0,1.04,0.89,2.72,0.15,308.5,309.0,305.81,59.52,9.88,13.03,16.6,21.89,10.49,15.62
3571,2016-09-06,600519,308.5,309.94,310.36,308.35,20626,638681584.0,0.65,0.47,1.44,0.16,309.94,310.36,308.35,57.06,11.24,11.53,19.7,20.21,10.46,14.27
3572,2016-09-07,600519,309.68,306.6,309.68,305.5,29645,908976240.0,1.35,-1.08,-3.34,0.24,306.6,309.68,305.5,56.98,11.24,13.01,19.73,22.83,11.64,12.32
3573,2016-09-08,600519,305.21,305.82,306.5,304.41,16706,509979664.0,0.68,-0.25,-0.78,0.13,305.82,306.5,304.41,56.52,11.24,13.77,19.89,24.36,11.65,10.67
3574,2016-09-09,600519,306.65,304.63,306.86,304.0,16223,494663728.0,0.94,-0.39,-1.19,0.13,304.63,306.86,304.0,55.8,9.11,14.18,16.33,25.41,14.37,10.69
3575,2016-09-12,600519,302.0,298.06,304.0,297.77,38239,1148690128.0,2.05,-2.16,-6.57,0.3,298.06,304.0,297.77,59.42,9.11,20.21,15.33,34.01,15.34,13.06
3576,2016-09-13,600519,299.95,300.43,300.97,299.3,16256,488095088.0,0.56,0.8,2.37,0.13,300.43,300.97,299.3,58.67,9.11,18.24,15.53,31.09,18.62,14.55
3577,2016-09-14,600519,300.1,299.57,302.2,298.01,18528,556106064.0,1.39,-0.29,-0.86,0.15,299.57,302.2,298.01,57.55,9.11,15.77,15.83,27.4,22.87,16.66
3578,2016-09-19,600519,300.05,300.13,301.57,299.88,12852,385804384.0,0.56,0.19,0.56,0.1,300.13,301.57,299.88,55.4,9.11,15.77,16.44,28.47,26.11,18.87
3579,2016-09-20,600519,300.78,294.96,300.8,294.0,34893,1031649952.0,2.27,-1.72,-5.17,0.28,294.96,300.8,294.0,54.85,4.86,21.65,8.86,39.47,34.98,23.32
3580,2016-09-21,600519,295.06,294.05,295.39,289.11,39037,1139374176.0,2.13,-0.31,-0.91,0.31,294.05,295.39,289.11,57.3,4.86,26.01,8.48,45.39,42.77,28.57
3581,2016-09-22,600519,294.3,296.98,299.98,294.01,29606,879666032.0,2.03,1.0,2.93,0.24,296.98,299.98,294.01,58.05,7.19,26.01,12.39,44.81,45.91,30.63
3582,2016-09-23,600519,297.02,297.68,298.95,295.4,12672,376554080.0,1.2,0.24,0.7,0.1,297.68,298.95,295.4,57.85,5.95,26.01,10.29,44.96,50.81,34.71
3583,2016-09-26,600519,297.0,288.73,297.01,288.55,37176,1080278320.0,2.84,-3.01,-8.95,0.3,288.73,297.01,288.55,62.41,5.95,29.49,9.53,47.25,57.42,40.14
3584,2016-09-27,600519,288.88,291.17,291.98,288.76,17916,520513712.0,1.12,0.85,2.44,0.14,291.17,291.98,288.76,62.44,5.95,29.49,9.53,47.23,64.02,45.07
3585,2016-09-28,600519,291.79,288.41,291.79,287.56,22360,648736320.0,1.45,-0.95,-2.76,0.18,288.41,291.79,287.56,64.66,4.59,30.69,7.1,47.46,65.8,50.39
3586,2016-09-29,600519,287.85,290.98,293.0,287.85,23706,688873472.0,1.79,0.89,2.57,0.19,290.98,293.0,287.85,65.37,5.8,27.84,8.87,42.59,65.3,54.03
3587,2016-09-30,600519,290.0,297.91,299.63,290.0,29604,880477808.0,3.31,2.38,6.93,0.24,297.91,299.63,290.0,72.81,12.43,26.75,17.07,36.74,61.94,53.93
3588,2016-10-10,600519,298.51,302.96,303.86,298.51,21104,637178864.0,1.8,1.7,5.05,0.17,302.96,303.86,298.51,75.9,16.66,26.34,21.95,34.7,55.23,53.02
3589,2016-10-11,600519,304.0,308.92,309.0,303.0,41737,1279755344.0,1.98,1.97,5.96,0.33,308.92,309.0,303.0,75.08,21.8,20.11,29.04,26.78,44.84,51.13
3590,2016-10-12,600519,308.5,305.82,308.5,304.9,19286,590793824.0,1.17,-1.0,-3.1,0.15,305.82,308.5,304.9,76.19,21.8,20.11,28.61,26.39,34.44,49.23
3591,2016-10-13,600519,306.8,303.89,306.94,303.51,16144,491591616.0,1.12,-0.63,-1.93,0.13,303.89,306.94,303.51,75.43,21.8,20.21,28.9,26.79,22.74,44.27
3592,2016-10-14,600519,303.47,305.6,306.0,303.2,12691,386317904.0,0.92,0.56,1.71,0.1,305.6,306.0,303.2,76.23,21.8,20.52,28.6,26.92,12.32,38.81
3593,2016-10-17,600519,305.45,302.45,305.5,301.5,18957,574503344.0,1.31,-1.03,-3.15,0.15,302.45,305.5,301.5,73.53,21.8,16.34,29.65,22.22,8.62,35.28
3594,2016-10-18,600519,302.5,307.16,308.5,302.0,30389,932443504.0,2.15,1.56,4.71,0.24,307.16,308.5,302.0,73.75,24.8,11.45,33.63,15.53,11.0,33.12
3595,2016-10-19,600519,308.5,306.45,308.75,305.1,14123,433658688.0,1.19,-0.23,-0.71,0.11,306.45,308.75,305.1,71.43,20.46,11.45,28.64,16.03,15.04,29.94
3596,2016-10-20,600519,307.39,305.48,307.39,304.8,14080,429896208.0,0.85,-0.32,-0.97,0.11,305.48,307.39,304.8,70.47,20.46,11.75,29.03,16.67,18.87,26.65
3597,2016-10-21,600519,305.08,304.19,305.48,302.59,11483,349209696.0,0.95,-0.42,-1.29,0.09,304.19,305.48,302.59,64.23,20.46,7.11,31.85,11.07,26.31,24.52
3598,2016-10-24,600519,302.6,306.93,307.0,302.6,26247,802002336.0,1.45,0.9,2.74,0.21,306.93,307.0,302.6,65.38,21.98,7.11,33.62,10.87,34.33,23.32
3599,2016-10-25,600519,307.39,312.94,313.0,307.39,43762,1363211040.0,1.83,1.96,6.01,0.35,312.94,313.0,307.39,67.22,27.98,5.91,41.62,8.79,42.79,25.71
3600,2016-10-26,600519,313.0,313.68,318.31,311.65,46813,1475976848.0,2.13,0.24,0.74,0.37,313.68,318.31,311.65,68.73,32.08,5.91,46.68,8.6,48.14,29.57
3601,2016-10-27,600519,312.99,316.87,318.22,311.01,32952,1039017328.0,2.3,1.02,3.19,0.26,316.87,318.22,311.01,66.31,25.45,6.55,38.38,9.88,53.28,34.16
3602,2016-10-28,600519,317.5,317.05,318.43,314.0,20137,637478016.0,1.4,0.06,0.18,0.16,317.05,318.43,314.0,64.79,21.43,6.55,33.08,10.11,57.63,38.25
3603,2016-10-31,600519,319.0,317.95,322.8,316.8,43596,1394967920.0,1.89,0.28,0.9,0.35,317.95,322.8,316.8,64.75,20.66,6.55,31.91,10.12,58.2,42.26
3604,2016-11-01,600519,317.95,316.68,319.0,315.55,19512,617880128.0,1.09,-0.4,-1.27,0.16,316.68,319.0,315.55,64.18,20.66,7.8,32.19,12.15,57.22,45.77
3605,2016-11-02,600519,316.09,315.18,317.16,313.68,20636,650629056.0,1.1,-0.47,-1.5,0.16,315.18,317.16,313.68,64.23,20.66,8.28,32.17,12.89,53.49,48.14
3606,2016-11-03,600519,315.0,315.86,316.46,314.15,18691,589861360.0,0.73,0.22,0.68,0.15,315.86,316.46,314.15,63.74,20.66,7.97,32.41,12.5,49.4,48.77
3607,2016-11-04,600519,315.99,314.82,318.25,313.98,20619,650490000.0,1.35,-0.33,-1.04,0.16,314.82,318.25,313.98,63.91,22.45,6.27,35.13,9.81,48.94,51.11
3608,2016-11-07,600519,315.0,315.33,317.0,313.2,16048,505304912.0,1.21,0.16,0.51,0.13,315.33,317.0,313.2,61.21,19.45,7.05,31.78,11.52,47.88,52.76
3609,2016-11-08,600519,316.5,320.0,322.18,315.68,34194,1093003616.0,2.06,1.48,4.67,0.27,320.0,322.18,315.68,64.41,24.38,7.05,37.85,10.95,48.43,53.32
3610,2016-11-09,600519,320.0,316.81,321.97,313.8,30004,951077200.0,2.55,-1.0,-3.19,0.24,316.81,321.97,313.8,69.99,24.38,8.63,34.83,12.33,48.85,53.03
3611,2016-11-10,600519,319.1,319.13,321.0,317.73,17805,568571584.0,1.03,0.73,2.32,0.14,319.13,321.0,317.73,71.29,24.38,6.42,34.2,9.01,51.44,52.46
3612,2016-11-11,600519,317.99,315.08,318.3,314.8,35903,1133744320.0,1.1,-1.27,-4.05,0.29,315.08,318.3,314.8,71.22,22.86,9.35,32.1,13.13,51.04,50.22
3613,2016-11-14,600519,315.55,310.99,315.87,309.99,39920,1246340880.0,1.87,-1.3,-4.09,0.32,310.99,315.87,309.99,71.03,16.86,14.16,23.74,19.94,43.1,46.02
3614,2016-11-15,600519,310.03,314.01,315.65,310.03,24471,766112496.0,1.81,0.97,3.02,0.19,314.01,315.65,310.03,69.99,11.55,14.16,16.5,20.23,36.99,42.44
3615,2016-11-16,600519,313.81,313.15,315.4,312.0,13400,419672480.0,1.08,-0.27,-0.86,0.11,313.15,315.4,312.0,66.18,11.55,13.52,17.45,20.43,29.11,38.77
3616,2016-11-17,600519,312.08,311.04,313.0,310.53,18338,570642080.0,0.79,-0.67,-2.11,0.15,311.04,313.0,310.53,64.37,11.34,14.99,17.62,23.29,23.47,36.16
3617,2016-11-18,600519,311.16,310.0,311.8,309.88,19378,601883504.0,0.62,-0.33,-1.04,0.15,310.0,311.8,309.88,60.29,6.97,15.64,11.56,25.94,20.14,35.79
3618,2016-11-21,600519,311.02,309.5,311.66,308.37,26084,807014528.0,1.06,-0.16,-0.5,0.21,309.5,311.66,308.37,60.13,6.97,15.9,11.59,26.44,19.66,35.35
3619,2016-11-22,600519,310.3,308.87,310.45,308.37,26424,816561744.0,0.67,-0.2,-0.63,0.21,308.87,310.45,308.37,58.73,6.97,14.03,11.87,23.89,23.81,33.46
3620,2016-11-23,600519,311.0,312.95,313.0,309.11,34015,1058266304.0,1.26,1.32,4.08,0.27,312.95,313.0,309.11,60.55,9.52,14.03,15.72,23.17,25.31,31.15
3621,2016-11-24,600519,313.2,316.93,317.0,311.42,39079,1227937712.0,1.78,1.27,3.98,0.31,316.93,317.0,311.42,61.86,11.73,14.03,18.96,22.68,25.49,27.3
3622,2016-11-25,600519,317.04,316.89,318.0,313.42,22370,706042464.0,1.45,-0.01,-0.04,0.18,316.89,318.0,313.42,62.64,12.73,13.25,20.32,21.15,23.52,23.49
3623,2016-11-28,600519,317.55,319.5,320.18,316.6,49253,1568882896.0,1.13,0.82,2.61,0.39,319.5,320.18,316.6,59.37,9.73,13.25,16.39,22.32,19.68,19.91
3624,2016-11-29,600519,320.7,323.96,330.45,319.41,58831,1911874432.0,3.46,1.4,4.46,0.47,323.96,330.45,319.41,62.24,20.0,11.37,32.13,18.27,17.75,18.71
3625,2016-11-30,600519,321.22,319.08,323.3,318.45,26752,855564592.0,1.5,-1.51,-4.88,0.21,319.08,323.3,318.45,63.56,20.0,12.33,31.47,19.4,16.11,19.96
3626,2016-12-01,600519,320.0,321.02,324.59,318.68,27942,896065024.0,1.85,0.61,1.94,0.22,321.02,324.59,318.68,65.14,21.29,9.4,32.68,14.43,19.37,22.34
3627,2016-12-02,600519,321.0,321.77,323.2,319.0,30628,984836864.0,1.31,0.23,0.75,0.24,321.77,323.2,319.0,63.46,21.29,4.59,33.55,7.23,28.64,27.06
3628,2016-12-05,600519,319.2,315.93,324.54,315.82,42061,1342647360.0,2.71,-1.81,-5.84,0.33,315.93,324.54,315.82,66.56,21.29,7.77,31.99,11.67,36.06,29.79
3629,2016-12-06,600519,316.23,326.42,326.58,316.23,38923,1251764480.0,3.28,3.32,10.49,0.31,326.42,326.58,316.23,73.81,23.33,7.77,31.61,10.53,41.84,30.76
3630,2016-12-07,600519,327.12,327.45,328.5,323.97,25272,825849248.0,1.39,0.32,1.03,0.2,327.45,328.5,323.97,75.72,25.25,6.3,33.35,8.32,47.27,32.51
3631,2016-12-08,600519,328.01,337.71,340.0,327.0,54476,1825332448.0,3.97,3.13,10.26,0.43,337.71,340.0,327.0,86.8,36.75,5.65,42.34,6.51,55.54,35.82
3632,2016-12-09,600519,337.2,337.76,339.42,334.02,34496,1162079792.0,1.6,0.01,0.05,0.27,337.76,339.42,334.02,88.91,36.75,4.14,41.33,4.66,62.37,40.87
3633,2016-12-12,600519,337.7,326.86,340.0,325.7,50332,1667557008.0,4.23,-3.23,-10.9,0.4,326.86,340.0,325.7,101.13,36.75,12.46,36.34,12.32,59.85,44.24
3634,2016-12-13,600519,326.84,333.01,335.0,325.5,41780,1384533792.0,2.91,1.88,6.15,0.33,333.01,335.0,325.5,106.5,34.2,12.66,32.11,11.89,59.75,47.91
3635,2016-12-14,600519,333.0,332.27,334.07,328.5,32029,1062697136.0,1.67,-0.22,-0.74,0.25,332.27,334.07,328.5,106.49,30.2,12.66,28.36,11.89,58.24,50.04
3636,2016-12-15,600519,332.46,328.05,332.99,325.58,39203,1285279904.0,2.23,-1.27,-4.22,0.31,328.05,332.99,325.58,109.32,29.2,15.58,26.71,14.25,53.29,50.28
3637,2016-12-16,600519,327.0,327.58,329.88,323.58,25051,818412416.0,1.92,-0.14,-0.47,0.2,327.58,329.88,323.58,112.04,27.02,17.58,24.12,15.69,44.6,50.07
3638,2016-12-19,600519,326.0,325.96,334.37,325.61,30472,1002365472.0,2.67,-0.49,-1.62,0.24,325.96,334.37,325.61,109.76,21.24,17.58,19.35,16.02,32.88,47.63
3639,2016-12-20,600519,326.04,326.48,327.0,321.81,30832,1001345152.0,1.59,0.16,0.52,0.25,326.48,327.0,321.81,109.44,21.24,20.42,19.41,18.66,24.98,42.41
3640,2016-12-21,600519,326.9,328.66,329.29,323.56,24711,807548096.0,1.76,0.67,2.18,0.2,328.66,329.29,323.56,109.26,22.24,20.42,20.36,18.69,18.03,38.89
3641,2016-12-22,600519,328.0,325.2,328.46,324.88,14678,478750704.0,1.09,-1.05,-3.46,0.12,325.2,328.46,324.88,108.84,22.24,20.42,20.43,18.76,11.92,35.08
3642,2016-12-23,600519,323.55,320.03,324.5,319.13,31096,1001068080.0,1.65,-1.59,-5.17,0.25,320.03,324.5,319.13,106.19,22.24,22.99,20.94,21.65,7.13,30.21
3643,2016-12-26,600519,319.03,324.48,324.99,316.2,26001,835811088.0,2.75,1.39,4.45,0.21,324.48,324.99,316.2,104.33,20.2,25.92,19.36,24.84,5.66,25.13
3644,2016-12-27,600519,324.51,326.16,328.8,323.5,20062,655887936.0,1.63,0.52,1.68,0.16,326.16,328.8,323.5,105.1,22.09,25.92,21.02,24.66,5.42,19.15
3645,2016-12-28,600519,326.99,323.72,328.0,323.33,17878,581648976.0,1.43,-0.75,-2.44,0.14,323.72,328.0,323.33,96.77,10.59,26.09,10.94,26.96,12.14,18.56
3646,2016-12-29,600519,324.0,327.31,327.87,323.0,21225,690986080.0,1.5,1.11,3.59,0.17,327.31,327.87,323.0,96.24,10.59,26.42,11.0,27.45,18.56,18.29
3647,2016-12-30,600519,326.61,334.15,335.29,326.61,34688,1152982240.0,2.65,2.09,6.84,0.28,334.15,335.29,326.61,90.62,18.01,18.1,19.87,19.97,17.89,14.9
3648,2017-01-03,600519,334.28,334.56,337.0,332.81,20764,695005296.0,1.25,0.12,0.41,0.17,334.56,337.0,332.81,85.31,19.72,17.9,23.12,20.98,18.42,12.77
3649,2017-01-04,600519,334.62,351.91,352.17,334.6,65257,2245051872.0,5.25,5.19,17.35,0.52,351.91,352.17,334.6,97.35,34.89,17.9,35.84,18.39,21.71,13.69
3650,2017-01-05,600519,350.0,346.74,351.45,345.44,41704,1449077680.0,1.71,-1.47,-5.17,0.33,346.74,351.45,345.44,96.41,34.89,14.98,36.19,15.54,27.04,16.23
3651,2017-01-06,600519,346.64,350.76,359.78,346.1,68096,2402546304.0,3.95,1.16,4.02,0.54,350.76,359.78,346.1,103.79,43.22,12.98,41.64,12.51,28.96,20.55
3652,2017-01-09,600519,347.8,348.51,352.88,346.54,35405,1233977968.0,1.81,-0.64,-2.25,0.28,348.51,352.88,346.54,101.37,38.73,12.98,38.21,12.8,30.13,24.34
3653,2017-01-10,600519,348.45,349.0,352.0,346.6,31728,1108100800.0,1.55,0.14,0.49,0.25,349.0,352.0,346.6,101.58,38.73,9.18,38.13,9.04,40.37,29.13
3654,2017-01-11,600519,348.0,345.45,348.0,343.5,23599,814074640.0,1.29,-1.02,-3.55,0.19,345.45,348.0,343.5,101.35,36.44,12.28,35.95,12.12,47.83,33.12
3655,2017-01-12,600519,346.55,347.05,347.4,344.51,17779,614822048.0,0.84,0.46,1.6,0.14,347.05,347.4,344.51,100.46,36.44,12.28,36.27,12.22,50.73,36.22
3656,2017-01-13,600519,346.98,344.87,347.39,343.88,18282,631734944.0,1.01,-0.63,-2.18,0.15,344.87,347.39,343.88,97.9,36.44,7.16,37.22,7.31,55.27,41.15
3657,2017-01-16,600519,344.13,341.47,344.8,338.8,36855,1259384864.0,1.74,-0.99,-3.4,0.29,341.47,344.8,338.8,95.18,36.44,9.31,38.29,9.78,56.19,42.57
3658,2017-01-17,600519,342.6,349.13,351.5,342.0,35188,1223967888.0,2.78,2.24,7.66,0.28,349.13,351.5,342.0,99.91,39.33,9.31,39.37,9.32,58.17,44.15
3659,2017-01-18,600519,348.88,355.08,356.77,347.21,46006,1622110976.0,2.74,1.7,5.95,0.37,355.08,356.77,347.21,104.8,44.6,9.14,42.56,8.72,58.89,49.63
3660,2017-01-19,600519,355.0,354.72,358.48,351.7,28524,1011320064.0,1.91,-0.1,-0.36,0.23,354.72,358.48,351.7,106.71,46.31,8.81,43.4,8.26,61.96,54.9
3661,2017-01-20,600519,354.9,354.99,357.4,353.03,21344,758416000.0,1.23,0.08,0.27,0.17,354.99,357.4,353.03,102.4,38.89,8.81,37.98,8.6,64.21,57.47
3662,2017-01-23,600519,356.88,351.22,359.8,349.46,32581,1151869296.0,2.91,-1.06,-3.77,0.26,351.22,359.8,349.46,108.55,37.18,12.38,34.25,11.4,61.36,58.31
3663,2017-01-24,600519,351.27,350.31,352.8,346.75,26915,939129472.0,1.72,-0.26,-0.91,0.21,350.31,352.8,346.75,96.99,22.01,15.09,22.69,15.56,54.58,55.38
3664,2017-01-25,600519,349.98,347.63,349.98,346.2,22990,799259968.0,1.08,-0.77,-2.68,0.18,347.63,349.98,346.2,94.63,22.01,15.64,23.26,16.53,47.12,52.64
3665,2017-01-26,600519,348.14,344.42,348.8,341.3,37826,1303262144.0,2.16,-0.92,-3.21,0.3,344.42,348.8,341.3,88.45,13.68,20.54,15.47,23.22,39.46,49.17
3666,2017-02-03,600519,346.0,346.85,349.18,345.0,20936,727140784.0,1.21,0.71,2.43,0.17,346.85,349.18,345.0,86.87,14.06,20.54,16.19,23.64,31.24,46.6
3667,2017-02-06,600519,348.49,346.85,348.89,344.96,15681,543401904.0,1.13,0.0,0.0,0.12,346.85,348.89,344.96,85.4,14.06,20.58,16.46,24.1,23.87,44.04
3668,2017-02-07,600519,346.84,343.58,347.4,343.14,20520,707114112.0,1.23,-0.94,-3.27,0.16,343.58,347.4,343.14,84.16,14.06,19.3,16.71,22.93,18.15,39.75
3669,2017-02-08,600519,343.76,344.21,345.5,342.67,19089,656786320.0,0.82,0.18,0.63,0.15,344.21,345.5,342.67,84.1,14.06,19.77,16.72,23.51,17.85,36.22
3670,2017-02-09,600519,345.0,347.61,348.79,344.61,23324,808958176.0,1.21,0.99,3.4,0.19,347.61,348.79,344.61,85.17,17.35,19.14,20.37,22.47,15.85,31.48
3671,2017-02-10,600519,348.62,345.08,349.82,345.0,24057,835679328.0,1.39,-0.73,-2.53,0.19,345.08,349.82,345.0,83.92,18.38,14.06,21.9,16.75,14.73,27.09
3672,2017-02-13,600519,344.0,349.75,351.9,341.92,53588,1869148352.0,2.89,1.35,4.67,0.43,349.75,351.9,341.92,83.87,11.68,17.14,13.93,20.44,14.76,23.0
3673,2017-02-14,600519,349.54,350.21,352.6,349.1,26559,931733728.0,1.0,0.13,0.46,0.21,350.21,352.6,349.1,77.81,7.11,17.14,9.14,22.03,18.52,21.19
3674,2017-02-15,600519,351.5,348.53,352.44,347.2,26257,917475856.0,1.5,-0.48,-1.68,0.21,348.53,352.44,347.2,76.27,5.4,19.04,7.08,24.96,25.2,21.67
3675,2017-02-16,600519,348.5,348.09,348.62,345.51,17642,612607280.0,0.89,-0.13,-0.44,0.14,348.09,348.62,345.51,75.01,5.4,20.73,7.2,27.64,32.17,25.01
3676,2017-02-17,600519,348.9,350.56,354.44,347.5,29102,1022647968.0,1.99,0.71,2.47,0.23,350.56,354.44,347.5,71.61,11.22,17.16,15.67,23.96,34.84,25.34
3677,2017-02-20,600519,350.41,361.29,362.32,350.01,61853,2215563600.0,3.51,3.06,10.73,0.49,361.29,362.32,350.01,77.87,19.1,14.45,24.53,18.56,34.93,24.83
3678,2017-02-21,600519,361.88,358.74,362.43,357.18,27706,994112864.0,1.45,-0.71,-2.55,0.22,358.74,362.43,357.18,79.01,19.21,13.9,24.31,17.59,34.44,24.6
3679,2017-02-22,600519,360.61,361.89,366.52,360.0,37130,1347469104.0,1.82,0.88,3.15,0.3,361.89,366.52,360.0,79.29,23.3,9.0,29.39,11.35,34.93,26.72
3680,2017-02-23,600519,360.97,361.7,365.48,359.76,23328,844123200.0,1.58,-0.05,-0.19,0.19,361.7,365.48,359.76,80.25,22.92,9.24,28.56,11.51,32.72,28.96
3681,2017-02-24,600519,362.0,362.62,362.89,360.05,17693,639123200.0,0.79,0.25,0.92,0.14,362.62,362.89,360.05,79.16,22.92,9.2,28.95,11.62,30.06,31.11
3682,2017-02-27,600519,362.49,357.2,362.85,356.8,25400,912927184.0,1.67,-1.49,-5.42,0.2,357.2,362.85,356.8,80.95,22.92,10.63,28.31,13.13,32.68,33.76
3683,2017-02-28,600519,357.0,354.66,359.2,353.58,27474,975788672.0,1.57,-0.71,-2.54,0.22,354.66,359.2,353.58,83.74,22.92,13.38,27.37,15.98,34.75,34.84
3684,2017-03-01,600519,355.1,356.61,358.2,355.0,21944,782349008.0,0.9,0.55,1.95,0.17,356.61,358.2,355.0,82.7,19.63,13.38,23.74,16.18,35.23,34.84
3685,2017-03-02,600519,356.71,356.82,357.0,354.53,22104,785560416.0,0.69,0.06,0.21,0.18,356.82,357.0,354.53,80.35,18.6,13.85,23.15,17.24,30.29,32.61
3686,2017-03-03,600519,355.0,356.54,358.22,355.0,14154,505108560.0,0.9,-0.08,-0.28,0.11,356.54,358.22,355.0,73.59,19.82,10.77,26.93,14.64,28.13,30.42
3687,2017-03-06,600519,357.66,358.96,359.54,356.55,22819,818625872.0,0.84,0.68,2.42,0.18,358.96,359.54,356.55,73.09,20.44,10.77,27.97,14.74,26.18,28.12
3688,2017-03-07,600519,358.03,367.2,368.88,358.03,46287,1694198544.0,3.02,2.3,8.24,0.37,367.2,368.88,358.03,78.7,29.78,8.87,37.84,11.27,29.09,30.88
3689,2017-03-08,600519,367.18,367.28,368.49,365.5,16038,588667680.0,0.81,0.02,0.08,0.13,367.28,368.49,365.5,78.58,29.78,7.18,37.9,9.14,34.9,34.82
3690,2017-03-09,600519,367.0,369.9,369.98,365.56,23406,860084032.0,1.2,0.71,2.62,0.19,369.9,369.98,365.56,76.06,25.45,7.18,33.46,9.44,41.07,38.15
3691,2017-03-10,600519,369.92,369.85,377.0,368.36,40951,1524343088.0,2.34,-0.01,-0.05,0.33,369.85,377.0,368.36,72.39,24.59,7.18,33.97,9.92,47.77,39.03
3692,2017-03-13,600519,370.05,371.55,374.33,367.53,27674,1027592800.0,1.84,0.46,1.7,0.22,371.55,374.33,367.53,73.94,24.48,8.01,33.11,10.83,51.29,39.71
3693,2017-03-14,600519,371.55,369.5,373.85,368.34,20416,756359632.0,1.48,-0.55,-2.05,0.16,369.5,373.85,368.34,71.67,20.39,8.01,28.45,11.18,53.39,39.78
3694,2017-03-15,600519,369.5,374.68,375.15,369.01,25155,935994832.0,1.66,1.4,5.18,0.2,374.68,375.15,369.01,72.09,21.69,7.77,30.09,10.78,52.25,40.67
3695,2017-03-16,600519,376.56,374.77,378.3,372.8,25023,938231440.0,1.47,0.02,0.09,0.2,374.77,378.3,372.8,74.75,24.84,7.77,33.23,10.39,50.78,42.84
3696,2017-03-17,600519,373.1,378.48,384.45,373.1,34700,1315336848.0,3.03,0.99,3.71,0.28,378.48,384.45,373.1,80.05,30.99,4.52,38.71,5.65,53.87,47.47
3697,2017-03-20,600519,380.5,386.41,386.71,378.88,31546,1209603920.0,2.07,2.1,7.93,0.25,386.41,386.71,378.88,82.66,33.25,1.3,40.23,1.57,60.15,53.96
3698,2017-03-21,600519,386.55,394.01,396.5,386.5,48461,1901883744.0,2.59,1.97,7.6,0.39,394.01,396.5,386.5,89.21,43.04,1.3,48.25,1.46,67.39,59.34
3699,2017-03-22,600519,390.53,394.48,394.6,385.0,45533,1775217760.0,2.44,0.12,0.47,0.36,394.48,394.6,385.0,96.34,43.04,2.33,44.68,2.42,75.08,64.23
3700,2017-03-23,600519,392.03,389.79,393.99,386.6,34505,1345058752.0,1.87,-1.19,-4.69,0.27,389.79,393.99,386.6,101.0,41.82,2.33,41.41,2.31,82.11,67.18
3701,2017-03-24,600519,392.32,386.82,393.22,385.0,33288,1292313392.0,2.11,-0.76,-2.97,0.26,386.82,393.22,385.0,106.22,40.5,3.93,38.13,3.7,87.11,68.94
3702,2017-03-27,600519,386.03,378.82,389.26,378.39,53690,2054742976.0,2.81,-2.07,-8.0,0.43,378.82,389.26,378.39,106.24,31.16,10.54,29.33,9.92,82.92,68.4
3703,2017-03-28,600519,379.95,380.26,381.15,376.66,41187,1558258560.0,1.19,0.38,1.44,0.33,380.26,381.15,376.66,107.74,31.16,12.27,28.92,11.39,74.76,67.46
3704,2017-03-29,600519,381.01,383.65,385.8,379.9,37300,1429610960.0,1.55,0.89,3.39,0.3,383.65,385.8,379.9,109.22,34.32,12.27,31.42,11.23,66.96,67.17
3705,2017-03-30,600519,383.0,386.14,386.89,382.6,31613,1216016528.0,1.12,0.65,2.49,0.25,386.14,386.89,382.6,104.87,28.39,12.27,27.07,11.7,58.61,66.85
3706,2017-03-31,600519,386.2,386.36,388.0,384.18,24474,945503280.0,0.99,0.06,0.22,0.19,386.36,388.0,384.18,101.89,29.5,11.44,28.95,11.23,51.06,66.58
3707,2017-04-05,600519,385.66,389.66,394.99,385.0,40790,1594997312.0,2.59,0.85,3.3,0.32,389.66,394.99,385.0,106.37,36.49,11.44,34.3,10.75,46.05,66.58
3708,2017-04-06,600519,389.01,391.91,393.0,386.63,28857,1125204240.0,1.63,0.58,2.25,0.23,391.91,393.0,386.63,106.6,35.19,11.44,33.01,10.73,46.3,64.61
3709,2017-04-07,600519,392.99,392.87,394.0,389.6,24097,945589200.0,1.12,0.24,0.96,0.19,392.87,394.0,389.6,105.5,33.04,11.44,31.32,10.84,47.14,60.95
3710,2017-04-10,600519,394.0,389.2,394.0,388.0,28869,1126296272.0,1.53,-0.93,-3.67,0.23,389.2,394.0,388.0,100.15,26.89,13.04,26.85,13.02,45.03,56.0
3711,2017-04-11,600519,388.05,385.29,390.7,380.6,43531,1679537552.0,2.6,-1.0,-3.91,0.35,385.29,390.7,380.6,102.02,24.63,20.44,24.14,20.04,39.98,49.29
3712,2017-04-12,600519,385.29,390.23,391.0,384.8,27003,1049245584.0,1.61,1.28,4.94,0.21,390.23,391.0,384.8,98.13,15.14,20.44,15.43,20.83,35.11,43.08
3713,2017-04-13,600519,390.78,398.39,398.59,390.51,45648,1805008864.0,2.07,2.09,8.16,0.36,398.39,398.59,390.51,96.89,22.73,18.94,23.46,19.55,27.91,36.98
3714,2017-04-14,600519,399.43,395.45,399.88,395.0,23647,938378992.0,1.22,-0.74,-2.94,0.19,395.45,399.88,395.0,93.89,24.02,18.94,25.58,20.17,21.39,33.84
3715,2017-04-17,600519,391.0,395.79,398.28,388.55,28794,1136763712.0,2.46,0.09,0.34,0.23,395.79,398.28,388.55,95.4,24.02,23.79,25.18,24.94,13.38,30.26
3716,2017-04-18,600519,394.6,404.65,406.55,394.6,49581,1987661264.0,3.02,2.24,8.86,0.39,404.65,406.55,394.6,96.48,32.29,17.18,33.47,17.81,12.69,28.86
3717,2017-04-19,600519,403.0,405.74,409.1,402.86,37550,1521983648.0,1.54,0.27,1.09,0.3,405.74,409.1,402.86,98.23,34.84,15.45,35.47,15.73,17.57,28.77
3718,2017-04-20,600519,406.09,415.31,420.43,406.09,50458,2091241456.0,3.53,2.36,9.57,0.4,415.31,420.43,406.09,107.02,41.52,15.45,38.8,14.44,22.71,28.91
3719,2017-04-21,600519,415.0,400.53,415.6,400.0,49333,2015062640.0,3.76,-3.56,-14.78,0.39,400.53,415.6,400.0,118.33,40.43,21.54,34.17,18.2,26.27,27.09
3720,2017-04-24,600519,400.62,398.55,405.0,389.0,50038,1986424992.0,3.99,-0.49,-1.98,0.4,398.55,405.0,389.0,130.51,39.32,32.54,30.13,24.93,25.88,23.63
3721,2017-04-25,600519,404.8,418.89,420.17,404.8,76193,3143136336.0,3.86,5.1,20.34,0.61,418.89,420.17,404.8,142.14,47.5,32.54,33.42,22.89,28.91,21.15
3722,2017-04-26,600519,418.85,417.96,428.68,413.01,56624,2384125120.0,3.74,-0.22,-0.93,0.45,417.96,428.68,413.01,151.44,56.01,32.54,36.98,21.49,28.24,20.46
3723,2017-04-27,600519,415.53,421.44,421.97,410.43,28241,1180494896.0,2.76,0.83,3.48,0.22,421.44,421.97,410.43,158.58,55.01,35.12,34.69,22.15,25.49,21.53
3724,2017-04-28,600519,421.99,413.48,423.0,409.9,49506,2052093808.0,3.11,-1.89,-7.96,0.39,413.48,423.0,409.9,165.68,56.04,33.52,33.82,20.23,22.05,22.38
3725,2017-05-02,600519,411.6,412.08,415.0,409.18,23292,960137248.0,1.41,-0.34,-1.4,0.19,412.08,415.0,409.18,161.4,56.04,26.84,34.72,16.63,22.85,24.56
3726,2017-05-03,600519,411.0,417.61,417.66,411.0,20268,842560352.0,1.62,1.34,5.53,0.16,417.61,417.66,411.0,161.86,58.4,26.84,36.08,16.58,27.44,26.66
3727,2017-05-04,600519,414.63,416.0,418.48,414.63,26709,1111200112.0,0.92,-0.39,-1.61,0.21,416.0,418.48,414.63,157.35,51.63,26.84,32.81,17.06,29.59,29.25
3728,2017-05-05,600519,416.2,416.19,422.78,415.1,37437,1566063424.0,1.85,0.05,0.19,0.3,416.19,422.78,415.1,160.15,54.64,26.84,34.12,16.76,30.86,29.55
3729,2017-05-08,600519,416.18,405.48,417.0,404.72,40722,1671035536.0,2.95,-2.57,-10.71,0.32,405.48,417.0,404.72,162.7,54.64,30.77,33.58,18.91,31.84,28.67
3730,2017-05-09,600519,404.44,408.76,409.88,398.0,52802,2126236512.0,2.93,0.81,3.28,0.42,408.76,409.88,398.0,162.63,46.37,37.49,28.51,23.05,29.42,25.74
3731,2017-05-10,600519,408.4,410.09,414.44,407.02,26039,1070652720.0,1.82,0.33,1.33,0.21,410.09,414.44,407.02,163.81,48.38,37.49,29.53,22.89,25.66,24.25
3732,2017-05-11,600519,408.4,412.16,414.7,406.51,30468,1254053008.0,2.0,0.5,2.07,0.24,412.16,414.7,406.51,157.31,37.05,38.0,23.55,24.16,19.7,23.57
3733,2017-05-12,600519,413.59,413.47,415.3,410.01,22337,921621376.0,1.28,0.32,1.31,0.18,413.47,415.3,410.01,147.0,37.65,31.91,25.61,21.71,15.81,22.7
3734,2017-05-15,600519,413.12,419.55,420.35,413.12,33447,1398908208.0,1.75,1.47,6.08,0.27,419.55,420.35,413.12,138.23,42.7,20.91,30.89,15.13,15.83,23.35
3735,2017-05-16,600519,419.6,430.12,431.22,418.26,50165,2145037952.0,3.09,2.52,10.57,0.4,430.12,431.22,418.26,129.57,38.4,20.91,29.64,16.14,16.09,23.97
3736,2017-05-17,600519,429.0,426.6,430.19,424.88,27515,1174696176.0,1.23,-0.82,-3.52,0.22,426.6,430.19,424.88,119.21,29.89,20.91,25.07,17.54,17.27,23.34
3737,2017-05-18,600519,425.05,429.54,430.7,425.01,24301,1040535488.0,1.33,0.69,2.94,0.19,429.54,430.7,425.01,113.36,30.4,18.33,26.82,16.17,19.28,22.47
3738,2017-05-19,600519,429.57,440.82,441.8,429.57,38311,1672948416.0,2.85,2.63,11.28,0.3,440.82,441.8,429.57,112.52,40.47,18.33,35.97,16.29,25.35,22.52
3739,2017-05-22,600519,439.04,441.78,446.01,436.2,35321,1560087952.0,2.23,0.22,0.96,0.28,441.78,446.01,436.2,116.51,44.68,17.61,38.35,15.11,31.22,23.51
3740,2017-05-23,600519,442.25,454.2,454.47,442.25,48454,2178738032.0,2.77,2.81,12.42,0.39,454.2,454.47,442.25,122.54,50.48,17.61,41.19,14.37,33.55,24.69
3741,2017-05-24,600519,452.9,450.32,456.48,446.0,40226,1812513088.0,2.31,-0.85,-3.88,0.32,450.32,456.48,446.0,129.17,51.67,17.61,40.0,13.63,36.83,26.46
3742,2017-05-25,600519,448.71,450.6,452.96,447.5,28898,1299628592.0,1.21,0.06,0.28,0.23,450.6,452.96,447.5,126.95,47.37,17.61,37.31,13.87,41.52,29.39
3743,2017-05-26,600519,450.82,451.92,455.6,448.0,27387,1237323136.0,1.69,0.29,1.32,0.22,451.92,455.6,448.0,122.27,50.01,7.23,40.9,5.91,49.85,34.57
3744,2017-05-31,600519,450.0,442.94,450.5,440.11,44312,1968887168.0,2.3,-1.99,-8.98,0.35,442.94,450.5,440.11,122.2,50.01,8.4,40.92,6.87,55.44,40.4
3745,2017-06-01,600519,442.5,449.28,449.95,441.01,40605,1808305712.0,2.02,1.43,6.34,0.32,449.28,449.95,441.01,123.72,45.45,8.4,36.74,6.79,59.67,45.44
3746,2017-06-02,600519,450.0,447.31,450.95,445.6,21785,974893312.0,1.19,-0.44,-1.97,0.17,447.31,450.95,445.6,120.88,46.45,7.89,38.43,6.53,63.45,48.5
3747,2017-06-05,600519,448.04,444.41,449.0,442.35,19241,854876928.0,1.49,-0.65,-2.9,0.15,444.41,449.0,442.35,122.24,45.85,11.14,37.51,9.11,65.41,51.12
3748,2017-06-06,600519,444.97,448.82,449.0,444.2,20402,912438704.0,1.08,0.99,4.41,0.16,448.82,449.0,444.2,119.81,40.8,11.14,34.05,9.3,67.29,54.41
3749,2017-06-07,600519,449.12,459.37,460.0,449.12,38834,1774212480.0,2.42,2.35,10.55,0.31,459.37,460.0,449.12,118.03,40.93,11.14,34.68,9.44,64.37,57.11
3750,2017-06-08,600519,461.32,464.31,464.4,458.5,28951,1338443408.0,1.28,1.08,4.94,0.23,464.31,464.4,458.5,118.62,45.33,11.14,38.21,9.39,62.59,59.02
3751,2017-06-09,600519,464.24,465.74,470.8,463.0,31431,1467836832.0,1.68,0.31,1.43,0.25,465.74,470.8,463.0,120.73,51.22,11.14,42.43,9.23,61.83,60.75
3752,2017-06-12,600519,467.0,472.88,475.44,465.0,35109,1654502000.0,2.24,1.53,7.14,0.28,472.88,475.44,465.0,118.91,44.76,11.14,37.64,9.37,60.03,61.74
3753,2017-06-13,600519,473.05,473.04,474.5,467.0,24238,1141536368.0,1.59,0.03,0.16,0.19,473.04,474.5,467.0,116.6,40.55,11.14,34.78,9.55,59.36,62.38
3754,2017-06-14,600519,472.79,474.39,477.5,470.48,33769,1600846624.0,1.48,0.29,1.35,0.27,474.39,477.5,470.48,110.93,35.09,11.14,31.63,10.04,58.48,62.89
3755,2017-06-15,600519,475.0,464.3,475.48,464.0,50203,2347172384.0,2.42,-2.13,-10.09,0.4,464.3,475.48,464.0,111.93,33.08,17.62,29.55,15.74,54.03,59.2
3756,2017-06-16,600519,461.5,462.63,467.49,461.26,33332,1544955952.0,1.34,-0.36,-1.67,0.27,462.63,467.49,461.26,112.7,33.08,20.36,29.35,18.07,47.9,55.25
3757,2017-06-19,600519,461.96,470.17,470.39,461.96,38537,1803585248.0,1.82,1.63,7.54,0.31,470.17,470.39,461.96,113.53,33.34,20.36,29.37,17.93,41.22,51.53
3758,2017-06-20,600519,473.0,466.3,474.88,465.66,34505,1614858144.0,1.96,-0.82,-3.87,0.27,466.3,474.88,465.66,110.94,37.83,12.47,34.1,11.24,39.6,49.81
3759,2017-06-21,600519,469.55,472.71,473.0,466.03,42039,1974672848.0,1.49,1.37,6.41,0.33,472.71,473.0,466.03,108.97,37.83,12.47,34.72,11.44,38.52,48.94
3760,2017-06-22,600519,473.02,472.75,477.93,471.2,38242,1815684368.0,1.42,0.01,0.04,0.3,472.75,477.93,471.2,110.35,41.76,12.47,37.84,11.3,38.89,48.68
3761,2017-06-23,600519,472.86,472.73,474.88,468.33,31304,1473803776.0,1.39,0.0,-0.02,0.25,472.73,474.88,468.33,110.25,41.76,12.09,37.88,10.97,42.99,48.51
3762,2017-06-26,600519,473.01,484.68,485.0,472.0,52933,2536430496.0,2.75,2.53,11.95,0.42,484.68,485.0,472.0,118.45,51.88,12.09,43.8,10.21,49.39,48.64
3763,2017-06-27,600519,482.82,484.1,485.0,480.85,27981,1350476768.0,0.86,-0.12,-0.58,0.22,484.1,485.0,480.85,111.42,40.88,12.09,36.69,10.85,54.42,47.82
3764,2017-06-28,600519,484.09,475.3,484.09,473.0,37729,1799676816.0,2.29,-1.82,-8.8,0.3,475.3,484.09,473.0,116.62,36.48,19.94,31.28,17.1,50.9,45.25
3765,2017-06-29,600519,476.3,473.01,477.35,470.0,35093,1657994400.0,1.55,-0.48,-2.29,0.28,473.01,477.35,470.0,116.17,30.08,22.94,25.89,19.75,44.74,41.63
3766,2017-06-30,600519,471.51,471.85,474.16,467.8,22427,1056424784.0,1.34,-0.25,-1.16,0.18,471.85,474.16,467.8,112.09,25.44,25.14,22.7,22.43,35.84,37.36
3767,2017-07-03,600519,474.2,460.37,474.2,457.9,49629,2298656464.0,3.45,-2.43,-11.48,0.4,460.37,474.2,457.9,120.89,25.44,35.04,21.04,28.99,29.3,36.14
3768,2017-07-04,600519,458.96,451.92,460.0,449.0,56489,2563886384.0,2.39,-1.84,-8.45,0.45,451.92,460.0,449.0,125.24,22.44,43.94,17.92,35.08,24.33,36.86
3769,2017-07-05,600519,453.01,460.13,460.33,453.01,37540,1718844528.0,1.62,1.82,8.21,0.3,460.13,460.33,453.01,122.17,22.77,37.46,18.64,30.66,19.34,36.88
3770,2017-07-06,600519,458.11,455.98,460.2,450.6,42044,1913037504.0,2.09,-0.9,-4.15,0.33,455.98,460.2,450.6,125.54,22.77,37.13,18.14,29.58,18.45,34.67
3771,2017-07-07,600519,451.05,445.97,451.1,441.2,37796,1681450720.0,2.17,-2.2,-10.01,0.3,445.97,451.1,441.2,131.89,19.87,46.53,15.07,35.28,22.89,33.82
3772,2017-07-10,600519,446.88,454.47,454.9,442.97,36624,1648443664.0,2.68,1.91,8.5,0.29,454.47,454.9,442.97,134.6,19.18,46.53,14.25,34.57,29.73,32.79
3773,2017-07-11,600519,454.5,463.13,464.58,454.0,44602,2054854496.0,2.33,1.91,8.66,0.36,463.13,464.58,454.0,138.21,28.86,46.53,20.88,33.67,30.99,30.15
3774,2017-07-12,600519,465.8,457.47,465.99,455.0,28951,1330327920.0,2.37,-1.22,-5.66,0.23,457.47,465.99,455.0,142.47,25.34,46.53,17.79,32.66,30.51,27.42
3775,2017-07-13,600519,455.35,456.16,461.91,453.68,25951,1183440448.0,1.8,-0.29,-1.31,0.21,456.16,461.91,453.68,144.15,25.34,44.98,17.58,31.2,31.1,25.22
3776,2017-07-14,600519,456.25,456.41,458.76,453.05,17727,806510272.0,1.25,0.05,0.25,0.14,456.41,458.76,453.05,136.86,15.22,45.61,11.12,33.33,35.43,26.94
3777,2017-07-17,600519,457.04,450.07,458.04,446.28,35264,1595292992.0,2.58,-1.39,-6.34,0.28,450.07,458.04,446.28,144.47,15.22,52.38,10.54,36.26,37.9,30.4
3778,2017-07-18,600519,451.99,452.55,453.99,448.0,30684,1384468256.0,1.33,0.55,2.48,0.24,452.55,453.99,448.0,139.36,15.22,44.53,10.92,31.95,39.14,34.44
3779,2017-07-19,600519,454.0,456.86,463.62,452.8,56260,2574934656.0,2.39,0.95,4.31,0.45,456.86,463.62,452.8,143.08,24.85,41.53,17.37,29.03,39.42,35.21
3780,2017-07-20,600519,455.86,466.47,466.89,455.86,46635,2160731536.0,2.41,2.1,9.61,0.37,466.47,466.89,455.86,147.75,28.12,39.33,19.03,26.62,37.28,33.89
3781,2017-07-21,600519,466.96,473.2,475.01,463.66,46792,2207195744.0,2.43,1.44,6.73,0.37,473.2,475.01,463.66,142.8,36.24,29.43,25.38,20.61,34.35,32.72
3782,2017-07-24,600519,474.88,477.8,485.35,474.88,42716,2052709808.0,2.21,0.97,4.6,0.34,477.8,485.35,474.88,143.58,46.58,20.53,32.44,14.3,32.49,33.96
3783,2017-07-25,600519,482.2,477.96,482.8,476.1,21930,1051446096.0,1.4,0.03,0.16,0.17,477.96,482.8,476.1,141.87,46.25,20.53,32.6,14.47,29.75,33.83
3784,2017-07-26,600519,478.05,471.63,481.63,466.56,31470,1487729152.0,3.15,-1.32,-6.33,0.25,471.63,481.63,466.56,147.34,46.25,27.66,31.39,18.77,25.77,32.45
3785,2017-07-27,600519,471.63,473.87,475.85,471.1,19595,928077232.0,1.01,0.47,2.24,0.16,473.87,475.85,471.1,137.31,46.25,18.26,33.68,13.3,28.81,34.12
3786,2017-07-28,600519,471.0,483.92,484.07,467.71,46619,2235811536.0,3.45,2.12,10.05,0.37,483.92,484.07,467.71,141.74,50.67,18.26,35.75,12.88,33.88,35.58
3787,2017-07-31,600519,484.0,481.22,487.96,481.0,38412,1861154800.0,1.44,-0.56,-2.7,0.31,481.22,487.96,481.0,138.12,44.88,18.26,32.49,13.22,39.18,36.76
3788,2017-08-01,600519,481.0,480.24,483.0,477.4,27502,1318453664.0,1.16,-0.2,-0.98,0.22,480.24,483.0,477.4,132.73,43.47,21.86,32.75,16.47,38.22,35.36
3789,2017-08-02,600519,480.04,482.84,484.88,478.51,26774,1289564016.0,1.33,0.54,2.6,0.21,482.84,484.88,478.51,130.87,45.35,20.54,34.65,15.69,38.08,33.91
3790,2017-08-03,600519,483.68,477.22,486.85,475.63,31768,1522998144.0,2.32,-1.16,-5.62,0.25,477.22,486.85,475.63,136.38,45.35,22.79,33.25,16.71,39.4,32.58
3791,2017-08-04,600519,477.0,473.64,478.98,472.6,18681,887074160.0,1.34,-0.75,-3.58,0.15,473.64,478.98,472.6,131.0,45.35,19.05,34.62,14.54,38.98,33.89
3792,2017-08-07,600519,472.5,481.56,482.4,471.13,23099,1104715344.0,2.38,1.67,7.92,0.18,481.56,482.4,471.13,136.28,48.77,19.05,35.79,13.98,38.44,36.16
3793,2017-08-08,600519,482.0,482.58,484.22,479.5,16052,773408192.0,0.98,0.21,1.02,0.13,482.58,484.22,479.5,129.93,40.96,19.05,31.52,14.66,37.5,38.34
3794,2017-08-09,600519,484.84,490.85,492.98,482.03,41794,2045888048.0,2.27,1.71,8.27,0.33,490.85,492.98,482.03,129.85,46.45,19.05,35.77,14.67,38.96,38.59
3795,2017-08-10,600519,491.09,491.63,499.6,489.0,35364,1747693648.0,2.16,0.16,0.78,0.28,491.63,499.6,489.0,129.1,44.95,19.05,34.82,14.76,39.43,38.75
3796,2017-08-11,600519,489.0,484.06,496.55,483.48,36573,1785149168.0,2.66,-1.54,-7.57,0.29,484.06,496.55,483.48,130.02,34.61,24.57,26.62,18.9,36.74,38.07
3797,2017-08-14,600519,485.21,499.83,500.1,485.21,39331,1952353920.0,3.08,3.26,15.77,0.31,499.83,500.1,485.21,139.36,38.16,24.57,27.38,17.63,33.54,36.26
3798,2017-08-15,600519,500.11,495.97,501.1,495.01,27163,1350104672.0,1.22,-0.77,-3.86,0.22,495.97,501.1,495.01,130.38,39.16,15.03,30.04,11.53,33.66,36.05
3799,2017-08-16,600519,498.0,496.49,498.8,493.0,18587,921412992.0,1.17,0.1,0.52,0.15,496.49,498.8,493.0,131.43,39.16,17.04,29.8,12.97,34.14,35.82
3800,2017-08-17,600519,497.6,492.69,497.6,489.8,25847,1272341264.0,1.57,-0.77,-3.8,0.21,492.69,497.6,489.8,122.87,30.94,20.24,25.18,16.47,30.65,34.8
3801,2017-08-18,600519,492.8,489.65,494.44,488.0,23858,1169732672.0,1.31,-0.62,-3.04,0.19,489.65,494.44,488.0,122.35,27.05,22.04,22.11,18.01,25.6,32.52
3802,2017-08-21,600519,488.0,489.73,494.4,486.94,23547,1153168720.0,1.52,0.02,0.08,0.19,489.73,494.4,486.94,124.21,27.05,19.5,21.78,15.7,25.48,31.11
3803,2017-08-22,600519,487.4,487.22,489.48,476.0,42457,2051271360.0,2.75,-0.51,-2.51,0.34,487.22,489.48,476.0,131.57,25.17,30.44,19.13,23.14,23.45,28.5
3804,2017-08-23,600519,485.45,494.01,494.63,484.32,27215,1337347648.0,2.12,1.39,6.79,0.22,494.01,494.63,484.32,130.66,30.32,27.56,23.21,21.09,16.82,25.24
3805,2017-08-24,600519,493.99,492.81,496.4,492.02,18157,896861680.0,0.89,-0.24,-1.2,0.14,492.81,496.4,492.02,128.66,32.09,24.53,24.94,19.07,12.49,23.31
3806,2017-08-25,600519,493.45,492.99,494.25,489.32,17298,850598720.0,1.0,0.04,0.18,0.14,492.99,494.25,489.32,122.32,28.67,27.23,23.44,22.26,9.43,20.04
3807,2017-08-28,600519,493.0,492.04,497.29,491.03,29021,1432545552.0,1.27,-0.19,-0.95,0.23,492.04,497.29,491.03,123.86,29.89,27.23,24.13,21.98,8.51,17.06
3808,2017-08-29,600519,493.02,489.44,494.88,488.01,25177,1234431712.0,1.4,-0.53,-2.6,0.2,489.44,494.88,488.01,119.78,21.13,30.25,17.64,25.25,8.76,17.12
3809,2017-08-30,600519,489.7,492.97,493.75,489.16,18504,910133936.0,0.94,0.72,3.53,0.15,492.97,493.75,489.16,113.77,14.51,30.25,12.75,26.59,13.04,18.25
3810,2017-08-31,600519,494.04,491.15,494.88,489.8,18737,921659712.0,1.03,-0.37,-1.82,0.15,491.15,494.88,489.8,105.78,15.64,24.73,14.79,23.38,16.0,16.41
3811,2017-09-01,600519,490.2,495.18,496.28,490.03,31451,1554634576.0,1.27,0.82,4.03,0.25,495.18,496.28,490.03,95.99,13.49,24.73,14.05,25.76,18.68,15.58
3812,2017-09-04,600519,495.18,492.42,496.66,491.27,18932,932954816.0,1.09,-0.56,-2.76,0.15,492.42,496.66,491.27,95.29,12.87,24.73,13.51,25.95,23.51,16.47
3813,2017-09-05,600519,492.88,489.99,493.99,489.5,22622,1112006400.0,0.91,-0.49,-2.43,0.18,489.99,493.99,489.5,93.98,12.87,24.49,13.69,26.06,27.91,18.21
3814,2017-09-06,600519,490.0,484.98,492.77,484.84,33007,1608066096.0,1.62,-1.02,-5.01,0.26,484.98,492.77,484.84,94.11,12.87,25.95,13.68,27.57,30.57,19.67
3815,2017-09-07,600519,485.31,481.27,486.9,480.06,33320,1605408576.0,1.41,-0.76,-3.71,0.27,481.27,486.9,480.06,94.51,12.87,28.93,13.62,30.61,31.11,22.08
3816,2017-09-08,600519,478.25,474.37,480.5,474.0,41173,1962989424.0,1.35,-1.43,-6.9,0.33,474.37,480.5,474.0,94.32,12.87,33.93,13.65,35.97,34.86,25.43
3817,2017-09-11,600519,471.09,478.32,482.22,469.98,45374,2161657248.0,2.58,0.83,3.95,0.36,478.32,482.22,469.98,92.83,12.87,27.01,13.86,29.1,35.87,27.27
3818,2017-09-12,600519,479.5,484.91,486.0,478.4,34342,1661294224.0,1.59,1.38,6.59,0.27,484.91,486.0,478.4,90.2,11.5,27.01,12.75,29.94,37.32,30.42
3819,2017-09-13,600519,485.0,491.63,492.2,481.38,33076,1618956528.0,2.23,1.39,6.72,0.26,491.63,492.2,481.38,96.64,15.93,27.01,16.48,27.95,36.44,32.18
3820,2017-09-14,600519,492.99,490.71,494.03,488.99,19399,953145168.0,1.03,-0.19,-0.92,0.15,490.71,494.03,488.99,96.75,17.76,24.31,18.36,25.13,33.42,32.0
3821,2017-09-15,600519,492.5,489.84,492.5,488.0,16039,786562208.0,0.92,-0.18,-0.87,0.13,489.84,492.5,488.0,94.99,14.72,25.3,15.5,26.63,31.42,31.27
3822,2017-09-18,600519,490.14,498.97,500.5,490.14,42207,2101680384.0,2.11,1.86,9.13,0.34,498.97,500.5,490.14,98.78,22.72,22.28,23.0,22.56,24.09,29.47
3823,2017-09-19,600519,500.3,496.95,502.5,496.01,23055,1151152848.0,1.3,-0.4,-2.02,0.18,496.95,502.5,496.01,100.68,24.72,22.28,24.55,22.13,19.04,27.46
3824,2017-09-20,600519,496.9,496.2,500.02,496.0,17318,862024944.0,0.81,-0.15,-0.75,0.14,496.2,500.02,496.0,99.62,23.59,22.29,23.68,22.38,12.8,25.06
3825,2017-09-21,600519,495.94,498.77,500.58,492.88,19403,963615280.0,1.55,0.52,2.57,0.15,498.77,500.58,492.88,101.07,22.19,25.41,21.96,25.14,9.63,23.04
3826,2017-09-22,600519,496.9,499.93,500.18,495.8,16344,815718864.0,0.88,0.23,1.16,0.13,499.93,500.18,495.8,100.06,21.81,25.41,21.8,25.39,8.3,20.86
3827,2017-09-25,600519,500.31,507.24,508.2,500.3,32698,1649582912.0,1.58,1.46,7.31,0.26,507.24,508.2,500.3,103.84,29.83,23.64,28.73,22.77,5.83,18.63
3828,2017-09-26,600519,506.69,509.29,510.0,503.6,25470,1292872640.0,1.26,0.4,2.05,0.2,509.29,510.0,503.6,102.31,31.63,18.98,30.92,18.55,9.83,16.96
3829,2017-09-27,600519,508.92,508.21,511.03,506.07,16671,847627360.0,0.97,-0.21,-1.08,0.13,508.21,511.03,506.07,100.43,32.66,14.2,32.52,14.14,15.53,17.29
3830,2017-09-28,600519,507.2,518.46,520.2,507.15,25970,1340236080.0,2.57,2.02,10.25,0.21,518.46,520.2,507.15,106.21,41.83,8.14,39.38,7.66,26.3,19.55
3831,2017-09-29,600519,516.0,517.64,525.88,515.5,22436,1166403120.0,2.0,-0.16,-0.82,0.18,517.64,525.88,515.5,104.35,47.51,4.12,45.53,3.95,39.18,24.4
3832,2017-10-09,600519,524.54,527.77,535.55,520.1,34891,1844481600.0,2.98,1.96,10.13,0.28,527.77,535.55,520.1,114.58,53.4,4.12,46.6,3.6,52.18,30.24
3833,2017-10-10,600519,527.05,540.06,540.49,527.01,31006,1662690448.0,2.55,2.33,12.29,0.25,540.06,540.49,527.01,117.24,52.14,4.12,44.47,3.51,64.48,35.15
3834,2017-10-11,600519,538.1,545.54,551.25,538.1,33406,1824898704.0,2.43,1.01,5.48,0.27,545.54,551.25,538.1,125.35,61.07,4.12,48.72,3.29,74.87,42.35
3835,2017-10-12,600519,545.0,544.09,547.5,540.18,19646,1067464512.0,1.34,-0.27,-1.45,0.16,544.09,547.5,540.18,128.17,61.07,3.13,47.65,2.44,83.35,49.44
3836,2017-10-13,600519,545.0,556.15,556.6,542.01,27858,1534212912.0,2.68,2.22,12.06,0.22,556.15,556.6,542.01,132.1,62.17,3.13,47.06,2.37,87.18,56.74
3837,2017-10-16,600519,559.99,560.69,566.66,555.87,29909,1676810000.0,1.94,0.82,4.54,0.24,560.69,566.66,555.87,136.4,70.23,3.13,51.49,2.29,88.42,63.8
3838,2017-10-17,600519,560.97,556.73,560.97,554.0,20977,1168943280.0,1.24,-0.71,-3.96,0.17,556.73,560.97,554.0,139.35,70.23,4.99,50.4,3.58,88.6,70.39
3839,2017-10-18,600519,554.2,560.72,562.59,554.2,19179,1072237536.0,1.51,0.72,3.99,0.15,560.72,562.59,554.2,140.04,71.85,1.87,51.31,1.34,90.19,77.34
3840,2017-10-19,600519,561.0,582.6,585.15,560.72,40659,2338901856.0,4.36,3.9,21.88,0.32,582.6,585.15,560.72,160.09,94.41,1.87,58.97,1.17,91.65,83.26
3841,2017-10-20,600519,581.0,574.33,581.0,571.76,31534,1812957248.0,1.59,-1.42,-8.27,0.25,574.33,581.0,571.76,162.66,86.39,1.87,53.11,1.15,92.57,87.96
3842,2017-10-23,600519,574.92,573.41,580.5,568.0,23772,1362900416.0,2.18,-0.16,-0.92,0.19,573.41,580.5,568.0,168.76,84.59,5.63,50.12,3.34,92.09,89.63
3843,2017-10-24,600519,572.0,567.33,573.8,563.61,31274,1775645968.0,1.78,-1.06,-6.08,0.25,567.33,573.8,563.61,173.99,83.56,10.02,48.03,5.76,89.94,89.18
3844,2017-10-25,600519,569.75,565.67,571.68,562.06,25076,1418395216.0,1.7,-0.29,-1.66,0.2,565.67,571.68,562.06,170.56,74.39,11.57,43.62,6.78,87.66,88.13
3845,2017-10-26,600519,605.0,605.09,613.0,591.91,115435,6957625344.0,3.73,6.97,39.42,0.92,605.09,613.0,591.91,207.51,110.03,11.57,53.02,5.58,85.34,87.77
3846,2017-10-27,600519,602.11,649.63,655.0,600.03,84384,5284485888.0,9.08,7.36,44.54,0.67,649.63,655.0,600.03,244.57,142.36,11.57,58.21,4.73,83.48,87.57
3847,2017-10-30,600519,643.05,622.08,644.0,621.0,81008,5099041792.0,3.54,-4.24,-27.55,0.64,622.08,644.0,621.0,259.72,137.42,11.57,52.91,4.45,81.6,87.08
3848,2017-10-31,600519,622.01,618.03,627.6,611.88,51876,3206280608.0,2.53,-0.65,-4.05,0.41,618.03,627.6,611.88,262.29,126.66,20.69,48.29,7.89,79.0,85.54
3849,2017-11-01,600519,620.88,623.01,631.54,619.22,43435,2712016944.0,1.99,0.81,4.98,0.35,623.01,631.54,619.22,268.48,130.6,20.69,48.64,7.71,78.01,83.97
3850,2017-11-02,600519,626.95,626.92,629.78,621.0,34250,2144671936.0,1.41,0.63,3.91,0.27,626.92,629.78,621.0,262.67,121.5,20.69,46.26,7.88,77.65,82.66
3851,2017-11-03,600519,628.65,639.17,643.44,628.65,48189,3075651168.0,2.36,1.95,12.25,0.38,639.17,643.44,628.65,268.4,125.1,20.69,46.61,7.71,76.09,80.71
3852,2017-11-06,600519,641.5,653.06,657.62,640.2,48514,3153638704.0,2.73,2.17,13.89,0.39,653.06,657.62,640.2,279.88,139.28,18.82,49.76,6.72,74.62,79.05
3853,2017-11-07,600519,650.58,642.07,657.15,638.18,55565,3592238400.0,2.9,-1.68,-10.99,0.44,642.07,657.15,638.18,290.46,137.66,20.84,47.39,7.17,72.83,77.21
3854,2017-11-08,600519,642.33,650.38,654.5,642.33,43952,2855374064.0,1.9,1.29,8.31,0.35,650.38,654.5,642.33,278.46,115.1,20.84,41.33,7.48,72.4,75.7
3855,2017-11-09,600519,648.0,650.07,654.15,644.61,33641,2183815392.0,1.47,-0.05,-0.31,0.27,650.07,654.15,644.61,277.16,115.1,20.84,41.53,7.52,71.85,74.93
3856,2017-11-10,600519,650.43,677.95,683.4,650.43,74079,4967970816.0,5.07,4.29,27.88,0.59,677.95,683.4,650.43,297.99,144.35,17.08,48.44,5.73,73.17,75.41
3857,2017-11-13,600519,680.0,687.88,692.78,675.8,49870,3402794000.0,2.5,1.46,9.93,0.4,687.88,692.78,675.8,304.78,153.73,12.69,50.44,4.16,75.36,75.72
3858,2017-11-14,600519,687.14,678.75,687.22,677.35,46367,3159112672.0,1.43,-1.33,-9.13,0.37,678.75,687.22,677.35,305.69,153.73,11.14,50.29,3.64,77.08,75.85
3859,2017-11-15,600519,678.75,688.08,689.99,674.0,45036,3074244080.0,2.36,1.37,9.33,0.36,688.08,689.99,674.0,274.35,112.41,14.49,40.97,5.28,77.65,75.24
3860,2017-11-16,600519,686.01,719.11,719.96,686.01,60716,4299283200.0,4.93,4.51,31.03,0.48,719.11,719.96,686.01,253.33,100.38,14.49,39.62,5.72,78.56,75.48
3861,2017-11-17,600519,696.0,690.25,709.0,677.77,123861,8548748032.0,4.34,-4.01,-28.86,0.99,690.25,709.0,677.77,266.04,100.38,22.73,37.73,8.54,77.51,74.68
3862,2017-11-20,600519,676.8,679.15,685.6,660.0,88306,5954131968.0,3.71,-1.61,-11.1,0.7,679.15,685.6,660.0,280.57,100.38,31.38,35.78,11.18,73.1,73.14
3863,2017-11-21,600519,669.0,677.25,688.8,662.02,96017,6491134464.0,3.94,-0.28,-1.9,0.76,677.25,688.8,662.02,293.84,99.64,31.38,33.91,10.68,67.66,71.51
3864,2017-11-22,600519,677.0,650.52,688.0,650.0,128498,8528143360.0,5.61,-3.95,-26.73,1.02,650.52,688.0,650.0,323.06,99.64,43.4,30.84,13.43,59.8,68.44
3865,2017-11-23,600519,642.0,633.73,646.0,630.22,109599,6984097536.0,2.43,-2.58,-16.79,0.87,633.73,646.0,630.22,326.84,85.98,63.18,26.31,19.33,49.49,63.57
3866,2017-11-24,600519,635.9,630.04,642.5,622.23,76542,4835809024.0,3.2,-0.58,-3.69,0.61,630.04,642.5,622.23,328.66,71.8,71.17,21.85,21.65,37.1,57.83
3867,2017-11-27,600519,634.0,621.29,636.33,613.01,63548,3975262032.0,3.7,-1.39,-8.75,0.51,621.29,636.33,613.01,333.01,71.8,78.37,21.56,23.53,27.31,52.41
3868,2017-11-28,600519,625.06,648.23,648.88,624.0,70292,4491543552.0,4.0,4.34,26.94,0.56,648.23,648.88,624.0,348.17,84.35,78.37,24.23,22.51,19.2,46.15
3869,2017-11-29,600519,649.94,638.12,651.97,634.01,46764,3005733408.0,2.77,-1.56,-10.11,0.37,638.12,651.97,634.01,356.59,87.44,78.37,24.52,21.98,11.43,39.54
3870,2017-11-30,600519,635.51,631.0,648.48,626.0,38020,2419959856.0,3.52,-1.12,-7.12,0.3,631.0,648.48,626.0,345.74,58.19,86.38,16.83,24.98,8.12,33.96
3871,2017-12-01,600519,638.01,622.35,638.99,620.13,47193,2959772016.0,2.99,-1.37,-8.65,0.38,622.35,638.99,620.13,347.62,48.81,92.25,14.04,26.54,10.71,30.1
3872,2017-12-04,600519,623.95,637.79,644.1,616.72,54268,3436687376.0,4.4,2.48,15.44,0.43,637.79,644.1,616.72,364.47,53.92,92.25,14.79,25.31,15.01,26.05
3873,2017-12-05,600519,634.0,632.96,647.4,630.13,47466,3026076464.0,2.71,-0.76,-4.83,0.38,632.96,647.4,630.13,365.75,57.22,88.9,15.64,24.31,17.89,22.6
3874,2017-12-06,600519,631.5,625.01,644.1,620.0,58174,3657236576.0,3.81,-1.26,-7.95,0.46,625.01,644.1,620.0,355.9,27.25,99.03,7.66,27.83,26.75,22.98
3875,2017-12-07,600519,624.95,616.69,624.99,615.26,51033,3155212016.0,1.56,-1.33,-8.32,0.41,616.69,624.99,615.26,324.31,27.25,95.53,8.4,29.46,35.11,23.27
3876,2017-12-08,600519,615.42,627.28,628.85,615.42,45503,2842464432.0,2.18,1.72,10.59,0.36,627.28,628.85,615.42,307.49,31.11,77.76,10.12,25.29,39.0,23.56
3877,2017-12-11,600519,631.0,650.99,651.95,631.0,72849,4702239232.0,3.34,3.78,23.71,0.58,650.99,651.95,631.0,305.38,51.01,77.76,16.7,25.46,37.33,24.02
3878,2017-12-12,600519,658.7,651.32,658.77,651.02,47889,3138650304.0,1.19,0.05,0.33,0.38,651.32,658.77,651.02,275.16,57.83,65.74,21.02,23.89,34.03,24.52
3879,2017-12-13,600519,654.99,668.21,670.0,650.72,48502,3197982048.0,2.96,2.59,16.89,0.39,668.21,670.0,650.72,274.14,69.06,45.96,25.19,16.77,33.76,25.83
3880,2017-12-14,600519,669.98,664.55,671.3,660.5,31968,2126665888.0,1.62,-0.55,-3.66,0.25,664.55,671.3,660.5,264.67,70.36,37.97,26.58,14.35,29.27,28.01
3881,2017-12-15,600519,664.0,653.79,667.95,650.78,32256,2126579408.0,2.58,-1.62,-10.76,0.26,653.79,667.95,650.78,258.52,70.36,38.47,27.22,14.88,24.88,30.0
3882,2017-12-18,600519,660.0,665.77,669.8,658.58,39162,2599749872.0,1.72,1.83,11.98,0.31,665.77,669.8,658.58,246.94,59.66,38.47,24.16,15.58,21.34,30.17
3883,2017-12-19,600519,663.0,667.09,672.44,661.0,44072,2944470864.0,1.72,0.2,1.32,0.35,667.09,672.44,661.0,240.42,59.21,38.47,24.63,16.0,21.42,29.37
3884,2017-12-20,600519,669.9,684.91,686.86,664.03,63601,4321305856.0,3.42,2.67,17.82,0.51,684.91,686.86,664.03,240.77,73.63,30.46,30.58,12.65,27.26,30.65
3885,2017-12-21,600519,683.0,681.74,687.42,675.5,46680,3178595840.0,1.74,-0.46,-3.17,0.37,681.74,687.42,675.5,233.83,74.19,24.59,31.73,10.52,32.29,33.02
3886,2017-12-22,600519,680.0,682.92,685.9,677.01,28317,1930315472.0,1.3,0.17,1.18,0.23,682.92,685.9,677.01,215.34,69.08,24.59,32.08,11.42,35.22,32.24
3887,2017-12-25,600519,686.0,688.12,696.3,683.72,36214,2497653984.0,1.84,0.76,5.2,0.29,688.12,696.3,683.72,211.45,76.18,24.59,36.03,11.63,38.87,31.88
3888,2017-12-26,600519,688.18,680.81,692.99,676.5,31868,2174103280.0,2.4,-1.06,-7.31,0.25,680.81,692.99,676.5,203.84,76.18,21.68,37.37,10.64,44.55,32.95
3889,2017-12-27,600519,684.86,664.18,684.86,662.5,37722,2539720704.0,3.28,-2.44,-16.63,0.3,664.18,684.86,662.5,216.45,76.18,30.94,35.2,14.29,48.05,34.73
3890,2017-12-28,600519,687.0,718.69,719.9,671.32,124141,8656875776.0,7.31,8.21,54.51,0.99,718.69,719.9,671.32,258.74,107.36,30.94,41.49,11.96,50.35,38.81
3891,2017-12-29,600519,718.0,697.49,726.5,691.6,76039,5372514560.0,4.86,-2.95,-21.2,0.61,697.49,726.5,691.6,268.97,90.86,30.94,33.78,11.5,50.18,41.23
3892,2018-01-02,600519,700.0,703.85,710.16,689.89,49612,3482407648.0,2.91,0.91,6.36,0.39,703.85,710.16,689.89,281.46,84.04,32.65,29.86,11.6,49.6,42.41
3893,2018-01-03,600519,701.5,715.86,721.4,699.74,52019,3713523696.0,3.08,1.71,12.01,0.41,715.86,721.4,699.74,283.84,84.05,32.65,29.61,11.5,48.41,43.64
3894,2018-01-04,600519,721.4,737.07,743.5,719.33,72205,5309890304.0,3.38,2.96,21.21,0.57,737.07,743.5,719.33,300.68,104.85,32.65,34.87,10.86,47.88,46.22
3895,2018-01-05,600519,741.0,738.36,746.03,728.22,39989,2946493008.0,2.42,0.18,1.29,0.32,738.36,746.03,728.22,301.32,107.38,22.93,35.64,7.61,51.64,49.85
3896,2018-01-08,600519,735.02,752.13,756.5,735.02,52205,3899951728.0,2.91,1.86,13.77,0.42,752.13,756.5,735.02,306.79,116.0,22.93,37.81,7.47,53.6,51.97
3897,2018-01-09,600519,752.21,782.52,783.0,752.21,64592,5001164544.0,4.09,4.04,30.39,0.51,782.52,783.0,752.21,326.22,139.86,22.93,42.87,7.03,57.37,53.77
3898,2018-01-10,600519,785.0,785.71,788.88,773.48,47714,3731993152.0,1.97,0.41,3.19,0.38,785.71,788.88,773.48,318.79,131.32,22.93,41.19,7.19,61.74,55.67
3899,2018-01-11,600519,787.0,774.81,788.0,772.0,50656,3942075856.0,2.04,-1.39,-10.9,0.4,774.81,788.0,772.0,322.87,130.76,24.41,40.5,7.56,65.82,57.12
3900,2018-01-12,600519,773.77,788.42,788.8,767.02,45988,3577281776.0,2.81,1.76,13.61,0.37,788.42,788.8,767.02,335.76,130.76,29.39,38.94,8.75,67.62,57.75
3901,2018-01-15,600519,793.46,785.37,799.06,779.02,52473,4136645488.0,2.54,-0.39,-3.05,0.42,785.37,799.06,779.02,342.42,130.62,29.39,38.15,8.58,67.36,59.5
3902,2018-01-16,600519,780.48,772.94,788.61,768.0,65428,5084966144.0,2.62,-1.58,-12.43,0.52,772.94,788.61,768.0,346.54,130.62,33.19,37.69,9.58,66.11,59.86
3903,2018-01-17,600519,770.0,747.93,774.0,738.51,90710,6835580416.0,4.59,-3.24,-25.01,0.72,747.93,774.0,738.51,359.67,130.62,48.68,36.32,13.53,61.76,59.56
3904,2018-01-18,600519,747.93,750.74,765.0,744.09,58979,4443031296.0,2.8,0.38,2.81,0.47,750.74,765.0,744.09,324.86,95.58,48.68,29.42,14.98,55.46,58.6
3905,2018-01-19,600519,752.9,750.18,758.9,739.02,50926,3818021984.0,2.65,-0.07,-0.56,0.41,750.18,758.9,739.02,309.84,88.98,53.75,28.72,17.35,48.16,56.99
3906,2018-01-22,600519,751.81,773.64,774.0,751.81,67127,5129674752.0,2.96,3.13,23.46,0.53,773.64,774.0,751.81,313.39,104.08,52.04,33.21,16.61,43.16,55.39
3907,2018-01-23,600519,777.81,773.78,780.0,768.6,49549,3836387696.0,1.47,0.02,0.14,0.39,773.78,780.0,768.6,303.13,98.84,52.04,32.61,17.17,37.79,52.58
3908,2018-01-24,600519,776.44,764.46,776.46,758.6,43299,3311348768.0,2.31,-1.2,-9.32,0.34,764.46,776.46,758.6,293.35,76.74,62.04,26.16,21.15,29.64,47.88
3909,2018-01-25,600519,761.0,769.16,776.0,751.0,50041,3821875040.0,3.27,0.61,4.7,0.4,769.16,776.0,751.0,300.54,74.21,69.64,24.69,23.17,22.55,42.16
3910,2018-01-26,600519,767.24,777.22,777.4,764.0,43978,3389953776.0,1.74,1.05,8.06,0.35,777.22,777.4,764.0,292.46,65.14,69.64,22.27,23.81,17.69,36.58
3911,2018-01-29,600519,778.76,736.32,779.67,735.0,74536,5637041920.0,5.75,-5.26,-40.9,0.59,736.32,779.67,735.0,306.26,38.64,98.64,12.62,32.21,20.86,34.51
3912,2018-01-30,600519,736.0,742.08,748.77,730.02,51911,3852705104.0,2.55,0.78,5.76,0.41,742.08,748.77,730.02,309.61,32.76,103.62,10.58,33.47,23.97,33.56
3913,2018-01-31,600519,739.0,764.54,771.71,739.0,60402,4601994752.0,4.41,3.03,22.46,0.48,764.54,771.71,739.0,326.32,55.7,102.14,17.07,31.3,23.7,30.74
3914,2018-02-01,600519,767.0,757.73,767.3,752.92,50583,3846421616.0,1.88,-0.89,-6.81,0.4,757.73,767.3,752.92,318.92,55.7,97.16,17.47,30.47,26.45,28.05
3915,2018-02-02,600519,752.22,740.4,753.23,725.0,75421,5583742720.0,3.73,-2.29,-17.33,0.6,740.4,753.23,725.0,331.61,45.44,125.08,13.7,37.72,33.71,28.13
3916,2018-02-05,600519,727.22,718.23,729.96,705.6,98996,7104095744.0,3.29,-2.99,-22.17,0.79,718.23,729.96,705.6,345.8,45.44,133.46,13.14,38.59,41.35,29.52
3917,2018-02-06,600519,703.0,708.86,722.6,703.0,88169,6270888704.0,2.73,-1.3,-9.37,0.7,708.86,722.6,703.0,329.91,45.44,106.57,13.77,32.3,40.77,30.82
3918,2018-02-07,600519,720.0,683.43,723.88,682.01,88290,6231141120.0,5.91,-3.59,-25.43,0.7,683.43,723.88,682.01,350.87,45.44,127.56,12.95,36.36,40.02,31.99
3919,2018-02-08,600519,682.2,700.99,718.0,682.2,83409,5860233472.0,5.24,2.57,17.56,0.66,700.99,718.0,682.2,366.79,45.44,122.49,12.39,33.4,42.77,33.23
3920,2018-02-09,600519,680.0,683.43,689.89,658.0,105578,7160206336.0,4.55,-2.51,-17.56,0.84,683.43,689.89,658.0,385.96,30.34,146.69,7.86,38.01,49.2,37.83
3921,2018-02-12,600519,691.0,697.48,705.5,685.2,64180,4466343168.0,2.97,2.06,14.05,0.51,697.48,705.5,685.2,396.63,39.95,146.69,10.07,36.98,50.95,42.33
3922,2018-02-13,600519,705.02,711.98,714.82,704.5,53389,3793782384.0,1.48,2.08,14.5,0.43,711.98,714.82,704.5,396.11,49.27,136.69,12.44,34.51,50.58,45.97
3923,2018-02-14,600519,720.0,718.45,720.0,712.22,30653,2198728704.0,1.09,0.91,6.47,0.24,718.45,720.0,712.22,379.13,54.45,129.09,14.36,34.05,50.66,45.71
3924,2018-02-22,600519,727.3,742.45,744.0,723.24,50765,3717469264.0,2.89,3.34,24.0,0.4,742.45,744.0,723.24,391.28,77.05,129.09,19.69,32.99,46.95,43.49
3925,2018-02-23,600519,747.0,742.48,756.56,737.0,38159,2844936752.0,2.63,0.0,0.03,0.3,742.48,756.56,737.0,366.17,89.61,100.09,24.47,27.33,40.23,41.5
3926,2018-02-26,600519,746.88,743.51,752.05,733.02,43658,3243216352.0,2.56,0.14,1.03,0.35,743.51,752.05,733.02,366.45,89.61,99.09,24.45,27.04,30.11,39.65
3927,2018-02-27,600519,749.0,737.98,756.0,737.22,42602,3181778848.0,2.53,-0.74,-5.53,0.34,737.98,756.0,737.22,352.52,70.62,99.09,20.03,28.11,23.37,37.16
3928,2018-02-28,600519,732.0,725.62,742.3,719.0,48331,3522004688.0,3.16,-1.67,-12.36,0.38,725.62,742.3,719.0,361.44,70.62,117.31,19.54,32.46,19.68,35.13
3929,2018-03-01,600519,728.0,741.97,746.85,723.77,44795,3303604160.0,3.18,2.25,16.35,0.36,741.97,746.85,723.77,351.79,75.17,89.39,21.37,25.41,14.34,32.5
3930,2018-03-02,600519,738.0,736.41,743.56,730.0,25992,1912613824.0,1.83,-0.75,-5.56,0.21,736.41,743.56,730.0,330.55,75.17,69.99,22.74,21.17,10.73,28.84
3931,2018-03-05,600519,738.18,720.11,742.0,717.03,37235,2703926960.0,3.39,-2.21,-16.3,0.3,720.11,742.0,717.03,335.92,75.17,80.36,22.38,23.92,10.37,25.3
3932,2018-03-06,600519,725.0,718.26,727.6,697.13,64570,4581658624.0,4.23,-0.26,-1.85,0.51,718.26,727.6,697.13,324.52,75.17,79.27,23.16,24.43,9.97,20.04
3933,2018-03-07,600519,715.0,710.04,724.0,708.99,34596,2480929040.0,2.09,-1.14,-8.22,0.28,710.04,724.0,708.99,303.73,75.17,79.27,24.75,26.1,7.62,15.5
3934,2018-03-08,600519,714.0,722.76,724.0,708.0,35349,2540452000.0,2.25,1.79,12.72,0.28,722.76,724.0,708.0,276.74,75.17,56.06,27.16,20.26,5.9,12.79
3935,2018-03-09,600519,727.55,728.2,732.57,723.5,30171,2199081680.0,1.25,0.75,5.44,0.24,728.2,732.57,723.5,264.48,68.13,56.06,25.76,21.2,6.08,10.21
3936,2018-03-12,600519,729.55,723.95,733.92,722.77,39888,2900950560.0,1.53,-0.58,-4.25,0.32,723.95,733.92,722.77,258.29,60.16,56.06,23.29,21.7,6.08,8.4
3937,2018-03-13,600519,723.0,710.35,726.6,710.0,38577,2764426992.0,2.29,-1.88,-13.6,0.31,710.35,726.6,710.0,266.87,54.98,68.83,20.6,25.79,7.38,8.87
3938,2018-03-14,600519,709.67,726.88,728.08,707.22,37356,2683830112.0,2.94,2.33,16.53,0.3,726.88,728.08,707.22,262.18,30.98,71.61,11.82,27.31,13.54,11.76
3939,2018-03-15,600519,728.02,746.47,747.0,728.02,56149,4161645760.0,2.61,2.7,19.59,0.45,746.47,747.0,728.02,262.74,37.34,71.61,14.21,27.26,18.34,12.98
3940,2018-03-16,600519,747.6,739.85,753.98,738.88,35856,2676682528.0,2.02,-0.89,-6.62,0.29,739.85,753.98,738.88,258.81,44.32,67.63,17.12,26.13,19.39,12.64
3941,2018-03-19,600519,743.97,753.48,753.99,739.0,38667,2897348544.0,2.03,1.84,13.63,0.31,753.48,753.99,739.0,255.02,40.38,67.63,15.83,26.52,21.97,14.03
3942,2018-03-20,600519,750.0,747.73,752.0,740.0,28877,2154897792.0,1.59,-0.76,-5.75,0.23,747.73,752.0,740.0,245.2,40.38,49.41,16.47,20.15,23.06,14.57
3943,2018-03-21,600519,750.11,742.0,753.11,740.0,26743,1996584256.0,1.75,-0.77,-5.73,0.21,742.0,753.11,740.0,235.23,36.94,49.41,15.7,21.0,23.6,15.49
3944,2018-03-22,600519,744.0,726.08,748.0,724.01,37487,2748721664.0,3.23,-2.15,-15.92,0.3,726.08,748.0,724.01,245.66,36.94,65.4,15.04,26.62,21.64,17.59
3945,2018-03-23,600519,701.0,711.06,723.49,700.08,52547,3727044976.0,3.22,-2.07,-15.02,0.42,711.06,723.49,700.08,246.69,36.94,76.36,14.97,30.95,22.19,20.27
3946,2018-03-26,600519,708.0,713.49,715.06,701.88,46256,3276880064.0,1.85,0.34,2.43,0.37,713.49,715.06,701.88,229.4,36.94,56.46,16.1,24.61,22.2,20.8
3947,2018-03-27,600519,723.0,714.74,725.88,704.0,47548,3399900240.0,3.07,0.18,1.25,0.38,714.74,725.88,704.0,236.27,47.76,56.46,20.21,23.9,19.39,20.68
3948,2018-03-28,600519,699.97,682.05,703.0,669.0,113540,7786098176.0,4.76,-4.57,-32.69,0.9,682.05,703.0,669.0,266.01,47.76,90.47,17.95,34.01,22.86,22.96
3949,2018-03-29,600519,682.2,689.1,697.85,658.41,79082,5362889984.0,5.78,1.03,7.05,0.63,689.1,697.85,658.41,295.64,39.19,101.06,13.26,34.18,27.81,25.71
3950,2018-03-30,600519,686.0,683.62,693.5,679.88,36540,2502696336.0,1.98,-0.8,-5.48,0.29,683.62,693.5,679.88,298.11,37.84,101.06,12.69,33.9,30.76,26.2
3951,2018-04-02,600519,680.0,680.06,691.0,674.11,32039,2185060768.0,2.47,-0.52,-3.56,0.26,680.06,691.0,674.11,298.4,37.84,94.06,12.68,31.52,32.07,27.13
3952,2018-04-03,600519,678.0,677.91,687.0,675.39,40236,2737509488.0,1.71,-0.32,-2.15,0.32,677.91,687.0,675.39,289.15,37.84,91.28,13.09,31.57,35.48,28.84
3953,2018-04-04,600519,682.0,694.01,700.43,680.38,56891,3948712784.0,2.96,2.37,16.1,0.45,694.01,700.43,680.38,291.55,32.35,91.28,11.1,31.31,42.03,30.71
3954,2018-04-09,600519,697.1,698.3,705.43,690.15,30833,2149178944.0,2.2,0.62,4.29,0.25,698.3,705.43,690.15,291.73,30.37,91.28,10.41,31.29,45.23,34.05
3955,2018-04-10,600519,704.8,708.02,708.5,698.46,32043,2252069680.0,1.44,1.39,9.72,0.26,708.02,708.5,698.46,286.94,33.43,91.28,11.65,31.81,45.61,36.71
3956,2018-04-11,600519,710.0,705.36,714.78,703.02,25723,1822237888.0,1.66,-0.38,-2.66,0.2,705.36,714.78,703.02,285.22,39.71,91.28,13.92,32.0,44.58,37.67
3957,2018-04-12,600519,704.0,694.2,706.88,692.22,30714,2139139504.0,2.08,-1.58,-11.16,0.24,694.2,706.88,692.22,286.77,38.6,102.08,13.46,35.6,45.0,38.53
3958,2018-04-13,600519,698.5,686.86,701.0,685.08,27550,1904051056.0,2.29,-1.06,-7.34,0.22,686.86,701.0,685.08,278.7,38.6,93.23,13.85,33.45,45.01,40.25
3959,2018-04-16,600519,680.58,681.38,686.85,677.0,32940,2241463088.0,1.43,-0.8,-5.48,0.26,681.38,686.85,677.0,262.56,38.6,77.38,14.7,29.47,42.64,42.34
3960,2018-04-17,600519,685.0,666.2,685.38,665.6,35173,2377407824.0,2.9,-2.23,-15.18,0.28,666.2,685.38,665.6,269.16,38.6,88.78,14.34,32.98,40.86,43.04
3961,2018-04-18,600519,671.0,655.64,671.0,645.0,62617,4104175824.0,3.9,-1.59,-10.56,0.5,655.64,671.0,645.0,273.28,27.78,109.38,10.17,40.02,43.04,44.33
3962,2018-04-19,600519,659.85,679.96,680.0,656.66,44208,2976468496.0,3.56,3.71,24.32,0.35,679.96,680.0,656.66,251.9,36.78,74.38,14.6,29.53,42.12,43.35
3963,2018-04-20,600519,681.0,670.26,694.0,668.23,41512,2831559744.0,3.79,-1.43,-9.7,0.33,670.26,694.0,668.23,238.23,50.78,63.79,21.32,26.78,36.49,40.75
3964,2018-04-23,600519,666.01,674.01,680.33,666.01,32659,2196761040.0,2.14,0.56,3.75,0.26,674.01,680.33,666.01,238.93,50.78,66.01,21.25,27.63,31.76,38.38
3965,2018-04-24,600519,676.0,689.88,693.5,675.0,47283,3252280976.0,2.74,2.35,15.87,0.38,689.88,693.5,675.0,241.53,63.95,60.24,26.48,24.94,26.68,34.66
3966,2018-04-25,600519,689.0,690.97,692.0,683.02,25252,1738767072.0,1.3,0.16,1.09,0.2,690.97,692.0,683.02,238.9,63.95,60.24,26.77,25.22,20.61,30.74
3967,2018-04-26,600519,692.0,678.23,692.28,673.0,35048,2378744480.0,2.79,-1.84,-12.74,0.28,678.23,692.28,673.0,235.66,50.52,70.26,21.44,29.81,13.42,28.23
3968,2018-04-27,600519,685.25,662.53,688.36,655.0,57915,3866680416.0,4.92,-2.31,-15.7,0.46,662.53,688.36,655.0,253.74,45.52,88.26,17.94,34.78,13.11,27.61
3969,2018-05-02,600519,660.0,667.83,668.99,645.06,70259,4589885696.0,3.61,0.8,5.3,0.56,667.83,668.99,645.06,267.47,42.45,98.2,15.87,36.71,17.82,27.16
3970,2018-05-03,600519,666.0,670.88,673.68,658.0,36327,2426248240.0,2.35,0.46,3.05,0.29,670.88,673.68,658.0,271.39,40.86,98.2,15.06,36.18,22.52,27.14
3971,2018-05-04,600519,670.98,662.87,674.83,660.57,37376,2492610224.0,2.13,-1.19,-8.01,0.3,662.87,674.83,660.57,270.99,42.01,87.4,15.5,32.25,27.87,27.28
3972,2018-05-07,600519,659.95,698.17,701.88,657.77,85591,5858519296.0,6.65,5.33,35.3,0.68,698.17,701.88,657.77,299.18,69.06,80.26,23.08,26.83,28.62,24.62
3973,2018-05-08,600519,698.03,708.83,712.13,698.03,62498,4414037760.0,2.02,1.53,10.66,0.5,708.83,712.13,698.03,303.42,79.31,72.18,26.14,23.79,26.68,20.05
3974,2018-05-09,600519,709.08,701.95,712.3,697.12,32331,2267880032.0,2.14,-0.97,-6.88,0.26,701.95,712.3,697.12,298.82,79.31,61.69,26.54,20.64,23.44,18.28
3975,2018-05-10,600519,703.5,714.19,716.0,703.5,39294,2794919584.0,1.78,1.74,12.24,0.31,714.19,716.0,703.5,286.87,83.01,41.09,28.94,14.32,22.47,20.14
3976,2018-05-11,600519,718.69,718.02,730.5,715.7,39142,2826877200.0,2.07,0.54,3.83,0.31,718.02,730.5,715.7,278.82,88.51,41.09,31.74,14.74,21.69,22.11
3977,2018-05-14,600519,724.0,742.41,743.0,724.0,51015,3753818032.0,2.65,3.4,24.39,0.41,742.41,743.0,724.0,278.03,87.01,41.09,31.3,14.78,21.82,24.85
3978,2018-05-15,600519,746.0,743.06,746.44,734.0,38056,2811622720.0,1.68,0.09,0.65,0.3,743.06,746.44,734.0,276.15,90.45,38.87,32.75,14.08,27.22,27.92
3979,2018-05-16,600519,740.0,734.52,745.66,733.28,30795,2275092448.0,1.67,-1.15,-8.54,0.25,734.52,745.66,733.28,269.04,77.28,39.59,28.72,14.72,31.81,29.25
3980,2018-05-17,600519,735.12,727.38,737.5,724.0,28518,2077476640.0,1.84,-0.97,-7.14,0.23,727.38,737.5,724.0,273.56,77.28,48.87,28.25,17.86,33.48,28.46
3981,2018-05-18,600519,723.99,739.32,741.0,721.19,29255,2140724032.0,2.72,1.64,11.94,0.23,739.32,741.0,721.19,274.09,80.78,38.85,29.47,14.17,33.69,28.08
3982,2018-05-21,600519,744.0,734.82,747.3,732.48,29060,2150582000.0,2.0,-0.61,-4.5,0.23,734.82,747.3,732.48,255.55,87.08,20.85,34.08,8.16,37.82,29.76
3983,2018-05-22,600519,735.22,739.57,739.84,730.02,16999,1250693952.0,1.34,0.65,4.75,0.14,739.57,739.84,730.02,241.44,87.08,13.37,36.07,5.54,44.07,32.95
3984,2018-05-23,600519,740.0,723.78,740.0,723.58,28269,2061375200.0,2.22,-2.14,-15.79,0.23,723.78,740.0,723.58,242.18,82.39,19.81,34.02,8.18,47.63,37.43
3985,2018-05-24,600519,720.0,715.4,728.66,713.0,30416,2191695808.0,2.16,-1.16,-8.38,0.24,715.4,728.66,713.0,243.58,81.24,30.39,33.35,12.48,49.85,40.83
3986,2018-05-25,600519,712.0,716.86,727.0,712.0,26511,1908701136.0,2.1,0.2,1.46,0.21,716.86,727.0,712.0,214.47,54.19,31.39,25.27,14.64,50.54,42.01
3987,2018-05-28,600519,718.0,740.4,740.66,715.12,42805,3129960288.0,3.56,3.28,23.54,0.34,740.4,740.66,715.12,225.91,57.6,31.39,25.5,13.89,49.6,41.65
3988,2018-05-29,600519,738.8,731.43,750.0,731.28,40820,3029700816.0,2.53,-1.21,-8.97,0.32,731.43,750.0,731.28,229.45,66.94,30.48,29.17,13.28,45.61,41.72
3989,2018-05-30,600519,727.22,725.87,737.3,720.05,37147,2706486800.0,2.36,-0.76,-5.56,0.3,725.87,737.3,720.05,232.65,63.24,41.71,27.18,17.93,36.8,40.44
3990,2018-05-31,600519,730.25,751.13,751.62,730.24,71853,5356222464.0,2.95,3.48,25.26,0.57,751.13,751.62,730.24,242.09,63.06,41.71,26.05,17.23,29.99,38.81
3991,2018-06-01,600519,751.13,745.11,754.98,738.76,36178,2694415008.0,2.16,-0.8,-6.02,0.29,745.11,754.98,738.76,233.33,53.92,41.71,23.11,17.88,24.53,37.19
3992,2018-06-04,600519,752.35,781.97,782.9,745.88,73806,5697540352.0,4.97,4.95,36.86,0.59,781.97,782.9,745.88,258.68,78.4,41.71,30.31,16.12,25.18,37.86
3993,2018-06-05,600519,786.5,788.05,794.7,777.23,52630,4136578576.0,2.23,0.78,6.08,0.42,788.05,794.7,777.23,263.77,90.2,40.99,34.2,15.54,26.52,38.06
3994,2018-06-06,600519,788.0,785.75,800.95,782.3,48969,3870616720.0,2.37,-0.29,-2.3,0.39,785.75,800.95,782.3,268.92,96.45,31.71,35.87,11.79,28.71,37.16
3995,2018-06-07,600519,789.98,780.97,795.55,778.9,39168,3078137472.0,2.12,-0.61,-4.78,0.31,780.97,795.55,778.9,265.76,92.95,35.11,34.98,13.21,32.81,34.81
3996,2018-06-08,600519,780.0,777.95,785.9,770.0,34958,2712363712.0,2.04,-0.39,-3.02,0.28,777.95,785.9,770.0,266.84,86.65,44.01,32.47,16.49,34.86,32.43
3997,2018-06-11,600519,776.05,775.73,786.0,768.33,36548,2837404000.0,2.27,-0.29,-2.22,0.29,775.73,786.0,768.33,274.69,86.65,43.22,31.54,15.73,38.3,31.42
3998,2018-06-12,600519,778.0,799.19,803.5,776.5,55287,4385043200.0,3.48,3.02,23.46,0.44,799.19,803.5,776.5,286.04,104.15,36.78,36.41,12.86,41.18,33.18
3999,2018-06-13,600519,800.0,790.33,802.62,788.88,35244,2803441680.0,1.72,-1.11,-8.86,0.28,790.33,802.62,788.88,284.12,104.15,26.2,36.66,9.22,44.89,35.71
4000,2018-06-14,600519,790.0,786.13,793.8,775.18,36160,2830514224.0,2.36,-0.53,-4.2,0.29,786.13,793.8,775.18,287.74,104.15,38.9,36.2,13.52,44.08,36.39
4001,2018-06-15,600519,773.2,773.33,778.58,769.1,31708,2455441872.0,1.21,-1.63,-12.8,0.25,773.33,778.58,769.1,279.23,90.49,44.98,32.41,16.11,42.15,37.48
4002,2018-06-19,600519,769.0,738.0,769.0,737.0,60196,4535664128.0,4.14,-4.57,-35.33,0.48,738.0,769.0,737.0,296.84,81.15,77.08,27.34,25.97,37.14,36.0
4003,2018-06-20,600519,741.0,763.59,765.0,741.0,45838,3454583696.0,3.25,3.47,25.59,0.36,763.59,765.0,741.0,306.59,81.15,65.85,26.47,21.48,33.3,35.8
4004,2018-06-21,600519,765.22,759.32,778.89,758.77,39183,3013867648.0,2.63,-0.56,-4.27,0.31,759.32,778.89,758.77,300.96,80.72,65.85,26.82,21.88,27.02,34.1
4005,2018-06-22,600519,754.0,766.53,767.0,750.0,28855,2190055872.0,2.24,0.95,7.21,0.23,766.53,767.0,750.0,301.74,77.36,74.62,25.64,24.73,17.36,31.12
4006,2018-06-25,600519,766.0,765.56,778.97,764.9,32934,2543272256.0,1.84,-0.13,-0.97,0.26,765.56,778.97,764.9,278.02,61.41,74.62,22.09,26.84,11.37,27.72
4007,2018-06-26,600519,765.31,754.8,769.88,747.0,46578,3516945440.0,2.99,-1.41,-10.76,0.37,754.8,769.88,747.0,283.43,49.61,92.52,17.5,32.64,10.81,26.48
4008,2018-06-27,600519,752.0,722.44,757.0,721.0,57298,4194739088.0,4.77,-4.29,-32.36,0.46,722.44,757.0,721.0,300.78,43.36,118.52,14.42,39.4,18.11,27.63
4009,2018-06-28,600519,714.0,710.93,719.0,697.0,50834,3610842736.0,3.05,-1.59,-11.51,0.4,710.93,719.0,697.0,309.57,43.36,139.12,14.01,44.94,25.13,29.21
4010,2018-06-29,600519,712.3,731.46,732.3,705.0,32929,2378884224.0,3.84,2.89,20.53,0.26,731.46,732.3,705.0,320.97,56.66,130.22,17.65,40.57,30.0,28.51
4011,2018-07-02,600519,734.52,711.55,739.33,703.0,37558,2709882032.0,4.97,-2.72,-19.91,0.3,711.55,739.33,703.0,339.63,63.69,128.55,18.75,37.85,35.32,26.34
4012,2018-07-03,600519,709.76,694.92,715.78,678.23,82837,5743330304.0,5.28,-2.34,-16.63,0.66,694.92,715.78,678.23,349.41,46.19,153.32,13.22,43.88,42.65,27.01
4013,2018-07-04,600519,692.0,690.91,700.0,688.0,37991,2637494704.0,1.73,-0.58,-4.01,0.3,690.91,700.0,688.0,347.67,46.19,153.32,13.29,44.1,46.57,28.69
4014,2018-07-05,600519,700.0,702.39,716.2,700.0,47124,3333680080.0,2.34,1.66,11.48,0.38,702.39,716.2,700.0,354.34,62.39,139.62,17.61,39.4,45.2,31.66
4015,2018-07-06,600519,707.0,714.12,720.93,699.26,44157,3140922352.0,3.09,1.67,11.73,0.35,714.12,720.93,699.26,358.98,67.12,133.54,18.7,37.2,41.97,33.55
4016,2018-07-09,600519,720.03,727.24,729.86,719.73,40573,2944655280.0,1.42,1.84,13.12,0.32,727.24,729.86,719.73,338.39,76.05,101.44,22.47,29.98,37.79,33.9
4017,2018-07-10,600519,729.0,725.76,731.5,713.33,29010,2096683488.0,2.5,-0.2,-1.48,0.23,725.76,731.5,713.33,329.56,76.05,107.84,23.08,32.72,35.05,35.19
4018,2018-07-11,600519,710.0,719.58,724.0,702.22,24278,1736875984.0,3.0,-0.85,-6.18,0.19,719.58,724.0,702.22,332.98,62.16,118.95,18.67,35.72,31.33,36.99
4019,2018-07-12,600519,718.0,737.54,741.17,718.0,40170,2947129136.0,3.22,2.5,17.96,0.32,737.54,741.17,718.0,339.15,79.33,110.18,23.39,32.49,25.09,35.83
4020,2018-07-13,600519,742.3,746.99,748.1,735.12,28907,2152944608.0,1.76,1.28,9.45,0.23,746.99,748.1,735.12,338.06,74.29,110.18,21.98,32.59,21.96,33.58
4021,2018-07-16,600519,752.3,754.68,764.11,751.03,32475,2454501600.0,1.75,1.03,7.69,0.26,754.68,764.11,751.03,332.3,90.3,92.28,27.17,27.77,16.63,29.3
4022,2018-07-17,600519,757.0,742.43,757.0,736.02,27806,2064190608.0,2.78,-1.62,-12.25,0.22,742.43,757.0,736.02,317.28,90.3,81.29,28.46,25.62,15.12,26.46
4023,2018-07-18,600519,742.43,737.44,749.69,735.0,24522,1818760400.0,1.98,-0.67,-4.99,0.2,737.44,749.69,735.0,306.53,90.3,58.31,29.46,19.02,15.83,25.44
4024,2018-07-19,600519,739.0,740.95,743.95,735.02,18079,1337080016.0,1.21,0.48,3.51,0.14,740.95,743.95,735.02,288.16,77.0,58.31,26.72,20.24,12.9,22.12
4025,2018-07-20,600519,741.5,741.13,743.13,728.0,30549,2249792128.0,2.04,0.02,0.18,0.24,741.13,743.13,728.0,266.96,69.97,65.33,26.21,24.47,10.76,17.93
4026,2018-07-23,600519,736.0,732.07,741.15,720.01,35970,2621763712.0,2.85,-1.22,-9.06,0.29,732.07,741.15,720.01,250.55,69.97,48.55,27.93,19.38,10.53,16.25
4027,2018-07-24,600519,732.68,745.4,747.3,723.0,41809,3091209136.0,3.32,1.82,13.33,0.33,745.4,747.3,723.0,262.85,76.12,48.55,28.96,18.47,14.03,15.33
4028,2018-07-25,600519,746.95,743.81,749.88,740.01,21744,1618737616.0,1.32,-0.21,-1.59,0.17,743.81,749.88,740.01,247.43,62.5,48.55,25.26,19.62,15.25,15.19
4029,2018-07-26,600519,748.9,735.62,748.9,734.23,23067,1707662624.0,1.97,-1.1,-8.19,0.18,735.62,748.9,734.23,240.43,57.77,54.33,24.03,22.6,12.18,14.0
4030,2018-07-27,600519,736.0,738.56,744.3,730.0,20914,1546655264.0,1.94,0.4,2.94,0.17,738.56,744.3,730.0,238.99,48.84,58.56,20.44,24.5,11.38,12.14
4031,2018-07-30,600519,738.9,719.21,740.66,715.0,42172,3058614528.0,3.47,-2.62,-19.35,0.34,719.21,740.66,715.0,246.48,48.84,67.16,19.81,27.25,13.44,12.1
4032,2018-07-31,600519,720.3,726.44,727.88,719.21,20683,1499353472.0,1.21,1.01,7.23,0.16,726.44,727.88,719.21,231.61,48.84,56.05,21.09,24.2,11.58,11.05
4033,2018-08-01,600519,731.4,714.94,732.3,714.11,25238,1821933664.0,2.5,-1.58,-11.5,0.2,714.94,732.3,714.11,226.63,31.67,61.15,13.97,26.98,13.18,13.61
4034,2018-08-02,600519,715.97,695.84,715.97,687.88,55001,3840134512.0,3.93,-2.67,-19.1,0.44,695.84,715.97,687.88,241.74,24.74,87.38,10.23,36.15,20.4,17.83
4035,2018-08-03,600519,695.0,678.99,695.0,676.2,47337,3230239088.0,2.7,-2.42,-16.85,0.38,678.99,695.0,676.2,244.26,8.73,99.06,3.57,40.56,33.86,23.02
4036,2018-08-06,600519,677.0,669.68,684.0,662.25,45248,3039091104.0,3.2,-1.37,-9.31,0.36,669.68,684.0,662.25,245.03,8.73,98.0,3.56,40.0,46.29,28.84
4037,2018-08-07,600519,672.3,686.28,687.83,662.02,39086,2645263312.0,3.85,2.48,16.6,0.31,686.28,687.83,662.02,256.15,12.56,96.98,4.9,37.86,56.5,34.97
4038,2018-08-08,600519,687.02,676.22,689.0,671.87,29685,2016438672.0,2.5,-1.47,-10.06,0.24,676.22,689.0,671.87,264.35,13.73,96.98,5.19,36.69,67.89,39.73
4039,2018-08-09,600519,671.0,691.88,694.5,670.12,34486,2368461344.0,3.61,2.32,15.66,0.27,691.88,694.5,670.12,273.6,19.23,89.96,7.03,32.88,73.39,43.29
4040,2018-08-10,600519,691.88,687.18,694.77,684.2,23818,1643993568.0,1.53,-0.68,-4.7,0.19,687.18,694.77,684.2,263.03,19.5,81.97,7.41,31.16,74.34,47.37
4041,2018-08-13,600519,683.0,679.22,683.0,666.68,34570,2329262064.0,2.37,-1.16,-7.96,0.28,679.22,683.0,666.68,259.23,13.35,99.49,5.15,38.38,73.1,53.48
4042,2018-08-14,600519,679.22,680.13,684.5,673.51,21697,1474124256.0,1.62,0.13,0.91,0.17,680.13,684.5,673.51,260.35,12.27,99.49,4.71,38.21,72.16,59.23
4043,2018-08-15,600519,679.8,662.8,680.0,661.0,34997,2336994704.0,2.79,-2.55,-17.33,0.28,662.8,680.0,661.0,264.81,12.27,106.22,4.63,40.11,72.53,64.52
4044,2018-08-16,600519,652.0,648.44,668.5,640.0,59940,3908421568.0,4.3,-2.17,-14.36,0.48,648.44,668.5,640.0,279.01,12.27,122.99,4.4,44.08,73.64,70.77
4045,2018-08-17,600519,657.5,634.86,657.5,630.01,46575,3001465856.0,4.24,-2.09,-13.58,0.37,634.86,657.5,630.01,280.84,12.27,117.98,4.37,42.01,76.38,74.88
4046,2018-08-20,600519,632.45,644.79,645.55,616.86,48852,3081035728.0,4.52,1.56,9.93,0.39,644.79,645.55,616.86,300.86,12.27,131.13,4.08,43.59,79.93,77.14
4047,2018-08-21,600519,647.0,671.49,672.3,647.0,52249,3460897968.0,3.92,4.14,26.7,0.42,671.49,672.3,647.0,310.18,39.02,126.03,12.58,40.63,75.99,74.54
4048,2018-08-22,600519,671.0,667.7,673.2,663.0,20676,1381418416.0,1.52,-0.56,-3.79,0.16,667.7,673.2,663.0,292.29,39.92,99.8,13.66,34.14,70.13,71.15
4049,2018-08-23,600519,671.7,670.21,678.5,665.18,27357,1836880240.0,1.99,0.38,2.51,0.22,670.21,678.5,665.18,285.97,45.22,88.12,15.81,30.81,62.28,67.4
4050,2018-08-24,600519,669.0,660.3,669.0,656.46,26090,1725516320.0,1.87,-1.48,-9.91,0.21,660.3,669.0,656.46,277.97,45.22,82.89,16.27,29.82,53.53,63.59
4051,2018-08-27,600519,662.0,687.3,687.3,662.0,48017,3261483984.0,3.83,4.09,27.0,0.38,687.3,687.3,662.0,279.16,59.69,82.89,21.38,29.69,42.72,59.55
4052,2018-08-28,600519,693.0,681.0,693.78,678.55,32489,2222697904.0,2.22,-0.92,-6.3,0.26,681.0,693.78,678.55,277.26,65.0,82.89,23.44,29.9,30.92,55.42
4053,2018-08-29,600519,682.0,685.85,688.88,679.1,27404,1877474368.0,1.44,0.71,4.85,0.22,685.85,688.88,679.1,262.66,59.5,82.89,22.65,31.56,24.87,50.43
4054,2018-08-30,600519,688.21,680.4,692.6,679.01,33788,2312993216.0,1.98,-0.79,-5.45,0.27,680.4,692.6,679.01,265.68,62.95,82.89,23.69,31.2,20.01,45.07
4055,2018-08-31,600519,676.25,659.19,677.0,656.5,58981,3911486176.0,3.01,-3.12,-21.21,0.47,659.19,677.0,656.5,269.08,62.95,87.88,23.39,32.66,17.4,39.84
4056,2018-09-03,600519,652.0,666.21,667.67,650.8,30180,1992654928.0,2.56,1.06,7.02,0.24,666.21,667.67,650.8,274.96,61.45,93.58,22.35,34.03,15.95,34.74
4057,2018-09-04,600519,666.8,675.04,676.0,661.6,21540,1441658192.0,2.16,1.33,8.83,0.17,675.04,676.0,661.6,270.23,69.78,81.07,25.82,30.0,14.49,28.6
4058,2018-09-05,600519,675.0,657.79,676.99,657.0,28983,1927600144.0,2.96,-2.56,-17.25,0.23,657.79,676.99,657.0,261.72,69.78,64.67,26.66,24.71,13.11,22.01
4059,2018-09-06,600519,652.0,644.0,659.26,640.0,42371,2744204064.0,2.93,-2.1,-13.79,0.34,644.0,659.26,640.0,253.49,69.78,71.68,27.53,28.28,10.59,17.73
4060,2018-09-07,600519,645.5,650.97,658.03,645.14,29240,1903829728.0,2.0,1.08,6.97,0.23,650.97,658.03,645.14,238.83,69.78,58.53,29.22,24.51,9.77,14.89
4061,2018-09-10,600519,652.2,644.8,653.81,640.7,21202,1369296448.0,2.01,-0.95,-6.17,0.17,644.8,653.81,640.7,224.43,43.03,62.97,19.17,28.06,10.16,13.78
4062,2018-09-11,600519,645.57,646.0,650.97,640.63,19497,1258466304.0,1.6,0.19,1.2,0.16,646.0,650.97,640.63,224.57,42.13,63.04,18.76,28.07,10.01,12.98
4063,2018-09-12,600519,643.0,630.0,644.87,628.01,41157,2612360000.0,2.61,-2.48,-16.0,0.33,630.0,644.87,628.01,229.24,36.83,75.66,16.07,33.0,14.52,14.5
4064,2018-09-13,600519,638.0,631.98,642.0,620.0,47713,3004019088.0,3.49,0.31,1.98,0.38,631.98,642.0,620.0,237.49,36.83,74.95,15.51,31.56,19.57,16.34
4065,2018-09-14,600519,633.98,642.9,649.78,628.53,40900,2617626832.0,3.36,1.73,10.92,0.33,642.9,649.78,628.53,231.74,26.31,74.95,11.35,32.34,27.35,18.97
4066,2018-09-17,600519,645.0,645.81,652.96,641.06,29113,1884188496.0,1.85,0.45,2.91,0.23,645.81,652.96,641.06,228.41,23.01,74.95,10.07,32.81,34.73,22.25
4067,2018-09-18,600519,643.0,666.7,668.0,642.22,37859,2480477392.0,3.99,3.23,20.89,0.3,666.7,668.0,642.22,244.41,38.05,74.95,15.57,30.67,37.04,23.6
4068,2018-09-19,600519,666.58,681.42,686.0,666.0,48222,3277470608.0,3.0,2.21,14.72,0.38,681.42,686.0,666.0,250.82,52.33,74.95,20.86,29.88,36.68,23.35
4069,2018-09-20,600519,685.2,678.55,686.9,677.36,27519,1878075360.0,1.4,-0.42,-2.87,0.22,678.55,686.9,677.36,236.46,53.23,52.44,22.51,22.18,31.06,22.79
4070,2018-09-21,600519,682.0,700.01,700.01,680.01,42617,2945196256.0,2.95,3.16,21.46,0.34,700.01,700.01,680.01,241.05,66.34,46.74,27.52,19.39,28.26,23.92
4071,2018-09-25,600519,695.0,697.02,705.77,693.26,30640,2142679104.0,1.79,-0.43,-2.99,0.24,697.02,705.77,693.26,239.16,63.77,46.74,26.66,19.54,22.82,25.09
4072,2018-09-26,600519,702.1,724.93,732.68,701.99,72288,5200776960.0,4.4,4.0,27.91,0.58,724.93,732.68,701.99,254.83,90.68,42.14,35.58,16.54,20.08,27.4
4073,2018-09-27,600519,727.5,724.0,728.0,715.4,40509,2918965008.0,1.74,-0.13,-0.93,0.32,724.0,728.0,715.4,248.17,90.68,25.14,36.54,10.13,24.07,30.55
4074,2018-09-28,600519,726.7,730.0,733.2,718.88,35090,2551115840.0,1.98,0.83,6.0,0.28,730.0,733.2,718.88,248.46,95.88,25.14,38.59,10.12,30.85,33.77
4075,2018-10-08,600519,715.41,686.15,719.0,686.15,82745,5798721536.0,4.5,-6.01,-43.85,0.66,686.15,719.0,686.15,279.2,95.88,53.43,34.34,19.14,35.46,33.26
4076,2018-10-09,600519,686.9,695.0,698.71,685.9,40223,2785526960.0,1.87,1.29,8.85,0.32,695.0,698.71,685.9,281.67,95.88,53.61,34.04,19.03,37.28,32.77
4077,2018-10-10,600519,697.26,670.92,698.0,669.69,63098,4288785952.0,4.07,-3.46,-24.08,0.5,670.92,698.0,669.69,291.99,95.88,57.2,32.84,19.59,38.93,30.88
4078,2018-10-11,600519,635.01,644.99,668.94,635.01,91582,5953169152.0,5.06,-3.86,-25.93,0.73,644.99,668.94,635.01,305.9,95.88,83.87,31.34,27.42,33.95,27.01
4079,2018-10-12,600519,651.0,668.0,672.68,650.58,54473,3599837216.0,3.43,3.57,23.01,0.43,668.0,672.68,650.58,312.34,91.84,83.87,29.4,26.85,25.27,24.67
4080,2018-10-15,600519,669.49,666.9,671.95,660.03,35607,2372056688.0,1.78,-0.16,-1.1,0.28,666.9,671.95,660.03,312.36,88.66,83.87,28.38,26.85,15.99,23.42
4081,2018-10-16,600519,665.98,667.14,679.53,662.01,26394,1766613792.0,2.63,0.04,0.24,0.21,667.14,679.53,662.01,304.1,81.2,83.87,26.7,27.58,11.53,23.49
4082,2018-10-17,600519,675.0,665.72,677.3,649.9,43077,2846537056.0,4.11,-0.21,-1.42,0.34,665.72,677.3,649.9,311.5,63.2,95.98,20.29,30.81,10.25,23.76
4083,2018-10-18,600519,660.0,645.94,660.0,644.97,52156,3394332720.0,2.26,-2.97,-19.78,0.42,645.94,660.0,644.97,322.71,62.3,100.91,19.31,31.27,9.98,24.45
4084,2018-10-19,600519,638.0,670.0,675.0,635.08,76199,4973381120.0,6.18,3.72,24.06,0.61,670.0,675.0,635.08,341.17,64.19,100.91,18.81,29.58,12.57,23.26
4085,2018-10-22,600519,675.0,693.0,702.02,675.0,73109,5036971520.0,4.03,3.43,23.0,0.58,693.0,702.02,675.0,360.68,85.45,100.91,23.69,27.98,13.2,19.24
4086,2018-10-23,600519,689.0,641.74,689.0,635.0,123113,8076618496.0,7.79,-7.4,-51.26,0.98,641.74,689.0,635.0,383.02,58.54,140.91,15.28,36.79,19.62,17.81
4087,2018-10-24,600519,628.11,636.99,650.0,620.0,76113,4818473472.0,4.67,-0.74,-4.75,0.61,636.99,650.0,620.0,400.42,58.54,155.91,14.62,38.94,26.91,19.22
4088,2018-10-25,600519,620.0,619.0,622.5,608.58,75568,4657019136.0,2.19,-2.82,-17.99,0.6,619.0,622.5,608.58,414.51,53.34,167.33,12.87,40.37,32.09,21.17
4089,2018-10-26,600519,619.0,610.1,625.0,607.98,55327,3388947808.0,2.75,-1.44,-8.9,0.44,610.1,625.0,607.98,387.68,55.84,134.6,14.4,34.72,35.04,22.51
4090,2018-10-29,600519,549.09,549.09,549.09,549.09,49076,2694714080.0,0.0,-10.0,-61.01,0.39,549.09,549.09,549.09,435.88,55.84,193.24,12.81,44.33,40.53,26.55
4091,2018-10-30,600519,510.0,524.0,543.0,509.02,204397,10663392512.0,6.19,-4.57,-25.09,1.63,524.0,543.0,509.02,447.64,55.84,217.1,12.47,48.5,48.99,31.1
4092,2018-10-31,600519,527.0,548.9,555.0,522.0,96885,5239853056.0,6.3,4.75,24.9,0.77,548.9,555.0,522.0,444.73,67.84,182.42,15.25,41.02,49.74,34.68
4093,2018-11-01,600519,555.0,563.0,585.5,551.25,98107,5581027328.0,6.24,2.57,14.1,0.78,563.0,585.5,551.25,453.64,94.6,182.42,20.85,40.21,47.46,37.19
4094,2018-11-02,600519,585.0,599.9,600.0,572.24,89157,5227695104.0,4.93,6.55,36.9,0.71,599.9,600.0,572.24,478.72,109.1,182.42,22.79,38.11,43.04,37.57
4095,2018-11-05,600519,593.0,575.8,593.0,571.77,75517,4373994240.0,3.54,-4.02,-24.1,0.6,575.8,593.0,571.77,489.33,101.52,182.89,20.75,37.38,40.92,37.98
4096,2018-11-06,600519,574.0,566.0,574.16,558.01,45566,2572068928.0,2.8,-1.7,-9.8,0.36,566.0,574.16,558.01,479.72,101.52,184.54,21.16,38.47,36.56,38.54
4097,2018-11-07,600519,569.0,566.4,574.95,562.01,38108,2165679712.0,2.29,0.07,0.4,0.3,566.4,574.95,562.01,471.91,102.31,179.61,21.68,38.06,31.28,40.14
4098,2018-11-08,600519,574.0,570.34,577.0,568.0,33764,1933594960.0,1.59,0.7,3.94,0.27,570.34,577.0,568.0,442.59,89.36,179.61,20.19,40.58,29.24,39.49
4099,2018-11-09,600519,567.22,562.0,569.0,562.0,24337,1374731696.0,1.23,-1.46,-8.34,0.19,562.0,569.0,562.0,418.91,62.34,185.61,14.88,44.31,32.25,39.85
4100,2018-11-12,600519,553.0,552.0,554.2,536.8,67824,3709848784.0,3.1,-1.78,-10.0,0.54,552.0,554.2,536.8,386.11,62.34,170.81,16.15,44.24,35.81,39.42
4101,2018-11-13,600519,546.12,570.0,570.0,543.0,66429,3695850096.0,4.89,3.26,18.0,0.53,570.0,570.0,543.0,383.11,78.14,155.81,20.4,40.67,36.57,38.74
4102,2018-11-14,600519,569.96,555.1,569.96,552.55,41767,2331999888.0,3.05,-2.61,-14.9,0.33,555.1,569.96,552.55,372.15,78.14,144.39,21.0,38.8,36.7,36.63
4103,2018-11-15,600519,558.8,559.7,564.8,555.5,30833,1728199008.0,1.68,0.83,4.6,0.25,559.7,564.8,555.5,364.83,75.64,144.39,20.73,39.58,37.33,34.31
4104,2018-11-16,600519,561.0,560.0,566.0,558.03,28939,1625453520.0,1.42,0.05,0.3,0.23,560.0,566.0,558.03,311.79,76.84,85.5,24.64,27.42,32.63,30.94
4105,2018-11-19,600519,560.3,569.02,572.0,559.11,36179,2052509536.0,2.3,1.61,9.02,0.29,569.02,572.0,559.11,284.61,82.84,45.43,29.11,15.96,29.21,30.73
4106,2018-11-20,600519,565.0,561.6,568.0,560.0,26943,1514353120.0,1.41,-1.3,-7.42,0.21,561.6,568.0,560.0,260.63,70.84,45.43,27.18,17.43,25.1,30.45
4107,2018-11-21,600519,554.0,564.7,568.9,553.68,27107,1527915056.0,2.71,0.55,3.1,0.22,564.7,568.9,553.68,239.25,40.34,51.75,16.86,21.63,21.63,29.1
4108,2018-11-22,600519,565.15,564.5,567.33,558.0,21213,1193347568.0,1.65,-0.04,-0.2,0.17,564.5,567.33,558.0,211.58,25.84,51.75,12.21,24.46,22.23,29.46
4109,2018-11-23,600519,564.0,556.9,567.3,556.9,20126,1126652928.0,1.84,-1.35,-7.6,0.16,556.9,567.3,556.9,193.85,25.84,52.38,13.33,27.02,22.68,30.01
4110,2018-11-26,600519,558.0,552.11,560.2,552.0,19120,1063536976.0,1.47,-0.86,-4.79,0.15,552.11,560.2,552.0,184.26,25.84,43.52,14.02,23.62,26.04,29.33
4111,2018-11-27,600519,552.0,548.1,554.99,546.5,20234,1112920624.0,1.54,-0.73,-4.01,0.16,548.1,554.99,546.5,179.81,25.05,49.02,13.93,27.26,26.57,27.89
4112,2018-11-28,600519,550.85,557.0,559.19,545.5,27738,1535544368.0,2.5,1.62,8.9,0.22,557.0,559.19,545.5,182.9,27.2,49.02,14.87,26.8,27.7,26.4
4113,2018-11-29,600519,566.03,551.6,569.8,549.01,45069,2524752304.0,3.73,-0.97,-5.4,0.36,551.6,569.8,549.01,195.35,37.81,43.02,19.36,22.02,26.71,24.17
4114,2018-11-30,600519,557.0,565.0,568.89,553.0,49010,2762808224.0,2.88,2.43,13.4,0.39,565.0,568.89,553.0,187.44,37.81,17.82,20.17,9.51,27.13,24.68
4115,2018-12-03,600519,589.0,601.2,605.0,584.77,83415,4964130048.0,3.58,6.41,36.2,0.66,601.2,605.0,584.77,200.44,58.12,17.82,29.0,8.89,30.32,26.5
4116,2018-12-04,600519,602.99,602.23,604.26,595.0,31474,1888148736.0,1.54,0.17,1.03,0.25,602.23,604.26,595.0,192.25,58.12,17.82,30.23,9.27,34.92,30.48
4117,2018-12-05,600519,597.5,610.1,616.5,595.0,41588,2523641856.0,3.57,1.31,7.87,0.33,610.1,616.5,595.0,204.05,70.36,17.82,34.48,8.73,39.45,33.01
4118,2018-12-06,600519,600.0,591.8,605.98,590.36,37758,2250440656.0,2.56,-3.0,-18.3,0.3,591.8,605.98,590.36,215.82,69.16,22.46,32.05,10.41,43.18,35.44
4119,2018-12-07,600519,595.6,587.0,598.86,584.7,26842,1583970320.0,2.39,-0.81,-4.8,0.21,587.0,598.86,584.7,217.09,63.16,28.12,29.09,12.95,48.5,37.6
4120,2018-12-10,600519,576.0,577.23,587.5,574.18,24641,1427993216.0,2.27,-1.66,-9.77,0.2,577.23,587.5,574.18,221.39,63.16,38.64,28.53,17.45,46.53,36.83
4121,2018-12-11,600519,577.0,582.99,586.55,577.0,16317,949962160.0,1.65,1.0,5.76,0.13,582.99,586.55,577.0,215.72,63.16,32.32,29.28,14.98,43.07,36.69
4122,2018-12-12,600519,588.79,589.0,589.2,582.8,19922,1168089520.0,1.1,1.03,6.01,0.16,589.0,589.2,582.8,212.79,65.81,32.32,30.93,15.19,39.91,37.41
4123,2018-12-13,600519,590.0,601.75,606.88,589.6,40399,2427823200.0,2.93,2.16,12.75,0.32,601.75,606.88,589.6,220.27,83.49,31.22,37.9,14.17,37.57,38.51
4124,2018-12-14,600519,598.01,592.96,599.8,592.0,24554,1461585120.0,1.3,-1.46,-8.79,0.2,592.96,599.8,592.0,221.82,83.49,26.32,37.64,11.87,37.76,40.47
4125,2018-12-17,600519,592.57,590.52,595.97,585.01,24896,1466942960.0,1.85,-0.41,-2.44,0.2,590.52,595.97,585.01,224.29,83.49,27.81,37.22,12.4,39.7,44.1
4126,2018-12-18,600519,585.88,590.94,591.54,585.0,19222,1130221280.0,1.11,0.07,0.42,0.15,590.94,591.54,585.0,217.14,79.29,27.82,36.52,12.81,43.69,45.11
4127,2018-12-19,600519,589.0,577.8,590.99,576.03,25716,1501321344.0,2.53,-2.22,-13.14,0.2,577.8,590.99,576.03,211.31,68.68,36.79,32.5,17.41,43.35,43.21
4128,2018-12-20,600519,576.22,574.5,581.5,568.89,26941,1549600768.0,2.18,-0.57,-3.3,0.21,574.5,581.5,568.89,206.63,68.68,43.93,33.24,21.26,41.32,40.62
4129,2018-12-21,600519,571.0,567.41,573.45,562.21,30640,1736537280.0,1.96,-1.23,-7.09,0.24,567.41,573.45,562.21,178.92,32.57,50.61,18.2,28.29,37.34,37.46
4130,2018-12-24,600519,563.5,568.0,570.91,558.0,19110,1080787424.0,2.28,0.1,0.59,0.15,568.0,570.91,558.0,182.57,32.57,54.82,17.84,30.03,32.91,35.33
4131,2018-12-25,600519,562.22,565.79,567.5,553.61,26593,1490157584.0,2.45,-0.39,-2.21,0.21,565.79,567.5,553.61,175.46,20.33,59.21,11.59,33.75,32.72,36.21
4132,2018-12-26,600519,563.81,560.08,568.4,558.0,17866,1005617680.0,1.84,-1.01,-5.71,0.14,560.08,568.4,558.0,166.12,21.23,54.57,12.78,32.85,32.04,37.86
4133,2018-12-27,600519,570.0,563.0,571.85,562.22,29494,1670211280.0,1.72,0.52,2.92,0.23,563.0,571.85,562.22,163.73,24.68,48.91,15.07,29.87,32.49,37.92
4134,2018-12-28,600519,563.3,590.01,596.4,560.0,63678,3705150496.0,6.47,4.8,27.01,0.51,590.01,596.4,560.0,186.81,49.23,38.39,26.35,20.55,30.89,36.1
4135,2019-01-02,600519,609.98,598.98,612.0,595.01,62286,3754387984.0,2.88,1.52,8.97,0.5,598.98,612.0,595.01,199.25,64.83,38.39,32.54,19.27,31.54,34.44
4136,2019-01-03,600519,599.97,590.0,601.66,585.8,30977,1838179168.0,2.65,-1.5,-8.98,0.25,590.0,601.66,585.8,208.71,62.18,47.6,29.79,22.81,29.51,31.21
4137,2019-01-04,600519,587.28,602.0,607.67,582.02,37683,2258501488.0,4.35,2.03,12.0,0.3,602.0,607.67,582.02,216.48,50.51,47.6,23.33,21.99,21.86,27.29
4138,2019-01-07,600519,608.0,605.49,612.0,602.22,34750,2105981456.0,1.62,0.58,3.49,0.28,605.49,612.0,602.22,216.73,54.84,47.6,25.3,21.96,15.7,23.87
4139,2019-01-08,600519,605.5,604.79,612.0,600.28,28838,1750413216.0,1.94,-0.12,-0.7,0.23,604.79,612.0,600.28,217.49,54.84,42.55,25.21,19.56,12.32,22.4
4140,2019-01-09,600519,609.99,616.12,626.16,609.04,49892,3084214784.0,2.83,1.87,11.33,0.4,616.12,626.16,609.04,232.32,69.0,42.54,29.7,18.31,14.21,22.55
4141,2019-01-10,600519,617.13,618.77,624.88,610.25,29044,1797683136.0,2.37,0.43,2.65,0.23,618.77,624.88,610.25,231.99,69.0,33.57,29.74,14.47,15.7,23.62
4142,2019-01-11,600519,625.0,635.88,637.0,618.75,38884,2445929488.0,2.95,2.77,17.11,0.31,635.88,637.0,618.75,237.63,81.12,26.43,34.14,11.12,21.96,25.74
4143,2019-01-14,600519,633.0,624.6,635.89,621.55,25649,1606308128.0,2.26,-1.77,-11.28,0.2,624.6,635.89,621.55,239.68,81.12,19.75,33.85,8.24,31.61,26.73
4144,2019-01-15,600519,627.86,659.98,661.5,625.0,55765,3613919072.0,5.84,5.66,35.38,0.44,659.98,661.5,625.0,263.67,106.73,15.54,40.48,5.89,42.86,29.28
4145,2019-01-16,600519,658.0,661.1,665.65,653.6,42084,2775103936.0,1.83,0.17,1.12,0.34,661.1,665.65,653.6,261.33,110.88,11.15,42.43,4.27,54.38,33.35
4146,2019-01-17,600519,663.0,659.25,669.7,655.8,30285,2004454112.0,2.1,-0.28,-1.85,0.24,659.25,669.7,655.8,264.83,114.03,11.15,43.06,4.21,64.12,39.17
4147,2019-01-18,600519,665.0,683.61,690.2,661.5,68609,4647515904.0,4.35,3.7,24.36,0.55,683.61,690.2,661.5,284.01,131.08,11.15,46.15,3.93,72.42,44.06
4148,2019-01-21,600519,690.0,686.98,698.88,681.88,47052,3242615728.0,2.49,0.49,3.37,0.37,686.98,698.88,681.88,264.61,115.21,11.15,43.54,4.21,77.67,49.81
4149,2019-01-22,600519,686.0,671.0,686.0,665.22,42122,2834735024.0,3.02,-2.33,-15.98,0.34,671.0,686.0,665.22,264.38,99.61,27.81,37.68,10.52,76.92,54.26
4150,2019-01-23,600519,667.22,665.66,674.5,663.13,33625,2247371216.0,1.69,-0.8,-5.34,0.27,665.66,674.5,663.13,259.89,99.61,20.69,38.33,7.96,75.42,59.14
4151,2019-01-24,600519,670.3,672.5,677.83,664.68,29155,1960227056.0,1.98,1.03,6.84,0.23,672.5,677.83,664.68,247.39,96.93,20.69,39.18,8.36,72.6,63.49
4152,2019-01-25,600519,675.88,679.7,684.9,669.93,28986,1966232096.0,2.23,1.07,7.2,0.23,679.7,684.9,669.93,252.36,99.67,20.69,39.5,8.2,69.84,66.98
4153,2019-01-28,600519,684.0,677.0,693.98,676.03,36103,2476277968.0,2.64,-0.4,-2.7,0.29,677.0,693.98,676.03,258.59,108.75,18.75,42.05,7.25,67.56,69.99
4154,2019-01-29,600519,677.5,685.0,688.0,668.0,30343,2069407520.0,2.95,1.18,8.0,0.24,685.0,688.0,668.0,257.22,94.59,26.78,36.77,10.41,63.14,70.4
4155,2019-01-30,600519,684.99,676.0,686.22,676.0,22700,1545353568.0,1.49,-1.31,-9.0,0.18,676.0,686.22,676.0,252.81,94.59,26.78,37.42,10.59,63.06,69.99
4156,2019-01-31,600519,680.0,689.6,689.6,677.56,36697,2515374976.0,1.78,2.01,13.6,0.29,689.6,689.6,677.56,248.16,85.85,26.78,34.59,10.79,60.87,68.15
4157,2019-02-01,600519,697.04,692.67,699.0,689.61,30521,2121326144.0,1.36,0.45,3.07,0.24,692.67,699.0,689.61,243.22,95.25,26.78,39.16,11.01,59.42,66.01
4158,2019-02-11,600519,695.0,725.3,729.5,688.18,58141,4143849808.0,5.97,4.71,32.63,0.46,725.3,729.5,688.18,247.64,100.14,26.78,40.44,10.81,58.11,63.98
4159,2019-02-12,600519,723.0,717.92,725.49,715.2,35091,2521840128.0,1.42,-1.02,-7.38,0.28,717.92,725.49,715.2,245.88,95.99,26.78,39.04,10.89,55.75,61.65
4160,2019-02-13,600519,723.0,735.25,736.16,717.22,35677,2589623536.0,2.64,2.41,17.33,0.28,735.25,736.16,717.22,250.92,102.61,26.78,40.89,10.67,56.2,59.67
4161,2019-02-14,600519,731.2,737.16,743.66,730.14,32258,2375987072.0,1.84,0.26,1.91,0.26,737.16,743.66,730.14,233.49,89.61,26.78,38.38,11.47,55.89,59.47
4162,2019-02-15,600519,734.88,724.78,734.88,723.02,23238,1691515520.0,1.61,-1.68,-12.38,0.18,724.78,734.88,723.02,230.63,80.93,33.9,35.09,14.7,53.97,57.42
4163,2019-02-18,600519,731.0,740.0,744.95,731.0,37746,2787522992.0,1.92,2.1,15.22,0.3,740.0,744.95,731.0,229.04,91.0,17.24,39.73,7.53,55.98,57.7
4164,2019-02-19,600519,740.96,730.76,742.5,726.66,29502,2164408784.0,2.14,-1.25,-9.24,0.23,730.76,742.5,726.66,233.51,91.0,19.49,38.97,8.35,57.13,57.62
4165,2019-02-20,600519,735.0,722.0,735.0,716.06,37882,2742919648.0,2.59,-1.2,-8.76,0.3,722.0,735.0,716.06,239.3,87.67,30.09,36.64,12.57,55.88,55.81
4166,2019-02-21,600519,720.0,720.25,730.48,717.0,29850,2163554336.0,1.87,-0.24,-1.75,0.24,720.25,730.48,717.0,237.81,80.6,30.09,33.89,12.65,53.72,54.96
4167,2019-02-22,600519,717.0,726.01,728.49,714.1,25909,1867253936.0,2.0,0.8,5.76,0.21,726.01,728.49,714.1,234.25,71.52,32.99,30.53,14.08,50.87,53.38
4168,2019-02-25,600519,730.75,742.33,744.44,717.99,82623,6034261248.0,3.64,2.25,16.32,0.66,742.33,744.44,717.99,240.7,87.47,24.96,36.34,10.37,53.31,53.64
4169,2019-02-26,600519,747.8,727.35,749.18,726.0,57965,4265279120.0,3.12,-2.02,-14.98,0.46,727.35,749.18,726.0,253.66,92.21,24.96,36.35,9.84,51.52,53.75
4170,2019-02-27,600519,733.0,740.7,758.02,731.0,65942,4908445184.0,3.71,1.84,13.35,0.52,740.7,758.02,731.0,270.73,97.67,24.96,36.08,9.22,50.61,53.87
4171,2019-02-28,600519,737.9,755.01,763.42,736.95,56986,4289145216.0,3.57,1.93,14.31,0.45,755.01,763.42,736.95,287.8,93.67,24.96,32.55,8.67,52.12,54.0
4172,2019-03-01,600519,761.5,789.3,790.0,761.0,63840,4952509184.0,3.84,4.54,34.29,0.51,789.3,790.0,761.0,281.47,89.75,24.96,31.89,8.87,53.93,53.82
4173,2019-03-04,600519,795.0,781.86,798.33,777.22,84586,6661386496.0,2.67,-0.94,-7.44,0.67,781.86,798.33,777.22,292.29,98.08,24.96,33.56,8.54,57.69,54.28
4174,2019-03-05,600519,785.0,779.78,789.55,775.88,44831,3501155936.0,1.75,-0.27,-2.08,0.36,779.78,789.55,775.88,287.02,87.41,26.3,30.45,9.16,57.38,55.34
4175,2019-03-06,600519,775.0,768.0,779.5,765.88,46731,3602140480.0,1.75,-1.51,-11.78,0.37,768.0,779.5,765.88,287.4,79.91,36.3,27.8,12.63,54.07,52.79
4176,2019-03-07,600519,762.22,748.6,762.22,745.56,60181,4526351872.0,2.17,-2.53,-19.4,0.48,748.6,762.22,745.56,295.7,79.91,49.5,27.02,16.74,48.1,49.36
4177,2019-03-08,600519,737.9,737.5,746.83,733.65,52275,3868415488.0,1.76,-1.48,-11.1,0.42,737.5,746.83,733.65,290.48,69.84,61.41,24.04,21.14,39.52,45.82
4178,2019-03-11,600519,740.04,758.54,766.95,740.04,53057,4001728736.0,3.65,2.85,21.04,0.42,758.54,766.95,740.04,304.09,89.96,57.07,29.58,18.77,33.83,43.88
4179,2019-03-12,600519,763.82,745.01,763.83,739.0,52510,3946382128.0,3.27,-1.78,-13.53,0.42,745.01,763.83,739.0,309.98,89.96,47.51,29.02,15.33,29.07,43.38
4180,2019-03-13,600519,745.5,754.0,760.75,745.5,40561,3058080912.0,2.05,1.21,8.99,0.32,754.0,760.75,745.5,312.24,89.96,47.51,28.81,15.22,25.26,41.32
4181,2019-03-14,600519,757.0,778.0,785.0,754.0,62173,4808607744.0,4.11,3.18,24.0,0.49,778.0,785.0,754.0,328.85,114.21,44.61,34.73,13.57,26.31,40.19
4182,2019-03-15,600519,776.0,777.3,787.5,764.85,52401,4084798336.0,2.91,-0.09,-0.7,0.42,777.3,787.5,764.85,325.05,100.76,44.61,31.0,13.72,28.83,38.47
4183,2019-03-18,600519,778.8,810.09,814.53,777.0,81319,6499567104.0,4.83,4.22,32.79,0.65,810.09,814.53,777.0,339.4,123.05,44.61,36.26,13.14,35.56,37.54
4184,2019-03-19,600519,803.0,792.61,807.92,792.3,40635,3244967392.0,1.93,-2.16,-17.48,0.32,792.61,807.92,792.3,326.52,114.21,44.61,34.98,13.66,39.14,36.48
4185,2019-03-20,600519,790.0,792.8,802.3,785.0,31118,2470811136.0,2.18,0.02,0.19,0.25,792.8,802.3,785.0,317.35,108.81,51.91,34.29,16.36,39.89,34.48
4186,2019-03-21,600519,788.0,785.75,792.8,781.5,32573,2558222912.0,1.43,-0.89,-7.05,0.26,785.75,792.8,781.5,293.66,82.23,55.41,28.0,18.87,37.99,31.63
4187,2019-03-22,600519,788.22,794.0,799.98,785.0,30518,2420497824.0,1.91,1.05,8.25,0.24,794.0,799.98,785.0,287.53,81.08,55.41,28.2,19.27,33.82,30.07
4188,2019-03-25,600519,786.0,775.6,788.0,773.3,37270,2903744160.0,1.85,-2.32,-18.4,0.3,775.6,788.0,773.3,294.56,81.08,65.77,27.53,22.33,29.12,28.98
4189,2019-03-26,600519,780.0,773.0,785.94,764.1,37596,2914112992.0,2.82,-0.34,-2.6,0.3,773.0,785.94,764.1,302.5,81.08,64.97,26.8,21.48,23.16,29.36
4190,2019-03-27,600519,781.0,788.5,793.88,775.0,42807,3366132240.0,2.44,2.01,15.5,0.34,788.5,793.88,775.0,300.94,89.02,44.65,29.58,14.84,21.39,30.26
4191,2019-03-28,600519,793.43,806.8,814.48,785.68,57567,4615969792.0,3.65,2.32,18.3,0.46,806.8,814.48,785.68,314.79,109.62,32.74,34.82,10.4,24.49,32.19
4192,2019-03-29,600519,835.0,853.99,866.68,830.17,90934,7702154752.0,4.53,5.85,47.19,0.72,853.99,866.68,830.17,345.22,141.7,32.74,41.05,9.48,31.65,34.82
4193,2019-04-01,600519,860.0,859.0,868.95,851.0,60935,5228521984.0,2.1,0.59,5.01,0.49,859.0,868.95,851.0,338.34,143.97,31.7,42.55,9.37,39.17,36.5
4194,2019-04-02,600519,859.99,850.0,859.99,836.06,53227,4496538880.0,2.79,-1.05,-9.0,0.42,850.0,859.99,836.06,346.53,143.97,46.64,41.55,13.46,45.94,37.53
4195,2019-04-03,600519,840.12,844.5,851.74,834.21,43057,3629854320.0,2.06,-0.65,-5.5,0.34,844.5,851.74,834.21,333.06,119.72,48.49,35.95,14.56,51.16,37.16
4196,2019-04-04,600519,840.0,865.0,865.8,836.2,55772,4763897856.0,3.51,2.43,20.5,0.44,865.0,865.8,836.2,340.01,131.28,48.49,38.61,14.26,53.31,37.35
4197,2019-04-08,600519,900.0,900.2,908.0,890.12,66252,5944780544.0,2.07,4.07,35.2,0.53,900.2,908.0,890.12,345.48,146.45,48.49,42.39,14.04,52.68,38.59
4198,2019-04-09,600519,903.0,905.0,908.2,892.51,47990,4308645632.0,1.74,0.53,4.8,0.38,905.0,908.2,892.51,343.38,146.65,48.49,42.71,14.12,50.65,41.15
4199,2019-04-10,600519,903.0,947.99,951.9,900.0,67814,6331858688.0,5.73,4.75,42.99,0.54,947.99,951.9,900.0,377.98,190.35,41.19,50.36,10.9,50.74,44.96
4200,2019-04-11,600519,948.0,925.2,950.0,905.55,61103,5643817472.0,4.69,-2.4,-22.79,0.49,925.2,950.0,905.55,411.13,190.35,37.69,46.3,9.17,53.39,49.67
4201,2019-04-12,600519,909.0,914.0,919.99,900.01,48612,4419350016.0,2.16,-1.21,-11.2,0.39,914.0,919.99,900.01,421.34,183.17,43.23,43.47,10.26,56.63,53.9
4202,2019-04-15,600519,931.0,907.0,939.0,907.0,45523,4205548304.0,3.5,-0.77,-7.0,0.36,907.0,939.0,907.0,432.64,202.18,31.53,46.73,7.29,61.12,57.22
4203,2019-04-16,600519,904.9,939.9,939.9,901.22,46423,4297385216.0,4.26,3.63,32.9,0.37,939.9,939.9,901.22,449.48,202.18,28.11,44.98,6.25,65.35,59.01
4204,2019-04-17,600519,938.0,952.0,955.51,925.0,40761,3848216560.0,3.25,1.29,12.1,0.32,952.0,955.51,925.0,459.11,209.85,28.11,45.71,6.12,69.69,60.17
4205,2019-04-18,600519,945.41,945.5,954.68,936.22,19599,1853076080.0,1.94,-0.68,-6.5,0.16,945.5,954.68,936.22,448.77,189.25,28.11,42.17,6.26,71.31,61.03
4206,2019-04-19,600519,943.96,952.56,960.95,931.31,32380,3064971040.0,3.13,0.75,7.06,0.26,952.56,960.95,931.31,418.53,143.32,28.11,34.24,6.72,71.36,62.37
4207,2019-04-22,600519,959.5,949.2,978.89,940.61,40628,3897168688.0,4.02,-0.35,-3.36,0.32,949.2,978.89,940.61,438.86,158.99,28.11,36.23,6.41,72.71,64.67
4208,2019-04-23,600519,951.0,974.95,981.22,949.2,48852,4725480192.0,3.37,2.71,25.75,0.39,974.95,981.22,949.2,446.95,161.32,13.17,36.09,2.95,74.69,67.91
4209,2019-04-24,600519,979.88,970.0,990.0,951.22,45227,4383873024.0,3.98,-0.51,-4.95,0.36,970.0,990.0,951.22,468.2,170.1,11.32,36.33,2.42,76.68,71.01
4210,2019-04-25,600519,968.79,952.37,973.99,951.22,39801,3822767520.0,2.35,-1.82,-17.63,0.32,952.37,973.99,951.22,461.37,156.04,11.32,33.82,2.45,78.36,74.03
4211,2019-04-26,600519,946.3,945.0,959.88,945.0,43278,4119727296.0,1.56,-0.77,-7.37,0.34,945.0,959.88,945.0,433.25,113.84,17.54,26.28,4.05,78.23,74.77
4212,2019-04-29,600519,945.0,971.97,989.0,935.0,52572,5086408448.0,5.71,2.85,26.97,0.42,971.97,989.0,935.0,471.56,142.76,17.54,30.27,3.72,80.04,75.7
4213,2019-04-30,600519,968.0,974.0,984.96,963.11,35943,3503937520.0,2.25,0.21,2.03,0.29,974.0,984.96,963.11,441.51,99.06,17.54,22.44,3.97,80.04,76.37
4214,2019-05-06,600519,925.5,906.0,935.0,893.0,135100,12299395840.0,4.31,-6.98,-68.0,1.08,906.0,935.0,893.0,478.06,99.06,87.65,20.72,18.33,66.91,70.8
4215,2019-05-07,600519,893.28,890.0,913.94,870.22,100837,9045117696.0,4.83,-1.77,-16.0,0.8,890.0,913.94,870.22,496.59,99.06,104.89,19.95,21.12,52.8,64.74
4216,2019-05-08,600519,860.0,884.4,901.8,860.0,81883,7217709568.0,4.7,-0.63,-5.6,0.65,884.4,901.8,860.0,506.39,80.05,115.11,15.81,22.73,41.38,59.87
4217,2019-05-09,600519,875.0,858.81,879.87,842.5,91545,7863312128.0,4.23,-2.89,-25.59,0.73,858.81,879.87,842.5,509.61,80.05,126.83,15.71,24.89,32.93,55.58
4218,2019-05-10,600519,875.66,907.12,910.78,868.19,79907,7121198848.0,4.96,5.63,48.31,0.64,907.12,910.78,868.19,531.07,95.35,126.83,17.95,23.88,22.27,51.16
4219,2019-05-13,600519,898.86,892.0,910.98,884.0,46637,4179329440.0,2.97,-1.67,-15.12,0.37,892.0,910.98,884.0,539.59,95.55,126.83,17.71,23.5,12.96,46.5
4220,2019-05-14,600519,885.0,886.57,906.0,873.0,59983,5349455616.0,3.7,-0.61,-5.43,0.48,886.57,906.0,873.0,542.95,89.28,137.83,16.44,25.39,15.51,41.21
4221,2019-05-15,600519,890.24,927.0,933.0,890.24,63124,5778791936.0,4.82,4.56,40.43,0.5,927.0,933.0,890.24,551.1,98.34,137.83,17.84,25.01,17.82,35.31
4222,2019-05-16,600519,919.0,929.91,932.0,905.0,44540,4108281952.0,2.91,0.31,2.91,0.35,929.91,932.0,905.0,546.08,96.01,137.83,17.58,25.24,17.8,29.59
4223,2019-05-17,600519,927.02,906.79,932.3,900.1,49842,4551116800.0,3.46,-2.49,-23.12,0.4,906.79,932.3,900.1,539.5,87.23,142.73,16.17,26.46,18.06,25.49
4224,2019-05-20,600519,900.0,884.96,900.0,871.0,44408,3931645936.0,3.2,-2.41,-21.83,0.35,884.96,900.0,871.0,552.52,87.23,171.83,15.79,31.1,21.14,21.71
4225,2019-05-21,600519,885.0,895.0,910.0,872.02,42386,3791406208.0,4.29,1.13,10.04,0.34,895.0,910.0,872.02,575.62,97.23,165.61,16.89,28.77,23.13,18.05
4226,2019-05-22,600519,894.98,888.0,904.0,880.0,32042,2853872832.0,2.68,-0.78,-7.0,0.26,888.0,904.0,880.0,545.62,68.11,165.61,12.48,30.35,26.52,21.01
4227,2019-05-23,600519,881.0,861.0,883.98,856.22,58059,5062812416.0,3.13,-3.04,-27.0,0.46,861.0,883.98,856.22,555.55,68.11,189.39,12.26,34.09,31.58,24.7
4228,2019-05-24,600519,865.0,878.5,885.0,864.44,44034,3858962208.0,2.39,2.03,17.5,0.35,878.5,885.0,864.44,498.55,69.13,119.28,13.87,23.93,33.04,25.42
4229,2019-05-27,600519,879.1,879.0,882.99,860.05,39162,3417213664.0,2.61,0.06,0.5,0.31,879.0,882.99,860.05,477.77,69.13,100.89,14.47,21.12,32.13,25.09
4230,2019-05-28,600519,877.99,888.0,907.49,875.02,74773,6670856192.0,3.69,1.02,9.0,0.6,888.0,907.49,875.02,468.44,93.63,90.67,19.99,19.36,26.96,24.05
4231,2019-05-29,600519,888.01,911.91,924.95,888.01,65647,5963755520.0,4.16,2.69,23.91,0.52,911.91,924.95,888.01,463.49,111.09,73.17,23.97,15.79,26.05,24.59
4232,2019-05-30,600519,910.0,905.3,919.99,891.22,40247,3634187680.0,3.15,-0.72,-6.61,0.32,905.3,919.99,891.22,440.29,80.18,73.17,18.21,16.62,19.86,23.19
4233,2019-05-31,600519,900.53,890.0,906.99,890.0,35794,3211384928.0,1.88,-1.69,-15.3,0.28,890.0,906.99,890.0,430.3,79.98,74.39,18.59,17.29,12.61,22.1
4234,2019-06-03,600519,892.0,892.0,901.35,886.28,34479,3076922336.0,1.69,0.22,2.0,0.27,892.0,901.35,886.28,412.37,79.98,67.11,19.4,16.27,9.63,21.34
4235,2019-06-04,600519,895.0,875.3,895.43,871.0,39689,3481384256.0,2.74,-1.87,-16.7,0.32,875.3,895.43,871.0,390.37,52.98,82.39,13.57,21.11,10.14,21.14
4236,2019-06-05,600519,884.0,871.6,886.26,870.0,34067,2988114672.0,1.86,-0.42,-3.7,0.27,871.6,886.26,870.0,379.63,52.98,83.39,13.96,21.97,13.59,20.27
4237,2019-06-06,600519,875.62,862.13,875.77,858.0,34787,3009567792.0,2.04,-1.09,-9.47,0.28,862.13,875.77,858.0,365.2,52.98,90.49,14.51,24.78,14.52,20.28
4238,2019-06-10,600519,857.98,871.08,878.95,840.0,55502,4790052608.0,4.52,1.04,8.95,0.44,871.08,878.95,840.0,368.36,52.98,79.39,14.38,21.55,17.08,18.47
4239,2019-06-11,600519,876.0,910.89,915.61,875.0,80106,7209086976.0,4.66,4.57,39.81,0.64,910.89,915.61,875.0,374.91,79.64,79.39,21.24,21.18,16.5,14.56
4240,2019-06-12,600519,906.22,906.7,910.99,894.0,37747,3420899280.0,1.87,-0.46,-4.19,0.3,906.7,910.99,894.0,367.9,79.64,79.39,21.65,21.58,15.07,12.35
4241,2019-06-13,600519,910.0,910.0,912.3,897.0,32917,2984741680.0,1.69,0.36,3.3,0.26,910.0,912.3,897.0,351.42,80.95,55.61,23.04,15.82,14.54,12.34
4242,2019-06-14,600519,911.0,913.0,932.3,910.02,42455,3905679104.0,2.45,0.33,3.0,0.34,913.0,932.3,910.02,349.72,99.93,55.61,28.57,15.9,15.58,14.58
4243,2019-06-17,600519,907.0,911.6,926.94,906.02,32769,3001512192.0,2.29,-0.15,-1.4,0.26,911.6,926.94,906.02,347.7,99.93,55.22,28.74,15.88,16.02,15.27
4244,2019-06-18,600519,917.0,917.0,920.0,902.6,29441,2687679920.0,1.91,0.59,5.4,0.23,917.0,920.0,902.6,332.63,75.43,58.64,22.68,17.63,14.78,15.93
4245,2019-06-19,600519,940.0,932.01,946.7,932.01,53726,5051192576.0,1.6,1.64,15.01,0.43,932.01,946.7,932.01,325.38,84.67,58.64,26.02,18.02,17.79,17.15
4246,2019-06-20,600519,932.5,975.0,975.5,932.2,67272,6468666112.0,4.65,4.61,42.99,0.54,975.0,975.5,932.2,340.1,113.47,58.64,33.36,17.24,23.07,19.07
4247,2019-06-21,600519,969.97,976.3,984.49,964.5,45927,4482726912.0,2.05,0.13,1.3,0.37,976.3,984.49,964.5,343.1,122.46,57.42,35.69,16.74,26.0,20.27
4248,2019-06-24,600519,978.3,987.1,999.69,975.0,45779,4532527104.0,2.53,1.11,10.8,0.36,987.1,999.69,975.0,352.72,137.66,53.7,39.03,15.22,28.57,22.07
4249,2019-06-25,600519,992.0,982.98,999.0,967.0,51296,5035624448.0,3.24,-0.42,-4.12,0.41,982.98,999.0,967.0,360.29,137.66,46.42,38.21,12.88,32.02,24.02
4250,2019-06-26,600519,985.0,979.86,985.0,971.22,29588,2896585584.0,1.4,-0.32,-3.12,0.24,979.86,985.0,971.22,357.81,137.66,45.42,38.47,12.69,38.33,26.56
4251,2019-06-27,600519,985.0,996.35,1001.0,981.12,47978,4772724224.0,2.03,1.68,16.49,0.38,996.35,1001.0,981.12,361.18,153.66,33.42,42.54,9.25,46.02,31.9
4252,2019-06-28,600519,985.99,984.0,988.88,971.33,31088,3050739280.0,1.76,-1.24,-12.35,0.25,984.0,988.88,971.33,347.25,153.66,25.21,44.25,7.26,52.68,37.87
4253,2019-07-01,600519,1004.52,1031.86,1035.6,1000.22,52337,5325575936.0,3.6,4.86,47.86,0.42,1031.86,1035.6,1000.22,354.32,163.72,25.21,46.21,7.12,58.87,42.44
4254,2019-07-02,600519,1025.0,1025.0,1029.5,1016.0,39061,3989722048.0,1.31,-0.66,-6.86,0.31,1025.0,1029.5,1016.0,353.19,163.72,25.21,46.35,7.14,63.78,46.17
4255,2019-07-03,600519,1020.0,987.9,1023.0,981.5,67139,6717755648.0,4.05,-3.62,-37.1,0.53,987.9,1023.0,981.5,381.39,162.41,59.71,42.58,15.66,63.22,47.62
4256,2019-07-04,600519,985.8,981.2,990.8,971.22,46217,4531685888.0,1.98,-0.68,-6.7,0.37,981.2,990.8,971.22,378.67,142.41,69.99,37.61,18.48,60.51,49.42
4257,2019-07-05,600519,986.0,999.82,1006.0,976.3,50033,4968920576.0,3.03,1.9,18.62,0.4,999.82,1006.0,976.3,387.45,157.61,65.99,40.68,17.03,56.62,51.32
4258,2019-07-08,600519,995.05,984.86,997.9,975.0,33614,3313713088.0,2.29,-1.5,-14.96,0.27,984.86,997.9,975.0,394.87,157.61,63.87,39.91,16.17,51.71,52.19
4259,2019-07-09,600519,979.3,976.06,989.0,968.35,31723,3103986400.0,2.1,-0.89,-8.8,0.25,976.06,989.0,968.35,385.82,130.91,70.52,33.93,18.28,44.49,51.68
4260,2019-07-10,600519,980.93,982.52,990.58,977.0,28167,2774054720.0,1.39,0.66,6.46,0.22,982.52,990.58,977.0,356.85,103.69,70.52,29.06,19.76,35.44,49.61
4261,2019-07-11,600519,989.96,981.5,998.38,976.0,30514,3011117072.0,2.28,-0.1,-1.02,0.24,981.5,998.38,976.0,359.24,102.5,70.52,28.53,19.63,30.82,47.02
4262,2019-07-12,600519,981.3,986.09,991.5,980.01,28174,2778937968.0,1.17,0.47,4.59,0.22,986.09,991.5,980.01,346.04,87.3,70.52,25.23,20.38,26.91,43.71
4263,2019-07-15,600519,967.8,975.93,980.1,951.13,59870,5785726720.0,2.94,-1.03,-10.16,0.48,975.93,980.1,951.13,349.0,87.3,91.4,25.01,26.19,20.46,38.54
4264,2019-07-16,600519,975.45,968.0,982.3,965.0,33245,3226755648.0,1.77,-0.81,-7.93,0.26,968.0,982.3,965.0,352.52,89.5,91.4,25.39,25.93,13.58,32.64
4265,2019-07-17,600519,968.0,963.5,972.99,962.13,25469,2459954480.0,1.12,-0.46,-4.5,0.2,963.5,972.99,962.13,342.24,73.5,94.27,21.48,27.54,10.65,27.57
4266,2019-07-18,600519,961.5,947.5,963.0,947.18,39253,3748507472.0,1.64,-1.66,-16.0,0.31,947.5,963.0,947.18,333.54,73.5,99.43,22.04,29.81,9.97,22.71
4267,2019-07-19,600519,955.0,955.87,960.8,948.0,28015,2679887456.0,1.35,0.88,8.37,0.22,955.87,960.8,948.0,295.24,26.78,99.43,9.07,33.68,16.49,23.65
4268,2019-07-22,600519,960.0,957.02,964.0,950.25,28125,2695084032.0,1.44,0.12,1.15,0.22,957.02,964.0,950.25,293.13,29.98,99.43,10.23,33.92,23.66,25.28
4269,2019-07-23,600519,962.3,953.98,962.59,943.86,32484,3087319264.0,1.96,-0.32,-3.04,0.26,953.98,962.59,943.86,268.36,29.98,71.32,11.17,26.58,30.08,25.27
4270,2019-07-24,600519,958.31,946.36,959.9,944.69,46771,4450509824.0,1.59,-0.8,-7.62,0.37,946.36,959.9,944.69,263.99,29.98,61.04,11.36,23.12,35.59,24.58
4271,2019-07-25,600519,945.97,963.0,963.36,938.15,38256,3633246144.0,2.66,1.76,16.64,0.3,963.0,963.36,938.15,259.5,14.78,67.58,5.7,26.04,44.21,27.43
4272,2019-07-26,600519,961.97,965.03,971.0,958.55,26468,2556208816.0,1.29,0.21,2.03,0.21,965.03,971.0,958.55,247.13,22.42,66.28,9.07,26.82,49.95,29.96
4273,2019-07-29,600519,962.03,976.41,979.5,960.01,26981,2626793552.0,2.02,1.18,11.38,0.21,976.41,979.5,960.01,245.97,30.92,59.63,12.57,24.24,45.64,31.06
4274,2019-07-30,600519,976.5,978.93,983.0,971.0,19538,1911965184.0,1.23,0.26,2.52,0.16,978.93,983.0,971.0,243.45,32.84,59.63,13.49,24.49,41.53,32.59
4275,2019-07-31,600519,975.0,972.6,981.77,966.59,22526,2191909984.0,1.55,-0.65,-6.33,0.18,972.6,981.77,966.59,236.25,25.04,64.04,10.6,27.11,42.02,36.05
4276,2019-08-01,600519,976.51,959.3,977.0,953.02,35090,3385045856.0,2.47,-1.37,-13.3,0.28,959.3,977.0,953.02,248.74,25.04,77.61,10.07,31.2,44.87,40.23
4277,2019-08-02,600519,944.0,954.45,957.98,943.0,39719,3772328944.0,1.56,-0.51,-4.85,0.32,954.45,957.98,943.0,230.08,25.04,58.75,10.88,25.53,40.89,42.55
4278,2019-08-05,600519,945.0,942.43,954.0,940.0,36774,3473341312.0,1.47,-1.26,-12.02,0.29,942.43,954.0,940.0,227.23,22.84,61.75,10.05,27.18,40.32,45.14
4279,2019-08-06,600519,931.0,946.3,948.0,923.8,43991,4121445008.0,2.57,0.41,3.87,0.35,946.3,948.0,923.8,240.57,22.84,75.08,9.49,31.21,43.92,44.78
4280,2019-08-07,600519,949.5,945.0,955.53,945.0,26870,2553463424.0,1.11,-0.14,-1.3,0.21,945.0,955.53,945.0,234.78,30.37,60.13,12.94,25.61,44.58,43.05
4281,2019-08-08,600519,953.5,971.68,974.0,952.0,38808,3755086992.0,2.33,2.82,26.68,0.31,971.68,974.0,952.0,250.48,48.84,60.13,19.5,24.01,39.01,40.51
4282,2019-08-09,600519,978.5,962.03,980.95,958.99,28462,2760764352.0,2.26,-0.99,-9.65,0.23,962.03,980.95,958.99,258.69,52.59,60.13,20.33,23.24,31.59,38.23
4283,2019-08-12,600519,1010.31,1018.63,1020.1,995.01,81499,8208540672.0,2.61,5.88,56.6,0.65,1018.63,1020.1,995.01,298.03,91.74,53.74,30.78,18.03,29.23,35.06
4284,2019-08-13,600519,1016.16,1017.95,1026.0,1010.68,30330,3088013760.0,1.5,-0.07,-0.68,0.24,1017.95,1026.0,1010.68,298.14,97.64,53.74,32.75,18.03,26.4,33.36
4285,2019-08-14,600519,1030.02,1043.33,1051.9,1030.02,41411,4327071232.0,2.15,2.49,25.38,0.33,1043.33,1051.9,1030.02,306.88,123.54,47.2,40.26,15.38,24.96,34.44
4286,2019-08-15,600519,1028.0,1044.9,1046.48,1028.0,27237,2821331120.0,1.77,0.15,1.57,0.22,1044.9,1046.48,1028.0,312.91,115.9,49.22,37.04,15.73,26.21,35.39
4287,2019-08-16,600519,1049.84,1054.6,1075.58,1041.0,36087,3822488368.0,3.31,0.93,9.7,0.29,1054.6,1075.58,1041.0,328.0,136.5,49.22,41.62,15.01,32.32,35.66
4288,2019-08-19,600519,1061.0,1055.88,1069.98,1049.05,32868,3471558016.0,1.98,0.12,1.28,0.26,1055.88,1069.98,1049.05,336.93,133.0,49.22,39.47,14.61,38.86,35.23
4289,2019-08-20,600519,1055.0,1070.0,1073.68,1050.0,28602,3038219264.0,2.24,1.34,14.12,0.23,1070.0,1073.68,1050.0,345.43,136.7,44.81,39.57,12.97,42.95,36.09
4290,2019-08-21,600519,1070.1,1066.0,1076.97,1061.66,25067,2678841888.0,1.43,-0.37,-4.0,0.2,1066.0,1076.97,1061.66,336.76,139.99,31.24,41.57,9.28,48.7,37.55
4291,2019-08-22,600519,1072.99,1104.0,1104.0,1070.0,37591,4099045120.0,3.19,3.56,38.0,0.3,1104.0,1104.0,1070.0,358.46,167.02,21.22,46.59,5.92,54.16,39.56
4292,2019-08-23,600519,1105.0,1130.1,1133.56,1095.62,40192,4495782912.0,3.44,2.36,26.1,0.32,1130.1,1133.56,1095.62,381.95,196.58,18.22,51.47,4.77,61.27,43.74
4293,2019-08-26,600519,1113.0,1102.95,1128.0,1096.68,48498,5382792448.0,2.77,-2.4,-27.15,0.39,1102.95,1128.0,1096.68,391.17,196.58,2.02,50.25,0.52,69.76,51.04
4294,2019-08-27,600519,1117.0,1109.0,1131.31,1109.0,52164,5830617856.0,2.02,0.55,6.05,0.42,1109.0,1131.31,1109.0,409.0,192.36,2.02,47.03,0.49,78.42,58.64
4295,2019-08-28,600519,1109.0,1100.11,1123.19,1083.01,47010,5169778944.0,3.62,-0.8,-8.89,0.37,1100.11,1123.19,1083.01,420.18,173.89,28.01,41.38,6.67,82.02,62.49
4296,2019-08-29,600519,1105.0,1113.1,1118.18,1092.5,29330,3247704304.0,2.33,1.18,12.99,0.23,1113.1,1118.18,1092.5,423.9,166.94,28.01,39.38,6.61,83.32,66.01
4297,2019-08-30,600519,1125.0,1142.0,1146.0,1123.0,44891,5093877248.0,2.07,2.6,28.9,0.36,1142.0,1146.0,1123.0,398.73,155.61,28.01,39.03,7.02,81.99,68.07
4298,2019-09-02,600519,1139.99,1138.76,1144.98,1129.0,28234,3210850608.0,1.4,-0.28,-3.24,0.22,1138.76,1144.98,1129.0,399.39,149.71,28.01,37.48,7.01,79.56,70.41
4299,2019-09-03,600519,1140.0,1140.0,1151.02,1128.56,29485,3358578416.0,1.97,0.11,1.24,0.23,1140.0,1151.02,1128.56,387.9,129.85,28.01,33.48,7.22,73.99,71.87
4300,2019-09-04,600519,1140.8,1125.01,1142.91,1120.11,33600,3785904736.0,2.0,-1.31,-14.99,0.27,1125.01,1142.91,1120.11,392.22,129.85,34.44,33.11,8.78,67.35,72.88
4301,2019-09-05,600519,1129.0,1144.0,1144.9,1128.0,32931,3746608080.0,1.5,1.69,18.99,0.26,1144.0,1144.9,1128.0,377.53,102.74,34.44,27.21,9.12,63.6,72.81
4302,2019-09-06,600519,1144.5,1142.49,1146.15,1131.0,26177,2978155824.0,1.32,-0.13,-1.51,0.21,1142.49,1146.15,1131.0,371.75,103.99,34.44,27.97,9.26,60.1,71.71
4303,2019-09-09,600519,1145.0,1136.52,1148.0,1135.0,29379,3346080768.0,1.14,-0.52,-5.97,0.23,1136.52,1148.0,1135.0,361.07,102.14,34.44,28.29,9.54,56.78,69.38
4304,2019-09-10,600519,1134.3,1123.85,1135.0,1120.01,26227,2952753648.0,1.32,-1.11,-12.67,0.21,1123.85,1135.0,1120.01,362.27,98.85,49.43,27.29,13.64,50.92,65.24
4305,2019-09-11,600519,1119.22,1069.52,1119.97,1068.0,81717,8904690688.0,4.62,-4.83,-54.33,0.65,1069.52,1119.97,1068.0,380.12,71.82,101.44,18.89,26.69,43.02,58.5
4306,2019-09-12,600519,1066.0,1099.0,1109.98,1066.0,41211,4498210304.0,4.11,2.76,29.48,0.33,1099.0,1109.98,1066.0,386.16,42.26,103.44,10.94,26.79,40.34,53.84
4307,2019-09-16,600519,1083.0,1099.0,1103.95,1083.0,31372,3432292112.0,1.91,0.0,0.0,0.25,1099.0,1103.95,1083.0,373.69,42.26,103.44,11.31,27.68,39.04,51.32
4308,2019-09-17,600519,1094.0,1094.01,1106.66,1087.0,25197,2767385776.0,1.79,-0.45,-4.99,0.2,1094.01,1106.66,1087.0,364.99,41.66,103.44,11.41,28.34,37.76,48.93
4309,2019-09-18,600519,1108.5,1148.9,1150.0,1108.18,69314,7899560192.0,3.82,5.02,54.89,0.55,1148.9,1150.0,1108.18,380.8,85.0,77.45,22.32,20.34,30.27,43.52
4310,2019-09-19,600519,1148.0,1145.0,1150.0,1137.1,24480,2800064432.0,1.12,-0.34,-3.9,0.19,1145.0,1150.0,1137.1,368.02,85.0,77.45,23.1,21.05,25.49,38.21
4311,2019-09-20,600519,1151.0,1157.42,1160.0,1147.59,37627,4346138368.0,1.08,1.08,12.42,0.3,1157.42,1160.0,1147.59,350.12,67.18,77.45,19.19,22.12,23.83,33.42
4312,2019-09-23,600519,1157.0,1149.0,1157.0,1131.0,30026,3431058976.0,2.25,-0.73,-8.42,0.24,1149.0,1157.0,1131.0,360.56,67.18,94.04,18.63,26.08,19.6,29.97
4313,2019-09-24,600519,1155.0,1184.0,1184.9,1152.0,36269,4259834000.0,2.86,3.05,35.0,0.29,1184.0,1184.9,1152.0,374.0,89.04,94.04,23.81,25.14,13.06,26.05
4314,2019-09-25,600519,1180.0,1174.0,1188.87,1170.5,24025,2832308416.0,1.55,-0.84,-10.0,0.19,1174.0,1188.87,1170.5,369.57,93.01,85.59,25.17,23.16,6.66,22.21
4315,2019-09-26,600519,1174.94,1167.0,1183.35,1158.81,26082,3050478320.0,2.09,-0.6,-7.0,0.21,1167.0,1183.35,1158.81,374.22,91.02,97.28,24.32,26.0,6.44,18.35
4316,2019-09-27,600519,1164.0,1174.75,1183.0,1153.0,22827,2671754320.0,2.57,0.66,7.75,0.18,1174.75,1183.0,1153.0,389.07,89.77,103.09,23.07,26.5,6.81,16.15
4317,2019-09-30,600519,1163.0,1150.0,1169.43,1150.0,30825,3565988672.0,1.65,-2.11,-24.75,0.25,1150.0,1169.43,1150.0,400.82,87.92,106.09,21.94,26.47,7.19,15.51
4318,2019-10-08,600519,1153.0,1167.1,1180.0,1152.01,31045,3631091488.0,2.43,1.49,17.1,0.25,1167.1,1180.0,1152.01,414.31,98.49,91.1,23.77,21.99,5.06,12.33
4319,2019-10-09,600519,1166.2,1146.81,1166.2,1135.05,35789,4105282384.0,2.67,-1.74,-20.29,0.28,1146.81,1166.2,1135.05,390.51,98.49,56.05,25.22,14.35,9.19,11.12
4320,2019-10-10,600519,1127.0,1155.0,1158.93,1109.02,41174,4685560576.0,4.35,0.71,8.19,0.33,1155.0,1158.93,1109.02,396.44,98.49,80.08,24.84,20.2,10.21,8.43
4321,2019-10-11,600519,1157.0,1174.6,1175.0,1152.21,28689,3343559808.0,1.97,1.7,19.6,0.23,1174.6,1175.0,1152.21,398.28,114.56,80.08,28.76,20.11,12.61,9.52
4322,2019-10-14,600519,1186.0,1180.0,1187.66,1170.0,27188,3209362992.0,1.5,0.46,5.4,0.22,1180.0,1187.66,1170.0,396.28,124.51,80.08,31.42,20.21,15.08,10.95
4323,2019-10-15,600519,1180.0,1211.0,1215.68,1177.03,40035,4806856448.0,3.28,2.63,31.0,0.32,1211.0,1215.68,1177.03,378.94,109.19,80.08,28.81,21.13,16.08,11.64
4324,2019-10-16,600519,1168.0,1170.0,1187.5,1160.0,59151,6935972608.0,2.27,-3.39,-41.0,0.47,1170.0,1187.5,1160.0,417.04,109.19,97.11,26.18,23.29,16.41,10.73
4325,2019-10-17,600519,1176.0,1183.33,1186.66,1162.5,30509,3578144112.0,2.06,1.14,13.33,0.24,1183.33,1186.66,1162.5,426.2,99.19,97.11,23.27,22.79,12.01,10.6
4326,2019-10-18,600519,1179.0,1175.79,1189.99,1171.69,28292,3335011088.0,1.55,-0.64,-7.54,0.23,1175.79,1189.99,1171.69,418.08,102.52,80.52,24.52,19.26,12.29,11.25
4327,2019-10-21,600519,1171.86,1168.5,1178.9,1163.3,25275,2955023936.0,1.33,-0.62,-7.29,0.2,1168.5,1178.9,1163.3,397.78,74.62,88.91,18.76,22.35,10.79,11.7
4328,2019-10-22,600519,1178.0,1170.8,1181.5,1163.89,19309,2262188256.0,1.51,0.2,2.3,0.15,1170.8,1181.5,1163.89,397.02,73.25,88.91,18.45,22.39,8.79,11.93
4329,2019-10-23,600519,1168.0,1158.91,1178.0,1156.11,23080,2684922176.0,1.87,-1.02,-11.89,0.18,1158.91,1178.0,1156.11,394.37,73.25,85.0,18.57,21.55,7.46,11.77
4330,2019-10-24,600519,1164.95,1150.27,1166.0,1147.16,26178,3025245584.0,1.63,-0.75,-8.64,0.21,1150.27,1166.0,1147.16,383.21,73.25,88.14,19.11,23.0,8.02,12.21
4331,2019-10-25,600519,1153.3,1171.35,1172.5,1143.03,25998,3015928992.0,2.56,1.83,21.08,0.21,1171.35,1172.5,1143.03,387.93,79.75,85.14,20.56,21.95,8.39,10.2
4332,2019-10-28,600519,1166.01,1178.29,1181.01,1165.0,22486,2644563040.0,1.37,0.59,6.94,0.18,1178.29,1181.01,1165.0,373.94,77.69,85.14,20.78,22.77,7.15,9.72
4333,2019-10-29,600519,1181.11,1193.0,1199.96,1177.77,27804,3314271728.0,1.88,1.25,14.71,0.22,1193.0,1199.96,1177.77,364.08,96.64,68.18,26.54,18.73,8.57,9.68
4334,2019-10-30,600519,1190.0,1183.8,1192.7,1176.0,21255,2516524160.0,1.4,-0.77,-9.2,0.17,1183.8,1192.7,1176.0,331.17,96.64,43.92,29.18,13.26,13.21,11.0
4335,2019-10-31,600519,1196.0,1180.01,1198.0,1176.15,25909,3068884880.0,1.85,-0.32,-3.79,0.21,1180.01,1198.0,1176.15,330.23,85.87,43.92,26.0,13.3,17.36,12.41
4336,2019-11-01,600519,1181.0,1185.0,1191.95,1172.5,22812,2697638368.0,1.65,0.42,4.99,0.18,1185.0,1191.95,1172.5,332.02,73.21,47.57,22.05,14.33,19.36,13.69
4337,2019-11-04,600519,1190.0,1199.59,1209.99,1189.0,26738,3209264032.0,1.77,1.23,14.59,0.21,1199.59,1209.99,1189.0,318.36,63.23,47.57,19.86,14.94,21.17,14.78
4338,2019-11-05,600519,1199.5,1199.0,1205.0,1192.0,22255,2667596016.0,1.08,-0.05,-0.59,0.18,1199.0,1205.0,1192.0,280.36,63.23,30.54,22.55,10.89,26.22,16.68
4339,2019-11-06,600519,1197.0,1193.0,1204.0,1188.88,19738,2362005424.0,1.26,-0.5,-6.0,0.16,1193.0,1204.0,1188.88,271.32,63.23,33.66,23.3,12.41,28.43,18.5
4340,2019-11-07,600519,1196.51,1201.37,1201.88,1189.0,16168,1933203872.0,1.08,0.7,8.37,0.13,1201.37,1201.88,1189.0,265.9,59.9,33.66,22.53,12.66,26.85,20.03
4341,2019-11-08,600519,1205.0,1205.0,1215.65,1201.51,24512,2964133776.0,1.18,0.3,3.63,0.2,1205.0,1215.65,1201.51,264.58,73.67,25.27,27.84,9.55,29.62,23.49
4342,2019-11-11,600519,1201.5,1199.0,1206.2,1193.51,17342,2082060832.0,1.05,-0.5,-6.0,0.14,1199.0,1206.2,1193.51,259.66,71.07,33.27,27.37,12.81,32.12,25.74
4343,2019-11-12,600519,1204.0,1201.6,1209.6,1198.21,19151,2303205536.0,0.95,0.22,2.6,0.15,1201.6,1209.6,1198.21,249.16,74.47,25.49,29.89,10.23,37.93,29.55
4344,2019-11-13,600519,1207.0,1224.0,1227.8,1200.0,31977,3890666576.0,2.31,1.86,22.4,0.25,1224.0,1227.8,1200.0,258.12,92.67,16.54,35.9,6.41,43.74,34.98
4345,2019-11-14,600519,1227.0,1230.0,1240.0,1222.0,23521,2898399696.0,1.47,0.49,6.0,0.19,1230.0,1240.0,1222.0,246.65,98.37,16.54,39.88,6.71,50.52,39.47
4346,2019-11-15,600519,1230.0,1224.9,1232.91,1221.5,16341,2003665312.0,0.93,-0.41,-5.1,0.13,1224.9,1232.91,1221.5,242.05,89.86,17.04,37.12,7.04,57.2,42.02
4347,2019-11-18,600519,1225.12,1227.28,1229.45,1218.0,18038,2204546128.0,0.93,0.19,2.38,0.14,1227.28,1229.45,1218.0,231.31,70.91,20.54,30.66,8.88,58.22,43.92
4348,2019-11-19,600519,1228.0,1232.32,1241.61,1225.02,20624,2542105920.0,1.35,0.41,5.04,0.16,1232.32,1241.61,1225.02,230.9,83.07,18.77,35.98,8.13,62.71,47.41
4349,2019-11-20,600519,1230.0,1233.75,1239.51,1228.06,15281,1884957280.0,0.93,0.12,1.43,0.12,1233.75,1239.51,1228.06,220.5,77.77,18.77,35.27,8.51,64.73,51.33
4350,2019-11-21,600519,1231.0,1231.3,1235.51,1221.06,19187,2356277760.0,1.17,-0.2,-2.45,0.15,1231.3,1235.51,1221.06,215.5,77.77,22.12,36.09,10.26,62.4,53.07
4351,2019-11-22,600519,1223.0,1194.0,1229.0,1185.0,47054,5677646592.0,3.57,-3.03,-37.3,0.37,1194.0,1229.0,1185.0,236.81,59.73,58.18,25.22,24.57,50.75,50.63
4352,2019-11-25,600519,1188.05,1182.06,1194.0,1172.06,38282,4518778880.0,1.84,-1.0,-11.94,0.3,1182.06,1194.0,1172.06,245.75,59.73,71.12,24.31,28.94,40.84,49.02
4353,2019-11-26,600519,1186.68,1185.0,1198.6,1183.0,40240,4794179840.0,1.32,0.25,2.94,0.32,1185.0,1198.6,1183.0,247.17,64.33,68.0,26.03,27.51,32.13,45.18
4354,2019-11-27,600519,1192.8,1189.95,1196.62,1184.51,19849,2363839728.0,1.02,0.42,4.95,0.16,1189.95,1196.62,1184.51,246.4,64.33,68.0,26.11,27.6,22.07,42.39
4355,2019-11-28,600519,1194.97,1175.8,1197.51,1169.02,28845,3405325552.0,2.39,-1.19,-14.15,0.23,1175.8,1197.51,1169.02,260.61,50.56,83.49,19.4,32.04,15.97,40.35
4356,2019-11-29,600519,1165.5,1129.0,1165.5,1112.89,82397,9338326528.0,4.47,-3.98,-46.8,0.66,1129.0,1165.5,1112.89,310.83,50.56,131.62,16.27,42.34,14.1,38.25
4357,2019-12-02,600519,1118.2,1133.0,1140.02,1118.2,30784,3479717424.0,1.93,0.35,4.0,0.25,1133.0,1140.02,1118.2,321.26,47.16,131.62,14.68,40.97,21.76,36.25
4358,2019-12-03,600519,1133.0,1118.0,1133.0,1117.74,27341,3066695648.0,1.35,-1.32,-15.0,0.22,1118.0,1133.0,1117.74,308.72,28.96,132.08,9.38,42.78,30.98,35.91
4359,2019-12-04,600519,1140.0,1122.33,1144.66,1118.0,35283,3980511008.0,2.38,0.39,4.33,0.28,1122.33,1144.66,1118.0,317.38,28.42,132.08,8.95,41.62,41.28,36.7
4360,2019-12-05,600519,1125.0,1129.8,1132.01,1118.0,21339,2402503472.0,1.25,0.67,7.47,0.17,1129.8,1132.01,1118.0,319.98,28.42,131.58,8.88,41.12,51.57,36.82
4361,2019-12-06,600519,1135.97,1170.0,1170.0,1130.1,39506,4565643776.0,3.53,3.56,40.2,0.31,1170.0,1170.0,1130.1,348.73,66.41,128.08,19.04,36.73,52.76,34.37
4362,2019-12-09,600519,1175.0,1158.7,1176.0,1156.1,21824,2543532528.0,1.7,-0.97,-11.3,0.17,1158.7,1176.0,1156.1,352.04,60.25,128.08,17.11,36.38,51.34,32.72
4363,2019-12-10,600519,1159.6,1164.4,1165.0,1151.0,15087,1749356288.0,1.21,0.49,5.7,0.12,1164.4,1165.0,1151.0,354.59,60.25,133.18,16.99,37.56,49.75,35.76
4364,2019-12-11,600519,1168.0,1158.98,1170.75,1155.55,14568,1689987680.0,1.31,-0.47,-5.42,0.12,1158.98,1170.75,1155.55,355.34,66.0,126.18,18.57,35.51,44.3,37.64
4365,2019-12-12,600519,1156.0,1137.0,1159.94,1130.08,29409,3362699680.0,2.58,-1.9,-21.98,0.23,1137.0,1159.94,1130.08,338.9,66.0,115.59,19.47,34.11,38.09,39.69
4366,2019-12-13,600519,1146.0,1163.0,1165.0,1146.0,30001,3473927968.0,1.67,2.29,26.0,0.24,1163.0,1165.0,1146.0,344.96,71.06,102.65,20.6,29.76,30.37,40.97
4367,2019-12-16,600519,1163.0,1147.92,1163.0,1137.94,30936,3554133648.0,2.15,-1.3,-15.08,0.25,1147.92,1163.0,1137.94,353.48,66.46,110.71,18.8,31.32,29.25,41.0
4368,2019-12-17,600519,1149.7,1169.98,1173.6,1143.03,42617,4937041920.0,2.66,1.92,22.06,0.34,1169.98,1173.6,1143.03,371.94,77.06,110.71,20.72,29.77,26.23,38.79
4369,2019-12-18,600519,1174.0,1168.0,1175.2,1164.0,19640,2295963808.0,0.96,-0.17,-1.98,0.16,1168.0,1175.2,1164.0,354.65,78.66,95.22,22.18,26.85,21.54,35.65
4370,2019-12-19,600519,1163.0,1157.4,1163.0,1152.0,19552,2262598592.0,0.94,-0.91,-10.6,0.16,1157.4,1163.0,1152.0,307.74,78.66,51.09,25.56,16.6,19.86,32.08
4371,2019-12-20,600519,1162.18,1146.3,1162.18,1141.5,23564,2703612352.0,1.79,-0.96,-11.1,0.19,1146.3,1162.18,1141.5,306.6,78.66,61.59,25.66,20.09,17.34,27.71
4372,2019-12-23,600519,1139.0,1149.3,1162.5,1136.0,25919,2981937536.0,2.31,0.26,3.0,0.21,1149.3,1162.5,1136.0,317.84,78.66,66.63,24.75,20.96,15.69,23.03
4373,2019-12-24,600519,1153.0,1148.0,1155.0,1145.0,11823,1358536192.0,0.87,-0.11,-1.3,0.09,1148.0,1155.0,1145.0,301.18,67.0,66.63,22.25,22.12,11.57,20.41
4374,2019-12-25,600519,1143.0,1133.7,1143.0,1130.01,24306,2755735168.0,1.13,-1.25,-14.3,0.19,1133.7,1143.0,1130.01,305.16,67.0,81.62,21.96,26.75,10.22,18.23
4375,2019-12-26,600519,1132.0,1135.1,1141.98,1119.99,22877,2585996496.0,1.94,0.12,1.4,0.18,1135.1,1141.98,1119.99,286.95,29.01,91.64,10.11,31.94,17.29,19.41
4376,2019-12-27,600519,1150.0,1163.0,1172.0,1150.0,47066,5486452992.0,1.94,2.46,27.9,0.37,1163.0,1172.0,1150.0,303.95,53.03,91.64,17.45,30.15,18.19,19.03
4377,2019-12-30,600519,1170.2,1185.8,1195.5,1170.2,40761,4827682048.0,2.18,1.96,22.8,0.32,1185.8,1195.5,1170.2,322.45,76.53,86.54,23.73,26.84,17.19,17.26
4378,2019-12-31,600519,1183.0,1183.0,1188.0,1176.51,22589,2666705104.0,0.97,-0.24,-2.8,0.18,1183.0,1188.0,1176.51,318.74,70.78,86.54,22.21,27.15,17.48,16.58
4379,2020-01-02,600519,1128.0,1130.0,1145.06,1116.0,148099,16696837120.0,2.46,-4.48,-53.0,1.18,1130.0,1145.06,1116.0,355.88,70.78,121.58,19.89,34.16,21.83,16.7
4380,2020-01-03,600519,1117.0,1078.56,1117.0,1076.9,130319,14266380544.0,3.55,-4.55,-51.44,1.04,1078.56,1117.0,1076.9,380.98,65.72,160.68,17.25,42.18,27.18,18.7
4381,2020-01-06,600519,1070.86,1077.99,1092.9,1067.3,63415,6853917696.0,2.37,-0.05,-0.57,0.5,1077.99,1092.9,1067.3,381.52,65.72,162.22,17.23,42.52,25.59,21.44
4382,2020-01-07,600519,1077.5,1094.53,1099.0,1076.4,47854,5220697088.0,2.1,1.53,16.54,0.38,1094.53,1099.0,1076.4,373.55,61.22,162.22,16.39,43.43,28.67,23.43
4383,2020-01-08,600519,1085.05,1088.14,1095.5,1082.58,25008,2720371920.0,1.18,-0.58,-6.39,0.2,1088.14,1095.5,1082.58,375.27,59.62,162.22,15.89,43.23,35.36,26.27
4384,2020-01-09,600519,1094.0,1102.7,1105.39,1090.0,37406,4110949808.0,1.41,1.34,14.56,0.3,1102.7,1105.39,1090.0,376.52,69.51,150.22,18.46,39.9,39.81,28.65
4385,2020-01-10,600519,1109.0,1112.5,1115.99,1102.5,35976,3993457120.0,1.22,0.89,9.8,0.29,1112.5,1115.99,1102.5,369.33,80.11,139.72,21.69,37.83,39.93,30.88
4386,2020-01-13,600519,1112.5,1124.27,1129.2,1112.0,38516,4325688064.0,1.55,1.06,11.77,0.31,1124.27,1129.2,1112.0,360.03,93.32,134.22,25.92,37.28,35.94,31.56
4387,2020-01-14,600519,1124.2,1107.4,1124.89,1103.0,35145,3916300784.0,1.95,-1.5,-16.87,0.28,1107.4,1124.89,1103.0,371.92,93.32,143.22,25.09,38.51,32.4,28.99
4388,2020-01-15,600519,1109.01,1112.13,1121.6,1105.0,26029,2895603680.0,1.5,0.43,4.73,0.21,1112.13,1121.6,1105.0,370.53,93.32,128.23,25.19,34.61,27.49,28.08
4389,2020-01-16,600519,1118.87,1107.0,1118.87,1102.58,23192,2571593136.0,1.46,-0.46,-5.13,0.18,1107.0,1118.87,1102.58,364.83,93.32,120.63,25.58,33.06,21.91,28.63
4390,2020-01-17,600519,1110.0,1107.5,1112.78,1101.01,23473,2599645152.0,1.06,0.05,0.5,0.19,1107.5,1112.78,1101.01,339.7,63.3,122.2,18.63,35.97,21.08,30.44
4391,2020-01-20,600519,1111.86,1091.0,1111.86,1082.0,35391,3858246848.0,2.7,-1.49,-16.5,0.28,1091.0,1111.86,1082.0,337.06,39.8,141.21,11.81,41.89,25.89,32.91
4392,2020-01-21,600519,1081.0,1075.3,1087.0,1072.3,32874,3542441312.0,1.35,-1.44,-15.7,0.26,1075.3,1087.0,1072.3,344.27,39.8,150.91,11.56,43.83,32.61,34.27
4393,2020-01-22,600519,1070.0,1075.51,1084.0,1055.38,36200,3875275072.0,2.66,0.02,0.21,0.29,1075.51,1084.0,1055.38,305.89,39.8,107.32,13.01,35.08,36.74,34.57
4394,2020-01-23,600519,1076.0,1052.8,1076.0,1037.0,53468,5638945792.0,3.63,-2.11,-22.71,0.43,1052.8,1076.0,1037.0,291.79,39.8,86.6,13.64,29.68,40.29,33.89
4395,2020-02-03,600519,985.0,1003.92,1010.68,980.0,123443,12314991872.0,2.91,-4.64,-48.88,0.98,1003.92,1010.68,980.0,338.99,39.8,134.0,11.74,39.53,47.19,34.55
4396,2020-02-04,600519,1015.0,1038.01,1057.0,1011.01,62624,6490469120.0,4.58,3.4,34.09,0.5,1038.01,1057.0,1011.01,369.47,80.02,134.0,21.66,36.27,46.1,33.59
4397,2020-02-05,600519,1050.0,1049.99,1054.0,1033.03,47418,4956355328.0,2.02,1.15,11.98,0.38,1049.99,1054.0,1033.03,377.52,80.02,134.0,21.2,35.49,40.97,33.43
4398,2020-02-06,600519,1059.43,1071.0,1075.0,1052.02,47171,5011246336.0,2.19,2.0,21.01,0.38,1071.0,1075.0,1052.02,385.28,91.13,134.0,23.65,34.78,34.43,33.52
4399,2020-02-07,600519,1070.01,1076.0,1077.0,1061.02,31279,3348894576.0,1.49,0.47,5.0,0.25,1076.0,1077.0,1061.02,387.77,82.53,134.0,21.28,34.56,30.75,33.74
4400,2020-02-10,600519,1062.0,1066.49,1074.6,1057.2,30533,3251908512.0,1.62,-0.88,-9.51,0.24,1066.49,1074.6,1057.2,389.37,69.32,137.82,17.8,35.4,30.09,35.19
4401,2020-02-11,600519,1063.0,1098.0,1099.68,1062.8,47918,5222918912.0,3.46,2.95,31.51,0.38,1098.0,1099.68,1062.8,404.36,94.4,128.82,23.35,31.86,23.62,35.41
4402,2020-02-12,600519,1089.0,1097.27,1098.79,1085.88,28125,3072293968.0,1.18,-0.07,-0.73,0.22,1097.27,1098.79,1085.88,400.67,94.4,128.82,23.56,32.15,21.99,34.05
4403,2020-02-13,600519,1098.0,1091.0,1113.89,1088.01,30357,3335277424.0,2.36,-0.57,-6.27,0.24,1091.0,1113.89,1088.01,410.26,109.5,126.4,26.69,30.81,18.98,29.98
4404,2020-02-14,600519,1090.45,1088.0,1093.51,1083.11,23288,2534568400.0,0.95,-0.27,-3.0,0.19,1088.0,1093.51,1083.11,408.89,109.5,129.73,26.78,31.73,17.22,25.83
4405,2020-02-17,600519,1082.5,1093.82,1096.19,1082.4,27028,2946182656.0,1.27,0.53,5.82,0.22,1093.82,1096.19,1082.4,392.82,112.18,110.72,28.56,28.19,13.36,22.06
4406,2020-02-18,600519,1090.01,1084.0,1096.88,1083.0,26665,2897729696.0,1.27,-0.9,-9.82,0.21,1084.0,1096.88,1083.0,388.0,112.87,101.02,29.09,26.04,8.78,19.43
4407,2020-02-19,600519,1085.0,1096.5,1101.5,1078.0,37051,4052365600.0,2.17,1.15,12.5,0.29,1096.5,1101.5,1078.0,382.88,112.87,89.1,29.48,23.27,8.17,15.9
4408,2020-02-20,600519,1096.7,1118.0,1124.0,1095.41,46803,5220660992.0,2.61,1.96,21.5,0.37,1118.0,1124.0,1095.41,372.47,135.37,70.72,36.34,18.99,10.83,16.41
4409,2020-02-21,600519,1111.46,1112.88,1123.54,1110.01,28940,3225337168.0,1.21,-0.46,-5.12,0.23,1112.88,1123.54,1110.01,313.2,135.37,13.72,43.22,4.38,23.23,21.11
4410,2020-02-24,600519,1105.5,1087.18,1110.0,1085.5,38650,4221857472.0,2.2,-2.31,-25.7,0.31,1087.18,1110.0,1085.5,287.5,89.05,38.23,30.97,13.3,28.48,22.85
4411,2020-02-25,600519,1078.0,1074.81,1082.09,1067.88,38386,4127432128.0,1.31,-1.14,-12.37,0.31,1074.81,1082.09,1067.88,285.83,89.05,55.85,31.15,19.54,32.19,22.77
4412,2020-02-26,600519,1062.0,1073.7,1084.0,1055.0,43561,4663278336.0,2.7,-0.1,-1.11,0.35,1073.7,1084.0,1055.0,289.82,68.05,68.73,23.48,23.71,31.35,20.06
4413,2020-02-27,600519,1076.0,1087.39,1094.99,1076.0,34498,3758783808.0,1.77,1.28,13.69,0.27,1087.39,1094.99,1076.0,295.13,77.04,68.73,26.1,23.29,30.33,19.25
4414,2020-02-28,600519,1070.3,1057.0,1082.0,1049.97,49947,5307929344.0,2.95,-2.79,-30.39,0.4,1057.0,1082.0,1049.97,313.75,77.04,90.94,24.55,28.98,26.48,18.66
4415,2020-03-02,600519,1050.11,1086.01,1096.55,1050.01,47663,5154329088.0,4.4,2.74,29.01,0.38,1086.01,1096.55,1050.01,323.41,66.51,90.94,20.57,28.12,15.47,19.35
4416,2020-03-03,600519,1098.0,1113.0,1118.88,1098.0,50250,5585227776.0,1.92,2.49,26.99,0.4,1113.0,1118.88,1098.0,343.37,88.84,90.94,25.87,26.48,9.01,18.74
4417,2020-03-04,600519,1125.0,1128.92,1139.0,1116.24,53793,6080149248.0,2.04,1.43,15.92,0.43,1128.92,1139.0,1116.24,343.49,93.86,90.94,27.33,26.48,5.46,18.82
4418,2020-03-05,600519,1136.31,1171.0,1174.99,1130.56,62426,7210484992.0,3.94,3.73,42.08,0.5,1171.0,1174.99,1130.56,379.16,129.85,86.04,34.25,22.69,8.76,20.05
4419,2020-03-06,600519,1163.0,1155.5,1176.0,1151.98,30641,3553622352.0,2.05,-1.32,-15.5,0.24,1155.5,1176.0,1151.98,389.39,128.18,86.04,32.92,22.1,11.08,20.71
4420,2020-03-09,600519,1135.0,1114.01,1135.0,1111.31,43404,4865288448.0,2.05,-3.59,-41.49,0.35,1114.01,1135.0,1111.31,419.7,127.49,126.71,30.38,30.19,9.76,18.12
4421,2020-03-10,600519,1113.0,1156.0,1168.0,1113.0,58063,6635936256.0,4.94,3.77,41.99,0.46,1156.0,1168.0,1113.0,451.2,160.49,121.71,35.57,26.97,9.46,12.47
4422,2020-03-11,600519,1155.5,1158.52,1169.58,1141.0,35548,4124607952.0,2.47,0.22,2.52,0.28,1158.52,1169.58,1141.0,451.19,139.57,121.71,30.93,26.98,10.4,9.71
4423,2020-03-12,600519,1141.22,1138.5,1153.0,1125.1,36631,4172606112.0,2.41,-1.73,-20.02,0.29,1138.5,1153.0,1125.1,471.08,139.57,137.61,29.63,29.21,10.26,7.86
4424,2020-03-13,600519,1090.0,1112.03,1128.98,1080.0,75885,8348496384.0,4.3,-2.32,-26.47,0.6,1112.03,1128.98,1080.0,502.2,139.57,158.2,27.79,31.5,7.92,8.34
4425,2020-03-16,600519,1103.98,1067.0,1107.95,1062.0,51233,5548946688.0,4.13,-4.05,-45.03,0.41,1067.0,1107.95,1062.0,532.93,139.57,158.58,26.19,29.76,5.7,8.39
4426,2020-03-17,600519,1055.0,1045.1,1078.0,1011.12,79359,8277472768.0,6.27,-2.05,-21.9,0.63,1045.1,1078.0,1011.12,570.81,139.57,196.58,24.45,34.44,8.48,9.12
4427,2020-03-18,600519,1040.0,1007.99,1060.0,1007.99,73460,7582762496.0,4.98,-3.55,-37.11,0.58,1007.99,1060.0,1007.99,601.53,128.58,199.71,21.38,33.2,9.8,9.63
4428,2020-03-19,600519,993.99,996.0,1015.0,960.1,102265,10075880448.0,5.45,-1.19,-11.99,0.81,996.0,1015.0,960.1,619.01,128.58,221.57,20.77,35.79,13.09,11.75
4429,2020-03-20,600519,1011.0,1035.28,1043.0,1011.0,60139,6169094400.0,3.21,3.94,39.28,0.48,1035.28,1043.0,1011.0,619.47,142.03,221.57,22.93,35.77,16.62,13.44
4430,2020-03-23,600519,1000.0,1019.0,1035.28,991.52,48472,4918121984.0,4.23,-1.57,-16.28,0.39,1019.0,1035.28,991.52,630.36,119.7,241.05,18.99,38.24,21.18,14.55
4431,2020-03-24,600519,1043.0,1056.0,1058.88,1035.0,46651,4900364032.0,2.34,3.63,37.0,0.37,1056.0,1058.88,1035.0,644.24,123.18,241.05,19.12,37.42,25.51,15.61
4432,2020-03-25,600519,1087.98,1080.1,1091.36,1074.2,37049,4015061216.0,1.63,2.28,24.1,0.29,1080.1,1091.36,1074.2,633.53,119.67,241.05,18.89,38.05,28.29,18.39
4433,2020-03-26,600519,1073.33,1064.92,1091.2,1062.0,30049,3231754304.0,2.7,-1.41,-15.18,0.24,1064.92,1091.2,1062.0,638.71,118.66,253.25,18.58,39.65,30.71,20.26
4434,2020-03-27,600519,1085.0,1075.5,1092.0,1075.01,36261,3931759360.0,1.6,0.99,10.58,0.29,1075.5,1092.0,1075.01,621.6,119.46,212.58,19.22,34.2,30.96,22.02
4435,2020-03-30,600519,1060.25,1072.0,1077.0,1057.0,30687,3279823024.0,1.86,-0.33,-3.5,0.24,1072.0,1077.0,1057.0,586.6,86.46,230.59,14.74,39.31,34.89,25.75
4436,2020-03-31,600519,1082.0,1111.0,1115.0,1081.8,47984,5293170688.0,3.1,3.64,39.0,0.38,1111.0,1115.0,1081.8,601.02,122.88,230.59,20.45,38.37,34.36,27.77
4437,2020-04-01,600519,1117.0,1103.0,1129.0,1103.0,33205,3700184240.0,2.34,-0.72,-8.0,0.26,1103.0,1129.0,1103.0,593.6,136.88,214.69,23.06,36.17,32.66,29.08
4438,2020-04-02,600519,1104.0,1145.0,1145.0,1103.88,45206,5095167488.0,3.73,3.81,42.0,0.36,1145.0,1145.0,1103.88,577.1,152.88,169.59,26.49,29.39,27.91,28.1
4439,2020-04-03,600519,1139.03,1139.79,1147.96,1131.98,27618,3148421872.0,1.4,-0.46,-5.21,0.22,1139.79,1147.96,1131.98,543.05,155.84,151.59,28.7,27.91,22.11,26.41
4440,2020-04-07,600519,1161.95,1159.95,1166.5,1148.89,43488,5041525504.0,1.55,1.77,20.16,0.35,1159.95,1166.5,1148.89,502.88,174.38,100.71,34.68,20.03,21.9,26.43
4441,2020-04-08,600519,1152.0,1159.76,1166.31,1152.0,24224,2809422096.0,1.23,-0.02,-0.19,0.19,1159.76,1166.31,1152.0,465.18,174.38,97.58,37.49,20.98,19.03,26.96
4442,2020-04-09,600519,1166.0,1158.5,1169.0,1147.96,22817,2640230496.0,1.81,-0.11,-1.26,0.18,1158.5,1169.0,1147.96,431.32,174.38,53.73,40.43,12.46,22.77,28.57
4443,2020-04-10,600519,1157.88,1165.0,1181.5,1153.5,27804,3252600672.0,2.42,0.56,6.5,0.22,1165.0,1181.5,1153.5,412.32,158.88,53.73,38.53,13.03,27.32,29.99
4444,2020-04-13,600519,1165.0,1162.3,1169.98,1148.5,15981,1854563728.0,1.84,-0.23,-2.7,0.13,1162.3,1169.98,1148.5,390.04,158.88,39.25,40.73,10.06,36.52,32.22
4445,2020-04-14,600519,1176.0,1185.1,1191.55,1166.0,36800,4340858624.0,2.2,1.96,22.8,0.29,1185.1,1191.55,1166.0,379.41,156.85,39.25,41.34,10.35,46.29,34.2
4446,2020-04-15,600519,1192.0,1189.6,1203.99,1187.1,29332,3501318256.0,1.43,0.38,4.5,0.23,1189.6,1203.99,1187.1,362.94,136.81,39.25,37.69,10.81,51.06,36.48
4447,2020-04-16,600519,1192.97,1197.1,1197.1,1184.1,21728,2588431840.0,1.09,0.63,7.5,0.17,1197.1,1197.1,1184.1,346.74,136.81,30.05,39.46,8.67,57.02,38.02
4448,2020-04-17,600519,1210.0,1226.0,1234.56,1205.01,38246,4676618240.0,2.47,2.41,28.9,0.3,1226.0,1234.56,1205.01,357.12,173.47,30.05,48.57,8.41,59.95,41.36
4449,2020-04-20,600519,1221.0,1227.3,1231.5,1216.8,24239,2963483328.0,1.2,0.11,1.3,0.19,1227.3,1231.5,1216.8,351.82,173.47,12.04,49.31,3.42,66.21,46.76
4450,2020-04-21,600519,1221.02,1200.0,1223.99,1193.0,29224,3517018480.0,2.53,-2.22,-27.3,0.23,1200.0,1223.99,1193.0,343.12,135.47,35.84,39.48,10.45,65.84,51.18
4451,2020-04-22,600519,1206.0,1244.5,1249.5,1202.22,44035,5430377728.0,3.94,3.71,44.5,0.35,1244.5,1249.5,1202.22,366.62,146.98,35.84,40.09,9.78,65.97,56.13
4452,2020-04-23,600519,1250.0,1252.26,1265.68,1247.77,26899,3377042464.0,1.44,0.62,7.76,0.21,1252.26,1265.68,1247.77,345.8,147.16,35.84,42.56,10.36,66.88,58.97
4453,2020-04-24,600519,1248.0,1250.56,1259.89,1235.18,19122,2390444032.0,1.97,-0.14,-1.7,0.15,1250.56,1259.89,1235.18,354.53,144.2,48.43,40.67,13.66,64.5,60.76
4454,2020-04-27,600519,1257.0,1276.0,1278.17,1250.96,25904,3284513344.0,2.18,2.03,25.44,0.21,1276.0,1278.17,1250.96,355.43,143.94,48.43,40.5,13.63,61.03,60.49
4455,2020-04-28,600519,1285.31,1279.13,1299.94,1271.88,34662,4458549504.0,2.2,0.25,3.13,0.28,1279.13,1299.94,1271.88,369.18,165.71,48.43,44.89,13.12,55.65,60.93
4456,2020-04-29,600519,1277.8,1274.9,1288.1,1258.0,23444,2976724960.0,2.35,-0.33,-4.23,0.19,1274.9,1288.1,1258.0,378.24,165.71,58.27,43.81,15.41,53.95,59.89
4457,2020-04-30,600519,1271.0,1265.7,1285.01,1258.88,24661,3134408880.0,2.05,-0.72,-9.2,0.2,1265.7,1285.01,1258.88,376.37,153.21,58.27,40.71,15.48,51.3,58.64
4458,2020-05-06,600519,1251.0,1300.0,1300.0,1250.0,35835,4598589696.0,3.95,2.71,34.3,0.29,1300.0,1300.0,1250.0,404.89,168.2,53.27,41.54,13.16,49.81,58.35
4459,2020-05-07,600519,1299.4,1312.0,1314.99,1293.0,27935,3647628304.0,1.69,0.92,12.0,0.22,1312.0,1314.99,1293.0,397.63,161.62,53.27,40.65,13.4,49.93,57.22
4460,2020-05-08,600519,1317.0,1314.61,1338.0,1308.51,29079,3839218032.0,2.25,0.2,2.61,0.23,1314.61,1338.0,1308.51,408.23,172.19,53.27,42.18,13.05,50.45,55.74
4461,2020-05-11,600519,1320.0,1323.01,1335.0,1313.67,23671,3135990960.0,1.62,0.64,8.4,0.19,1323.01,1335.0,1313.67,416.56,172.19,50.27,41.34,12.07,50.45,53.05
4462,2020-05-12,600519,1318.0,1333.0,1334.99,1316.0,19722,2621824688.0,1.44,0.76,9.99,0.16,1333.0,1334.99,1316.0,398.09,134.73,50.27,33.84,12.63,50.07,52.01
4463,2020-05-13,600519,1333.0,1335.95,1337.99,1322.88,22014,2931464944.0,1.13,0.22,2.95,0.18,1335.95,1337.99,1322.88,398.5,137.73,50.27,34.56,12.61,50.34,50.82
4464,2020-05-14,600519,1330.0,1326.59,1334.88,1325.11,18575,2467976352.0,0.73,-0.7,-9.36,0.15,1326.59,1334.88,1325.11,375.04,137.73,26.47,36.72,7.06,52.98,51.4
4465,2020-05-15,600519,1329.0,1313.0,1333.5,1301.88,26398,3469736816.0,2.38,-1.02,-13.59,0.21,1313.0,1333.5,1301.88,357.16,112.22,49.7,31.42,13.92,51.02,50.47
4466,2020-05-18,600519,1306.0,1346.21,1351.5,1305.13,34362,4587989760.0,3.53,2.53,33.21,0.27,1346.21,1351.5,1305.13,382.35,114.04,49.7,29.83,13.0,48.77,49.61
4467,2020-05-19,600519,1364.0,1346.11,1364.0,1338.0,24787,3342210480.0,1.93,-0.01,-0.1,0.2,1346.11,1364.0,1338.0,383.64,126.54,37.11,32.98,9.67,48.75,49.6
4468,2020-05-20,600519,1346.11,1351.0,1359.18,1336.81,21183,2859455104.0,1.66,0.36,4.89,0.17,1351.0,1359.18,1336.81,378.4,108.26,38.3,28.61,10.12,49.09,49.58
4469,2020-05-21,600519,1355.0,1366.1,1371.96,1352.86,23052,3147105456.0,1.41,1.12,15.1,0.18,1366.1,1371.96,1352.86,371.3,99.27,38.3,26.74,10.32,48.73,49.53
4470,2020-05-22,600519,1366.0,1328.2,1366.1,1322.88,34427,4608696064.0,3.16,-2.77,-37.9,0.27,1328.2,1366.1,1322.88,384.42,99.27,54.4,25.82,14.15,42.3,47.64
4471,2020-05-25,600519,1330.0,1362.9,1366.58,1321.0,31561,4260387680.0,3.43,2.61,34.7,0.25,1362.9,1366.58,1321.0,403.87,99.27,56.28,24.58,13.94,40.47,45.74
4472,2020-05-26,600519,1369.88,1358.0,1369.95,1355.0,22470,3056188320.0,1.1,-0.36,-4.9,0.18,1358.0,1369.95,1355.0,368.82,87.65,56.28,23.76,15.26,37.56,43.16
4473,2020-05-27,600519,1359.0,1338.0,1360.0,1333.0,26777,3596654304.0,1.99,-1.47,-20.0,0.21,1338.0,1360.0,1333.0,373.83,72.66,78.28,19.44,20.94,29.07,38.91
4474,2020-05-28,600519,1337.97,1344.0,1346.94,1321.13,26486,3536546896.0,1.93,0.45,6.0,0.21,1344.0,1346.94,1321.13,370.15,49.65,90.15,13.41,24.35,25.94,37.52
4475,2020-05-29,600519,1332.1,1366.6,1369.98,1332.1,30444,4144247216.0,2.82,1.68,22.6,0.24,1366.6,1369.98,1332.1,386.7,72.69,90.15,18.8,23.31,20.34,34.53
4476,2020-06-01,600519,1381.0,1419.5,1420.1,1381.0,35480,4986178816.0,2.86,3.87,52.9,0.28,1419.5,1420.1,1381.0,421.21,122.81,90.15,29.16,21.4,18.03,30.17
4477,2020-06-02,600519,1416.01,1410.71,1427.9,1406.66,25960,3679210592.0,1.5,-0.62,-8.79,0.21,1410.71,1427.9,1406.66,427.34,127.61,90.15,29.86,21.1,16.29,28.38
4478,2020-06-03,600519,1415.0,1399.3,1417.5,1395.77,23557,3308382800.0,1.54,-0.81,-11.41,0.19,1399.3,1417.5,1395.77,438.23,127.61,101.04,29.12,23.06,14.6,26.08
4479,2020-06-04,600519,1396.0,1407.99,1411.0,1396.0,18037,2534459744.0,1.07,0.62,8.69,0.14,1407.99,1411.0,1396.0,421.61,127.61,77.81,30.27,18.46,18.02,23.54
4480,2020-06-05,600519,1405.25,1425.0,1428.88,1401.08,18347,2597524608.0,1.97,1.21,17.01,0.15,1425.0,1428.88,1401.08,403.04,127.49,77.81,31.63,19.31,17.22,21.58
4481,2020-06-08,600519,1425.0,1406.1,1435.0,1402.01,29300,4145298448.0,2.32,-1.33,-18.9,0.23,1406.1,1435.0,1402.01,410.03,121.11,77.81,29.54,18.98,19.06,19.7
4482,2020-06-09,600519,1408.0,1416.55,1425.0,1400.68,22612,3199849664.0,1.73,0.74,10.45,0.18,1416.55,1425.0,1400.68,411.98,121.11,77.95,29.4,18.92,20.12,19.07
4483,2020-06-10,600519,1425.0,1423.66,1433.33,1417.0,22701,3234843856.0,1.15,0.5,7.11,0.18,1423.66,1433.33,1417.0,407.8,116.66,77.95,28.61,19.11,20.57,18.43
4484,2020-06-11,600519,1411.01,1400.46,1417.99,1396.99,30712,4314846208.0,1.48,-1.63,-23.2,0.24,1400.46,1417.99,1396.99,391.25,116.66,67.98,29.82,17.38,23.02,18.81
4485,2020-06-12,600519,1387.17,1416.37,1416.37,1383.31,28427,3992323392.0,2.36,1.14,15.91,0.23,1416.37,1416.37,1383.31,378.73,116.66,79.78,30.8,21.07,22.11,20.06
4486,2020-06-15,600519,1402.0,1383.0,1411.6,1381.0,34615,4819512320.0,2.16,-2.36,-33.37,0.28,1383.0,1411.6,1381.0,399.15,113.29,82.09,28.38,20.57,20.74,18.98
4487,2020-06-16,600519,1398.5,1403.88,1414.0,1393.13,29207,4099718928.0,1.51,1.51,20.88,0.23,1403.88,1414.0,1393.13,403.15,115.69,60.09,28.7,14.91,22.39,20.72
4488,2020-06-17,600519,1411.86,1405.0,1411.9,1395.02,19453,2730097120.0,1.2,0.08,1.12,0.15,1405.0,1411.9,1395.02,394.22,115.69,48.22,29.35,12.23,25.63,22.88
4489,2020-06-18,600519,1404.9,1413.0,1413.2,1400.1,21010,2956800080.0,0.93,0.57,8.0,0.17,1413.0,1413.2,1400.1,369.44,93.95,48.22,25.43,13.05,27.68,24.12
4490,2020-06-19,600519,1420.0,1439.84,1445.2,1415.1,38958,5603232768.0,2.13,1.9,26.84,0.31,1439.84,1445.2,1415.1,348.14,75.83,48.22,21.78,13.85,26.99,25.01
4491,2020-06-22,600519,1435.1,1439.0,1443.89,1433.2,23247,3343536640.0,0.74,-0.06,-0.84,0.19,1439.0,1443.89,1433.2,337.59,68.03,48.22,20.15,14.28,26.7,24.41
4492,2020-06-23,600519,1435.0,1474.5,1482.0,1433.52,33934,4963194624.0,3.37,2.47,35.5,0.27,1474.5,1482.0,1433.52,364.34,106.14,37.33,29.13,10.25,32.04,26.39
4493,2020-06-24,600519,1463.6,1460.01,1465.71,1445.0,25139,3663537120.0,1.4,-0.98,-14.49,0.2,1460.01,1465.71,1445.0,378.84,106.14,37.33,28.02,9.85,34.76,28.57
4494,2020-06-29,600519,1448.0,1463.17,1466.0,1437.01,28081,4064048240.0,1.99,0.22,3.16,0.22,1463.17,1466.0,1437.01,380.03,88.26,45.32,23.22,11.93,33.26,29.44
4495,2020-06-30,600519,1463.12,1462.88,1468.98,1455.12,22446,3281641200.0,0.95,-0.02,-0.29,0.18,1462.88,1468.98,1455.12,360.9,85.12,45.32,23.59,12.56,32.98,30.33
4496,2020-07-01,600519,1468.0,1494.27,1506.1,1464.02,38682,5759640320.0,2.88,2.15,31.39,0.31,1494.27,1506.1,1464.02,379.8,122.24,43.99,32.19,11.58,37.12,32.05
4497,2020-07-02,600519,1499.0,1544.0,1550.9,1495.0,45884,7014289664.0,3.74,3.33,49.73,0.37,1544.0,1550.9,1495.0,419.65,158.71,43.99,37.82,10.48,43.71,35.21
4498,2020-07-03,600519,1550.0,1541.79,1552.5,1516.88,35126,5395636992.0,2.31,-0.14,-2.21,0.28,1541.79,1552.5,1516.88,428.6,160.31,23.98,37.4,5.59,48.04,40.04
4499,2020-07-06,600519,1538.0,1600.0,1616.0,1531.81,51822,8228069120.0,5.46,3.78,58.21,0.41,1600.0,1616.0,1531.81,479.73,223.81,10.3,46.65,2.15,55.25,45.0
4500,2020-07-07,600519,1603.09,1688.0,1744.82,1601.0,66664,11219852032.0,8.99,5.5,88.0,0.53,1688.0,1744.82,1601.0,589.18,352.63,7.99,59.85,1.36,65.82,49.54
4501,2020-07-08,600519,1680.0,1681.34,1719.0,1660.0,53170,8963188992.0,3.5,-0.39,-6.66,0.42,1681.34,1719.0,1660.0,617.18,350.23,7.99,56.75,1.29,76.66,54.82
4502,2020-07-09,600519,1691.0,1706.0,1712.0,1682.0,35033,5951732736.0,1.78,1.47,24.66,0.28,1706.0,1712.0,1682.0,630.96,350.23,7.99,55.51,1.27,84.74,60.93
4503,2020-07-10,600519,1689.0,1713.85,1736.6,1688.94,37100,6352507392.0,2.79,0.46,7.85,0.3,1713.85,1736.6,1688.94,665.52,373.53,7.99,56.13,1.2,91.27,67.49
4504,2020-07-13,600519,1714.68,1781.99,1787.0,1714.68,60727,10679460352.0,4.22,3.98,68.14,0.48,1781.99,1787.0,1714.68,706.47,391.93,7.99,55.48,1.13,94.94,71.49
4505,2020-07-14,600519,1781.99,1762.0,1782.03,1748.4,46094,8135834880.0,1.89,-1.12,-19.99,0.37,1762.0,1782.03,1748.4,729.41,391.93,7.99,53.73,1.1,95.74,75.5
4506,2020-07-15,600519,1744.88,1752.53,1782.6,1744.71,40713,7176560640.0,2.15,-0.54,-9.47,0.32,1752.53,1782.6,1744.71,718.82,353.82,11.68,49.22,1.62,95.42,80.62
4507,2020-07-16,600519,1729.91,1614.0,1729.91,1600.0,102242,16901373184.0,7.41,-7.9,-138.53,0.81,1614.0,1729.91,1600.0,841.85,353.82,156.39,42.03,18.58,85.94,81.3
4508,2020-07-17,600519,1620.0,1648.05,1672.59,1620.0,65902,10863420160.0,3.26,2.11,34.05,0.52,1648.05,1672.59,1620.0,871.45,353.82,148.4,40.6,17.03,76.84,80.79
4509,2020-07-20,600519,1652.5,1636.96,1663.99,1588.88,45280,7363823104.0,4.56,-0.67,-11.09,0.36,1636.96,1663.99,1588.88,932.7,350.84,179.52,37.62,19.25,66.25,78.76
4510,2020-07-21,600519,1646.64,1668.0,1702.8,1630.99,41970,7026353152.0,4.39,1.9,31.04,0.33,1668.0,1702.8,1630.99,961.29,352.53,179.52,36.67,18.67,55.67,75.31
4511,2020-07-22,600519,1658.0,1678.08,1710.0,1658.0,39201,6637265408.0,3.12,0.6,10.08,0.31,1678.08,1710.0,1658.0,956.66,314.93,179.52,32.92,18.77,44.24,69.99
4512,2020-07-23,600519,1672.0,1676.0,1691.0,1650.0,34321,5739050240.0,2.44,-0.12,-2.08,0.27,1676.0,1691.0,1650.0,962.04,313.33,187.52,32.57,19.49,32.82,64.12
4513,2020-07-24,600519,1654.85,1595.3,1666.0,1585.0,78752,12705942016.0,4.83,-4.82,-80.7,0.63,1595.3,1666.0,1585.0,968.85,249.83,252.52,25.79,26.06,26.46,56.2
4514,2020-07-27,600519,1616.01,1622.55,1629.8,1600.0,38788,6279664384.0,1.87,1.71,27.25,0.31,1622.55,1629.8,1600.0,858.53,121.01,252.52,14.1,29.41,25.51,51.17
4515,2020-07-28,600519,1630.0,1670.0,1680.0,1630.0,54912,9133721856.0,3.08,2.92,47.45,0.44,1670.0,1680.0,1630.0,856.98,171.21,252.52,19.98,29.47,23.33,44.79
4516,2020-07-29,600519,1690.0,1672.0,1690.0,1633.0,50748,8411790080.0,3.41,0.12,2.0,0.4,1672.0,1690.0,1633.0,883.32,181.21,252.52,20.51,28.59,20.65,38.16
4517,2020-07-30,600519,1671.2,1680.0,1700.59,1670.5,38373,6486855424.0,1.8,0.48,8.0,0.31,1680.0,1700.59,1670.5,865.75,167.2,252.52,19.31,29.17,19.47,31.85
4518,2020-07-31,600519,1685.0,1678.18,1705.0,1646.0,40685,6846747392.0,3.51,-0.11,-1.82,0.32,1678.18,1705.0,1646.0,851.6,116.8,277.02,13.72,32.53,22.06,27.44
4519,2020-08-03,600519,1686.88,1668.0,1696.58,1660.0,34661,5790041344.0,2.18,-0.61,-10.18,0.28,1668.0,1696.58,1660.0,854.55,116.8,277.02,13.67,32.42,28.76,27.61
4520,2020-08-04,600519,1675.0,1669.99,1682.99,1660.0,31941,5337185792.0,1.38,0.12,1.99,0.25,1669.99,1682.99,1660.0,839.65,116.8,273.33,13.91,32.55,29.57,27.54
4521,2020-08-05,600519,1662.09,1668.0,1673.09,1643.31,25522,4236612464.0,1.78,-0.12,-1.99,0.2,1668.0,1673.09,1643.31,716.9,116.8,145.31,16.29,20.27,28.19,25.76
4522,2020-08-06,600519,1670.0,1637.96,1674.03,1630.0,32649,5372942592.0,2.64,-1.8,-30.04,0.26,1637.96,1674.03,1630.0,702.34,116.8,158.62,16.63,22.58,27.98,24.31
4523,2020-08-07,600519,1644.77,1631.0,1649.67,1598.5,34242,5560065792.0,3.12,-0.42,-6.96,0.27,1631.0,1649.67,1598.5,678.4,116.8,159.0,17.22,23.44,27.14,23.31
4524,2020-08-10,600519,1627.97,1633.99,1644.96,1608.11,23624,3857721120.0,2.26,0.18,2.99,0.19,1633.99,1644.96,1608.11,643.44,77.99,159.0,12.12,24.71,26.06,24.06
4525,2020-08-11,600519,1640.0,1642.51,1666.43,1640.0,35818,5936904960.0,1.62,0.52,8.52,0.29,1642.51,1666.43,1640.0,623.88,92.26,159.0,14.79,25.49,23.7,26.23
4526,2020-08-12,600519,1633.0,1626.95,1641.0,1605.25,27934,4529267456.0,2.18,-0.95,-15.56,0.22,1626.95,1641.0,1605.25,620.14,92.26,185.75,14.88,29.95,22.62,26.1
4527,2020-08-13,600519,1630.0,1635.0,1638.88,1609.0,20541,3341652192.0,1.84,0.49,8.05,0.16,1635.0,1638.88,1609.0,559.02,92.26,120.75,16.5,21.6,23.04,25.61
4528,2020-08-14,600519,1639.9,1661.0,1665.7,1631.0,37653,6230475520.0,2.12,1.59,26.0,0.3,1661.0,1665.7,1631.0,559.22,119.08,120.75,21.29,21.59,20.62,24.3
4529,2020-08-17,600519,1674.0,1690.0,1704.35,1670.0,43572,7363610880.0,2.07,1.75,29.0,0.35,1690.0,1704.35,1670.0,545.12,107.53,120.75,19.73,22.15,19.04,23.09
4530,2020-08-18,600519,1697.38,1705.0,1720.0,1691.0,30423,5192751872.0,1.72,0.89,15.0,0.24,1705.0,1720.0,1691.0,518.12,113.18,120.75,21.84,23.31,13.88,19.97
4531,2020-08-19,600519,1700.0,1687.0,1717.0,1682.99,26915,4578143744.0,1.99,-1.06,-18.0,0.21,1687.0,1717.0,1682.99,522.04,102.59,128.76,19.65,24.66,11.34,17.52
4532,2020-08-20,600519,1674.0,1664.0,1679.0,1656.0,22382,3727183936.0,1.36,-1.36,-23.0,0.18,1664.0,1679.0,1656.0,494.04,102.59,131.25,20.77,26.57,7.78,15.2
4533,2020-08-21,600519,1673.0,1676.0,1698.0,1671.0,25082,4217048416.0,1.62,0.72,12.0,0.2,1676.0,1698.0,1671.0,491.46,121.59,131.25,24.74,26.71,6.19,14.61
4534,2020-08-24,600519,1700.0,1696.35,1708.0,1691.01,30933,5260286464.0,1.01,1.21,20.35,0.25,1696.35,1708.0,1691.01,500.47,131.59,131.25,26.29,26.23,6.09,13.36
4535,2020-08-25,600519,1704.8,1727.0,1746.78,1698.63,41872,7227309824.0,2.84,1.81,30.65,0.33,1727.0,1746.78,1698.63,521.12,170.37,114.56,32.69,21.98,8.39,13.71
4536,2020-08-26,600519,1734.0,1727.0,1745.0,1715.02,26216,4530374144.0,1.74,0.0,0.0,0.21,1727.0,1745.0,1715.02,507.07,170.37,101.25,33.6,19.97,12.09,12.99
4537,2020-08-27,600519,1731.99,1731.0,1733.98,1705.0,22636,3896759440.0,1.68,0.23,4.0,0.18,1731.0,1733.98,1705.0,484.88,170.37,79.77,35.14,16.45,16.24,13.79
4538,2020-08-28,600519,1731.0,1757.0,1764.0,1721.5,42300,7389242368.0,2.46,1.5,26.0,0.34,1757.0,1764.0,1721.5,490.53,200.39,79.77,40.85,16.26,21.38,14.58
4539,2020-08-31,600519,1770.58,1786.5,1816.0,1770.58,47810,8608932608.0,2.59,1.68,29.5,0.38,1786.5,1816.0,1770.58,517.09,230.92,79.77,44.66,15.43,28.85,17.52
4540,2020-09-01,600519,1792.0,1801.98,1802.0,1775.01,31640,5661594368.0,1.51,0.87,15.48,0.25,1801.98,1802.0,1775.01,506.82,230.92,45.02,45.56,8.88,40.05,23.07
4541,2020-09-02,600519,1825.0,1795.0,1828.0,1770.0,32009,5746351872.0,3.22,-0.39,-6.98,0.25,1795.0,1828.0,1770.0,534.94,256.92,45.02,48.03,8.42,48.49,28.44
4542,2020-09-03,600519,1795.0,1793.0,1812.0,1779.7,30437,5471333888.0,1.8,-0.11,-2.0,0.24,1793.0,1812.0,1779.7,532.54,230.1,45.02,43.21,8.45,55.46,33.77
4543,2020-09-04,600519,1766.0,1770.0,1776.99,1746.0,30858,5433479424.0,1.73,-1.28,-23.0,0.25,1770.0,1776.99,1746.0,536.19,191.45,78.72,35.71,14.68,56.38,36.31
4544,2020-09-07,600519,1760.0,1723.5,1777.99,1703.97,31112,5446354688.0,4.18,-2.63,-46.5,0.25,1723.5,1777.99,1703.97,580.21,175.8,120.75,30.3,20.81,52.29,36.83
4545,2020-09-08,600519,1732.0,1711.4,1737.8,1677.07,34472,5865962752.0,3.52,-0.7,-12.1,0.27,1711.4,1737.8,1677.07,606.93,175.8,139.64,28.97,23.01,46.1,37.47
4546,2020-09-09,600519,1699.67,1688.0,1711.0,1680.04,25964,4401806080.0,1.81,-1.37,-23.4,0.21,1688.0,1711.0,1680.04,607.29,175.8,112.65,28.95,18.55,38.52,39.29
4547,2020-09-10,600519,1703.74,1705.8,1720.0,1700.0,24778,4236694400.0,1.18,1.05,17.8,0.2,1705.8,1720.0,1700.0,605.29,165.8,112.65,27.39,18.61,30.0,39.24
4548,2020-09-11,600519,1688.0,1733.0,1736.0,1688.0,31088,5339883520.0,2.81,1.59,27.2,0.25,1733.0,1736.0,1688.0,621.29,171.8,112.65,27.65,18.13,22.25,38.86
4549,2020-09-14,600519,1745.0,1766.0,1769.0,1730.58,31056,5448188928.0,2.22,1.9,33.0,0.25,1766.0,1769.0,1730.58,609.28,166.02,112.65,27.25,18.49,18.49,37.43
4550,2020-09-15,600519,1769.99,1760.0,1769.99,1747.75,20821,3654872016.0,1.26,-0.34,-6.0,0.17,1760.0,1769.99,1747.75,601.54,167.01,112.65,27.76,18.73,18.64,35.47
4551,2020-09-16,600519,1760.0,1725.1,1764.81,1719.0,22516,3916457760.0,2.6,-1.98,-34.9,0.18,1725.1,1764.81,1719.0,618.37,167.01,131.38,27.01,21.25,18.72,32.41
4552,2020-09-17,600519,1700.0,1670.52,1700.0,1658.0,63680,10683350272.0,2.43,-3.16,-54.58,0.51,1670.52,1700.0,1658.0,642.97,136.99,192.38,21.31,29.92,17.87,28.19
4553,2020-09-18,600519,1665.0,1695.0,1695.0,1635.01,47201,7853673216.0,3.59,1.47,24.48,0.38,1695.0,1695.0,1635.01,643.96,84.99,215.37,13.2,33.44,21.92,25.96
4554,2020-09-21,600519,1692.76,1666.8,1692.76,1666.66,22444,3756765104.0,1.54,-1.66,-28.2,0.18,1666.8,1692.76,1666.66,645.31,84.99,215.37,13.17,33.37,25.69,23.97
4555,2020-09-22,600519,1650.0,1665.69,1686.98,1650.0,23265,3890070208.0,2.22,-0.07,-1.11,0.19,1665.69,1686.98,1650.0,624.29,58.99,232.03,9.45,37.17,32.41,25.45
4556,2020-09-23,600519,1635.0,1649.98,1666.01,1621.02,35726,5878691072.0,2.7,-0.94,-15.71,0.28,1649.98,1666.01,1621.02,636.98,58.99,261.01,9.26,40.98,39.69,29.17
4557,2020-09-24,600519,1635.97,1629.32,1658.88,1626.8,30051,4915392256.0,1.94,-1.25,-20.66,0.24,1629.32,1658.88,1626.8,622.06,58.99,227.31,9.48,36.54,47.5,33.11
4558,2020-09-25,600519,1630.0,1635.11,1650.0,1625.0,22583,3700843488.0,1.53,0.36,5.79,0.18,1635.11,1650.0,1625.0,573.04,58.99,187.08,10.29,32.65,53.38,35.62
4559,2020-09-28,600519,1635.19,1661.0,1668.5,1635.19,24232,4019640144.0,2.04,1.58,25.89,0.19,1661.0,1668.5,1635.19,545.7,77.49,160.18,14.2,29.35,51.94,36.93
4560,2020-09-29,600519,1669.33,1652.3,1669.4,1652.3,17431,2895081360.0,1.03,-0.52,-8.7,0.14,1652.3,1669.4,1652.3,531.44,78.39,160.18,14.75,30.14,50.42,38.06
4561,2020-09-30,600519,1660.0,1668.5,1691.9,1660.0,27088,4536012544.0,1.93,0.98,16.2,0.22,1668.5,1691.9,1660.0,539.04,91.89,160.18,17.05,29.72,45.02,38.72
4562,2020-10-09,600519,1692.0,1696.0,1706.42,1688.0,34240,5817280512.0,1.1,1.65,27.5,0.27,1696.0,1706.42,1688.0,528.96,90.41,160.18,17.09,30.28,39.14,39.42
4563,2020-10-12,600519,1700.0,1750.61,1750.61,1700.0,43729,7597987840.0,2.98,3.22,54.61,0.35,1750.61,1750.61,1700.0,545.15,101.6,160.18,18.64,29.38,33.07,40.29
4564,2020-10-13,600519,1750.62,1739.0,1750.62,1735.0,22944,3995560512.0,0.89,-0.66,-11.61,0.18,1739.0,1750.62,1735.0,538.53,100.62,160.18,18.68,29.74,28.2,40.79
4565,2020-10-14,600519,1740.0,1729.0,1746.98,1726.0,20481,3554316592.0,1.21,-0.58,-10.0,0.16,1729.0,1746.98,1726.0,513.7,100.62,140.43,19.59,27.34,25.16,38.55
4566,2020-10-15,600519,1721.13,1725.0,1735.0,1721.0,16204,2801250560.0,0.81,-0.23,-4.0,0.13,1725.0,1735.0,1721.0,460.6,100.62,84.43,21.85,18.33,20.9,35.66
4567,2020-10-16,600519,1725.0,1712.0,1734.58,1703.0,17377,2991246896.0,1.83,-0.75,-13.0,0.14,1712.0,1734.58,1703.0,432.19,100.62,79.44,23.28,18.38,18.35,31.69
4568,2020-10-19,600519,1725.0,1699.0,1733.98,1691.9,19226,3284383408.0,2.46,-0.76,-13.0,0.15,1699.0,1733.98,1691.9,445.93,100.62,90.54,22.56,20.3,14.59,26.86
4569,2020-10-20,600519,1699.99,1734.0,1734.97,1695.0,27735,4787807488.0,2.35,2.06,35.0,0.22,1734.0,1734.97,1695.0,448.92,101.61,73.88,22.63,16.46,13.49,23.28
4570,2020-10-21,600519,1734.1,1733.33,1742.15,1723.0,18901,3275357440.0,1.1,-0.04,-0.67,0.15,1733.33,1742.15,1723.0,423.08,108.79,44.9,25.71,10.61,16.61,22.41
4571,2020-10-22,600519,1730.0,1742.5,1745.0,1715.51,22481,3897729792.0,1.7,0.53,9.17,0.18,1742.5,1745.0,1715.51,420.49,108.79,52.39,25.87,12.46,19.69,22.42
4572,2020-10-23,600519,1740.78,1715.33,1747.59,1714.0,19292,3339987456.0,1.93,-1.56,-27.17,0.15,1715.33,1747.59,1714.0,429.08,111.38,50.59,25.96,11.79,24.49,22.7
4573,2020-10-26,600519,1619.0,1643.0,1662.92,1600.0,66015,10821908224.0,3.67,-4.22,-72.33,0.53,1643.0,1662.92,1600.0,511.02,92.88,164.59,18.18,32.21,27.17,22.76
4574,2020-10-27,600519,1643.0,1625.0,1644.0,1616.12,43944,7156688384.0,1.7,-1.1,-18.0,0.35,1625.0,1644.0,1616.12,521.8,91.98,164.59,17.63,31.54,31.01,22.8
4575,2020-10-28,600519,1626.0,1664.81,1677.0,1625.08,34637,5739452160.0,3.2,2.45,39.81,0.28,1664.81,1677.0,1625.08,534.2,102.48,164.59,19.18,30.81,32.25,22.87
4576,2020-10-29,600519,1654.84,1676.0,1708.0,1647.0,39374,6633168640.0,3.66,0.67,11.19,0.31,1676.0,1708.0,1647.0,557.28,118.96,164.59,21.35,29.53,28.0,22.31
4577,2020-10-30,600519,1678.0,1670.02,1696.0,1665.0,26055,4379602176.0,1.85,-0.36,-5.98,0.21,1670.02,1696.0,1665.0,533.67,74.77,164.59,14.01,30.84,28.43,24.06
4578,2020-11-02,600519,1675.0,1674.01,1695.0,1672.0,21066,3544422240.0,1.38,0.24,3.99,0.17,1674.01,1695.0,1672.0,543.03,74.76,164.59,13.77,30.31,28.43,26.46
4579,2020-11-03,600519,1684.99,1695.0,1705.9,1675.5,23497,3976621216.0,1.82,1.25,20.99,0.19,1695.0,1705.9,1675.5,553.94,85.66,155.59,15.46,28.09,28.62,27.89
4580,2020-11-04,600519,1700.0,1699.58,1704.0,1685.0,16444,2788396256.0,1.12,0.27,4.58,0.13,1699.58,1704.0,1685.0,558.94,85.66,150.59,15.33,26.94,28.48,29.74
4581,2020-11-05,600519,1717.0,1721.9,1732.48,1712.1,23524,4053043264.0,1.2,1.31,22.32,0.19,1721.9,1732.48,1712.1,560.26,114.14,132.59,20.37,23.67,25.85,29.05
4582,2020-11-06,600519,1730.55,1700.62,1731.59,1690.0,23052,3932702368.0,2.42,-1.24,-21.28,0.18,1700.62,1731.59,1690.0,559.77,114.14,143.59,20.39,25.65,25.07,26.54
4583,2020-11-09,600519,1701.38,1742.57,1750.68,1700.62,41470,7198679808.0,2.94,2.47,41.95,0.33,1742.57,1750.68,1700.62,569.86,132.24,143.59,23.21,25.2,19.5,23.96
4584,2020-11-10,600519,1752.92,1745.0,1764.48,1736.0,30189,5287968256.0,1.63,0.14,2.43,0.24,1745.0,1764.48,1736.0,579.19,138.86,143.59,23.97,24.79,13.53,20.98
4585,2020-11-11,600519,1745.0,1731.35,1777.5,1731.0,34851,6122365440.0,2.66,-0.78,-13.65,0.28,1731.35,1777.5,1731.0,596.2,151.88,136.1,25.47,22.83,9.61,19.11
4586,2020-11-12,600519,1730.01,1734.79,1750.0,1722.27,23473,4071729792.0,1.6,0.2,3.44,0.19,1734.79,1750.0,1722.27,590.34,149.29,144.83,25.29,24.53,5.28,16.88
4587,2020-11-13,600519,1724.0,1705.0,1728.88,1691.0,28155,4791276544.0,2.18,-1.72,-29.79,0.22,1705.0,1728.88,1691.0,518.8,149.29,62.1,28.78,11.97,10.91,18.38
4588,2020-11-16,600519,1711.0,1730.05,1730.05,1697.26,30613,5247897088.0,1.92,1.47,25.05,0.24,1730.05,1730.05,1697.26,523.71,150.46,62.1,28.73,11.86,15.93,20.5
4589,2020-11-17,600519,1740.0,1715.8,1742.35,1701.07,25224,4355288064.0,2.39,-0.82,-14.25,0.2,1715.8,1742.35,1701.07,512.99,129.76,62.1,25.29,12.11,21.13,20.31
4590,2020-11-18,600519,1715.0,1693.65,1720.53,1683.16,35179,5973146880.0,2.18,-1.29,-22.15,0.28,1693.65,1720.53,1683.16,489.36,98.76,80.01,20.18,16.35,22.59,18.06
4591,2020-11-19,600519,1684.5,1720.19,1725.0,1680.6,27816,4767508736.0,2.62,1.57,26.54,0.22,1720.19,1725.0,1680.6,502.76,103.23,80.01,20.53,15.91,23.79,16.7
4592,2020-11-20,600519,1720.0,1719.96,1736.0,1712.65,21875,3771894864.0,1.36,-0.01,-0.23,0.17,1719.96,1736.0,1712.65,501.13,114.23,80.01,22.79,15.97,26.48,15.88
4593,2020-11-23,600519,1771.01,1790.21,1809.9,1771.01,66637,11926870528.0,2.26,4.08,70.25,0.53,1790.21,1809.9,1771.01,559.18,177.23,80.01,31.69,14.31,25.9,18.41
4594,2020-11-24,600519,1769.99,1763.5,1782.5,1751.47,32465,5736960256.0,1.73,-1.49,-26.71,0.26,1763.5,1782.5,1751.47,578.92,177.23,99.55,30.61,17.2,23.65,19.79
4595,2020-11-25,600519,1761.5,1726.88,1768.88,1724.0,28226,4910540800.0,2.54,-2.08,-36.62,0.22,1726.88,1768.88,1724.0,590.9,148.75,127.02,25.17,21.5,19.09,20.11
4596,2020-11-26,600519,1726.0,1734.39,1739.99,1725.18,23228,4027749312.0,0.86,0.43,7.51,0.18,1734.39,1739.99,1725.18,564.12,148.75,104.92,26.37,18.6,20.22,21.41
4597,2020-11-27,600519,1732.66,1737.9,1740.03,1718.0,21569,3737697984.0,1.27,0.2,3.51,0.17,1737.9,1740.03,1718.0,536.09,129.66,112.1,24.19,20.91,19.32,21.55
4598,2020-11-30,600519,1735.0,1713.91,1738.9,1713.91,31940,5520322304.0,1.44,-1.38,-23.99,0.25,1713.91,1738.9,1713.91,532.6,115.86,116.19,21.75,21.82,16.4,21.44
4599,2020-12-01,600519,1726.0,1737.0,1738.99,1720.01,28196,4891829248.0,1.11,1.35,23.09,0.22,1737.0,1738.99,1720.01,511.18,102.93,116.19,20.14,22.73,11.11,18.51
4600,2020-12-02,600519,1746.0,1738.01,1749.0,1731.0,23572,4101369312.0,1.04,0.06,1.01,0.19,1738.01,1749.0,1731.0,501.45,112.94,107.46,22.52,21.43,6.85,15.25
4601,2020-12-03,600519,1738.01,1749.0,1755.66,1732.1,29506,5147357696.0,1.36,0.63,10.99,0.23,1749.0,1755.66,1732.1,481.22,119.6,76.19,24.85,15.83,9.23,14.16
4602,2020-12-04,600519,1752.0,1793.11,1800.1,1752.0,62491,11176048896.0,2.75,2.52,44.11,0.5,1793.11,1800.1,1752.0,499.53,162.87,76.19,32.6,15.25,12.4,16.31
4603,2020-12-07,600519,1802.7,1812.4,1840.39,1800.55,58331,10617305088.0,2.22,1.08,19.29,0.46,1812.4,1840.39,1800.55,505.53,190.86,76.19,37.75,15.07,18.34,18.83
4604,2020-12-08,600519,1815.0,1850.0,1875.0,1813.0,61454,11333352192.0,3.42,2.07,37.6,0.49,1850.0,1875.0,1813.0,530.76,225.47,58.28,42.48,10.98,28.14,22.27
4605,2020-12-09,600519,1865.95,1840.0,1866.0,1839.0,31152,5766037504.0,1.46,-0.54,-10.0,0.25,1840.0,1866.0,1839.0,513.36,221.0,58.28,43.05,11.35,36.84,23.98
4606,2020-12-10,600519,1840.0,1832.9,1849.77,1828.0,32654,6009239808.0,1.18,-0.39,-7.1,0.26,1832.9,1849.77,1828.0,511.78,210.0,69.28,41.03,13.54,44.82,25.84
4607,2020-12-11,600519,1834.78,1820.0,1837.32,1804.81,30776,5595359744.0,1.77,-0.7,-12.9,0.24,1820.0,1837.32,1804.81,454.35,136.1,92.47,29.95,20.35,44.31,26.77
4608,2020-12-14,600519,1827.77,1829.0,1829.98,1815.0,33052,6026813440.0,0.82,0.49,9.0,0.26,1829.0,1829.98,1815.0,430.59,136.1,72.93,31.61,16.94,43.3,27.85
4609,2020-12-15,600519,1833.5,1816.01,1837.22,1805.0,29605,5383582208.0,1.76,-0.71,-12.99,0.24,1816.01,1837.22,1805.0,417.93,136.1,55.46,32.57,13.27,43.16,30.75
4610,2020-12-16,600519,1830.5,1840.0,1845.67,1820.21,32150,5901298176.0,1.4,1.32,23.99,0.26,1840.0,1845.67,1820.21,432.78,144.55,55.46,33.4,12.81,40.77,34.45
4611,2020-12-17,600519,1845.5,1865.51,1868.0,1840.0,36031,6683421952.0,1.52,1.39,25.51,0.29,1865.51,1868.0,1840.0,438.75,166.88,48.28,38.04,11.0,40.24,38.54
4612,2020-12-18,600519,1851.81,1845.0,1869.01,1841.08,27077,5020968960.0,1.5,-1.1,-20.51,0.22,1845.0,1869.01,1841.08,441.69,167.89,44.19,38.01,10.0,41.57,43.19
4613,2020-12-21,600519,1840.0,1842.5,1851.23,1837.6,30697,5663526912.0,0.74,-0.14,-2.5,0.24,1842.5,1851.23,1837.6,430.24,167.8,47.67,39.0,11.08,47.68,45.99
4614,2020-12-22,600519,1849.97,1881.0,1898.99,1842.51,40651,7618583552.0,3.07,2.09,38.5,0.32,1881.0,1898.99,1842.51,468.73,205.55,47.67,43.85,10.17,53.03,48.17
4615,2020-12-23,600519,1897.99,1841.65,1906.2,1821.02,47706,8901002240.0,4.53,-2.09,-39.35,0.38,1841.65,1906.2,1821.02,530.35,198.89,69.16,37.5,13.04,54.08,48.62
4616,2020-12-24,600519,1818.0,1830.34,1858.88,1795.02,37857,6921989376.0,3.47,-0.61,-11.31,0.3,1830.34,1858.88,1795.02,543.11,154.45,95.16,28.44,17.52,50.62,45.69
4617,2020-12-25,600519,1802.99,1830.0,1847.0,1800.0,23088,4218997632.0,2.57,-0.02,-0.34,0.18,1830.0,1847.0,1800.0,542.83,114.16,95.16,21.03,17.53,42.94,41.59
4618,2020-12-28,600519,1826.6,1873.0,1888.8,1826.05,30080,5616528640.0,3.43,2.35,43.0,0.24,1873.0,1888.8,1826.05,542.98,121.35,95.16,22.35,17.53,35.24,38.4
4619,2020-12-29,600519,1873.0,1867.0,1886.8,1855.0,22868,4275994832.0,1.7,-0.32,-6.0,0.18,1867.0,1886.8,1855.0,547.78,121.35,95.16,22.15,17.37,27.96,37.82
4620,2020-12-30,600519,1870.0,1933.0,1933.0,1869.99,34452,6604461312.0,3.37,3.54,66.0,0.27,1933.0,1933.0,1869.99,592.01,167.55,84.16,28.3,14.22,23.09,38.06
4621,2020-12-31,600519,1941.0,1998.0,1998.98,1939.0,38860,7682300672.0,3.1,3.36,65.0,0.31,1998.0,1998.98,1939.0,625.48,233.53,60.97,37.34,9.75,24.79,39.44
4622,2021-01-04,600519,1999.98,1997.0,2004.99,1983.81,43514,8686920192.0,1.06,-0.05,-1.0,0.35,1997.0,2004.99,1983.81,631.68,239.54,60.97,37.92,9.65,30.74,40.68
4623,2021-01-05,600519,1990.0,2059.45,2059.45,1982.46,52116,10592557312.0,3.86,3.13,62.45,0.41,2059.45,2059.45,1982.46,676.45,294.0,50.97,43.46,7.53,40.96,41.95
4624,2021-01-06,600519,2064.8,2100.0,2125.0,2036.03,47410,9882593792.0,4.32,1.97,40.55,0.38,2100.0,2125.0,2036.03,735.76,351.1,50.97,47.72,6.93,51.39,43.31
4625,2021-01-07,600519,2097.0,2140.0,2140.0,2075.0,37931,7991178752.0,3.1,1.9,40.0,0.3,2140.0,2140.0,2075.0,772.76,343.77,50.97,44.49,6.6,61.74,44.85
4626,2021-01-08,600519,2142.0,2090.0,2150.88,2063.02,53862,11345202944.0,4.11,-2.34,-50.0,0.43,2090.0,2150.88,2063.02,832.69,342.76,62.95,41.16,7.56,67.71,45.4
4627,2021-01-11,600519,2090.0,2099.73,2150.5,2058.6,51080,10768565504.0,4.4,0.47,9.73,0.41,2099.73,2150.5,2058.6,910.96,342.76,63.89,37.63,7.01,69.37,47.08
4628,2021-01-12,600519,2088.0,2160.9,2160.9,2085.0,41059,8800558336.0,3.61,2.91,61.17,0.33,2160.9,2160.9,2085.0,930.37,305.4,63.89,32.83,6.87,70.37,50.55
4629,2021-01-13,600519,2164.0,2164.0,2173.33,2135.0,34390,7418330880.0,1.77,0.14,3.1,0.27,2164.0,2173.33,2135.0,883.52,317.83,42.4,35.97,4.8,71.37,56.17
4630,2021-01-14,600519,2156.0,2134.0,2163.0,2116.11,36152,7722089728.0,2.17,-1.39,-30.0,0.29,2134.0,2163.0,2116.11,867.55,317.83,35.29,36.64,4.07,72.27,61.83
4631,2021-01-15,600519,2115.0,2082.0,2134.35,2029.0,59509,12372103168.0,4.94,-2.44,-52.0,0.47,2082.0,2134.35,2029.0,925.9,317.83,122.4,34.33,13.22,67.3,64.52
4632,2021-01-18,600519,2061.06,2063.0,2091.48,2040.27,39144,8076715776.0,2.46,-0.91,-19.0,0.31,2063.0,2091.48,2040.27,914.36,276.03,122.4,30.19,13.39,62.23,64.97
4633,2021-01-19,600519,2073.11,2009.41,2096.3,2006.85,46345,9479278592.0,4.34,-2.6,-53.59,0.37,2009.41,2096.3,2006.85,972.01,276.03,155.82,28.4,16.03,55.44,62.41
4634,2021-01-20,600519,2008.0,2040.63,2055.49,1982.5,45082,9126453248.0,3.63,1.55,31.22,0.36,2040.63,2055.49,1982.5,979.0,229.83,180.17,23.48,18.4,46.56,58.47
4635,2021-01-21,600519,2048.0,2070.0,2090.02,2041.0,38310,7953455872.0,2.4,1.44,29.37,0.3,2070.0,2090.02,2041.0,962.41,198.38,180.17,20.61,18.72,34.62,53.0
4636,2021-01-22,600519,2069.0,2079.95,2100.0,2060.1,29248,6090260480.0,1.93,0.48,9.95,0.23,2079.95,2100.0,2060.1,981.13,202.35,180.17,20.62,18.36,22.25,47.26
4637,2021-01-25,600519,2083.0,2175.0,2179.5,2083.0,55957,12029474560.0,4.64,4.57,95.05,0.45,2175.0,2179.5,2083.0,1003.69,227.39,180.17,22.66,17.95,16.78,42.04
4638,2021-01-26,600519,2185.0,2141.89,2187.0,2125.11,31747,6820173312.0,2.85,-1.52,-33.11,0.25,2141.89,2187.0,2125.11,976.61,169.34,180.17,17.34,18.45,10.87,36.55
4639,2021-01-27,600519,2141.89,2089.0,2141.89,2085.0,37120,7809446400.0,2.66,-2.47,-52.89,0.3,2089.0,2141.89,2085.0,968.5,154.34,220.28,15.94,22.74,9.17,32.31
4640,2021-01-28,600519,2080.0,2088.0,2109.66,2060.02,35129,7337084416.0,2.38,-0.05,-1.0,0.28,2088.0,2109.66,2060.02,930.28,154.34,233.28,16.59,25.08,10.54,28.55
4641,2021-01-29,600519,2101.19,2116.18,2149.48,2090.22,33701,7166179328.0,2.84,1.35,28.18,0.27,2116.18,2149.48,2090.22,899.86,194.16,228.86,21.58,25.43,11.11,22.86
4642,2021-02-01,600519,2130.0,2109.32,2160.0,2095.0,29341,6219639040.0,3.07,-0.32,-6.86,0.23,2109.32,2160.0,2095.0,888.96,194.28,228.86,21.85,25.74,11.5,16.88
4643,2021-02-02,600519,2112.22,2145.0,2149.99,2102.1,34582,7372233472.0,2.27,1.69,35.68,0.28,2145.0,2149.99,2102.1,898.52,181.85,228.86,20.24,25.47,11.48,14.13
4644,2021-02-03,600519,2150.0,2189.91,2198.27,2140.0,38714,8384049408.0,2.72,2.09,44.91,0.31,2189.91,2198.27,2140.0,908.9,230.13,209.97,25.32,23.1,11.73,11.3
4645,2021-02-04,600519,2191.0,2320.85,2330.0,2191.0,63851,14596930304.0,6.35,5.98,130.94,0.51,2320.85,2330.0,2191.0,943.64,361.86,122.86,38.35,13.02,17.01,13.09
4646,2021-02-05,600519,2325.0,2313.0,2364.6,2291.0,39729,9253566208.0,3.17,-0.34,-7.85,0.32,2313.0,2364.6,2291.0,966.03,396.46,122.86,41.04,12.72,22.4,16.47
4647,2021-02-08,600519,2337.0,2368.8,2378.88,2313.0,35786,8420758528.0,2.85,2.41,55.8,0.28,2368.8,2378.88,2313.0,942.46,410.74,89.44,43.58,9.49,31.74,21.42
4648,2021-02-09,600519,2368.8,2456.43,2456.43,2350.0,33297,7972930048.0,4.49,3.7,87.63,0.27,2456.43,2456.43,2350.0,975.9,488.29,65.09,50.03,6.67,43.12,27.31
4649,2021-02-10,600519,2485.0,2601.0,2601.2,2485.0,61371,15675929600.0,4.73,5.89,144.57,0.49,2601.0,2601.2,2485.0,1071.28,598.53,65.09,55.87,6.08,54.61,33.05
4650,2021-02-18,600519,2587.98,2471.0,2627.88,2465.0,65912,16704135168.0,6.26,-5.0,-130.0,0.52,2471.0,2627.88,2465.0,1194.26,615.23,65.09,51.52,5.45,67.33,39.53
4651,2021-02-19,600519,2451.16,2460.0,2496.66,2381.6,59385,14525164544.0,4.66,-0.45,-11.0,0.47,2460.0,2496.66,2381.6,1209.77,535.73,148.49,44.28,12.27,68.54,42.78
4652,2021-02-22,600519,2455.0,2288.02,2455.0,2278.22,78935,18498777344.0,7.19,-6.99,-171.98,0.63,2288.02,2455.0,2278.22,1329.66,528.23,251.87,39.73,18.94,65.66,44.03
4653,2021-02-23,600519,2265.14,2307.0,2344.89,2265.0,57455,13316110848.0,3.49,0.83,18.98,0.46,2307.0,2344.89,2265.0,1352.66,528.23,224.98,39.05,16.63,61.67,46.7
4654,2021-02-24,600519,2307.99,2189.0,2318.0,2160.5,82116,18195034368.0,6.83,-5.11,-118.0,0.65,2189.0,2318.0,2160.5,1460.52,528.23,304.5,36.17,20.85,53.4,48.26
4655,2021-02-25,600519,2209.0,2150.0,2224.5,2121.21,59726,12982145792.0,4.72,-1.78,-39.0,0.48,2150.0,2224.5,2121.21,1502.33,488.41,343.79,32.51,22.88,42.9,48.76
4656,2021-02-26,600519,2100.0,2122.78,2179.95,2067.3,66525,14097015552.0,5.24,-1.27,-27.22,0.53,2122.78,2179.95,2067.3,1549.98,477.89,397.7,30.83,25.66,30.95,49.14
4657,2021-03-01,600519,2179.0,2158.0,2179.0,2120.0,44916,9686945536.0,2.78,1.66,35.22,0.36,2158.0,2179.0,2120.0,1561.09,477.89,397.7,30.61,25.48,23.04,45.79
4658,2021-03-02,600519,2180.0,2058.0,2180.0,2033.0,70765,14796698624.0,6.81,-4.63,-100.0,0.56,2058.0,2180.0,2033.0,1649.82,429.61,484.7,26.04,29.38,18.14,41.9
4659,2021-03-03,600519,2040.0,2140.0,2149.77,2033.0,54215,11366685440.0,5.67,3.98,82.0,0.43,2140.0,2149.77,2033.0,1626.5,297.88,484.7,18.31,29.8,15.41,38.54
4660,2021-03-04,600519,2095.0,2033.0,2096.0,2010.1,65088,13297304320.0,4.01,-5.0,-107.0,0.52,2033.0,2096.0,2010.1,1682.8,263.28,507.6,15.65,30.16,16.21,34.81
4661,2021-03-05,600519,2000.0,2060.11,2095.0,1988.0,63779,13100315904.0,5.26,1.33,27.11,0.51,2060.11,2095.0,1988.0,1723.92,249.0,529.7,14.44,30.73,19.33,31.11
4662,2021-03-08,600519,2074.96,1960.0,2085.0,1960.0,63100,12724246016.0,6.07,-4.86,-100.11,0.5,1960.0,2085.0,1960.0,1742.49,171.45,557.7,9.84,32.01,26.63,28.79
4663,2021-03-09,600519,1955.0,1936.99,2000.0,1900.18,82266,16100769536.0,5.09,-1.17,-23.01,0.65,1936.99,2000.0,1900.18,1697.54,26.68,617.52,1.57,36.38,40.39,31.71
4664,2021-03-10,600519,1977.0,1970.01,1999.87,1967.0,51172,10136910336.0,1.7,1.7,33.02,0.41,1970.01,1999.87,1967.0,1597.54,0.0,617.52,0.0,38.65,56.05,37.1
4665,2021-03-11,600519,1975.0,2048.0,2079.99,1961.48,56769,11521736448.0,6.02,3.96,77.99,0.45,2048.0,2079.99,1961.48,1600.99,80.12,534.12,5.0,33.36,64.39,39.9
4666,2021-03-12,600519,2070.0,2026.0,2077.0,2002.01,40323,8181594624.0,3.66,-1.07,-22.0,0.32,2026.0,2077.0,2002.01,1494.2,80.12,430.74,5.36,28.83,70.55,43.38
4667,2021-03-15,600519,2050.0,1975.45,2069.8,1951.15,62485,12459955712.0,5.86,-2.5,-50.55,0.5,1975.45,2069.8,1951.15,1532.96,80.12,468.38,5.23,30.55,76.34,47.83
4668,2021-03-16,600519,1974.93,2010.5,2019.99,1965.0,34649,6918600704.0,2.78,1.77,35.05,0.28,2010.5,2019.99,1965.0,1430.45,80.12,363.88,5.6,25.44,78.16,52.39
4669,2021-03-17,600519,2000.0,2030.36,2050.0,1976.01,31375,6352656640.0,3.68,0.99,19.86,0.25,2030.36,2050.0,1976.01,1401.15,110.13,324.59,7.86,23.17,71.1,55.74
4670,2021-03-18,600519,2035.0,2069.7,2086.36,2035.0,33865,6997030400.0,2.53,1.94,39.34,0.27,2069.7,2086.36,2035.0,1344.5,146.49,270.68,10.9,20.13,59.39,57.72
4671,2021-03-19,600519,2035.0,2010.0,2043.0,1992.23,35781,7211521792.0,2.45,-2.88,-59.7,0.28,2010.0,2043.0,1992.23,1362.97,146.49,313.45,10.75,23.0,53.12,58.76
4672,2021-03-22,600519,2000.1,1989.99,2026.09,1955.55,36914,7323391232.0,3.51,-1.0,-20.01,0.29,1989.99,2026.09,1955.55,1286.51,146.49,263.13,11.39,20.45,46.43,58.49
4673,2021-03-23,600519,1998.88,1996.0,2008.8,1970.0,27446,5459520768.0,1.95,0.3,6.01,0.22,1996.0,2008.8,1970.0,1208.54,146.49,263.13,12.12,21.77,39.38,57.86
4674,2021-03-24,600519,1981.0,1989.0,2013.0,1981.0,29357,5857848064.0,1.6,-0.35,-7.0,0.23,1989.0,2013.0,1981.0,1110.64,150.69,240.23,13.57,21.63,32.54,55.35
4675,2021-03-25,600519,1970.01,1971.0,1988.88,1946.8,31575,6216733184.0,2.12,-0.9,-18.0,0.25,1971.0,1988.88,1946.8,1045.84,150.69,252.33,14.41,24.13,28.52,49.81
4676,2021-03-26,600519,1985.0,2013.0,2022.0,1958.0,50016,9987629568.0,3.25,2.13,42.0,0.4,2013.0,2022.0,1958.0,984.84,183.81,224.33,18.66,22.78,25.22,42.3
4677,2021-03-29,600519,2043.2,2034.1,2096.35,2026.15,56992,11740129536.0,3.49,1.05,21.1,0.45,2034.1,2096.35,2026.15,968.37,258.16,164.51,26.66,16.99,22.86,37.99
4678,2021-03-30,600519,2040.0,2056.05,2086.0,2035.08,32627,6717493248.0,2.5,1.08,21.95,0.26,2056.05,2086.0,2035.08,957.39,258.16,164.51,26.96,17.18,21.81,34.12
4679,2021-03-31,600519,2045.1,2009.0,2046.02,2000.0,37154,7489086208.0,2.24,-2.29,-47.05,0.3,2009.0,2046.02,2000.0,894.93,178.04,199.59,19.89,22.3,18.01,28.69
4680,2021-04-01,600519,2021.0,2044.5,2046.8,2001.22,26588,5379776000.0,2.27,1.77,35.5,0.21,2044.5,2046.8,2001.22,865.52,178.82,199.59,20.66,23.06,15.11,23.83
4681,2021-04-02,600519,2056.0,2162.0,2165.0,2056.0,52028,10981752576.0,5.33,5.75,117.5,0.41,2162.0,2165.0,2056.0,867.37,297.02,148.73,34.24,17.15,16.45,22.49
4682,2021-04-06,600519,2161.0,2126.03,2161.98,2102.3,32742,6967525120.0,2.76,-1.66,-35.97,0.26,2126.03,2161.98,2102.3,872.08,297.02,148.73,34.06,17.05,20.34,22.78
4683,2021-04-07,600519,2104.06,2061.0,2117.3,2050.0,40201,8317799936.0,3.17,-3.06,-65.03,0.32,2061.0,2117.3,2050.0,874.12,267.01,201.03,30.55,23.0,19.0,20.93
4684,2021-04-08,600519,2047.03,2070.0,2079.0,2044.0,28548,5893307648.0,1.7,0.44,9.0,0.23,2070.0,2079.0,2044.0,853.12,230.65,207.03,27.04,24.27,16.2,19.01
4685,2021-04-09,600519,2042.0,2020.0,2054.0,2005.01,28809,5832453888.0,2.37,-2.42,-50.0,0.23,2020.0,2054.0,2005.01,840.64,230.65,203.25,27.44,24.18,16.31,17.16
4686,2021-04-12,600519,2011.0,2008.89,2030.0,1991.7,31943,6409917440.0,1.9,-0.55,-11.11,0.25,2008.89,2030.0,1991.7,808.4,230.65,179.88,28.53,22.25,17.45,16.28
4687,2021-04-13,600519,2020.0,2021.0,2049.8,2009.0,28992,5883787264.0,2.03,0.6,12.11,0.23,2021.0,2049.8,2009.0,810.51,250.45,179.88,30.9,22.19,14.64,15.55
4688,2021-04-14,600519,2035.0,2047.0,2048.0,2016.0,24115,4908790016.0,1.58,1.29,26.0,0.19,2047.0,2048.0,2016.0,810.51,246.25,179.88,30.38,22.19,11.69,16.02
4689,2021-04-15,600519,2030.9,2015.6,2046.9,1990.0,34366,6903769600.0,2.78,-1.53,-31.4,0.27,2015.6,2046.9,1990.0,825.31,246.25,171.68,29.84,20.8,12.32,15.66
4690,2021-04-16,600519,2025.08,2054.98,2068.0,2012.0,30294,6183895040.0,2.78,1.95,39.38,0.24,2054.98,2068.0,2012.0,817.31,234.23,171.68,28.66,21.01,13.98,15.09
4691,2021-04-19,600519,2055.0,2088.0,2098.36,2033.0,31754,6610577920.0,3.18,1.61,33.02,0.25,2088.0,2098.36,2033.0,799.32,190.24,171.68,23.8,21.48,13.79,15.05
4692,2021-04-20,600519,2071.1,2094.8,2129.0,2070.0,28290,5949669888.0,2.83,0.33,6.8,0.23,2094.8,2129.0,2070.0,806.42,220.88,171.68,27.39,21.29,13.81,15.63
4693,2021-04-21,600519,2076.0,2080.0,2097.8,2065.1,26150,5446146048.0,1.56,-0.71,-14.8,0.21,2080.0,2097.8,2065.1,783.07,220.88,141.5,28.21,18.07,14.73,14.69
4694,2021-04-22,600519,2089.9,2055.5,2099.0,2051.5,26850,5539295744.0,2.28,-1.18,-24.5,0.21,2055.5,2099.0,2051.5,784.99,220.1,155.1,28.04,19.76,15.02,13.36
4695,2021-04-23,600519,2055.97,2108.94,2119.88,2052.5,33463,7002695424.0,3.28,2.6,53.44,0.27,2108.94,2119.88,2052.5,731.87,122.78,155.1,16.78,21.19,13.99,13.15
4696,2021-04-26,600519,2132.0,2077.82,2135.0,2073.6,34045,7160836864.0,2.91,-1.48,-31.12,0.27,2077.82,2135.0,2073.6,733.57,137.9,155.1,18.8,21.14,12.4,13.19
4697,2021-04-27,600519,2087.08,2094.44,2095.25,2065.09,22108,4607779072.0,1.45,0.8,16.62,0.18,2094.44,2095.25,2065.09,687.7,137.9,111.31,20.05,16.19,13.32,13.55
4698,2021-04-28,600519,2010.0,2042.0,2047.5,2003.0,81343,16463574528.0,2.12,-2.5,-52.44,0.65,2042.0,2047.5,2003.0,744.14,137.9,167.4,18.53,22.5,12.84,13.33
4699,2021-04-29,600519,2047.04,2026.36,2049.94,2014.0,41284,8370431232.0,1.76,-0.77,-15.64,0.33,2026.36,2049.94,2014.0,715.09,140.34,128.41,19.63,17.96,9.93,12.33
4700,2021-04-30,600519,2026.0,2006.78,2036.0,2003.71,38401,7723747072.0,1.59,-0.97,-19.58,0.31,2006.78,2036.0,2003.71,709.08,140.34,125.39,19.79,17.68,7.98,11.5
4701,2021-05-06,600519,2000.0,1959.0,2006.84,1953.0,53546,10584968960.0,2.68,-2.38,-47.78,0.43,1959.0,2006.84,1953.0,722.01,120.54,176.1,16.7,24.39,9.17,11.58
4702,2021-05-07,600519,1965.0,1903.0,1967.98,1901.0,52493,10101703424.0,3.42,-2.86,-56.0,0.42,1903.0,1967.98,1901.0,756.99,120.54,228.1,15.92,30.13,13.33,12.86
4703,2021-05-10,600519,1900.0,1879.03,1909.0,1866.01,46003,8677753600.0,2.26,-1.26,-23.97,0.37,1879.03,1909.0,1866.01,742.98,120.54,237.09,16.22,31.91,16.98,15.15
4704,2021-05-11,600519,1876.0,1959.0,1966.0,1873.3,42494,8209251840.0,4.93,4.26,79.97,0.34,1959.0,1966.0,1873.3,779.68,156.44,237.09,20.06,30.41,18.79,15.82
4705,2021-05-12,600519,1949.08,1984.0,1999.0,1949.0,32699,6473203200.0,2.55,1.28,25.0,0.26,1984.0,1999.0,1949.0,764.32,159.08,237.09,20.81,31.02,21.33,15.63
4706,2021-05-13,600519,1965.75,1971.5,1985.05,1953.0,25078,4934955008.0,1.62,-0.63,-12.5,0.2,1971.5,1985.05,1953.0,737.37,128.44,237.09,17.42,32.15,25.35,16.66
4707,2021-05-14,600519,1982.0,2009.85,2030.5,1976.0,35611,7150301952.0,2.76,1.95,38.35,0.28,2009.85,2030.5,1976.0,763.67,173.89,232.19,22.77,30.4,24.62,16.89
4708,2021-05-17,600519,2025.1,2057.96,2085.2,2025.1,44524,9178510080.0,2.99,2.39,48.11,0.35,2057.96,2085.2,2025.1,791.52,228.59,218.59,28.88,27.62,19.85,16.59
4709,2021-05-18,600519,2065.0,2059.31,2077.0,2045.06,17504,3595891744.0,1.55,0.07,1.35,0.14,2059.31,2077.0,2045.06,756.08,207.71,218.59,27.47,28.91,14.84,15.91
4710,2021-05-19,600519,2059.0,2049.0,2074.81,2040.0,22410,4606452480.0,1.69,-0.5,-10.31,0.18,2049.0,2074.81,2040.0,729.49,192.59,223.65,26.4,30.66,12.67,15.73
4711,2021-05-20,600519,2074.0,2058.88,2074.1,2045.36,21857,4500663296.0,1.4,0.48,9.88,0.17,2058.88,2074.1,2045.36,728.07,192.59,215.14,26.45,29.55,10.31,15.82
4712,2021-05-21,600519,2055.08,2042.1,2079.88,2037.02,24248,4976601344.0,2.08,-0.82,-16.78,0.19,2042.1,2079.88,2037.02,679.49,192.59,161.39,28.34,23.75,6.83,16.09
4713,2021-05-24,600519,2051.0,2071.29,2080.06,2031.0,32548,6705879296.0,2.4,1.43,29.19,0.26,2071.29,2080.06,2031.0,692.61,190.15,167.41,27.45,24.17,5.49,15.06
4714,2021-05-25,600519,2085.0,2194.5,2200.1,2085.0,67757,14636718848.0,5.56,5.95,123.21,0.54,2194.5,2200.1,2085.0,789.13,310.19,157.12,39.31,19.91,10.58,15.21
4715,2021-05-26,600519,2207.98,2220.0,2241.8,2193.08,38604,8558038272.0,2.22,1.16,25.5,0.31,2220.0,2241.8,2193.08,784.01,351.89,106.41,44.88,13.57,19.08,16.96
4716,2021-05-27,600519,2211.02,2245.0,2320.0,2201.1,45373,10240368896.0,5.36,1.13,25.0,0.36,2245.0,2320.0,2201.1,835.93,430.09,54.41,51.45,6.51,30.76,21.72
4717,2021-05-28,600519,2240.97,2230.0,2250.0,2205.51,25807,5741331968.0,1.98,-0.67,-15.0,0.21,2230.0,2250.0,2205.51,837.43,430.09,19.42,51.36,2.32,45.07,27.69
4718,2021-05-31,600519,2215.5,2218.0,2218.35,2172.0,31739,6960864256.0,2.08,-0.54,-12.0,0.25,2218.0,2218.35,2172.0,802.73,373.09,52.93,46.48,6.59,56.12,31.47
4719,2021-06-01,600519,2222.0,2240.95,2248.95,2206.0,30616,6832594432.0,1.94,1.03,22.95,0.24,2240.95,2248.95,2206.0,795.68,370.69,52.93,46.59,6.65,67.56,36.53
4720,2021-06-02,600519,2250.0,2222.0,2264.0,2208.18,22863,5088908288.0,2.49,-0.85,-18.95,0.18,2222.0,2264.0,2208.18,819.45,385.74,52.93,47.07,6.46,74.75,42.66
4721,2021-06-03,600519,2220.0,2222.22,2260.34,2210.08,23450,5242452992.0,2.26,0.01,0.22,0.19,2222.22,2260.34,2210.08,810.71,340.29,52.93,41.97,6.53,78.0,48.54
4722,2021-06-04,600519,2215.0,2251.5,2288.0,2214.04,31422,7058715136.0,3.33,1.32,29.28,0.25,2251.5,2288.0,2214.04,809.32,313.25,52.93,38.71,6.54,76.93,53.84
4723,2021-06-07,600519,2265.0,2271.0,2279.0,2240.01,25466,5756592640.0,1.73,0.87,19.5,0.2,2271.0,2279.0,2240.01,816.37,313.25,52.93,38.37,6.48,73.55,59.31
4724,2021-06-08,600519,2260.0,2191.0,2279.99,2161.15,47314,10479943168.0,5.23,-3.52,-80.0,0.38,2191.0,2279.99,2161.15,900.4,313.25,126.73,34.79,14.07,68.09,62.11
4725,2021-06-09,600519,2192.0,2199.5,2214.0,2160.11,25502,5591378944.0,2.46,0.39,8.5,0.2,2199.5,2214.0,2160.11,925.55,313.25,127.77,33.84,13.8,62.6,65.08
4726,2021-06-10,600519,2195.0,2238.48,2251.37,2190.08,25567,5707338496.0,2.79,1.77,38.98,0.2,2238.48,2251.37,2190.08,943.98,350.62,119.43,37.14,12.65,58.15,66.45
4727,2021-06-11,600519,2239.0,2178.81,2244.0,2178.81,33971,7513797120.0,2.91,-2.67,-59.67,0.27,2178.81,2244.0,2178.81,960.11,350.62,124.68,36.52,12.99,53.89,65.95
4728,2021-06-15,600519,2195.1,2193.0,2208.88,2148.0,29361,6412821504.0,2.79,0.65,14.19,0.23,2193.0,2208.88,2148.0,892.18,230.58,155.49,25.84,17.43,45.29,61.11
4729,2021-06-16,600519,2192.0,2158.0,2195.0,2148.0,27593,5978924544.0,2.14,-1.6,-35.0,0.22,2158.0,2195.0,2148.0,890.46,188.88,155.49,21.21,17.46,35.05,54.3
4730,2021-06-17,600519,2155.65,2156.91,2188.0,2144.36,21068,4558702592.0,2.02,-0.05,-1.09,0.17,2156.91,2188.0,2144.36,815.2,110.68,159.13,13.58,19.52,30.98,49.53
4731,2021-06-18,600519,2147.0,2090.94,2156.5,2065.0,54028,11329180928.0,4.24,-3.06,-65.97,0.43,2090.94,2156.5,2065.0,862.62,110.68,238.49,12.83,27.65,30.07,46.33
4732,2021-06-21,600519,2085.0,2081.64,2099.69,2050.0,35488,7367986432.0,2.38,-0.44,-9.3,0.28,2081.64,2099.69,2050.0,854.31,110.68,219.98,12.96,25.75,27.38,42.77
4733,2021-06-22,600519,2092.0,2074.97,2098.0,2053.89,33228,6900830720.0,2.12,-0.32,-6.67,0.26,2074.97,2098.0,2053.89,855.47,80.08,219.98,9.36,25.71,27.23,40.56
4734,2021-06-23,600519,2080.0,2038.0,2083.0,2034.15,37079,7596735744.0,2.35,-1.78,-36.97,0.3,2038.0,2083.0,2034.15,848.5,65.03,239.72,7.66,28.25,33.54,39.41
4735,2021-06-24,600519,2040.01,2068.05,2080.0,2021.0,31474,6452557056.0,2.89,1.47,30.05,0.25,2068.05,2080.0,2021.0,857.24,65.03,252.87,7.59,29.5,41.78,38.41
4736,2021-06-25,600519,2049.96,2092.0,2109.0,2042.6,35875,7459680512.0,3.21,1.16,23.95,0.29,2092.0,2109.0,2042.6,849.68,66.37,252.87,7.81,29.76,48.52,39.75
4737,2021-06-28,600519,2100.0,2103.01,2118.0,2073.0,27452,5750241280.0,2.15,0.53,11.01,0.22,2103.01,2118.0,2073.0,855.69,75.37,252.87,8.81,29.55,51.43,40.75
4738,2021-06-29,600519,2108.0,2062.0,2115.0,2051.0,33031,6835635200.0,3.04,-1.95,-41.01,0.26,2062.0,2115.0,2051.0,800.85,75.37,196.01,9.41,24.48,53.33,40.36
4739,2021-06-30,600519,2065.0,2056.7,2074.0,2046.3,21916,4511484160.0,1.34,-0.26,-5.3,0.17,2056.7,2074.0,2046.3,774.66,75.37,199.67,9.73,25.78,53.09,40.16
4740,2021-07-01,600519,2059.97,2105.0,2110.0,2031.6,33701,6970731008.0,3.81,2.35,48.3,0.27,2105.0,2110.0,2031.6,791.77,74.0,199.67,9.35,25.22,51.19,42.37
4741,2021-07-02,600519,2075.0,2013.0,2075.0,2011.5,46275,9388640256.0,3.02,-4.37,-92.0,0.37,2013.0,2075.0,2011.5,820.08,74.0,208.5,9.02,25.42,49.28,45.53
4742,2021-07-05,600519,2000.0,1994.0,2019.88,1985.0,34421,6872797696.0,1.73,-0.94,-19.0,0.27,1994.0,2019.88,1985.0,794.08,74.0,204.19,9.32,25.71,47.34,47.93
4743,2021-07-06,600519,1995.0,2012.9,2014.0,1960.01,35283,7015883008.0,2.71,0.95,18.9,0.28,2012.9,2014.0,1960.01,801.07,74.0,229.18,9.24,28.61,46.86,49.15
4744,2021-07-07,600519,2010.0,2004.0,2028.88,1999.01,28122,5658210816.0,1.48,-0.44,-8.9,0.22,2004.0,2028.88,1999.01,787.3,88.88,225.54,11.29,28.65,46.7,50.01
4745,2021-07-08,600519,2000.1,1985.0,2004.0,1968.0,35517,7027713792.0,1.8,-0.95,-19.0,0.28,1985.0,2004.0,1968.0,731.39,88.88,177.19,12.15,24.23,44.69,48.89
4746,2021-07-09,600519,1964.52,1972.11,1985.91,1945.0,30908,6072340992.0,2.06,-0.65,-12.89,0.25,1972.11,1985.91,1945.0,722.61,88.88,185.19,12.3,25.63,42.9,47.05
4747,2021-07-12,600519,1975.55,1961.0,1998.78,1940.5,39010,7658786304.0,2.96,-0.56,-11.11,0.31,1961.0,1998.78,1940.5,736.78,101.75,185.19,13.81,25.14,39.81,44.54
4748,2021-07-13,600519,1968.0,1982.9,2005.5,1965.0,29925,5946287360.0,2.07,1.12,21.9,0.24,1982.9,2005.5,1965.0,732.43,108.47,165.45,14.81,22.59,35.48,41.41
4749,2021-07-14,600519,1974.0,1962.0,1974.5,1945.0,30771,6011814912.0,1.49,-1.05,-20.9,0.24,1962.0,1974.5,1945.0,711.33,108.47,172.3,15.25,24.22,30.74,38.8
4750,2021-07-15,600519,1955.02,1997.99,2013.0,1950.6,42190,8391506176.0,3.18,1.83,35.99,0.34,1997.99,2013.0,1950.6,707.33,117.97,172.3,16.68,24.36,26.61,36.65
4751,2021-07-16,600519,1980.0,1955.9,1996.6,1950.0,35408,6958296832.0,2.33,-2.11,-42.09,0.28,1955.9,1996.6,1950.0,710.32,108.97,172.9,15.34,24.34,24.86,34.78
4752,2021-07-19,600519,1955.89,1975.0,1986.0,1941.0,30052,5900348160.0,2.3,0.98,19.1,0.24,1975.0,1986.0,1941.0,691.32,108.97,159.9,15.76,23.13,22.16,32.53
4753,2021-07-20,600519,1975.0,1980.0,1988.93,1961.41,23475,4639300864.0,1.39,0.25,5.0,0.19,1980.0,1988.93,1961.41,691.14,111.9,155.2,16.19,22.46,20.01,29.91
4754,2021-07-21,600519,1989.0,1969.0,2006.0,1962.01,29780,5902656256.0,2.22,-0.56,-11.0,0.24,1969.0,2006.0,1962.01,656.73,92.97,155.2,14.16,23.63,20.73,28.1
4755,2021-07-22,600519,1960.0,1940.01,1973.9,1938.96,39090,7619076864.0,1.77,-1.47,-28.99,0.31,1940.01,1973.9,1938.96,598.17,92.97,158.15,15.54,26.44,21.26,26.0
4756,2021-07-23,600519,1937.82,1900.0,1937.82,1895.09,47585,9057761792.0,2.2,-2.06,-40.01,0.38,1900.0,1937.82,1895.09,608.21,92.97,175.52,15.29,28.86,23.27,24.94
4757,2021-07-26,600519,1879.0,1804.11,1879.0,1780.0,98619,17894360832.0,5.21,-5.05,-95.89,0.79,1804.11,1879.0,1780.0,674.22,92.97,265.62,13.79,39.4,27.51,26.19
4758,2021-07-27,600519,1803.0,1712.89,1810.0,1703.0,86577,15230805760.0,5.93,-5.06,-91.22,0.69,1712.89,1810.0,1703.0,751.35,78.09,342.62,10.39,45.6,34.84,28.5
4759,2021-07-28,600519,1703.0,1768.9,1788.2,1682.12,85369,14792471040.0,6.19,3.27,56.01,0.68,1768.9,1788.2,1682.12,821.43,78.09,332.49,9.51,40.48,42.46,31.24
4760,2021-07-29,600519,1810.01,1749.79,1823.0,1734.34,63864,11299569920.0,5.01,-1.08,-19.11,0.51,1749.79,1823.0,1734.34,869.18,112.89,309.49,12.99,35.61,46.04,33.38
4761,2021-07-30,600519,1725.0,1678.99,1725.0,1657.76,77736,13109724928.0,3.84,-4.05,-70.8,0.62,1678.99,1725.0,1657.76,902.93,100.02,386.07,11.08,42.76,51.52,36.39
4762,2021-08-02,600519,1664.0,1755.0,1755.98,1620.72,97401,16515259136.0,8.06,4.53,76.01,0.78,1755.0,1755.98,1620.72,993.69,93.3,423.11,9.39,42.58,57.04,40.15
4763,2021-08-03,600519,1730.0,1749.3,1768.99,1688.8,54375,9447823360.0,4.57,-0.32,-5.7,0.43,1749.3,1768.99,1688.8,1035.98,106.31,403.11,10.26,38.91,58.73,43.12
4764,2021-08-04,600519,1734.06,1724.0,1760.0,1718.0,38175,6614683392.0,2.4,-1.45,-25.3,0.3,1724.0,1760.0,1718.0,1015.58,67.81,403.11,6.68,39.69,60.11,47.47
4765,2021-08-05,600519,1692.88,1699.0,1745.0,1676.36,48060,8177369856.0,3.98,-1.45,-25.0,0.38,1699.0,1745.0,1676.36,1036.23,67.81,444.15,6.54,42.86,62.04,52.25
4766,2021-08-06,600519,1689.0,1671.0,1694.01,1646.6,45686,7616109568.0,2.79,-1.65,-28.0,0.36,1671.0,1694.01,1646.6,1043.63,67.81,464.91,6.5,44.55,66.7,56.37
4767,2021-08-09,600519,1651.0,1693.8,1709.0,1650.0,47698,8028155392.0,3.53,1.36,22.8,0.38,1693.8,1709.0,1650.0,1075.11,79.87,464.91,7.43,43.24,68.68,60.1
4768,2021-08-10,600519,1700.0,1799.0,1802.88,1675.0,83285,14549496576.0,7.55,6.21,105.2,0.66,1799.0,1802.88,1675.0,1159.0,156.68,464.91,13.52,40.11,66.3,61.67
4769,2021-08-11,600519,1780.01,1750.5,1785.01,1750.01,38663,6821292800.0,1.95,-2.7,-48.5,0.31,1750.5,1785.01,1750.01,1173.05,156.68,441.86,13.36,37.67,64.53,61.63
4770,2021-08-12,600519,1732.0,1690.0,1749.0,1686.19,47551,8130692608.0,3.59,-3.46,-60.5,0.38,1690.0,1749.0,1686.19,1192.44,156.68,461.81,13.14,38.73,60.88,60.5
4771,2021-08-13,600519,1690.0,1700.04,1713.0,1679.0,37905,6418412544.0,2.01,0.59,10.04,0.3,1700.04,1713.0,1679.0,1106.44,156.68,353.91,14.16,31.99,55.07,58.55
4772,2021-08-16,600519,1696.0,1699.2,1713.6,1685.08,28057,4773049856.0,1.68,-0.05,-0.84,0.22,1699.2,1713.6,1685.08,1027.96,157.28,276.91,15.3,26.94,47.24,56.97
4773,2021-08-17,600519,1700.0,1635.0,1700.0,1628.88,61201,10140292096.0,4.19,-3.78,-64.2,0.49,1635.0,1700.0,1628.88,993.0,157.28,312.23,15.84,31.44,40.96,54.82
4774,2021-08-18,600519,1624.66,1620.0,1642.99,1600.0,59970,9701556224.0,2.63,-0.92,-15.0,0.48,1620.0,1642.99,1600.0,947.33,122.48,341.11,12.93,36.01,40.55,53.43
4775,2021-08-19,600519,1622.22,1619.97,1643.2,1600.0,41292,6682355712.0,2.67,0.0,-0.03,0.33,1619.97,1643.2,1600.0,898.5,122.69,264.53,13.65,29.44,38.72,51.62
4776,2021-08-20,600519,1555.17,1548.0,1597.55,1525.5,114545,17825198336.0,4.45,-4.44,-71.97,0.91,1548.0,1597.55,1525.5,857.71,122.69,301.99,14.3,35.21,37.53,49.21
4777,2021-08-23,600519,1537.88,1570.19,1599.0,1536.77,71597,11218832896.0,4.02,1.43,22.19,0.57,1570.19,1599.0,1536.77,839.75,111.13,301.99,13.23,35.96,38.79,46.93
4778,2021-08-24,600519,1575.0,1625.18,1642.55,1565.77,72594,11703813888.0,4.89,3.5,54.99,0.58,1625.18,1642.55,1565.77,874.53,154.68,301.99,17.69,34.53,39.58,43.41
4779,2021-08-25,600519,1647.64,1665.02,1680.87,1643.0,54239,9037626368.0,2.33,2.45,39.84,0.43,1665.02,1680.87,1643.0,861.58,193.0,260.35,22.4,30.22,36.55,38.76
4780,2021-08-26,600519,1664.99,1595.0,1664.99,1594.72,54020,8722233088.0,4.22,-4.21,-70.02,0.43,1595.0,1664.99,1594.72,879.48,193.0,278.87,21.94,31.71,31.73,36.14
4781,2021-08-27,600519,1589.0,1596.03,1625.0,1584.1,36095,5791426304.0,2.56,0.06,1.03,0.29,1596.03,1625.0,1584.1,861.38,178.01,289.49,20.67,33.61,29.6,34.16
4782,2021-08-30,600519,1605.0,1586.0,1613.0,1545.95,51588,8098190336.0,4.2,-0.63,-10.03,0.41,1586.0,1613.0,1545.95,800.55,84.13,327.64,10.51,40.93,32.42,34.97
4783,2021-08-31,600519,1589.8,1558.0,1616.35,1555.1,43677,6888080896.0,3.86,-1.77,-28.0,0.35,1558.0,1616.35,1555.1,812.81,87.48,327.64,10.76,40.31,34.36,36.58
4784,2021-09-01,600519,1559.0,1622.01,1634.99,1531.1,77316,12370243328.0,6.67,4.11,64.01,0.62,1622.01,1634.99,1531.1,852.39,87.48,287.82,10.26,33.77,37.88,38.73
4785,2021-09-02,600519,1632.99,1618.8,1643.0,1600.89,42837,6939707392.0,2.6,-0.2,-3.21,0.34,1618.8,1643.0,1600.89,860.5,95.49,280.63,11.1,32.61,43.61,40.08
4786,2021-09-03,600519,1610.02,1658.22,1659.79,1582.0,52835,8631165696.0,4.81,2.44,39.42,0.42,1658.22,1659.79,1582.0,909.77,94.89,299.52,10.43,32.92,49.22,40.47
4787,2021-09-06,600519,1649.0,1670.67,1708.16,1626.15,55338,9306030592.0,4.95,0.75,12.45,0.44,1670.67,1708.16,1626.15,920.66,143.26,243.32,15.56,26.43,49.56,39.58
4788,2021-09-07,600519,1661.03,1669.0,1684.48,1651.0,31211,5204051712.0,2.0,-0.1,-1.67,0.25,1669.0,1684.48,1651.0,911.15,143.26,214.44,15.72,23.54,43.02,37.72
4789,2021-09-08,600519,1660.0,1633.1,1671.18,1628.08,33064,5428265728.0,2.58,-2.15,-35.9,0.26,1633.1,1671.18,1628.08,911.05,143.05,237.36,15.7,26.05,37.51,35.93
4790,2021-09-09,600519,1626.0,1634.08,1645.0,1624.01,19950,3257785760.0,1.29,0.06,0.98,0.16,1634.08,1645.0,1624.01,837.57,143.05,166.93,17.08,19.93,29.9,33.89
4791,2021-09-10,600519,1634.08,1662.58,1668.8,1633.0,33388,5528034048.0,2.19,1.74,28.5,0.27,1662.58,1668.8,1633.0,811.14,165.4,166.93,20.39,20.58,21.77,32.69
4792,2021-09-13,600519,1665.0,1654.0,1684.0,1640.1,27720,4605031680.0,2.64,-0.52,-8.58,0.22,1654.0,1684.0,1640.1,778.26,137.05,166.93,17.61,21.45,14.76,31.99
4793,2021-09-14,600519,1659.0,1657.0,1683.0,1653.0,33761,5638962688.0,1.81,0.18,3.0,0.27,1657.0,1683.0,1653.0,752.57,98.73,166.93,13.12,22.18,14.73,32.14
4794,2021-09-15,600519,1650.0,1615.74,1660.0,1610.0,41570,6781755392.0,3.02,-2.49,-41.26,0.33,1615.74,1660.0,1610.0,732.27,98.73,161.65,13.48,22.08,15.44,29.23
4795,2021-09-16,600519,1603.0,1638.07,1644.0,1585.0,45968,7458455040.0,3.65,1.38,22.33,0.37,1638.07,1644.0,1585.0,750.37,98.73,176.03,13.16,23.46,15.99,26.75
4796,2021-09-17,600519,1620.0,1686.0,1705.6,1620.0,55130,9242101504.0,5.23,2.93,47.93,0.44,1686.0,1705.6,1620.0,768.92,160.33,137.88,20.85,17.93,15.96,22.93
4797,2021-09-22,600519,1658.83,1637.69,1688.0,1635.0,31743,5227723008.0,3.14,-2.87,-48.31,0.25,1637.69,1688.0,1635.0,760.67,156.98,137.88,20.64,18.13,16.97,19.37
4798,2021-09-23,600519,1638.0,1635.0,1655.88,1625.08,30342,4964210176.0,1.88,-0.16,-2.69,0.24,1635.0,1655.88,1625.08,687.58,156.98,123.8,22.83,18.01,17.3,16.03
4799,2021-09-24,600519,1628.0,1694.0,1719.98,1628.0,69537,11756596224.0,5.63,3.61,59.0,0.55,1694.0,1719.98,1628.0,737.45,213.07,123.8,28.89,16.79,17.44,16.08
4800,2021-09-27,600519,1750.0,1855.0,1863.4,1750.0,126869,23270689792.0,6.69,9.5,161.0,1.01,1855.0,1863.4,1750.0,829.06,356.49,104.91,43.0,12.65,22.5,18.97
4801,2021-09-28,600519,1848.0,1822.06,1860.0,1795.0,49221,8973408768.0,3.5,-1.78,-32.94,0.39,1822.06,1860.0,1795.0,812.05,308.12,104.91,37.94,12.92,26.01,21.0
4802,2021-09-29,600519,1809.0,1820.0,1845.01,1785.9,43291,7870151680.0,3.24,-0.11,-2.06,0.34,1820.0,1845.01,1785.9,837.68,308.12,114.01,36.78,13.61,32.42,24.19
4803,2021-09-30,600519,1818.18,1830.0,1850.22,1803.4,40539,7411735808.0,2.57,0.55,10.0,0.32,1830.0,1850.22,1803.4,841.4,313.33,91.09,37.24,10.83,40.5,28.73
4804,2021-10-08,600519,1822.42,1839.6,1878.0,1807.23,47452,8780381184.0,3.87,0.52,9.6,0.38,1839.6,1878.0,1807.23,891.18,341.11,87.02,38.28,9.76,48.42,32.86
4805,2021-10-11,600519,1839.51,1867.12,1889.9,1831.01,37676,7040475392.0,3.2,1.5,27.52,0.3,1867.12,1889.9,1831.01,914.27,329.21,87.02,36.01,9.52,53.7,35.57
4806,2021-10-12,600519,1866.0,1870.99,1877.0,1842.42,30606,5688160768.0,1.85,0.21,3.87,0.24,1870.99,1877.0,1842.42,904.95,314.01,87.02,34.7,9.62,54.05,38.27
4807,2021-10-13,600519,1870.0,1929.9,1949.95,1862.0,50143,9625769216.0,4.7,3.15,58.91,0.4,1929.9,1949.95,1862.0,962.9,386.96,87.02,40.19,9.04,56.39,41.2
4808,2021-10-14,600519,1928.93,1911.0,1941.8,1896.0,26623,5097602304.0,2.37,-0.98,-18.9,0.21,1911.0,1941.8,1896.0,958.7,386.96,44.02,40.36,4.59,61.99,47.2
4809,2021-10-15,600519,1890.1,1916.97,1929.99,1890.1,28561,5452953856.0,2.09,0.31,5.97,0.23,1916.97,1929.99,1890.1,939.59,386.96,24.92,41.18,2.65,67.48,53.99
4810,2021-10-18,600519,1888.0,1800.0,1888.0,1787.0,69652,12651498496.0,5.27,-6.1,-116.97,0.55,1800.0,1888.0,1787.0,983.96,325.36,128.02,33.07,13.01,64.84,56.63
4811,2021-10-19,600519,1800.0,1812.18,1838.8,1799.88,40315,7330114048.0,2.16,0.68,12.18,0.32,1812.18,1838.8,1799.88,969.88,325.36,128.02,33.55,13.2,62.4,58.05
4812,2021-10-20,600519,1833.0,1841.0,1849.8,1806.01,28663,5246404608.0,2.42,1.59,28.82,0.23,1841.0,1849.8,1806.01,982.87,336.36,118.1,34.22,12.02,60.97,57.51
4813,2021-10-21,600519,1841.1,1844.0,1860.0,1829.0,23019,4238584288.0,1.68,0.16,3.0,0.18,1844.0,1860.0,1829.0,921.89,282.46,118.1,30.64,12.81,57.26,56.83
4814,2021-10-22,600519,1855.0,1901.0,1921.01,1854.0,35963,6794850048.0,3.63,3.09,57.0,0.29,1901.0,1921.01,1854.0,829.5,200.05,118.1,24.12,14.24,48.29,55.14
4815,2021-10-25,600519,1880.0,1873.03,1885.01,1858.0,32461,6076219904.0,1.42,-1.47,-27.97,0.26,1873.03,1885.01,1858.0,807.5,200.05,118.1,24.77,14.63,37.94,52.71
4816,2021-10-26,600519,1864.03,1861.05,1878.99,1844.0,21130,3934223712.0,1.87,-0.64,-11.98,0.17,1861.05,1878.99,1844.0,783.38,200.05,123.0,25.54,15.7,34.66,49.75
4817,2021-10-27,600519,1852.3,1819.0,1858.3,1800.1,34647,6302270976.0,3.13,-2.26,-42.05,0.28,1819.0,1858.3,1800.1,797.51,194.84,166.9,24.43,20.93,28.69,45.55
4818,2021-10-28,600519,1825.2,1825.49,1843.78,1802.0,29491,5383196160.0,2.3,0.36,6.49,0.23,1825.49,1843.78,1802.0,768.52,167.06,166.9,21.74,21.72,20.7,40.83
4819,2021-10-29,600519,1825.0,1826.08,1848.0,1813.0,28776,5266898944.0,1.92,0.03,0.59,0.23,1826.08,1848.0,1813.0,744.63,159.38,166.9,21.4,22.41,14.24,35.75
4820,2021-11-01,600519,1780.0,1803.0,1826.3,1760.0,41690,7486936320.0,3.63,-1.26,-23.08,0.33,1803.0,1826.3,1760.0,776.35,159.38,219.9,20.53,28.32,12.61,30.45
4821,2021-11-02,600519,1796.7,1804.64,1844.22,1788.0,32500,5875341312.0,3.12,0.09,1.64,0.26,1804.64,1844.22,1788.0,744.62,104.35,219.9,14.01,29.53,14.25,26.1
4822,2021-11-03,600519,1800.0,1765.0,1809.98,1761.19,27829,4958314496.0,2.7,-2.2,-39.64,0.22,1765.0,1809.98,1761.19,747.61,104.35,246.71,13.96,33.0,17.04,25.85
4823,2021-11-04,600519,1777.94,1804.2,1816.0,1769.42,31130,5592211712.0,2.64,2.22,39.2,0.25,1804.2,1816.0,1769.42,758.72,110.37,240.81,14.55,31.74,21.94,25.32
4824,2021-11-05,600519,1804.21,1819.94,1844.99,1804.21,27077,4956331264.0,2.26,0.87,15.74,0.22,1819.94,1844.99,1804.21,669.54,139.36,137.71,20.81,20.57,22.03,21.36
4825,2021-11-08,600519,1820.0,1820.1,1830.8,1802.05,17706,3220439328.0,1.58,0.01,0.16,0.14,1820.1,1830.8,1802.05,659.37,139.36,139.87,21.14,21.21,21.68,17.96
4826,2021-11-09,600519,1819.98,1790.01,1827.87,1782.0,27352,4915170048.0,2.52,-1.65,-30.09,0.22,1790.01,1827.87,1782.0,661.45,128.36,159.92,19.41,24.18,20.84,16.72
4827,2021-11-10,600519,1790.01,1753.99,1795.0,1735.0,35349,6204803328.0,3.35,-2.01,-36.02,0.28,1753.99,1795.0,1735.0,690.45,118.16,206.92,17.11,29.97,19.45,16.85
4828,2021-11-11,600519,1752.93,1769.6,1769.6,1741.5,22652,3987243280.0,1.6,0.89,15.61,0.18,1769.6,1769.6,1741.5,641.54,57.15,206.92,8.91,32.25,22.15,19.59
4829,2021-11-12,600519,1778.0,1773.78,1785.05,1766.66,17607,3124400976.0,1.04,0.24,4.18,0.14,1773.78,1785.05,1766.66,616.93,72.6,206.92,11.77,33.54,23.97,22.95
4830,2021-11-15,600519,1773.68,1761.14,1784.0,1750.0,24947,4410975488.0,1.92,-0.71,-12.64,0.2,1761.14,1784.0,1750.0,615.94,72.6,209.58,11.79,34.03,31.96,26.99
4831,2021-11-16,600519,1768.0,1808.0,1818.0,1765.0,33526,6033536256.0,3.01,2.66,46.86,0.27,1808.0,1818.0,1765.0,611.85,106.6,165.68,17.42,27.08,35.54,28.61
4832,2021-11-17,600519,1805.0,1795.0,1820.5,1790.01,24505,4411450880.0,1.69,-0.72,-13.0,0.2,1795.0,1820.5,1790.01,600.56,109.1,165.68,18.17,27.59,37.15,29.0
4833,2021-11-18,600519,1781.22,1792.0,1807.0,1770.0,19521,3485674960.0,2.06,-0.17,-3.0,0.16,1792.0,1807.0,1770.0,602.56,104.88,185.69,17.41,30.82,37.24,28.34
4834,2021-11-19,600519,1794.19,1828.41,1849.0,1788.2,31156,5699883776.0,3.39,2.03,36.41,0.25,1828.41,1849.0,1788.2,597.06,146.88,132.69,24.6,22.22,28.63,25.39
4835,2021-11-22,600519,1849.0,1854.27,1909.0,1848.0,42573,7994018304.0,3.34,1.41,25.86,0.34,1854.27,1909.0,1848.0,621.43,188.96,132.69,30.41,21.35,23.54,23.75
4836,2021-11-23,600519,1852.0,1896.43,1917.0,1852.0,45782,8676297728.0,3.51,2.27,42.16,0.36,1896.43,1917.0,1852.0,637.64,196.96,105.88,30.89,16.6,20.46,26.21
4837,2021-11-24,600519,1900.0,1941.0,1966.0,1897.0,54512,10555736832.0,3.64,2.35,44.57,0.43,1941.0,1966.0,1897.0,656.21,239.94,105.88,36.56,16.14,23.3,29.42
4838,2021-11-25,600519,1953.0,1956.03,1986.2,1946.25,39753,7803035392.0,2.06,0.77,15.03,0.32,1956.03,1986.2,1946.25,660.62,231.15,105.88,34.99,16.03,26.07,31.61
4839,2021-11-26,600519,1964.83,1941.01,1967.0,1925.0,32656,6337346304.0,2.15,-0.77,-15.02,0.26,1941.01,1967.0,1925.0,673.87,231.15,124.97,34.3,18.55,26.4,31.82
4840,2021-11-29,600519,1960.0,1985.0,1990.0,1951.08,42399,8372476160.0,2.01,2.27,43.99,0.34,1985.0,1990.0,1951.08,676.99,254.15,104.92,37.54,15.5,32.48,30.55
4841,2021-11-30,600519,1985.4,1930.77,1989.9,1927.5,36925,7192172544.0,3.14,-2.73,-54.23,0.29,1930.77,1989.9,1927.5,679.39,254.15,81.5,37.41,12.0,38.14,30.84
4842,2021-12-01,600519,1950.0,1932.99,1959.95,1919.02,26254,5071457024.0,2.12,0.11,2.22,0.21,1932.99,1959.95,1919.02,692.22,254.15,89.98,36.72,13.0,41.08,30.77
4843,2021-12-02,600519,1940.0,1934.0,1942.15,1919.6,20422,3939731536.0,1.17,0.05,1.01,0.16,1934.0,1942.15,1919.6,696.38,238.7,89.98,34.28,12.92,42.16,32.73
4844,2021-12-03,600519,1932.0,1971.88,1988.62,1931.05,35818,7045848064.0,2.98,1.96,37.88,0.29,1971.88,1988.62,1931.05,719.95,285.17,73.32,39.61,10.18,45.81,35.94
4845,2021-12-06,600519,1983.0,1967.3,1990.0,1950.0,31064,6122543872.0,2.03,-0.23,-4.58,0.25,1967.3,1990.0,1950.0,703.09,252.55,73.32,35.92,10.43,50.01,38.2
4846,2021-12-07,600519,1980.74,1955.87,1987.87,1946.73,36980,7286659584.0,2.09,-0.58,-11.43,0.29,1955.87,1987.87,1946.73,713.74,250.05,76.59,35.03,10.73,51.93,42.21
4847,2021-12-08,600519,1964.88,2043.0,2045.0,1950.0,61048,12285102080.0,4.86,4.45,87.13,0.49,2043.0,2045.0,1950.0,771.74,307.18,56.58,39.8,7.33,54.84,46.49
4848,2021-12-09,600519,2054.94,2086.55,2116.92,2045.0,64239,13404724480.0,3.52,2.13,43.55,0.51,2086.55,2116.92,2045.0,784.86,337.1,56.58,42.95,7.21,58.77,49.92
4849,2021-12-10,600519,2060.0,2090.0,2095.78,2056.0,43148,8944582400.0,1.91,0.17,3.45,0.34,2090.0,2095.78,2056.0,744.05,277.1,56.58,37.24,7.6,62.24,52.2
4850,2021-12-13,600519,2154.0,2118.2,2180.0,2118.0,65807,14139012352.0,2.97,1.35,28.2,0.52,2118.2,2180.0,2118.0,769.05,353.32,56.58,45.94,7.36,64.46,55.13
4851,2021-12-14,600519,2118.2,2150.0,2167.9,2100.0,40449,8673733632.0,3.21,1.5,31.8,0.32,2150.0,2167.9,2100.0,767.38,304.32,74.58,39.66,9.72,65.39,57.7
4852,2021-12-15,600519,2142.15,2135.0,2164.95,2125.02,30078,6444715008.0,1.86,-0.7,-15.0,0.24,2135.0,2164.95,2125.02,762.11,284.12,74.58,37.28,9.79,66.28,59.11
4853,2021-12-16,600519,2115.0,2118.99,2144.05,2086.23,37211,7865499392.0,2.71,-0.75,-16.01,0.3,2118.99,2144.05,2086.23,777.93,284.12,92.12,36.52,11.84,63.3,59.07
4854,2021-12-17,600519,2100.5,2050.7,2108.0,2036.0,48403,9988869888.0,3.4,-3.22,-68.29,0.39,2050.7,2108.0,2036.0,811.93,261.12,142.35,32.16,17.53,56.33,57.55
4855,2021-12-20,600519,2050.7,2058.96,2085.66,2041.0,32258,6654596608.0,2.18,0.4,8.26,0.26,2058.96,2085.66,2041.0,794.19,261.12,118.77,32.88,14.95,51.56,56.9
4856,2021-12-21,600519,2045.0,2038.2,2069.13,2012.83,26286,5354186496.0,2.73,-1.01,-20.76,0.21,2038.2,2069.13,2012.83,809.56,261.12,138.46,32.25,17.1,44.61,54.53
4857,2021-12-22,600519,2040.0,2048.0,2063.0,2040.0,17431,3570928368.0,1.13,0.48,9.8,0.14,2048.0,2063.0,2040.0,811.81,261.12,138.46,32.17,17.06,39.63,52.51
4858,2021-12-23,600519,2053.0,2120.0,2120.0,2025.0,39099,8126298112.0,4.64,3.52,72.0,0.31,2120.0,2120.0,2025.0,849.24,271.65,138.46,31.99,16.3,35.3,50.79
4859,2021-12-24,600519,2148.88,2194.09,2216.96,2148.88,56130,12295953408.0,3.21,3.49,74.09,0.45,2194.09,2216.96,2148.88,906.2,367.23,138.46,40.52,15.28,34.34,48.82
4860,2021-12-27,600519,2168.0,2131.82,2168.0,2112.0,37556,8020677632.0,2.55,-2.84,-62.27,0.3,2131.82,2168.0,2112.0,947.15,367.23,172.07,38.77,18.17,35.46,45.9
4861,2021-12-28,600519,2133.0,2138.18,2155.5,2116.6,27651,5901940736.0,1.82,0.3,6.36,0.22,2138.18,2155.5,2116.6,891.05,310.1,172.07,34.8,19.31,33.99,42.78
4862,2021-12-29,600519,2150.0,2041.0,2154.25,2041.0,54049,11195625216.0,5.3,-4.54,-97.18,0.43,2041.0,2154.25,2041.0,930.38,238.18,247.67,25.6,26.62,29.2,36.91
4863,2021-12-30,600519,2041.0,2075.0,2088.98,2028.0,35261,7272866560.0,2.99,1.67,34.0,0.28,2075.0,2088.98,2028.0,951.58,238.18,260.67,25.03,27.39,24.83,32.23
4864,2021-12-31,600519,2070.0,2050.0,2072.98,2028.0,29665,6061415424.0,2.17,-1.2,-25.0,0.24,2050.0,2072.98,2028.0,908.58,153.96,260.67,16.95,28.69,23.71,29.51
4865,2022-01-04,600519,2055.0,2051.23,2068.95,2014.0,33843,6913653248.0,2.68,0.06,1.23,0.27,2051.23,2068.95,2014.0,895.63,153.96,256.67,17.19,28.66,20.34,27.34
4866,2022-01-05,600519,2045.0,2024.0,2065.0,2018.0,28396,5774992128.0,2.29,-1.33,-27.23,0.23,2024.0,2065.0,2018.0,902.7,153.96,256.67,17.06,28.43,18.48,26.97
4867,2022-01-06,600519,2022.01,1982.22,2036.0,1938.51,51795,10226933760.0,4.82,-2.06,-41.78,0.41,1982.22,2036.0,1938.51,942.37,153.96,297.37,16.34,31.56,19.0,26.49
4868,2022-01-07,600519,1975.0,1942.0,1988.88,1939.32,29817,5831695360.0,2.5,-2.03,-40.22,0.24,1942.0,1988.88,1939.32,908.94,153.96,247.14,16.94,27.19,22.55,25.87
4869,2022-01-10,600519,1928.01,1966.0,1977.0,1917.55,29627,5792738048.0,3.06,1.24,24.0,0.24,1966.0,1977.0,1917.55,923.73,153.96,268.91,16.67,29.11,26.33,25.58
4870,2022-01-11,600519,1948.0,1940.55,1965.0,1931.17,22277,4332180736.0,1.72,-1.29,-25.45,0.18,1940.55,1965.0,1931.17,902.26,153.96,240.74,17.06,26.68,25.7,24.7
4871,2022-01-12,600519,1948.0,1967.0,1978.8,1948.0,27474,5384359680.0,1.59,1.36,26.45,0.22,1967.0,1978.8,1948.0,915.71,167.76,240.74,18.32,26.29,24.51,22.42
4872,2022-01-13,600519,1964.82,1877.39,1967.99,1865.56,56747,10781720576.0,5.21,-4.56,-89.61,0.45,1877.39,1967.99,1865.56,923.14,110.76,323.18,12.0,35.01,28.5,23.49
4873,2022-01-14,600519,1877.39,1867.0,1893.0,1863.0,29322,5506185984.0,1.6,-0.55,-10.39,0.23,1867.0,1893.0,1863.0,856.18,13.8,325.74,1.61,38.05,38.51,28.76
4874,2022-01-17,600519,1868.0,1861.61,1878.3,1835.34,27354,5074077696.0,2.3,-0.29,-5.39,0.22,1861.61,1878.3,1835.34,817.05,13.8,316.52,1.69,38.74,49.92,36.23
4875,2022-01-18,600519,1861.68,1892.27,1908.85,1852.0,31216,5906705920.0,3.05,1.65,30.66,0.25,1892.27,1908.85,1852.0,835.0,44.35,316.52,5.31,37.91,57.96,42.14
4876,2022-01-19,600519,1919.0,1912.0,1919.0,1888.88,26371,5026993408.0,1.59,1.04,19.73,0.21,1912.0,1919.0,1888.88,751.87,54.5,240.92,7.25,32.04,64.81,45.25
4877,2022-01-20,600519,1916.0,1969.52,1979.99,1916.0,34014,6665294848.0,3.35,3.01,57.52,0.27,1969.52,1979.99,1916.0,758.88,115.49,227.92,15.22,30.03,67.29,45.9
4878,2022-01-21,600519,1960.0,1984.99,1993.49,1951.01,30813,6091427584.0,2.16,0.79,15.47,0.25,1984.99,1993.49,1951.01,754.36,128.99,227.92,17.1,30.21,63.75,46.12
4879,2022-01-24,600519,1955.0,1950.2,1984.0,1931.44,23986,4685441792.0,2.65,-1.75,-34.79,0.19,1950.2,1984.0,1931.44,752.96,128.99,233.49,17.13,31.01,53.24,45.88
4880,2022-01-25,600519,1943.0,1943.0,1966.0,1931.0,25510,4971078400.0,1.79,-0.37,-7.2,0.2,1943.0,1966.0,1931.0,740.96,128.99,233.93,17.41,31.57,42.79,46.35
4881,2022-01-26,600519,1942.04,1955.0,1969.0,1919.0,23905,4655706624.0,2.57,0.62,12.0,0.19,1955.0,1969.0,1919.0,693.47,128.99,166.44,18.6,24.0,32.33,45.14
4882,2022-01-27,600519,2001.01,1965.0,2010.82,1952.0,42665,8450329088.0,3.01,0.51,10.0,0.34,1965.0,2010.82,1952.0,702.73,170.81,166.44,24.31,23.68,22.03,43.42
4883,2022-01-28,600519,1955.0,1887.0,1968.0,1880.01,41020,7889492992.0,4.48,-3.97,-78.0,0.33,1887.0,1968.0,1880.01,731.27,170.81,216.66,23.36,29.63,18.54,42.92
4884,2022-02-07,600519,1900.99,1867.96,1913.56,1850.0,35150,6601799680.0,3.37,-1.01,-19.04,0.28,1867.96,1913.56,1850.0,760.0,170.81,246.67,22.48,32.46,16.95,40.35
4885,2022-02-08,600519,1868.88,1839.0,1872.87,1790.0,41713,7585130496.0,4.44,-1.55,-28.96,0.33,1839.0,1872.87,1790.0,804.62,157.01,306.67,19.51,38.11,17.53,35.39
4886,2022-02-09,600519,1839.09,1895.98,1908.0,1826.97,33885,6346699776.0,4.41,3.1,56.98,0.27,1895.98,1908.0,1826.97,783.22,192.14,224.23,24.53,28.63,13.99,28.39
4887,2022-02-10,600519,1900.0,1873.0,1905.9,1857.39,23032,4315456768.0,2.56,-1.21,-22.98,0.18,1873.0,1905.9,1857.39,801.73,192.14,221.67,23.97,27.65,13.07,22.7
4888,2022-02-11,600519,1857.0,1849.97,1900.79,1841.0,33746,6296909568.0,3.19,-1.23,-23.03,0.27,1849.97,1900.79,1841.0,818.56,192.14,210.4,23.47,25.7,13.61,17.82
4889,2022-02-14,600519,1840.0,1868.67,1877.0,1837.31,20196,3762313344.0,2.15,1.01,18.7,0.16,1868.67,1877.0,1837.31,801.4,161.59,214.09,20.16,26.71,13.97,16.26
4890,2022-02-15,600519,1868.8,1890.62,1911.0,1859.0,27106,5131842048.0,2.78,1.17,21.95,0.22,1890.62,1911.0,1859.0,823.28,185.44,214.09,22.52,26.0,12.13,14.54
4891,2022-02-16,600519,1900.0,1892.55,1907.0,1888.0,14587,2769034320.0,1.0,0.1,1.93,0.12,1892.55,1907.0,1888.0,774.29,124.45,214.09,16.07,27.65,11.17,14.35
4892,2022-02-17,600519,1900.61,1886.99,1911.48,1881.0,18214,3450265040.0,1.61,-0.29,-5.56,0.14,1886.99,1911.48,1881.0,762.29,110.95,221.09,14.55,29.0,15.41,14.7
4893,2022-02-18,600519,1877.63,1907.0,1907.98,1865.66,19385,3670339744.0,2.24,1.06,20.01,0.15,1907.0,1907.98,1865.66,751.06,110.95,216.86,14.77,28.87,19.61,16.34
4894,2022-02-21,600519,1900.0,1876.99,1906.9,1868.95,20816,3920377360.0,1.99,-1.57,-30.01,0.17,1876.99,1906.9,1868.95,754.11,110.95,216.42,14.71,28.7,24.22,18.92
4895,2022-02-22,600519,1860.01,1807.87,1861.0,1800.02,52299,9473992704.0,3.25,-3.68,-69.12,0.42,1807.87,1861.0,1800.02,781.08,110.95,273.35,14.2,35.0,28.93,21.45
4896,2022-02-23,600519,1811.41,1827.01,1834.0,1800.08,28112,5118197760.0,1.88,1.06,19.14,0.22,1827.01,1834.0,1800.08,756.18,69.13,273.35,9.14,36.15,37.68,24.91
4897,2022-02-24,600519,1808.0,1764.11,1813.99,1748.1,65359,11578557184.0,3.61,-3.44,-62.9,0.52,1764.11,1813.99,1748.1,747.1,69.13,253.34,9.25,33.91,42.78,26.98
4898,2022-02-25,600519,1775.0,1799.06,1808.28,1775.0,38979,6999524096.0,1.89,1.98,34.95,0.31,1799.06,1808.28,1775.0,727.71,69.13,223.33,9.5,30.69,46.04,30.73
4899,2022-02-28,600519,1787.06,1790.4,1797.0,1767.0,28923,5158148352.0,1.67,-0.48,-8.66,0.23,1790.4,1797.0,1767.0,676.9,69.13,171.33,10.21,25.31,47.74,33.67
4900,2022-03-01,600519,1802.0,1858.48,1863.57,1802.0,47379,8721229312.0,3.44,3.8,68.08,0.38,1858.48,1863.57,1802.0,669.04,100.57,171.33,15.03,25.61,46.71,35.47
4901,2022-03-02,600519,1840.0,1844.88,1850.99,1825.0,20074,3690612336.0,1.4,-0.73,-13.6,0.16,1844.88,1850.99,1825.0,654.01,100.57,171.33,15.38,26.2,44.01,36.47
4902,2022-03-03,600519,1845.8,1800.0,1850.25,1794.0,31547,5703580672.0,3.05,-2.43,-44.88,0.25,1800.0,1850.25,1794.0,650.47,100.57,185.94,15.46,28.59,39.03,38.36
4903,2022-03-04,600519,1772.0,1780.5,1792.89,1755.1,31047,5509157632.0,2.1,-1.08,-19.5,0.25,1780.5,1792.89,1755.1,655.68,100.57,221.15,15.34,33.73,35.76,39.27
4904,2022-03-07,600519,1760.2,1707.0,1768.0,1703.8,49156,8487507456.0,3.61,-4.13,-73.5,0.39,1707.0,1768.0,1703.8,680.38,66.57,272.45,9.78,40.04,37.09,41.57
4905,2022-03-08,600519,1759.98,1753.2,1786.66,1732.0,57215,10087484416.0,3.2,2.71,46.2,0.46,1753.2,1786.66,1732.0,741.04,85.23,272.45,11.5,36.77,38.73,43.24
4906,2022-03-09,600519,1764.1,1779.18,1805.0,1721.11,56434,10018589952.0,4.78,1.48,25.98,0.45,1779.18,1805.0,1721.11,794.45,103.57,265.45,13.04,33.41,41.71,44.21
4907,2022-03-10,600519,1808.0,1794.43,1821.0,1791.0,36462,6587438848.0,1.69,0.86,15.25,0.29,1794.43,1821.0,1791.0,793.95,119.57,250.11,15.06,31.5,43.25,43.63
4908,2022-03-11,600519,1766.0,1769.01,1777.0,1718.08,47727,8335618304.0,3.28,-1.42,-25.42,0.38,1769.01,1777.0,1718.08,832.25,119.57,323.03,14.37,38.81,45.95,42.49
4909,2022-03-14,600519,1730.0,1700.0,1750.0,1700.0,49007,8416841984.0,2.83,-3.9,-69.01,0.39,1700.0,1750.0,1700.0,824.29,119.57,272.18,14.51,33.02,46.2,40.98
4910,2022-03-15,600519,1650.0,1603.0,1685.0,1603.0,89056,14567142656.0,4.82,-5.71,-97.0,0.71,1603.0,1685.0,1603.0,887.37,119.57,369.18,13.47,41.6,44.59,40.84
4911,2022-03-16,600519,1634.0,1674.95,1683.9,1593.0,77593,12753010176.0,5.67,4.49,71.95,0.62,1674.95,1683.9,1593.0,899.36,119.57,327.2,13.3,36.38,43.61,41.17
4912,2022-03-17,600519,1720.0,1720.15,1755.0,1711.66,68352,11843531776.0,2.59,2.7,45.2,0.54,1720.15,1755.0,1711.66,935.24,190.67,327.2,20.39,34.99,40.69,41.2
4913,2022-03-18,600519,1718.0,1707.79,1745.0,1692.28,38349,6564085504.0,3.06,-0.72,-12.36,0.31,1707.79,1745.0,1692.28,955.9,190.67,338.58,19.95,35.42,39.46,41.36
4914,2022-03-21,600519,1724.0,1704.3,1725.65,1695.01,27877,4763083264.0,1.79,-0.2,-3.49,0.22,1704.3,1725.65,1695.01,913.37,124.1,338.58,13.59,37.07,39.53,42.74
4915,2022-03-22,600519,1723.88,1695.0,1723.88,1686.33,21054,3578291200.0,2.2,-0.55,-9.3,0.17,1695.0,1723.88,1686.33,917.44,124.1,347.26,13.53,37.85,40.93,43.56
4916,2022-03-23,600519,1705.0,1752.19,1770.0,1697.0,58067,10096341504.0,4.31,3.37,57.19,0.46,1752.19,1770.0,1697.0,936.19,170.22,316.26,18.18,33.78,37.42,41.0
4917,2022-03-24,600519,1738.0,1720.93,1740.0,1717.35,25815,4457504512.0,1.29,-1.78,-31.26,0.21,1720.93,1740.0,1717.35,926.13,170.22,277.36,18.38,29.95,33.66,38.63
4918,2022-03-25,600519,1712.0,1690.0,1734.0,1685.0,29709,5054831360.0,2.85,-1.8,-30.93,0.24,1690.0,1734.0,1685.0,898.43,170.22,258.41,18.95,28.76,32.7,36.69
4919,2022-03-28,600519,1625.0,1660.8,1664.8,1604.0,57542,9392007936.0,3.6,-1.73,-29.2,0.46,1660.8,1664.8,1604.0,904.77,151.56,339.41,16.75,37.51,34.42,36.94
4920,2022-03-29,600519,1661.5,1667.0,1691.5,1661.5,25935,4343365376.0,1.81,0.37,6.2,0.21,1667.0,1691.5,1661.5,851.58,159.92,339.41,18.78,39.86,32.68,36.1
4921,2022-03-30,600519,1698.0,1730.1,1730.1,1695.0,42433,7276379136.0,2.11,3.79,63.1,0.34,1730.1,1730.1,1695.0,872.86,182.52,339.41,20.91,38.88,29.8,35.36
4922,2022-03-31,600519,1720.0,1719.0,1738.6,1708.8,25174,4338022912.0,1.72,-0.64,-11.1,0.2,1719.0,1738.6,1708.8,826.31,191.02,266.49,23.12,32.25,27.55,32.48
4923,2022-04-01,600519,1729.94,1780.01,1793.0,1721.69,44862,7936957184.0,4.15,3.55,61.01,0.36,1780.01,1793.0,1721.69,831.3,245.42,248.41,29.52,29.88,23.66,28.66
4924,2022-04-06,600519,1753.0,1765.0,1788.73,1753.0,27820,4910792448.0,2.01,-0.84,-15.01,0.22,1765.0,1788.73,1753.0,770.03,245.42,151.41,31.87,19.66,24.18,28.44
4925,2022-04-07,600519,1758.0,1765.0,1785.0,1750.1,20196,3568182336.0,1.98,0.0,0.0,0.16,1765.0,1785.0,1750.1,714.03,245.42,144.31,34.37,20.21,22.12,28.27
4926,2022-04-08,600519,1768.0,1784.0,1788.7,1766.54,22941,4081618544.0,1.26,1.08,19.0,0.18,1784.0,1788.7,1766.54,657.68,178.02,144.31,27.07,21.94,17.88,25.28
4927,2022-04-11,600519,1770.0,1720.0,1770.0,1706.03,43864,7568782592.0,3.59,-3.59,-64.0,0.35,1720.0,1770.0,1706.03,682.93,178.02,185.44,26.07,27.15,13.21,21.5
4928,2022-04-12,600519,1729.0,1782.0,1787.97,1708.0,41630,7284546304.0,4.65,3.6,62.0,0.33,1782.0,1787.97,1708.0,732.26,195.99,185.44,26.77,25.32,10.92,19.23
4929,2022-04-13,600519,1767.0,1769.0,1795.0,1751.08,31148,5534915840.0,2.46,-0.73,-13.0,0.25,1769.0,1795.0,1751.08,738.63,203.02,176.76,27.49,23.93,11.97,17.81
4930,2022-04-14,600519,1788.0,1809.0,1835.9,1780.2,37650,6834657280.0,3.15,2.26,40.0,0.3,1809.0,1835.9,1780.2,730.53,197.8,176.76,27.08,24.2,8.96,16.57
4931,2022-04-15,600519,1802.2,1805.99,1818.0,1795.89,21041,3800797632.0,1.22,-0.17,-3.01,0.17,1805.99,1818.0,1795.89,717.8,197.8,176.76,27.56,24.63,5.57,13.85
4932,2022-04-18,600519,1781.13,1790.82,1798.0,1768.0,19793,3525102976.0,1.66,-0.84,-15.17,0.16,1790.82,1798.0,1768.0,706.79,197.8,172.3,27.99,24.38,4.97,11.42
4933,2022-04-19,600519,1800.0,1790.3,1832.99,1775.5,24205,4359852032.0,3.21,-0.03,-0.52,0.19,1790.3,1832.99,1775.5,678.28,232.79,91.3,34.32,13.46,11.91,12.56
4934,2022-04-20,600519,1801.69,1797.0,1820.0,1768.68,24156,4342043392.0,2.87,0.37,6.7,0.19,1797.0,1820.0,1768.68,698.9,206.09,98.12,29.49,14.04,17.36,14.14
4935,2022-04-21,600519,1790.2,1779.98,1806.0,1770.0,28953,5160787968.0,2.0,-0.95,-17.02,0.23,1779.98,1806.0,1770.0,671.8,167.49,98.12,24.93,14.61,20.57,16.27
4936,2022-04-22,600519,1763.0,1773.0,1787.88,1760.18,27900,4955360768.0,1.56,-0.39,-6.98,0.22,1773.0,1787.88,1760.18,669.7,158.99,107.94,23.74,16.12,22.82,15.89
4937,2022-04-25,600519,1750.0,1708.0,1776.5,1702.0,53658,9352986880.0,4.2,-3.67,-65.0,0.43,1708.0,1776.5,1702.0,670.2,104.59,166.12,15.61,24.79,25.67,15.62
4938,2022-04-26,600519,1703.33,1732.48,1748.98,1700.0,44564,7692845312.0,2.87,1.43,24.48,0.35,1732.48,1748.98,1700.0,683.45,104.59,168.12,15.3,24.6,28.4,16.69
4939,2022-04-27,600519,1767.12,1794.92,1810.0,1767.12,57402,10289893120.0,2.48,3.6,62.44,0.46,1794.92,1810.0,1767.12,726.07,165.61,165.22,22.81,22.76,21.15,16.53
4940,2022-04-28,600519,1793.0,1835.0,1845.0,1786.5,44010,8038681856.0,3.26,2.23,40.08,0.35,1835.0,1845.0,1786.5,760.87,196.91,165.22,25.88,21.71,16.69,17.03
4941,2022-04-29,600519,1836.0,1828.38,1849.0,1810.98,34885,6384066560.0,2.07,-0.36,-6.62,0.28,1828.38,1849.0,1810.98,720.92,200.91,104.71,27.87,14.52,17.58,19.07
4942,2022-05-05,600519,1830.0,1837.0,1870.0,1828.98,33661,6235017472.0,2.24,0.47,8.62,0.27,1837.0,1870.0,1828.98,682.57,203.94,104.71,29.88,15.34,19.75,21.28
4943,2022-05-06,600519,1814.99,1793.0,1819.0,1781.0,28596,5138176768.0,2.07,-2.4,-44.0,0.23,1793.0,1819.0,1781.0,694.65,196.91,152.69,28.35,21.98,18.07,21.87
4944,2022-05-09,600519,1780.0,1752.0,1780.0,1738.0,30352,5324616192.0,2.34,-2.29,-41.0,0.24,1752.0,1780.0,1738.0,682.75,156.01,195.69,22.85,28.66,16.07,22.24
4945,2022-05-10,600519,1720.0,1766.19,1784.96,1705.01,40119,7018451200.0,4.56,0.81,14.19,0.32,1766.19,1784.96,1705.01,740.59,156.01,228.68,21.07,30.88,19.2,20.17
4946,2022-05-11,600519,1755.0,1768.0,1788.48,1752.0,30313,5372950016.0,2.07,0.1,1.81,0.24,1768.0,1788.48,1752.0,739.08,159.53,200.79,21.58,27.17,19.65,18.17
4947,2022-05-12,600519,1753.0,1762.67,1778.0,1750.0,22038,3888480080.0,1.58,-0.3,-5.33,0.18,1762.67,1778.0,1750.0,709.59,124.54,202.79,17.55,28.58,18.39,17.99
4948,2022-05-13,600519,1780.0,1778.24,1797.94,1766.0,20731,3690141232.0,1.81,0.88,15.57,0.17,1778.24,1797.94,1766.0,693.54,144.48,195.97,20.83,28.26,15.55,17.65
4949,2022-05-16,600519,1797.0,1758.0,1797.0,1742.67,27765,4881208576.0,3.06,-1.14,-20.24,0.22,1758.0,1797.0,1742.67,711.87,144.48,219.3,20.3,30.81,16.87,17.47
4950,2022-05-17,600519,1769.88,1768.0,1775.0,1755.0,20145,3557048800.0,1.14,0.57,10.0,0.16,1768.0,1775.0,1755.0,704.17,144.48,209.48,20.52,29.75,18.05,17.06
4951,2022-05-18,600519,1773.66,1761.0,1773.92,1743.02,24850,4362487040.0,1.75,-0.4,-7.0,0.2,1761.0,1773.92,1743.02,660.57,144.48,163.28,21.87,24.72,15.92,17.56
4952,2022-05-19,600519,1745.0,1756.0,1757.0,1739.0,19776,3459059184.0,1.02,-0.28,-5.0,0.16,1756.0,1757.0,1739.0,633.59,144.48,165.3,22.8,26.09,15.13,17.39
4953,2022-05-20,600519,1759.99,1800.01,1801.15,1752.0,41950,7493460224.0,2.8,2.51,44.01,0.33,1800.01,1801.15,1752.0,605.22,127.61,165.3,21.08,27.31,13.29,15.84
4954,2022-05-23,600519,1800.0,1781.0,1803.89,1772.0,22157,3950856592.0,1.77,-1.06,-19.01,0.18,1781.0,1803.89,1772.0,578.61,95.35,165.3,16.48,28.57,15.24,15.4
4955,2022-05-24,600519,1786.0,1760.0,1787.0,1755.5,27342,4824599808.0,1.77,-1.18,-21.0,0.22,1760.0,1787.0,1755.5,572.09,91.35,181.8,15.97,31.78,17.34,17.1
4956,2022-05-25,600519,1765.27,1755.51,1772.0,1747.0,22389,3929477104.0,1.42,-0.26,-4.49,0.18,1755.51,1772.0,1747.0,555.47,70.35,190.3,12.66,34.26,21.94,20.0
4957,2022-05-26,600519,1761.0,1742.8,1761.0,1730.0,28053,4888109312.0,1.77,-0.72,-12.71,0.22,1742.8,1761.0,1730.0,530.47,70.35,159.32,13.26,30.03,27.38,21.65
4958,2022-05-27,600519,1759.99,1755.16,1780.0,1753.01,25120,4436904960.0,1.55,0.71,12.36,0.2,1755.16,1780.0,1753.01,512.67,89.35,116.32,17.43,22.69,28.45,21.79
4959,2022-05-30,600519,1766.0,1778.41,1790.55,1766.0,34466,6135631360.0,1.4,1.32,23.25,0.27,1778.41,1790.55,1766.0,468.11,99.9,83.33,21.34,17.8,27.81,20.55
4960,2022-05-31,600519,1774.77,1804.03,1814.9,1766.98,40751,7329201152.0,2.69,1.44,25.62,0.32,1804.03,1814.9,1766.98,479.55,120.73,83.33,25.18,17.38,26.39,20.82
4961,2022-06-01,600519,1802.0,1788.25,1814.78,1779.0,21760,3897858992.0,1.98,-0.87,-15.78,0.17,1788.25,1814.78,1779.0,487.33,120.73,81.33,24.77,16.69,24.12,20.73
4962,2022-06-02,600519,1787.97,1786.0,1795.8,1780.0,16915,3019718032.0,0.88,-0.13,-2.25,0.13,1786.0,1795.8,1780.0,467.86,100.79,81.33,21.54,17.38,18.23,20.09
4963,2022-06-06,600519,1790.0,1788.0,1795.0,1758.0,36741,6535329280.0,2.07,0.11,2.0,0.29,1788.0,1795.0,1758.0,450.53,100.79,80.0,22.37,17.76,13.69,20.54
4964,2022-06-07,600519,1784.14,1817.9,1825.0,1770.31,35049,6356030976.0,3.06,1.67,29.9,0.28,1817.9,1825.0,1770.31,485.22,130.79,80.0,26.95,16.49,15.53,21.99
4965,2022-06-08,600519,1825.0,1865.6,1882.0,1825.0,44354,8236953856.0,3.14,2.62,47.7,0.35,1865.6,1882.0,1825.0,518.42,187.79,68.02,36.22,13.12,21.82,24.82
4966,2022-06-09,600519,1872.0,1853.0,1888.35,1849.0,26329,4897066752.0,2.11,-0.68,-12.6,0.21,1853.0,1888.35,1849.0,535.77,194.14,64.0,36.24,11.95,27.17,26.78
4967,2022-06-10,600519,1845.01,1900.6,1907.0,1835.0,47345,8882462720.0,3.89,2.57,47.6,0.38,1900.6,1907.0,1835.0,558.62,168.64,64.0,30.19,11.46,31.42,27.77
4968,2022-06-13,600519,1890.0,1856.0,1892.0,1848.08,36755,6847248896.0,2.31,-2.35,-44.6,0.29,1856.0,1892.0,1848.08,579.25,165.9,64.0,28.64,11.05,37.02,27.63
4969,2022-06-14,600519,1834.0,1871.0,1875.42,1832.0,29416,5467949312.0,2.34,0.81,15.0,0.23,1871.0,1875.42,1832.0,591.17,165.9,63.58,28.06,10.75,42.54,28.12
4970,2022-06-15,600519,1870.0,1875.1,1905.0,1862.99,33664,6354868992.0,2.25,0.22,4.1,0.27,1875.1,1905.0,1862.99,608.18,195.48,55.08,32.14,9.06,47.86,31.69
4971,2022-06-16,600519,1894.59,1877.0,1907.63,1875.33,26887,5087605504.0,1.72,0.1,1.9,0.21,1877.0,1907.63,1875.33,609.71,198.11,38.08,32.49,6.25,51.35,36.59
4972,2022-06-17,600519,1878.09,1951.0,1952.0,1878.09,50542,9749530880.0,3.94,3.94,74.0,0.4,1951.0,1952.0,1878.09,647.51,223.48,38.08,34.51,5.88,54.76,40.96
4973,2022-06-20,600519,1950.0,1942.02,1970.0,1930.0,34975,6802792448.0,2.05,-0.46,-8.98,0.28,1942.02,1970.0,1930.0,652.12,230.93,38.08,35.41,5.84,59.21,45.31
4974,2022-06-21,600519,1949.0,1945.74,1966.99,1928.0,23717,4617805056.0,2.01,0.19,3.72,0.19,1945.74,1966.99,1928.0,643.19,206.58,40.08,32.12,6.23,63.08,50.05
4975,2022-06-22,600519,1955.0,1936.0,1958.0,1932.0,19647,3813775296.0,1.34,-0.5,-9.74,0.16,1936.0,1958.0,1932.0,633.41,206.58,40.08,32.61,6.33,66.89,54.72
4976,2022-06-23,600519,1942.7,1957.1,1965.04,1940.0,26844,5239860480.0,1.29,1.09,21.1,0.21,1957.1,1965.04,1940.0,646.65,213.62,40.08,33.03,6.2,68.96,58.41
4977,2022-06-24,600519,1970.0,2009.01,2020.0,1965.0,39635,7921199872.0,2.81,2.65,51.91,0.32,2009.01,2020.0,1965.0,672.55,268.58,18.08,39.93,2.69,72.23,61.79
4978,2022-06-27,600519,2019.94,2010.55,2049.94,2000.3,40115,8124449024.0,2.47,0.08,1.54,0.32,2010.55,2049.94,2000.3,667.5,268.52,18.08,40.23,2.71,74.98,64.87
4979,2022-06-28,600519,2019.74,2036.0,2041.0,2001.0,25246,5112298752.0,1.99,1.27,25.45,0.2,2036.0,2041.0,2001.0,643.4,211.52,18.08,32.88,2.81,77.07,68.14
4980,2022-06-29,600519,2028.0,2030.0,2042.0,2011.01,30360,6142508544.0,1.52,-0.29,-6.0,0.24,2030.0,2042.0,2011.01,635.04,206.17,18.08,32.47,2.85,79.8,71.44
4981,2022-06-30,600519,2000.0,2045.0,2077.0,1999.99,38982,7984019456.0,3.79,0.74,15.0,0.31,2045.0,2077.0,1999.99,640.05,222.52,18.08,34.77,2.82,82.71,74.8
4982,2022-07-01,600519,2055.0,2029.05,2067.77,2015.21,21596,4385555200.0,2.57,-0.78,-15.95,0.17,2029.05,2067.77,2015.21,640.09,222.52,18.08,34.76,2.82,85.47,77.21
4983,2022-07-04,600519,2020.01,2018.0,2024.29,2001.01,25076,5042804224.0,1.15,-0.54,-11.05,0.2,2018.0,2024.29,2001.01,624.71,222.52,16.2,35.62,2.59,85.31,78.77
4984,2022-07-05,600519,2025.28,2033.01,2054.45,2010.0,26329,5345189888.0,2.2,0.74,15.01,0.21,2033.01,2054.45,2010.0,627.15,223.1,16.2,35.57,2.58,85.16,80.07
4985,2022-07-06,600519,2032.0,2002.0,2039.0,1986.0,32752,6566374912.0,2.61,-1.53,-31.01,0.26,2002.0,2039.0,1986.0,647.62,220.47,40.2,34.04,6.21,82.64,79.86
4986,2022-07-07,600519,2005.0,1990.0,2009.35,1985.01,20932,4179088240.0,1.22,-0.6,-12.0,0.17,1990.0,2009.35,1985.01,596.96,176.1,41.19,29.5,6.9,79.01,79.41
4987,2022-07-08,600519,2005.0,1999.0,2014.89,1996.16,15644,3134903456.0,0.94,0.45,9.0,0.12,1999.0,2014.89,1996.16,581.85,163.64,41.19,28.12,7.08,74.81,78.76
4988,2022-07-11,600519,1990.2,1963.6,1994.77,1950.5,23949,4709248256.0,2.21,-1.77,-35.4,0.19,1963.6,1994.77,1950.5,591.36,163.64,84.85,27.67,14.35,65.94,75.7
4989,2022-07-12,600519,1965.0,1948.41,1972.8,1930.06,23447,4562731381.0,2.18,-0.77,-15.19,0.19,1948.41,1972.8,1930.06,608.1,163.64,105.29,26.91,17.31,55.15,70.23
4990,2022-07-13,600519,1945.0,1958.89,1972.0,1940.67,19854,3893406034.0,1.61,0.54,10.48,0.16,1958.89,1972.0,1940.67,610.39,156.6,105.29,25.66,17.25,44.0,64.58
4991,2022-07-14,600519,1960.0,1953.0,1976.8,1941.0,20527,4014985518.0,1.83,-0.3,-5.89,0.16,1953.0,1976.8,1941.0,583.29,106.44,105.29,18.25,18.05,32.57,57.61
4992,2022-07-15,600519,1945.11,1949.5,1999.68,1944.51,33416,6588730699.0,2.82,-0.18,-3.5,0.27,1949.5,1999.68,1944.51,588.82,99.38,105.29,16.88,17.88,22.7,50.86
4993,2022-07-18,600519,1952.36,1951.66,1959.0,1922.0,24221,4701936868.0,1.9,0.11,2.16,0.19,1951.66,1959.0,1922.0,585.82,99.38,127.8,16.96,21.82,14.82,44.82
4994,2022-07-19,600519,1945.0,1943.1,1951.65,1926.0,21956,4250852886.0,1.31,-0.44,-8.56,0.17,1943.1,1951.65,1926.0,580.49,98.38,127.8,16.95,22.02,11.71,38.82
4995,2022-07-20,600519,1958.75,1950.1,1970.0,1945.0,18705,3659970961.0,1.29,0.36,7.0,0.15,1950.1,1970.0,1945.0,530.38,81.73,127.8,15.41,24.1,11.75,33.45
4996,2022-07-21,600519,1943.1,1939.0,1955.9,1934.51,14061,2735503093.0,1.1,-0.57,-11.1,0.11,1939.0,1955.9,1934.51,499.21,81.73,138.29,16.37,27.7,12.77,28.39
4997,2022-07-22,600519,1949.22,1947.0,1962.0,1935.0,25114,4894378605.0,1.39,0.41,8.0,0.2,1947.0,1962.0,1935.0,498.17,87.83,124.09,17.63,24.91,15.53,24.05
4998,2022-07-25,600519,1949.51,1944.65,1952.3,1931.0,16912,3285451347.0,1.09,-0.12,-2.35,0.13,1944.65,1952.3,1931.0,475.02,57.67,128.09,12.14,26.97,21.37,22.04
4999,2022-07-26,600519,1952.99,1950.21,1964.97,1947.02,20685,4041100077.0,0.92,0.29,5.56,0.16,1950.21,1964.97,1947.02,442.34,70.34,104.09,15.9,23.53,22.51,18.67
5000,2022-07-27,600519,1942.0,1919.6,1948.0,1917.0,21490,4149807166.0,1.59,-1.57,-30.61,0.17,1919.6,1948.0,1917.0,451.21,70.34,133.12,15.59,29.5,25.49,18.6
5001,2022-07-28,600519,1921.1,1898.0,1938.0,1892.66,34870,6669448409.0,2.36,-1.13,-21.6,0.28,1898.0,1938.0,1892.66,471.66,64.8,157.46,13.74,33.38,28.77,20.26
5002,2022-07-29,600519,1895.1,1898.44,1918.99,1878.1,37032,7028415881.0,2.15,0.02,0.44,0.29,1898.44,1918.99,1878.1,464.05,64.8,126.36,13.96,27.23,29.85,21.31
5003,2022-08-01,600519,1890.01,1890.3,1908.0,1881.18,21037,3988198590.0,1.41,-0.43,-8.14,0.17,1890.3,1908.0,1881.18,448.13,64.8,105.92,14.46,23.64,31.02,23.28
5004,2022-08-02,600519,1880.0,1879.98,1887.98,1858.01,28221,5284516568.0,1.59,-0.55,-10.32,0.22,1879.98,1887.98,1858.01,449.09,64.8,129.09,14.43,28.74,30.22,25.8
5005,2022-08-03,600519,1889.99,1885.0,1904.0,1877.0,24598,4642442196.0,1.44,0.27,5.02,0.2,1885.0,1904.0,1877.0,440.29,76.02,129.09,17.27,29.32,31.31,26.91
5006,2022-08-04,600519,1890.0,1916.01,1923.1,1880.13,30357,5797110733.0,2.28,1.65,31.01,0.24,1916.01,1923.1,1880.13,428.09,72.24,129.09,16.87,30.15,30.87,28.18
5007,2022-08-05,600519,1927.8,1923.96,1935.0,1904.9,20086,3857406327.0,1.57,0.41,7.95,0.16,1923.96,1935.0,1904.9,421.19,84.14,106.58,19.98,25.3,25.89,27.33
5008,2022-08-08,600519,1915.15,1911.53,1932.88,1907.51,16799,3220702892.0,1.32,-0.65,-12.43,0.13,1911.53,1932.88,1907.51,420.9,84.14,106.58,19.99,25.32,22.48,26.17
5009,2022-08-09,600519,1911.53,1910.0,1918.99,1905.0,13875,2651800008.0,0.73,-0.08,-1.53,0.11,1910.0,1918.99,1905.0,407.99,65.79,109.09,16.13,26.74,22.59,26.8
5010,2022-08-10,600519,1909.98,1876.0,1918.0,1864.58,27927,5259452686.0,2.8,-1.78,-34.0,0.22,1876.0,1918.0,1864.58,440.02,65.79,139.02,14.95,31.59,23.03,26.63
5011,2022-08-11,600519,1886.0,1906.9,1907.0,1878.01,26061,4940834195.0,1.55,1.65,30.9,0.21,1906.9,1907.0,1878.01,444.02,59.69,139.02,13.44,31.31,25.37,28.34
5012,2022-08-12,600519,1906.9,1928.0,1930.0,1900.0,20260,3882570566.0,1.57,1.11,21.1,0.16,1928.0,1930.0,1900.0,452.72,82.69,135.02,18.27,29.82,24.67,27.77
5013,2022-08-15,600519,1920.46,1919.89,1939.5,1915.55,19323,3717178491.0,1.24,-0.42,-8.11,0.15,1919.89,1939.5,1915.55,456.35,79.52,135.02,17.43,29.59,27.02,26.45
5014,2022-08-16,600519,1923.94,1917.84,1933.79,1916.0,14836,2854189586.0,0.93,-0.11,-2.05,0.12,1917.84,1933.79,1916.0,440.93,79.52,105.0,18.03,23.81,27.36,24.92
5015,2022-08-17,600519,1930.0,1918.0,1930.0,1895.0,18361,3508295541.0,1.82,0.01,0.16,0.15,1918.0,1930.0,1895.0,430.59,79.52,101.66,18.47,23.61,25.27,23.93
5016,2022-08-18,600519,1908.0,1895.5,1913.08,1881.07,23168,4384060205.0,1.67,-1.17,-22.5,0.18,1895.5,1913.08,1881.07,426.63,79.52,101.03,18.64,23.68,21.3,22.16
5017,2022-08-19,600519,1898.0,1895.01,1908.35,1888.0,13544,2572000762.0,1.07,-0.03,-0.49,0.11,1895.01,1908.35,1888.0,420.16,79.52,101.03,18.93,24.05,16.63,21.0
5018,2022-08-22,600519,1885.01,1893.98,1907.0,1881.38,15427,2925285473.0,1.35,-0.05,-1.03,0.12,1893.98,1907.0,1881.38,413.49,79.52,84.48,19.23,20.43,13.12,18.9
5019,2022-08-23,600519,1898.6,1870.01,1898.6,1867.0,23756,4452538978.0,1.67,-1.27,-23.97,0.19,1870.01,1898.6,1867.0,418.09,63.5,98.86,15.19,23.65,12.44,19.73
5020,2022-08-24,600519,1869.99,1854.2,1875.23,1851.0,18728,3486382969.0,1.3,-0.85,-15.81,0.15,1854.2,1875.23,1851.0,399.35,44.4,114.86,11.12,28.76,17.52,22.44
5021,2022-08-25,600519,1859.0,1885.0,1888.0,1854.2,21925,4107597895.0,1.82,1.66,30.8,0.17,1885.0,1888.0,1854.2,403.05,45.27,114.86,11.23,28.5,22.72,24.0
5022,2022-08-26,600519,1900.0,1898.0,1912.0,1886.0,23142,4397161135.0,1.38,0.69,13.0,0.18,1898.0,1912.0,1886.0,404.68,69.27,114.86,17.12,28.38,24.86,23.08
5023,2022-08-29,600519,1883.0,1878.82,1899.97,1874.0,13570,2555981192.0,1.37,-1.01,-19.18,0.11,1878.82,1899.97,1874.0,416.66,69.27,124.35,16.63,29.84,27.62,22.12
5024,2022-08-30,600519,1882.35,1870.0,1885.0,1854.2,18235,3400091358.0,1.64,-0.47,-8.82,0.15,1870.0,1885.0,1854.2,394.04,69.27,103.73,17.58,26.32,30.43,21.78
5025,2022-08-31,600519,1860.1,1924.0,1925.56,1860.01,44692,8518225337.0,3.51,2.89,54.0,0.36,1924.0,1925.56,1860.01,428.59,109.83,103.73,25.63,24.2,27.28,19.86
5026,2022-09-01,600519,1912.15,1880.89,1916.0,1880.89,26845,5088658955.0,1.82,-2.24,-43.11,0.21,1880.89,1916.0,1880.89,441.7,86.83,103.73,19.66,23.48,21.38,19.45
5027,2022-09-02,600519,1889.94,1875.0,1892.96,1866.17,19391,3635162804.0,1.42,-0.31,-5.89,0.15,1875.0,1892.96,1866.17,444.54,77.33,118.45,17.4,26.65,17.64,20.18
5028,2022-09-05,600519,1862.64,1835.0,1869.0,1820.0,36822,6764549173.0,2.61,-2.13,-40.0,0.29,1835.0,1869.0,1820.0,481.75,77.33,164.62,16.05,34.17,19.53,22.2
5029,2022-09-06,600519,1835.36,1845.0,1848.2,1825.0,20830,3832086313.0,1.26,0.54,10.0,0.17,1845.0,1848.2,1825.0,469.95,77.33,143.62,16.45,30.56,19.79,23.7
5030,2022-09-07,600519,1835.03,1818.01,1837.66,1811.01,28306,5151537330.0,1.44,-1.46,-26.99,0.23,1818.01,1837.66,1811.01,467.01,77.33,143.68,16.56,30.77,21.47,25.95
5031,2022-09-08,600519,1820.0,1815.0,1832.0,1815.0,16591,3026766448.0,0.94,-0.17,-3.01,0.13,1815.0,1832.0,1815.0,463.66,77.33,143.68,16.68,30.99,26.0,26.64
5032,2022-09-09,600519,1825.0,1844.79,1852.0,1816.0,27090,4991679523.0,1.98,1.64,29.79,0.22,1844.79,1852.0,1816.0,475.04,97.33,137.06,20.49,28.85,27.35,24.37
5033,2022-09-13,600519,1880.0,1879.0,1888.38,1858.23,28693,5387987148.0,1.63,1.85,34.21,0.23,1879.0,1888.38,1858.23,487.03,133.71,122.68,27.45,25.19,24.56,21.1
5034,2022-09-14,600519,1864.01,1869.0,1880.0,1863.0,16042,3002693247.0,0.9,-0.53,-10.0,0.13,1869.0,1880.0,1863.0,479.8,133.71,106.68,27.87,22.23,20.42,19.98
5035,2022-09-15,600519,1870.0,1880.0,1893.12,1869.96,20810,3917954256.0,1.24,0.59,11.0,0.17,1880.0,1893.12,1869.96,470.12,134.06,106.68,28.52,22.69,17.32,18.55
5036,2022-09-16,600519,1871.8,1859.0,1885.6,1855.11,24121,4501527357.0,1.62,-1.12,-21.0,0.19,1859.0,1885.6,1855.11,473.61,110.06,121.53,23.24,25.66,13.14,17.31
5037,2022-09-19,600519,1855.0,1871.64,1888.59,1852.88,18584,3479680771.0,1.92,0.68,12.64,0.15,1871.64,1888.59,1852.88,483.35,113.05,109.53,23.39,22.66,8.4,17.2
5038,2022-09-20,600519,1869.98,1878.0,1884.6,1858.55,14116,2645281859.0,1.39,0.34,6.36,0.11,1878.0,1884.6,1858.55,478.6,113.05,89.73,23.62,18.75,7.49,17.42
5039,2022-09-21,600519,1876.67,1848.0,1883.0,1848.0,20995,3904096421.0,1.86,-1.6,-30.0,0.17,1848.0,1883.0,1848.0,448.05,72.49,100.28,16.18,22.38,9.46,17.01
5040,2022-09-22,600519,1840.0,1820.81,1841.02,1816.85,22704,4147900996.0,1.31,-1.47,-27.19,0.18,1820.81,1841.02,1816.85,436.09,72.49,131.43,16.62,30.14,12.4,16.41
5041,2022-09-23,600519,1820.81,1834.43,1855.0,1820.81,28288,5191904760.0,1.88,0.75,13.62,0.23,1834.43,1855.0,1820.81,443.49,86.47,116.71,19.5,26.32,12.98,15.15
5042,2022-09-26,600519,1820.0,1863.0,1888.0,1819.98,35135,6566771227.0,3.71,1.56,28.57,0.28,1863.0,1888.0,1819.98,456.51,119.47,70.54,26.17,15.45,16.45,14.8
5043,2022-09-27,600519,1868.86,1888.0,1897.0,1851.11,28820,5422668135.0,2.46,1.34,25.0,0.23,1888.0,1897.0,1851.11,479.2,128.47,70.54,26.81,14.72,21.04,14.72
5044,2022-09-28,600519,1880.5,1883.0,1899.4,1874.01,21446,4042506330.0,1.34,-0.26,-5.0,0.17,1883.0,1899.4,1874.01,470.6,130.87,56.55,27.81,12.02,25.73,16.61
5045,2022-09-29,600519,1897.98,1880.35,1902.18,1871.13,21590,4075515187.0,1.65,-0.14,-2.65,0.17,1880.35,1902.18,1871.13,484.65,130.87,59.43,27.0,12.26,29.31,19.38
5046,2022-09-30,600519,1898.62,1872.5,1901.99,1866.0,21289,4000917951.0,1.91,-0.42,-7.85,0.17,1872.5,1901.99,1866.0,483.64,110.87,64.56,22.92,13.35,28.89,20.64
5047,2022-10-10,600519,1890.0,1786.0,1891.0,1780.2,48584,8865386496.0,5.92,-4.62,-86.5,0.39,1786.0,1891.0,1780.2,550.85,74.49,150.36,13.52,27.3,32.03,22.51
5048,2022-10-11,600519,1789.0,1779.99,1806.0,1760.0,32047,5712249507.0,2.58,-0.34,-6.01,0.26,1779.99,1806.0,1760.0,579.85,74.49,170.56,12.85,29.41,34.27,25.36
5049,2022-10-12,600519,1773.66,1760.0,1779.0,1708.0,48195,8372252823.0,3.99,-1.12,-19.99,0.38,1760.0,1779.0,1708.0,627.72,61.37,222.56,9.78,35.46,38.89,29.96
5050,2022-10-13,600519,1720.46,1699.99,1735.0,1697.0,63969,10919727537.0,2.16,-3.41,-60.01,0.51,1699.99,1735.0,1697.0,660.23,61.37,218.71,9.3,33.13,41.64,33.68
5051,2022-10-14,600519,1710.0,1737.61,1755.0,1701.94,46520,8045032623.0,3.12,2.21,37.62,0.37,1737.61,1755.0,1701.94,679.53,78.38,218.71,11.53,32.19,43.25,36.28
5052,2022-10-17,600519,1726.0,1718.5,1727.99,1697.8,33550,5740146639.0,1.74,-1.1,-19.11,0.27,1718.5,1727.99,1697.8,693.29,78.38,222.85,11.31,32.14,46.85,37.87
5053,2022-10-18,600519,1725.0,1705.83,1730.0,1701.0,28083,4800689502.0,1.69,-0.74,-12.67,0.22,1705.83,1730.0,1701.0,687.29,80.39,212.3,11.7,30.89,48.74,40.38
5054,2022-10-19,600519,1701.98,1648.0,1701.98,1648.0,60121,9997656284.0,3.16,-3.39,-57.83,0.48,1648.0,1701.98,1648.0,713.97,80.39,234.15,11.26,32.8,50.35,42.31
5055,2022-10-20,600519,1621.0,1643.5,1668.43,1611.0,42778,7020555512.0,3.48,-0.27,-4.5,0.34,1643.5,1668.43,1611.0,737.21,66.41,271.15,9.01,36.78,51.0,44.94
5056,2022-10-21,600519,1640.0,1624.0,1647.8,1610.0,38907,6317945876.0,2.3,-1.19,-19.5,0.31,1624.0,1647.8,1610.0,706.99,33.41,272.15,4.73,38.49,54.66,48.15
5057,2022-10-24,600519,1570.0,1501.28,1589.0,1488.01,132098,20217576174.0,6.22,-7.56,-122.72,1.05,1501.28,1589.0,1488.01,797.09,24.41,394.14,3.06,49.45,61.51,52.38
5058,2022-10-25,600519,1479.42,1479.75,1515.0,1472.0,81362,12136909034.0,2.86,-1.43,-21.53,0.65,1479.75,1515.0,1472.0,814.7,22.01,410.15,2.7,50.34,68.48,57.66
5059,2022-10-26,600519,1488.8,1464.08,1514.99,1460.0,81781,12120993864.0,3.72,-1.06,-15.67,0.65,1464.08,1514.99,1460.0,838.64,22.01,419.27,2.62,49.99,75.97,62.35
5060,2022-10-27,600519,1480.0,1401.0,1487.98,1383.85,107106,15258551283.0,7.11,-4.31,-63.08,0.85,1401.0,1487.98,1383.85,906.78,22.01,490.29,2.43,54.07,83.06,66.71
5061,2022-10-28,600519,1390.77,1360.0,1406.0,1358.71,93143,12823821843.0,3.38,-2.93,-41.0,0.74,1360.0,1406.0,1358.71,843.27,22.01,429.63,2.61,50.95,87.99,69.5
5062,2022-10-31,600519,1350.0,1350.0,1382.01,1333.0,71847,9758303071.0,3.6,-0.74,-10.0,0.57,1350.0,1382.01,1333.0,846.28,22.01,435.14,2.6,51.42,90.03,72.34
5063,2022-11-01,600519,1359.0,1462.01,1469.4,1359.0,118766,16859775304.0,8.18,8.3,112.01,0.95,1462.01,1469.4,1359.0,893.69,109.4,383.14,12.24,42.87,84.57,73.04
5064,2022-11-02,600519,1460.0,1471.96,1506.0,1436.0,79777,11717204099.0,4.79,0.68,9.95,0.64,1471.96,1506.0,1436.0,900.69,146.0,372.14,16.21,41.32,76.88,72.68
5065,2022-11-03,600519,1443.57,1439.5,1462.5,1428.1,45160,6509550787.0,2.34,-2.21,-32.46,0.36,1439.5,1462.5,1428.1,889.54,126.0,380.04,14.16,42.72,70.24,73.11
5066,2022-11-04,600519,1437.96,1516.57,1527.77,1437.96,80008,11996968945.0,6.24,5.35,77.07,0.64,1516.57,1527.77,1437.96,939.54,191.27,375.9,20.36,40.01,60.43,71.75
5067,2022-11-07,600519,1494.05,1507.11,1518.48,1486.59,42698,6414049133.0,2.1,-0.62,-9.46,0.34,1507.11,1518.48,1486.59,942.43,189.26,375.9,20.08,39.89,50.9,69.44
5068,2022-11-08,600519,1508.0,1484.88,1517.99,1468.96,39325,5842320995.0,3.25,-1.48,-22.23,0.31,1484.88,1517.99,1468.96,933.63,189.26,340.53,20.27,36.47,40.59,65.31
5069,2022-11-09,600519,1483.95,1459.9,1488.88,1450.0,36090,5276777530.0,2.62,-1.68,-24.98,0.29,1459.9,1488.88,1450.0,915.08,189.26,322.49,20.68,35.24,35.67,60.12
5070,2022-11-10,600519,1444.0,1475.0,1485.0,1435.15,37720,5518325849.0,3.41,1.03,15.1,0.3,1475.0,1485.0,1435.15,927.13,189.26,336.34,20.41,36.28,33.06,54.97
5071,2022-11-11,600519,1528.0,1528.15,1544.45,1494.98,73947,11252112275.0,3.35,3.6,53.15,0.59,1528.15,1544.45,1494.98,860.59,248.71,214.35,28.9,24.91,25.93,48.09
5072,2022-11-14,600519,1543.5,1533.0,1563.53,1528.0,57370,8858049581.0,2.33,0.32,4.85,0.46,1533.0,1563.53,1528.0,853.12,267.79,198.34,31.39,23.25,22.99,41.71
5073,2022-11-15,600519,1532.0,1588.0,1598.97,1521.0,56318,8858377894.0,5.09,3.59,55.0,0.45,1588.0,1598.97,1521.0,876.1,303.23,186.34,34.61,21.27,21.46,36.18
5074,2022-11-16,600519,1581.0,1585.25,1598.0,1568.0,26848,4250886805.0,1.89,-0.17,-2.75,0.21,1585.25,1598.0,1568.0,801.97,303.23,110.19,37.81,13.74,24.48,32.54
5075,2022-11-17,600519,1590.5,1567.0,1596.3,1552.88,30580,4793001162.0,2.74,-1.15,-18.25,0.24,1567.0,1596.3,1552.88,798.1,303.23,100.17,37.99,12.55,28.53,32.1
5076,2022-11-18,600519,1576.0,1567.13,1584.0,1556.0,23609,3703793426.0,1.79,0.01,0.13,0.19,1567.13,1584.0,1556.0,777.09,303.23,74.46,39.02,9.58,33.97,33.51
5077,2022-11-21,600519,1541.35,1519.98,1541.35,1498.53,39096,5917086070.0,2.73,-3.01,-47.15,0.31,1519.98,1541.35,1498.53,726.29,215.84,131.93,29.72,18.16,36.75,31.34
5078,2022-11-22,600519,1517.44,1539.95,1559.74,1516.11,29901,4582790131.0,2.87,1.31,19.97,0.24,1539.95,1559.74,1516.11,699.92,197.63,131.93,28.24,18.85,37.59,30.29
5079,2022-11-23,600519,1528.0,1549.0,1557.0,1521.04,22177,3428793052.0,2.34,0.59,9.05,0.18,1549.0,1557.0,1521.04,692.02,197.63,124.03,28.56,17.92,37.42,29.44
5080,2022-11-24,600519,1559.0,1519.99,1568.88,1513.98,27687,4241974248.0,3.54,-1.87,-29.01,0.22,1519.99,1568.88,1513.98,657.11,144.24,124.03,21.95,18.88,30.9,27.69
5081,2022-11-25,600519,1520.51,1522.01,1532.0,1510.0,18621,2833988373.0,1.45,0.13,2.02,0.15,1522.01,1532.0,1510.0,647.22,144.24,128.01,22.29,19.78,23.5,26.02
5082,2022-11-28,600519,1484.78,1509.88,1515.0,1451.0,47723,7040991068.0,4.2,-0.8,-12.13,0.38,1509.88,1515.0,1451.0,669.2,144.24,169.38,21.55,25.31,14.74,24.35
5083,2022-11-29,600519,1569.56,1599.0,1600.0,1551.0,73420,11587859176.0,3.25,5.9,89.12,0.58,1599.0,1600.0,1551.0,720.44,229.24,150.42,31.82,20.88,14.18,25.47
5084,2022-11-30,600519,1587.12,1599.0,1604.0,1585.0,31497,5019450678.0,1.19,0.0,0.0,0.25,1599.0,1604.0,1585.0,689.59,233.24,135.57,33.82,19.66,15.27,26.43
5085,2022-12-01,600519,1660.0,1630.8,1680.0,1630.79,51358,8480772923.0,3.08,1.99,31.8,0.41,1630.8,1680.0,1630.79,701.14,249.79,135.57,35.63,19.34,16.4,26.91
5086,2022-12-02,600519,1635.0,1633.88,1652.99,1621.2,23884,3910860618.0,1.95,0.19,3.08,0.19,1633.88,1652.99,1621.2,697.4,230.71,145.16,33.08,20.81,18.94,24.92
5087,2022-12-05,600519,1668.0,1664.9,1679.0,1649.0,36127,6018521304.0,1.84,1.9,31.02,0.29,1664.9,1679.0,1649.0,664.55,221.28,145.16,33.3,21.84,21.41,22.45
5088,2022-12-06,600519,1655.0,1688.0,1726.9,1652.0,44147,7477917194.0,4.5,1.39,23.1,0.35,1688.0,1726.9,1652.0,709.45,269.18,145.16,37.94,20.46,25.06,19.9
5089,2022-12-07,600519,1677.81,1684.0,1720.0,1670.03,35526,6012253045.0,2.96,-0.24,-4.0,0.28,1684.0,1720.0,1670.03,716.0,269.18,130.04,37.59,18.16,27.41,20.79
5090,2022-12-08,600519,1682.0,1687.02,1695.0,1665.0,19730,3323420877.0,1.78,0.18,3.02,0.16,1687.02,1695.0,1665.0,718.0,269.18,135.07,37.49,18.81,28.52,21.9
5091,2022-12-09,600519,1692.0,1730.0,1730.0,1682.0,39215,6716944493.0,2.85,2.55,42.98,0.31,1730.0,1730.0,1682.0,697.4,304.18,77.6,43.62,11.13,33.47,24.94
5092,2022-12-12,600519,1715.86,1739.02,1766.0,1715.0,34755,6063957619.0,2.95,0.52,9.02,0.28,1739.02,1766.0,1715.0,704.77,321.79,77.6,45.66,11.01,39.87,29.4
5093,2022-12-13,600519,1737.0,1750.0,1760.69,1730.0,21385,3735089152.0,1.76,0.63,10.98,0.17,1750.0,1760.69,1730.0,699.5,321.79,77.6,46.0,11.09,46.6,34.0
5094,2022-12-14,600519,1743.0,1770.87,1780.8,1743.0,29098,5141262368.0,2.16,1.19,20.87,0.23,1770.87,1780.8,1743.0,682.4,330.02,77.6,48.36,11.37,51.93,38.49
5095,2022-12-15,600519,1805.0,1786.99,1816.0,1780.0,30634,5497063390.0,2.03,0.91,16.12,0.24,1786.99,1816.0,1780.0,705.53,365.22,73.62,51.77,10.43,57.2,42.3
5096,2022-12-16,600519,1773.25,1786.87,1791.0,1743.0,33303,5901587128.0,2.69,-0.01,-0.12,0.27,1786.87,1791.0,1743.0,682.52,365.22,51.62,53.51,7.56,64.21,46.36
5097,2022-12-19,600519,1798.8,1773.0,1798.8,1760.17,24987,4447236356.0,2.16,-0.78,-13.87,0.2,1773.0,1798.8,1760.17,631.03,288.02,51.62,45.64,8.18,65.92,49.69
5098,2022-12-20,600519,1765.33,1715.0,1765.33,1682.45,46198,7944120661.0,4.67,-3.27,-58.0,0.37,1715.0,1765.33,1682.45,702.58,284.02,129.34,40.43,18.41,61.96,50.92
5099,2022-12-21,600519,1724.0,1739.0,1739.0,1717.65,22816,3948926227.0,1.24,1.4,24.0,0.18,1739.0,1739.0,1717.65,645.58,208.02,129.34,32.22,20.03,55.66,51.13
5100,2022-12-22,600519,1756.7,1768.0,1783.0,1745.0,23175,4093861570.0,2.19,1.67,29.0,0.18,1768.0,1783.0,1745.0,657.79,252.02,119.75,38.31,18.2,51.27,51.6
5101,2022-12-23,600519,1752.4,1771.0,1782.0,1745.0,17319,3063608409.0,2.09,0.17,3.0,0.14,1771.0,1782.0,1745.0,649.67,226.01,119.75,34.79,18.43,45.31,51.26
5102,2022-12-26,600519,1771.0,1742.06,1771.0,1735.02,21384,3749121030.0,2.03,-1.63,-28.94,0.17,1742.06,1771.0,1735.02,610.75,178.11,129.73,29.16,21.24,35.4,49.8
5103,2022-12-27,600519,1738.0,1733.0,1747.15,1725.5,17905,3109270166.0,1.24,-0.52,-9.06,0.14,1733.0,1747.15,1725.5,582.43,178.11,139.25,30.58,23.91,25.84,45.88
5104,2022-12-28,600519,1745.88,1733.0,1747.0,1708.01,21438,3699948995.0,2.25,0.0,0.0,0.17,1733.0,1747.0,1708.01,591.42,178.11,151.71,30.12,25.65,20.93,41.45
5105,2022-12-29,600519,1717.0,1719.0,1726.99,1701.05,22418,3844499655.0,1.5,-0.81,-14.0,0.18,1719.0,1726.99,1701.05,575.37,143.11,158.67,24.87,27.58,17.91,36.78
5106,2022-12-30,600519,1736.0,1727.0,1752.99,1727.0,25333,4409544297.0,1.51,0.47,8.0,0.2,1727.0,1752.99,1727.0,558.36,133.11,158.67,23.84,28.42,13.44,32.35
5107,2023-01-03,600519,1731.2,1730.01,1738.43,1706.01,26034,4487760231.0,1.88,0.17,3.01,0.21,1730.01,1738.43,1706.01,560.09,133.11,179.66,23.77,32.08,10.79,28.05
5108,2023-01-04,600519,1730.0,1725.01,1738.7,1716.0,20416,3523582306.0,1.31,-0.29,-5.0,0.16,1725.01,1738.7,1716.0,544.99,113.27,179.66,20.78,32.97,11.95,23.67
5109,2023-01-05,600519,1737.0,1801.0,1801.0,1733.0,47943,8541587089.0,3.94,4.41,75.99,0.38,1801.0,1801.0,1733.0,575.85,140.37,179.66,24.38,31.2,11.96,18.9
5110,2023-01-06,600519,1806.12,1803.77,1811.9,1787.0,24904,4480838898.0,1.38,0.15,2.77,0.2,1803.77,1811.9,1787.0,552.75,151.27,142.66,27.37,25.81,11.11,16.02
5111,2023-01-09,600519,1835.0,1841.2,1849.98,1807.82,30977,5684181147.0,2.34,2.08,37.43,0.25,1841.2,1849.98,1807.82,560.33,181.55,142.66,32.4,25.46,12.25,15.08
5112,2023-01-10,600519,1839.06,1854.45,1864.5,1830.5,22732,4204783734.0,1.85,0.72,13.25,0.18,1854.45,1864.5,1830.5,503.78,196.07,64.94,38.92,12.89,19.16,16.3
5113,2023-01-11,600519,1856.0,1844.95,1860.0,1836.84,22720,4201487773.0,1.25,-0.51,-9.5,0.18,1844.95,1860.0,1836.84,502.94,196.07,64.94,38.98,12.91,25.06,17.93
5114,2023-01-12,600519,1848.0,1834.0,1856.0,1833.0,17193,3162637136.0,1.25,-0.59,-10.95,0.14,1834.0,1856.0,1833.0,481.94,152.07,68.78,31.55,14.27,27.57,19.76
5115,2023-01-13,600519,1844.18,1887.0,1888.0,1840.0,31940,5969876222.0,2.62,2.89,53.0,0.25,1887.0,1888.0,1840.0,498.94,184.07,68.78,36.89,13.79,33.12,22.54
5116,2023-01-16,600519,1886.0,1912.9,1935.0,1881.0,36848,7059982640.0,2.86,1.37,25.9,0.29,1912.9,1935.0,1881.0,516.96,231.07,58.8,44.7,11.37,42.54,26.82
5117,2023-01-17,600519,1913.16,1908.0,1923.0,1895.0,21299,4068321409.0,1.46,-0.26,-4.9,0.17,1908.0,1923.0,1895.0,523.31,231.07,49.28,44.16,9.42,51.34,31.8
5118,2023-01-18,600519,1914.0,1893.0,1925.3,1890.0,21063,4008665438.0,1.85,-0.79,-15.0,0.17,1893.0,1925.3,1890.0,519.62,231.07,36.79,44.47,7.08,55.06,37.11
5119,2023-01-19,600519,1892.5,1880.21,1892.52,1866.0,23439,4401994437.0,1.4,-0.68,-12.79,0.19,1880.21,1892.52,1866.0,514.67,231.07,53.83,44.9,10.46,57.05,41.06
5120,2023-01-20,600519,1889.19,1860.01,1898.25,1858.0,25609,4807356071.0,2.14,-1.07,-20.2,0.2,1860.01,1898.25,1858.0,520.93,205.07,61.83,39.37,11.87,59.71,43.64
5121,2023-01-30,600519,1909.0,1888.0,1909.0,1880.0,35923,6799756571.0,1.56,1.5,27.99,0.29,1888.0,1909.0,1880.0,537.5,215.82,40.84,40.15,7.6,63.48,48.3
5122,2023-01-31,600519,1896.5,1845.76,1899.95,1833.07,32991,6128311548.0,3.54,-2.24,-42.24,0.26,1845.76,1899.95,1833.07,581.68,215.55,87.77,37.06,15.09,60.59,51.56
5123,2023-02-01,600519,1854.98,1844.97,1859.0,1811.4,33974,6244678925.0,2.58,-0.04,-0.79,0.27,1844.97,1859.0,1811.4,553.29,153.25,109.44,27.7,19.78,52.57,51.95
5124,2023-02-02,600519,1848.38,1836.11,1859.0,1826.0,29759,5465509510.0,1.79,-0.48,-8.86,0.24,1836.11,1859.0,1826.0,561.39,142.35,109.44,25.36,19.49,42.66,48.86
5125,2023-02-03,600519,1820.0,1818.0,1826.0,1795.68,34945,6324635031.0,1.65,-0.99,-18.11,0.28,1818.0,1826.0,1795.68,555.61,104.27,139.76,18.77,25.15,34.71,45.88
5126,2023-02-06,600519,1780.0,1795.0,1795.0,1760.0,42661,7595739044.0,1.93,-1.27,-23.0,0.34,1795.0,1795.0,1760.0,579.61,89.75,175.44,15.48,30.27,31.15,45.43
5127,2023-02-07,600519,1808.08,1797.0,1808.8,1787.73,24322,4373671735.0,1.17,0.11,2.0,0.19,1797.0,1808.8,1787.73,577.52,103.55,175.44,17.93,30.38,24.08,43.78
5128,2023-02-08,600519,1800.01,1784.0,1805.97,1775.0,16676,2980574806.0,1.72,-0.72,-13.0,0.13,1784.0,1805.97,1775.0,585.49,103.55,184.33,17.69,31.48,21.74,41.17
5129,2023-02-09,600519,1778.0,1818.0,1829.75,1775.01,29754,5401399088.0,3.07,1.91,34.0,0.24,1818.0,1829.75,1775.01,586.23,95.33,184.33,16.26,31.44,24.26,38.41
5130,2023-02-10,600519,1810.1,1810.0,1818.49,1801.05,17985,3253859317.0,0.96,-0.44,-8.0,0.14,1810.0,1818.49,1801.05,549.67,48.33,184.33,8.79,33.53,31.83,37.24
5131,2023-02-13,600519,1810.0,1856.35,1874.5,1810.0,38147,7058382498.0,3.56,2.56,46.35,0.3,1856.35,1874.5,1810.0,586.17,104.34,184.33,17.8,31.45,34.02,34.37
5132,2023-02-14,600519,1856.46,1843.79,1857.4,1835.0,19566,3601769574.0,1.21,-0.68,-12.56,0.16,1843.79,1857.4,1835.0,573.27,104.34,179.33,18.2,31.28,33.04,32.1
5133,2023-02-15,600519,1843.78,1841.0,1855.3,1835.81,18177,3351422211.0,1.06,-0.15,-2.79,0.14,1841.0,1855.3,1835.81,565.76,104.34,155.33,18.44,27.46,32.02,28.05
5134,2023-02-16,600519,1841.34,1861.82,1887.0,1828.0,33246,6196915130.0,3.2,1.13,20.82,0.26,1861.82,1887.0,1828.0,584.51,136.04,147.33,23.27,25.21,28.01,24.87
5135,2023-02-17,600519,1850.16,1820.78,1873.0,1820.05,26443,4880328952.0,2.84,-2.2,-41.04,0.21,1820.78,1873.0,1820.05,588.47,125.29,155.28,21.29,26.39,24.48,24.37
5136,2023-02-20,600519,1821.0,1875.0,1878.8,1817.2,29669,5488800056.0,3.38,2.98,54.22,0.24,1875.0,1878.8,1817.2,583.19,131.09,108.35,22.48,18.58,16.33,24.08
5137,2023-02-21,600519,1874.0,1867.0,1874.0,1851.0,18751,3491633510.0,1.23,-0.43,-8.0,0.15,1867.0,1874.0,1851.0,559.59,131.09,86.68,23.43,15.49,15.11,24.56
5138,2023-02-22,600519,1855.01,1836.0,1863.9,1831.8,21869,4031016045.0,1.72,-1.66,-31.0,0.17,1836.0,1863.9,1831.8,561.79,131.09,105.88,23.33,18.85,12.47,22.76
5139,2023-02-23,600519,1840.0,1818.0,1848.8,1805.25,21881,3983991208.0,2.37,-0.98,-18.0,0.17,1818.0,1848.8,1805.25,564.91,131.09,102.11,23.21,18.08,11.27,21.65
5140,2023-02-24,600519,1810.11,1788.0,1810.19,1782.18,24635,4415621498.0,1.54,-1.65,-30.0,0.2,1788.0,1810.19,1782.18,542.73,131.09,89.5,24.15,16.49,13.75,20.88
5141,2023-02-27,600519,1778.5,1810.41,1815.0,1775.02,22065,3978128676.0,2.24,1.25,22.41,0.18,1810.41,1815.0,1775.02,561.64,117.29,96.66,20.88,17.21,13.58,19.03
5142,2023-02-28,600519,1819.0,1813.74,1822.01,1783.3,23952,4314877096.0,2.14,0.18,3.33,0.19,1813.74,1822.01,1783.3,569.38,124.3,83.93,21.83,14.74,15.22,15.77
5143,2023-03-01,600519,1813.0,1838.53,1848.0,1803.23,24458,4475592195.0,2.47,1.37,24.79,0.19,1838.53,1848.0,1803.23,559.41,126.51,83.93,22.61,15.0,15.2,15.15
5144,2023-03-02,600519,1829.0,1828.0,1838.99,1821.1,13144,2405292304.0,0.97,-0.57,-10.53,0.1,1828.0,1838.99,1821.1,559.86,126.51,83.93,22.6,14.99,16.8,14.63
5145,2023-03-03,600519,1839.77,1818.04,1841.61,1802.48,16198,2946842659.0,2.14,-0.54,-9.96,0.13,1818.04,1841.61,1802.48,534.49,70.5,102.55,13.19,19.19,17.81,14.54
5146,2023-03-06,600519,1818.18,1807.14,1818.5,1796.77,20646,3730079522.0,1.2,-0.6,-10.9,0.16,1807.14,1818.5,1796.77,533.82,70.5,108.26,13.21,20.28,18.19,15.97
5147,2023-03-07,600519,1805.98,1788.3,1816.6,1788.0,22785,4101302456.0,1.58,-1.04,-18.84,0.18,1788.3,1816.6,1788.0,542.93,70.5,117.03,12.99,21.56,20.72,17.15
5148,2023-03-08,600519,1780.02,1770.42,1785.94,1761.12,22764,4035787172.0,1.39,-1.0,-17.88,0.18,1770.42,1785.94,1761.12,511.11,38.8,143.91,7.59,28.16,27.08,21.15
5149,2023-03-09,600519,1768.0,1770.02,1785.0,1740.0,27612,4881442710.0,2.54,-0.02,-0.4,0.22,1770.02,1785.0,1740.0,503.16,38.8,157.08,7.71,31.22,33.77,24.48
5150,2023-03-10,600519,1751.57,1750.0,1781.0,1750.0,21161,3725139075.0,1.75,-1.13,-20.02,0.17,1750.0,1781.0,1750.0,472.56,33.0,157.08,6.98,33.24,41.27,29.04
5151,2023-03-13,600519,1751.0,1762.0,1775.0,1749.0,20560,3626476291.0,1.49,0.69,12.0,0.16,1762.0,1775.0,1749.0,474.56,33.0,158.08,6.95,33.31,49.1,33.45
5152,2023-03-14,600519,1763.78,1766.0,1779.88,1738.5,23705,4177289027.0,2.35,0.23,4.0,0.19,1766.0,1779.88,1738.5,480.74,33.0,149.38,6.86,31.07,56.21,37.2
5153,2023-03-15,600519,1778.37,1750.92,1784.88,1750.12,19213,3392698490.0,1.97,-0.85,-15.08,0.15,1750.92,1784.88,1750.12,471.95,38.0,122.83,8.05,26.03,60.87,40.79
5154,2023-03-16,600519,1740.0,1751.99,1770.0,1739.01,17646,3096791142.0,1.77,0.06,1.07,0.14,1751.99,1770.0,1739.01,467.12,38.0,110.87,8.13,23.73,59.44,43.26
5155,2023-03-17,600519,1770.0,1742.0,1775.89,1736.0,27023,4744249369.0,2.28,-0.57,-9.99,0.22,1742.0,1775.89,1736.0,467.03,43.89,103.71,9.4,22.21,56.13,44.95
5156,2023-03-20,600519,1751.0,1729.6,1755.0,1728.0,20491,3557872017.0,1.55,-0.71,-12.4,0.16,1729.6,1755.0,1728.0,455.32,36.88,111.71,8.1,24.53,53.64,47.46
5157,2023-03-21,600519,1735.0,1775.0,1785.85,1723.97,31142,5491052284.0,3.58,2.62,45.4,0.25,1775.0,1785.85,1723.97,472.43,41.74,111.71,8.84,23.65,50.33,49.71
5158,2023-03-22,600519,1780.0,1773.35,1793.0,1765.55,15330,2727648674.0,1.55,-0.09,-1.65,0.12,1773.35,1793.0,1765.55,481.99,48.89,111.71,10.14,23.18,46.22,51.21
5159,2023-03-23,600519,1766.0,1774.86,1791.11,1765.01,17356,3082821551.0,1.47,0.09,1.51,0.14,1774.86,1791.11,1765.01,468.96,48.89,93.63,10.43,19.97,42.66,51.76
5160,2023-03-24,600519,1769.08,1778.62,1783.6,1766.0,12770,2269649179.0,0.99,0.21,3.76,0.1,1778.62,1783.6,1766.0,464.83,48.89,87.92,10.52,18.91,39.25,49.35
5161,2023-03-27,600519,1778.6,1767.79,1778.6,1756.0,15296,2700755933.0,1.27,-0.61,-10.83,0.12,1767.79,1778.6,1756.0,458.85,48.89,89.15,10.65,19.43,37.36,46.74
5162,2023-03-28,600519,1770.0,1781.8,1790.0,1765.02,17261,3073113077.0,1.41,0.79,14.01,0.14,1781.8,1790.0,1765.02,456.65,60.29,62.27,13.2,13.64,29.24,41.44
5163,2023-03-29,600519,1799.0,1790.0,1800.0,1785.07,15393,2761909333.0,0.84,0.46,8.2,0.12,1790.0,1800.0,1785.07,429.85,70.29,41.15,16.35,9.57,25.99,38.16
5164,2023-03-30,600519,1793.0,1800.0,1805.0,1779.0,19257,3453573052.0,1.45,0.56,10.0,0.15,1800.0,1805.0,1779.0,424.85,70.29,47.22,16.54,11.11,22.75,34.48
5165,2023-03-31,600519,1825.0,1820.0,1848.0,1819.0,27446,5024790356.0,1.61,1.11,20.0,0.22,1820.0,1848.0,1819.0,446.85,113.29,46.22,25.35,10.34,24.52,33.59
5166,2023-04-03,600519,1825.0,1802.07,1827.77,1800.08,21417,3875811673.0,1.52,-0.99,-17.93,0.17,1802.07,1827.77,1800.08,433.16,113.29,54.64,26.15,12.61,25.59,32.42
5167,2023-04-04,600519,1812.0,1814.59,1815.17,1787.0,20066,3614275263.0,1.56,0.69,12.52,0.16,1814.59,1815.17,1787.0,426.57,108.29,67.72,25.39,15.88,24.57,30.96
5168,2023-04-06,600519,1805.0,1796.96,1815.9,1788.22,14874,2676251956.0,1.53,-0.97,-17.63,0.12,1796.96,1815.9,1788.22,423.26,109.02,56.61,25.76,13.37,29.57,29.41
5169,2023-04-07,600519,1795.0,1790.99,1806.01,1788.34,13525,2428160574.0,0.98,-0.33,-5.97,0.11,1790.99,1806.01,1788.34,401.04,103.13,56.61,25.72,14.12,30.07,28.03
5170,2023-04-10,600519,1790.88,1771.7,1790.88,1744.0,29418,5171150567.0,2.62,-1.08,-19.29,0.23,1771.7,1790.88,1744.0,421.03,103.13,92.95,24.49,22.08,27.66,25.21
5171,2023-04-11,600519,1793.0,1745.5,1793.0,1744.0,29209,5138854627.0,2.77,-1.48,-26.2,0.23,1745.5,1793.0,1744.0,408.15,74.4,92.95,18.23,22.77,22.5,23.51
5172,2023-04-12,600519,1747.26,1694.1,1750.0,1692.82,51105,8732657376.0,3.28,-2.94,-51.4,0.41,1694.1,1750.0,1692.82,437.88,67.25,144.13,15.36,32.92,22.74,24.17
5173,2023-04-13,600519,1690.0,1723.0,1723.59,1684.01,29543,5049310126.0,2.34,1.71,28.9,0.24,1723.0,1723.59,1684.01,451.36,67.25,152.4,14.9,33.76,25.36,24.97
5174,2023-04-14,600519,1726.0,1713.42,1733.0,1704.8,21232,3646526766.0,1.64,-0.56,-9.58,0.17,1713.42,1733.0,1704.8,461.96,76.66,152.4,16.59,32.99,25.6,27.59
5175,2023-04-17,600519,1740.0,1753.0,1753.0,1728.0,30467,5303401395.0,1.46,2.31,39.58,0.24,1753.0,1753.0,1728.0,478.92,96.66,142.4,20.18,29.73,23.94,27.0
5176,2023-04-18,600519,1753.0,1758.0,1769.0,1746.02,18314,3220107647.0,1.31,0.29,5.0,0.15,1758.0,1769.0,1746.02,476.92,101.26,142.4,21.23,29.86,25.88,26.77
5177,2023-04-19,600519,1762.0,1759.0,1765.5,1750.0,14601,2568632845.0,0.88,0.06,1.0,0.12,1759.0,1765.5,1750.0,474.22,91.26,142.4,19.24,30.03,27.68,25.09
5178,2023-04-20,600519,1760.11,1741.88,1765.0,1729.0,19885,3468366835.0,2.05,-0.97,-17.12,0.16,1741.88,1765.0,1729.0,484.22,91.26,157.33,18.85,32.49,26.05,24.4
5179,2023-04-21,600519,1746.0,1725.47,1748.08,1721.28,18518,3210937222.0,1.54,-0.94,-16.41,0.15,1725.47,1748.08,1721.28,463.02,48.26,165.05,10.42,35.65,28.72,27.04
5180,2023-04-24,600519,1721.0,1705.0,1722.0,1701.0,20231,3456728718.0,1.22,-1.19,-20.47,0.16,1705.0,1722.0,1701.0,459.8,48.26,166.41,10.5,36.19,32.38,28.99
5181,2023-04-25,600519,1706.0,1730.38,1735.98,1702.0,20583,3534989917.0,1.99,1.49,25.38,0.16,1730.38,1735.98,1702.0,465.61,62.24,153.33,13.37,32.93,36.23,30.08
5182,2023-04-26,600519,1744.0,1743.91,1761.0,1720.0,27892,4861477657.0,2.37,0.78,13.53,0.22,1743.91,1761.0,1720.0,478.93,86.53,153.33,18.07,32.02,38.06,31.97
5183,2023-04-27,600519,1748.0,1757.92,1770.0,1730.0,25605,4489906864.0,2.29,0.8,14.01,0.2,1757.92,1770.0,1730.0,501.26,95.53,153.33,19.06,30.59,38.28,32.98
5184,2023-04-28,600519,1763.01,1760.52,1782.77,1753.97,26225,4636084177.0,1.64,0.15,2.6,0.21,1760.52,1782.77,1753.97,483.07,108.3,108.99,22.42,22.56,33.91,29.98
5185,2023-05-04,600519,1769.0,1749.9,1777.67,1736.0,27466,4818999650.0,2.37,-0.6,-10.62,0.22,1749.9,1777.67,1736.0,475.74,106.18,126.96,22.32,26.69,26.27,27.49
5186,2023-05-05,600519,1766.0,1750.0,1766.0,1736.39,20714,3621305973.0,1.69,0.01,0.1,0.16,1750.0,1766.0,1736.39,448.17,106.18,75.78,23.69,16.91,19.88,26.13
5187,2023-05-08,600519,1768.32,1720.52,1769.0,1717.17,33171,5742915994.0,2.96,-1.68,-29.48,0.26,1720.52,1769.0,1717.17,460.42,106.18,86.19,23.06,18.72,14.57,25.4
5188,2023-05-09,600519,1715.0,1722.0,1739.98,1707.07,29378,5057346564.0,1.91,0.09,1.48,0.23,1722.0,1739.98,1707.07,465.13,96.77,96.29,20.8,20.7,9.97,24.01
5189,2023-05-10,600519,1715.19,1725.0,1736.0,1715.0,20773,3588550877.0,1.22,0.17,3.0,0.17,1725.0,1736.0,1715.0,446.55,76.77,96.29,17.19,21.56,7.98,23.13
5190,2023-05-11,600519,1731.0,1717.07,1735.0,1715.0,15246,2623835905.0,1.16,-0.46,-7.93,0.12,1717.07,1735.0,1715.0,443.57,60.77,96.29,13.7,21.71,11.69,22.8
5191,2023-05-12,600519,1715.0,1706.4,1729.88,1705.01,19460,3335038590.0,1.45,-0.62,-10.67,0.15,1706.4,1729.88,1705.01,452.94,60.77,106.28,13.42,23.46,14.75,20.51
5192,2023-05-15,600519,1702.0,1716.3,1717.0,1691.2,25740,4384647977.0,1.51,0.58,9.9,0.2,1716.3,1717.0,1691.2,442.74,60.77,99.09,13.73,22.38,15.96,17.92
5193,2023-05-16,600519,1713.99,1703.29,1719.99,1697.0,22224,3785811907.0,1.34,-0.76,-13.01,0.18,1703.29,1719.99,1697.0,438.93,63.76,91.37,14.53,20.82,17.19,15.88
5194,2023-05-17,600519,1708.0,1701.0,1713.0,1699.01,16777,2858697942.0,0.82,-0.13,-2.29,0.13,1701.0,1713.0,1699.01,428.45,63.76,71.09,14.88,16.59,18.06,14.01
5195,2023-05-18,600519,1704.99,1691.0,1705.4,1690.0,19219,3260170684.0,0.91,-0.59,-10.0,0.15,1691.0,1705.4,1690.0,409.87,49.78,80.1,12.15,19.54,20.07,14.02
5196,2023-05-19,600519,1671.0,1699.5,1704.33,1655.55,26741,4504022549.0,2.88,0.5,8.5,0.21,1699.5,1704.33,1655.55,417.65,24.76,114.55,5.93,27.43,27.04,19.37
5197,2023-05-22,600519,1690.01,1746.0,1752.0,1690.0,41284,7165754129.0,3.65,2.74,46.5,0.33,1746.0,1752.0,1690.0,439.65,63.43,114.55,14.43,26.05,27.29,21.02
5198,2023-05-23,600519,1753.99,1724.55,1754.0,1724.55,16894,2934118394.0,1.69,-1.23,-21.45,0.13,1724.55,1754.0,1724.55,440.3,52.66,114.55,11.96,26.02,29.46,22.71
5199,2023-05-24,600519,1732.33,1710.9,1733.55,1710.11,18479,3182416491.0,1.36,-0.79,-13.65,0.15,1710.9,1733.55,1710.11,422.07,52.66,111.02,12.48,26.3,32.44,24.82
5200,2023-05-25,600519,1705.99,1701.0,1710.0,1690.0,22466,3814504093.0,1.17,-0.58,-9.9,0.18,1701.0,1710.0,1690.0,413.36,52.66,131.13,12.74,31.72,38.65,28.35
5201,2023-05-26,600519,1702.0,1690.56,1705.0,1675.01,18291,3090691546.0,1.76,-0.61,-10.44,0.15,1690.56,1705.0,1675.01,391.52,52.66,126.9,13.45,32.41,41.65,30.86
5202,2023-05-29,600519,1697.0,1689.0,1698.35,1678.0,17771,2998147159.0,1.2,-0.09,-1.56,0.14,1689.0,1698.35,1678.0,378.96,52.66,116.8,13.9,30.82,37.21,32.13
5203,2023-05-30,600519,1689.0,1668.29,1698.89,1658.56,26453,4424706688.0,2.39,-1.23,-20.71,0.21,1668.29,1698.89,1658.56,398.29,52.66,136.24,13.22,34.21,39.8,33.54
5204,2023-05-31,600519,1661.01,1628.9,1665.72,1626.67,36957,6053737281.0,2.34,-2.36,-39.39,0.29,1628.9,1665.72,1626.67,419.91,52.66,168.13,12.54,40.04,42.35,35.9
5205,2023-06-01,600519,1618.0,1635.92,1674.99,1618.0,28645,4708722933.0,3.5,0.43,7.02,0.23,1635.92,1674.99,1618.0,452.03,61.93,158.14,13.7,34.98,43.69,38.06
5206,2023-06-02,600519,1645.0,1670.6,1673.15,1636.11,25058,4163116244.0,2.26,2.12,34.68,0.2,1670.6,1673.15,1636.11,463.46,61.93,144.33,13.36,31.14,43.23,40.94
5207,2023-06-05,600519,1666.16,1665.0,1682.88,1663.0,16201,2704294313.0,1.19,-0.34,-5.6,0.13,1665.0,1682.88,1663.0,460.35,68.67,144.33,14.92,31.35,42.26,41.96
5208,2023-06-06,600519,1670.0,1666.99,1684.0,1651.55,19914,3326778183.0,1.95,0.12,1.99,0.16,1666.99,1684.0,1651.55,478.81,68.67,155.78,14.34,32.53,42.42,39.82
5209,2023-06-07,600519,1672.99,1650.9,1678.8,1650.0,17890,2971782064.0,1.73,-0.97,-16.09,0.14,1650.9,1678.8,1650.0,492.21,68.67,148.32,13.95,30.13,41.17,40.48
5210,2023-06-08,600519,1655.83,1668.0,1675.0,1650.01,14703,2441569677.0,1.51,1.04,17.1,0.12,1668.0,1675.0,1650.01,468.42,68.67,113.87,14.66,24.31,36.58,39.46
5211,2023-06-09,600519,1671.99,1666.0,1677.97,1666.0,17580,2938014322.0,0.72,-0.12,-2.0,0.14,1666.0,1677.97,1666.0,418.39,23.97,113.87,5.73,27.22,40.16,41.93
5212,2023-06-12,600519,1666.02,1696.0,1708.0,1661.52,27029,4562308599.0,2.79,1.8,30.0,0.22,1696.0,1708.0,1661.52,435.42,52.0,113.87,11.94,26.15,39.72,41.48
5213,2023-06-13,600519,1693.88,1699.0,1704.61,1685.0,14663,2485398902.0,1.16,0.18,3.0,0.12,1699.0,1704.61,1685.0,431.59,52.0,99.43,12.05,23.04,39.02,40.64
5214,2023-06-14,600519,1719.0,1726.88,1734.24,1706.21,31506,5438040356.0,1.65,1.64,27.88,0.25,1726.88,1734.24,1706.21,445.93,81.63,79.32,18.31,17.79,32.79,37.61
5215,2023-06-15,600519,1730.34,1755.0,1755.65,1723.0,25223,4395900802.0,1.89,1.63,28.12,0.2,1755.0,1755.65,1723.0,448.59,103.04,64.33,22.97,14.34,30.53,35.85
5216,2023-06-16,600519,1757.0,1797.69,1800.0,1750.1,37918,6742301361.0,2.84,2.43,42.69,0.3,1797.69,1800.0,1750.1,478.14,147.39,64.33,30.83,13.45,32.94,34.76
5217,2023-06-19,600519,1790.0,1744.0,1797.95,1738.0,31700,5584248725.0,3.33,-2.99,-53.69,0.25,1744.0,1797.95,1738.0,497.76,147.39,56.99,29.61,11.45,29.44,34.8
5218,2023-06-20,600519,1740.0,1743.46,1765.0,1735.0,20947,3659824529.0,1.72,-0.03,-0.54,0.17,1743.46,1765.0,1735.0,486.14,147.39,28.1,30.32,5.78,34.55,37.14
5219,2023-06-21,600519,1740.0,1735.83,1756.6,1735.0,17721,3088635934.0,1.24,-0.44,-7.63,0.14,1735.83,1756.6,1735.0,450.75,138.12,28.1,30.64,6.23,40.37,39.69
5220,2023-06-26,600519,1720.11,1709.0,1730.0,1695.0,23993,4098619510.0,2.02,-1.55,-26.83,0.19,1709.0,1730.0,1695.0,454.35,138.12,68.1,30.4,14.99,45.78,39.29
5221,2023-06-27,600519,1709.99,1711.05,1719.7,1700.09,15174,2598138744.0,1.15,0.12,2.05,0.12,1711.05,1719.7,1700.09,454.08,128.39,68.1,28.27,15.0,47.04,38.79
5222,2023-06-28,600519,1713.18,1728.38,1734.0,1711.0,18574,3199294221.0,1.34,1.01,17.33,0.15,1728.38,1734.0,1711.0,444.63,142.69,56.65,32.09,12.74,47.7,40.32
5223,2023-06-29,600519,1731.0,1713.71,1734.99,1713.01,14231,2446524134.0,1.27,-0.85,-14.67,0.11,1713.71,1734.99,1713.01,437.81,143.68,55.1,32.82,12.59,47.75,38.6
5224,2023-06-30,600519,1700.0,1691.0,1708.99,1686.48,20459,3472586730.0,1.31,-1.33,-22.71,0.16,1691.0,1708.99,1686.48,440.05,143.68,81.63,32.65,18.55,41.02,37.78
5225,2023-07-03,600519,1699.0,1724.1,1725.28,1692.0,19139,3286737792.0,1.97,1.96,33.1,0.15,1724.1,1725.28,1692.0,462.36,157.0,81.63,33.96,17.66,35.25,37.81
5226,2023-07-04,600519,1724.2,1730.6,1734.44,1718.08,12472,2155553635.0,0.95,0.38,6.5,0.1,1730.6,1734.44,1718.08,432.24,136.13,81.63,31.49,18.89,33.76,39.77
5227,2023-07-05,600519,1730.0,1715.38,1731.97,1700.0,14745,2523960725.0,1.85,-0.88,-15.22,0.12,1715.38,1731.97,1700.0,444.6,136.13,99.71,30.62,22.43,31.22,39.13
5228,2023-07-06,600519,1709.16,1702.98,1733.0,1700.0,15141,2589459002.0,1.92,-0.72,-12.4,0.12,1702.98,1733.0,1700.0,442.36,107.53,99.71,24.31,22.54,24.65,36.18
5229,2023-07-07,600519,1701.0,1690.03,1708.99,1690.0,15167,2571458553.0,1.12,-0.76,-12.95,0.12,1690.03,1708.99,1690.0,428.7,86.12,109.71,20.09,25.59,19.24,33.5
5230,2023-07-10,600519,1705.0,1700.9,1714.96,1700.0,13477,2298241728.0,0.89,0.64,10.87,0.11,1700.9,1714.96,1700.0,403.73,47.74,109.71,11.82,27.17,21.21,31.11
5231,2023-07-11,600519,1710.0,1710.0,1715.17,1702.1,12583,2151079270.0,0.77,0.54,9.1,0.1,1710.0,1715.17,1702.1,358.05,47.95,97.61,13.39,27.26,21.63,28.44
5232,2023-07-12,600519,1713.04,1713.8,1723.0,1711.33,13285,2280785351.0,0.68,0.22,3.8,0.11,1713.8,1723.0,1711.33,341.05,55.78,94.61,16.36,27.74,21.76,27.76
5233,2023-07-13,600519,1721.99,1738.4,1745.41,1719.01,25807,4479772500.0,1.54,1.44,24.6,0.21,1738.4,1745.41,1719.01,351.06,78.19,94.61,22.27,26.95,20.77,25.99
5234,2023-07-14,600519,1756.0,1753.0,1758.5,1741.2,18550,3245530255.0,1.0,0.84,14.6,0.15,1753.0,1758.5,1741.2,330.33,91.28,54.61,27.63,16.53,24.33,24.49
5235,2023-07-17,600519,1751.0,1729.97,1751.0,1726.6,14336,2482069846.0,1.39,-1.31,-23.03,0.11,1729.97,1751.0,1726.6,337.12,91.28,69.21,27.08,20.53,24.61,21.92
5236,2023-07-18,600519,1733.58,1722.8,1734.51,1721.0,14738,2544005063.0,0.78,-0.41,-7.17,0.12,1722.8,1734.51,1721.0,327.63,76.98,74.81,23.5,22.83,18.29,19.75
5237,2023-07-19,600519,1715.01,1723.0,1728.0,1713.8,12483,2147704435.0,0.82,0.01,0.2,0.1,1723.0,1728.0,1713.8,319.85,75.99,82.01,23.76,25.64,13.24,17.43
5238,2023-07-20,600519,1727.99,1724.0,1748.98,1722.0,16693,2897176490.0,1.57,0.06,1.0,0.13,1724.0,1748.98,1722.0,319.6,96.97,55.48,30.34,17.36,13.47,17.62
5239,2023-07-21,600519,1731.88,1771.3,1772.5,1726.0,39377,6931535726.0,2.7,2.74,47.3,0.31,1771.3,1772.5,1726.0,333.82,104.2,55.48,31.21,16.62,16.98,18.87
5240,2023-07-24,600519,1750.52,1771.15,1771.15,1750.52,19713,3476648177.0,1.16,-0.01,-0.15,0.16,1771.15,1771.15,1750.52,338.24,95.04,55.48,28.1,16.4,17.17,20.75
5241,2023-07-25,600519,1800.0,1828.55,1828.88,1799.99,43086,7837450019.0,1.63,3.24,57.4,0.34,1828.55,1828.88,1799.99,364.0,152.77,37.4,41.97,10.27,24.99,24.8
5242,2023-07-26,600519,1828.55,1828.55,1835.99,1815.08,19611,3580171484.0,1.14,0.0,0.0,0.16,1828.55,1835.99,1815.08,351.91,158.85,37.4,45.14,10.63,35.06,26.68
5243,2023-07-27,600519,1836.0,1838.03,1854.79,1828.7,20340,3749635290.0,1.43,0.52,9.48,0.16,1838.03,1854.79,1828.7,359.16,177.65,27.4,49.46,7.63,46.64,29.94
5244,2023-07-28,600519,1832.0,1897.0,1900.0,1828.01,39018,7330314112.0,3.92,3.21,58.97,0.31,1897.0,1900.0,1828.01,406.22,216.89,27.4,53.39,6.75,55.03,34.25
5245,2023-07-31,600519,1908.0,1880.58,1935.0,1874.0,45379,8615279839.0,3.22,-0.87,-16.42,0.36,1880.58,1935.0,1874.0,452.95,251.68,27.4,55.56,6.05,63.34,40.16
5246,2023-08-01,600519,1878.01,1889.0,1906.95,1877.89,19231,3635857283.0,1.55,0.45,8.42,0.15,1889.0,1906.95,1877.89,469.01,243.85,27.4,51.99,5.84,72.26,44.71
5247,2023-08-02,600519,1883.4,1880.0,1890.0,1866.8,18509,3478674239.0,1.23,-0.48,-9.0,0.15,1880.0,1890.0,1866.8,460.6,221.44,38.49,48.08,8.36,73.88,49.43
5248,2023-08-03,600519,1870.0,1878.47,1890.0,1850.5,21543,4031087705.0,2.1,-0.08,-1.53,0.17,1878.47,1890.0,1850.5,480.0,208.35,54.79,43.41,11.41,73.29,54.18
5249,2023-08-04,600519,1887.82,1893.47,1906.52,1882.0,24574,4655813751.0,1.31,0.8,15.0,0.2,1893.47,1906.52,1882.0,481.65,224.87,40.19,46.69,8.34,72.69,59.67
5250,2023-08-07,600519,1880.95,1887.93,1898.0,1871.03,23892,4491893140.0,1.42,-0.29,-5.54,0.19,1887.93,1898.0,1871.03,495.11,224.87,45.56,45.42,9.2,70.81,62.92
5251,2023-08-08,600519,1880.03,1890.0,1893.71,1864.08,17736,3333559505.0,1.57,0.11,2.07,0.14,1890.0,1893.71,1864.08,510.54,224.87,45.31,44.05,8.87,68.5,65.92
5252,2023-08-09,600519,1890.0,1890.28,1905.0,1882.96,18523,3506306394.0,1.17,0.01,0.28,0.15,1890.28,1905.0,1882.96,505.6,215.18,45.31,42.56,8.96,66.07,69.16
5253,2023-08-10,600519,1882.0,1875.0,1889.0,1862.3,18436,3454219140.0,1.41,-0.81,-15.28,0.15,1875.0,1889.0,1862.3,485.08,191.66,65.97,39.51,13.6,62.47,68.17
5254,2023-08-11,600519,1885.0,1834.0,1885.4,1833.88,26786,4959166751.0,2.75,-2.19,-41.0,0.21,1834.0,1885.4,1833.88,515.82,191.66,94.39,37.16,18.3,58.41,65.85
5255,2023-08-14,600519,1810.0,1803.0,1824.98,1796.0,23731,4285362053.0,1.58,-1.69,-31.0,0.19,1803.0,1824.98,1796.0,496.09,133.93,132.27,27.0,26.66,46.9,59.79
5256,2023-08-15,600519,1809.0,1812.98,1818.0,1801.01,14818,2682125119.0,0.94,0.55,9.98,0.12,1812.98,1818.0,1801.01,492.17,126.82,132.27,25.77,26.87,36.2,53.51
5257,2023-08-16,600519,1807.58,1820.0,1823.35,1806.0,13184,2396261791.0,0.96,0.39,7.02,0.1,1820.0,1823.35,1806.0,483.28,113.37,132.27,23.46,27.37,26.4,47.45
5258,2023-08-17,600519,1806.08,1828.05,1834.0,1801.55,17290,3141408018.0,1.78,0.44,8.05,0.14,1828.05,1834.0,1801.55,443.74,78.81,132.27,17.76,29.81,19.76,42.91
5259,2023-08-18,600519,1831.99,1802.59,1834.99,1802.59,17023,3084761577.0,1.77,-1.39,-25.46,0.14,1802.59,1834.99,1802.59,415.14,44.8,132.27,10.79,31.86,19.86,41.16
5260,2023-08-21,600519,1793.0,1791.0,1813.99,1790.07,18912,3405415645.0,1.33,-0.64,-11.59,0.15,1791.0,1813.99,1790.07,410.0,44.8,144.79,10.93,35.31,22.98,40.69
5261,2023-08-22,600519,1800.99,1788.0,1802.56,1771.02,26650,4763131152.0,1.76,-0.17,-3.0,0.21,1788.0,1802.56,1771.02,418.34,44.8,152.75,10.71,36.51,31.98,39.44
5262,2023-08-23,600519,1797.0,1774.0,1800.0,1770.08,19912,3556178584.0,1.67,-0.78,-14.0,0.16,1774.0,1800.0,1770.08,408.76,44.8,137.39,10.96,33.61,40.1,38.15
5263,2023-08-24,600519,1779.62,1816.3,1828.0,1775.0,26055,4703417600.0,2.99,2.38,42.3,0.21,1816.3,1828.0,1775.0,434.71,56.28,137.39,12.95,31.6,45.8,36.1
5264,2023-08-25,600519,1808.79,1824.98,1837.77,1806.01,18831,3433296756.0,1.75,0.48,8.68,0.15,1824.98,1837.77,1806.01,439.5,66.05,126.42,15.03,28.76,46.81,33.28
5265,2023-08-28,600519,1898.58,1834.97,1898.58,1831.88,41052,7633221012.0,3.65,0.55,9.99,0.33,1834.97,1898.58,1831.88,483.47,126.86,119.47,26.24,24.71,39.08,29.47
5266,2023-08-29,600519,1828.0,1851.33,1869.08,1828.0,28950,5371260173.0,2.24,0.89,16.36,0.23,1851.33,1869.08,1828.0,502.51,115.57,123.35,23.0,24.55,30.83,26.9
5267,2023-08-30,600519,1867.9,1856.0,1868.0,1843.66,19812,3672570260.0,1.31,0.25,4.67,0.16,1856.0,1868.0,1843.66,498.87,115.57,102.69,23.17,20.58,22.7,27.34
5268,2023-08-31,600519,1860.0,1847.0,1860.0,1841.01,14820,2738445519.0,1.02,-0.48,-9.0,0.12,1847.0,1860.0,1841.01,466.34,115.57,76.92,24.78,16.49,17.58,28.84
5269,2023-09-01,600519,1852.83,1851.05,1865.47,1846.03,13145,2438622738.0,1.05,0.22,4.05,0.1,1851.05,1865.47,1846.03,447.78,121.04,39.04,27.03,8.72,19.14,32.47
5270,2023-09-04,600519,1862.6,1866.0,1879.94,1853.53,23871,4453823216.0,1.43,0.81,14.95,0.19,1866.0,1879.94,1853.53,459.68,135.51,39.04,29.48,8.49,23.12,34.96
5271,2023-09-05,600519,1868.0,1858.7,1868.0,1856.8,15659,2915625961.0,0.6,-0.39,-7.3,0.12,1858.7,1868.0,1856.8,453.53,130.16,39.04,28.7,8.61,31.6,35.34
5272,2023-09-06,600519,1858.0,1861.0,1866.66,1849.01,11121,2067605990.0,0.95,0.12,2.3,0.09,1861.0,1866.66,1849.01,438.73,119.51,46.83,27.24,10.67,38.34,34.58
5273,2023-09-07,600519,1852.6,1838.0,1856.89,1831.19,16982,3128587116.0,1.38,-1.24,-23.0,0.14,1838.0,1856.89,1831.19,436.14,118.52,64.65,27.17,14.82,42.25,32.48
5274,2023-09-08,600519,1834.94,1818.5,1834.94,1814.95,12212,2224338144.0,1.09,-1.06,-19.5,0.1,1818.5,1834.94,1814.95,435.27,118.52,68.37,27.23,15.71,43.38,30.48
5275,2023-09-11,600519,1808.0,1822.17,1840.0,1808.0,15926,2902617736.0,1.76,0.2,3.67,0.13,1822.17,1840.0,1808.0,435.73,118.52,56.27,27.2,12.91,40.78,29.96
5276,2023-09-12,600519,1826.6,1819.96,1826.98,1816.02,12168,2214514112.0,0.6,-0.12,-2.21,0.1,1819.96,1826.98,1816.02,416.77,118.52,55.33,28.44,13.28,37.63,30.37
5277,2023-09-13,600519,1829.92,1819.91,1829.92,1800.05,19501,3540583633.0,1.64,0.0,-0.05,0.16,1819.91,1829.92,1800.05,392.64,90.52,71.3,23.05,18.16,30.63,31.11
5278,2023-09-14,600519,1822.53,1818.69,1826.98,1806.0,17505,3180447848.0,1.15,-0.07,-1.22,0.14,1818.69,1826.98,1806.0,381.86,80.75,71.3,21.15,18.67,24.38,31.36
5279,2023-09-15,600519,1819.0,1781.99,1819.78,1781.3,28431,5105749077.0,2.12,-2.02,-36.7,0.23,1781.99,1819.78,1781.3,346.74,19.94,96.0,5.75,27.69,30.42,36.33
5280,2023-09-18,600519,1776.31,1829.2,1829.5,1773.0,32559,5905121000.0,3.17,2.65,47.21,0.26,1829.2,1829.5,1773.0,362.16,29.66,92.12,8.19,25.44,34.49,38.94
5281,2023-09-19,600519,1822.2,1826.94,1829.0,1808.0,14990,2727858953.0,1.15,-0.12,-2.26,0.12,1826.94,1829.0,1808.0,359.02,29.66,92.12,8.26,25.66,37.1,38.94
5282,2023-09-20,600519,1822.0,1824.0,1830.0,1818.05,12502,2281583949.0,0.65,-0.16,-2.94,0.1,1824.0,1830.0,1818.05,351.98,30.66,89.47,8.71,25.42,39.2,38.42
5283,2023-09-21,600519,1818.01,1798.39,1822.0,1798.39,19489,3521486755.0,1.29,-1.4,-25.61,0.16,1798.39,1822.0,1798.39,358.15,25.19,109.13,7.03,30.47,47.64,39.14
5284,2023-09-22,600519,1805.63,1849.0,1849.96,1792.41,34390,6287832575.0,3.2,2.81,50.61,0.27,1849.0,1849.96,1792.41,386.81,38.68,109.13,10.0,28.21,54.55,39.47
5285,2023-09-25,600519,1847.5,1832.38,1848.0,1826.59,13979,2565773541.0,1.16,-0.9,-16.62,0.11,1832.38,1848.0,1826.59,398.02,38.68,109.13,9.72,27.42,51.56,40.99
5286,2023-09-26,600519,1828.0,1816.0,1834.88,1813.1,15762,2870852363.0,1.19,-0.89,-16.38,0.13,1816.0,1834.88,1813.1,402.15,38.68,114.83,9.62,28.55,51.28,42.88
5287,2023-09-27,600519,1815.0,1814.0,1833.5,1802.8,20880,3791876119.0,1.69,-0.11,-2.0,0.17,1814.0,1833.5,1802.8,403.04,38.68,107.31,9.6,26.63,50.56,43.83
5288,2023-09-28,600519,1824.98,1798.55,1824.98,1797.8,20538,3704812960.0,1.5,-0.85,-15.45,0.16,1798.55,1824.98,1797.8,407.17,38.68,96.07,9.5,23.59,49.5,44.35
5289,2023-10-09,600519,1796.94,1777.0,1796.94,1764.9,29763,5279950406.0,1.78,-1.2,-21.55,0.24,1777.0,1796.94,1764.9,408.82,38.68,122.02,9.46,29.85,47.73,47.69
5290,2023-10-10,600519,1782.89,1770.0,1798.98,1768.0,20284,3615557182.0,1.74,-0.39,-7.0,0.16,1770.0,1798.98,1768.0,428.84,40.72,122.02,9.5,28.45,48.11,51.33
5291,2023-10-11,600519,1784.65,1778.5,1784.65,1768.0,21945,3896568648.0,0.94,0.48,8.5,0.17,1778.5,1784.65,1768.0,415.62,40.72,106.05,9.8,25.52,47.59,49.57
5292,2023-10-12,600519,1797.9,1786.0,1798.23,1777.2,14865,2657095942.0,1.18,0.42,7.5,0.12,1786.0,1798.23,1777.2,415.67,54.3,106.05,13.06,25.51,44.7,47.99
5293,2023-10-13,600519,1770.88,1751.0,1778.01,1738.19,25028,4387687934.0,2.23,-1.96,-35.0,0.2,1751.0,1778.01,1738.19,425.0,54.3,120.36,12.78,28.32,43.17,46.87
5294,2023-10-16,600519,1750.98,1729.9,1756.0,1722.45,20790,3603604610.0,1.92,-1.21,-21.1,0.17,1729.9,1756.0,1722.45,402.05,44.58,136.1,11.09,33.85,44.51,47.01
5295,2023-10-17,600519,1739.0,1726.0,1739.44,1716.0,14945,2577312288.0,1.35,-0.23,-3.9,0.12,1726.0,1739.44,1716.0,404.29,44.58,142.55,11.03,35.26,44.6,46.16
5296,2023-10-18,600519,1718.8,1728.0,1742.0,1717.18,20318,3511987514.0,1.44,0.12,2.0,0.16,1728.0,1742.0,1717.18,417.16,46.14,142.55,11.06,34.17,44.78,46.45
5297,2023-10-19,600519,1700.0,1630.0,1700.03,1626.03,73492,12146921769.0,4.28,-5.67,-98.0,0.59,1630.0,1700.03,1626.03,493.52,46.14,214.04,9.35,43.37,48.12,47.86
5298,2023-10-20,600519,1630.0,1645.0,1655.0,1616.25,45376,7421390806.0,2.38,0.92,15.0,0.36,1645.0,1655.0,1616.25,474.72,18.18,223.82,3.83,47.15,56.91,50.8
5299,2023-10-23,600519,1629.97,1643.98,1660.0,1621.6,25234,4138279588.0,2.33,-0.06,-1.02,0.2,1643.98,1660.0,1621.6,490.71,23.18,223.82,4.72,45.61,64.14,53.65
5300,2023-10-24,600519,1648.0,1642.95,1653.36,1621.21,29861,4894807617.0,1.96,-0.06,-1.03,0.24,1642.95,1653.36,1621.21,501.08,23.18,210.72,4.63,42.05,69.06,56.79
5301,2023-10-25,600519,1670.11,1677.5,1698.0,1667.02,36179,6075417064.0,1.89,2.1,34.55,0.29,1677.5,1698.0,1667.02,525.43,67.82,200.42,12.91,38.14,68.57,56.58
5302,2023-10-26,600519,1667.0,1672.23,1688.0,1662.01,22386,3741418874.0,1.55,-0.31,-5.27,0.18,1672.23,1688.0,1662.01,524.24,67.82,200.43,12.94,38.23,68.3,56.54
5303,2023-10-27,600519,1664.0,1676.71,1691.88,1660.6,34262,5754795486.0,1.87,0.27,4.48,0.27,1676.71,1691.88,1660.6,521.87,71.7,167.53,13.74,32.1,64.22,56.17
5304,2023-10-30,600519,1669.0,1681.0,1688.88,1669.0,24086,4050573178.0,1.19,0.26,4.29,0.19,1681.0,1688.88,1669.0,510.77,69.66,167.53,13.64,32.8,56.93,56.92
5305,2023-10-31,600519,1680.0,1684.58,1690.0,1667.85,19859,3335804699.0,1.32,0.21,3.58,0.16,1684.58,1690.0,1667.85,516.27,69.66,168.68,13.49,32.67,50.32,57.23
5306,2023-11-01,600519,1850.0,1780.99,1850.0,1773.79,93143,16747292689.0,4.52,5.72,96.41,0.74,1780.99,1850.0,1773.79,660.66,216.08,168.68,32.71,25.53,39.01,54.03
5307,2023-11-02,600519,1795.0,1779.5,1795.0,1776.06,27908,4982090753.0,1.06,-0.08,-1.49,0.22,1779.5,1795.0,1776.06,631.79,216.08,129.67,34.2,20.52,34.94,51.75
5308,2023-11-03,600519,1780.0,1811.24,1814.89,1774.0,30176,5433116881.0,2.3,1.78,31.74,0.24,1811.24,1814.89,1774.0,639.13,235.97,113.93,36.92,17.83,32.51,50.4
5309,2023-11-06,600519,1820.0,1812.0,1823.79,1801.12,25524,4624102375.0,1.25,0.04,0.76,0.2,1812.0,1823.79,1801.12,638.36,244.87,107.48,38.36,16.84,32.33,48.28
5310,2023-11-07,600519,1805.0,1791.17,1810.0,1784.08,19582,3511590028.0,1.43,-1.15,-20.83,0.16,1791.17,1810.0,1784.08,641.46,242.31,124.52,37.77,19.41,30.81,43.87
5311,2023-11-08,600519,1784.05,1798.34,1803.8,1782.87,14546,2610041959.0,1.17,0.4,7.17,0.12,1798.34,1803.8,1782.87,560.42,242.31,34.58,43.24,6.17,36.39,43.35
5312,2023-11-09,600519,1790.11,1794.11,1799.0,1783.0,12800,2291996819.0,0.89,-0.24,-4.23,0.1,1794.11,1799.0,1783.0,537.67,242.31,24.8,45.07,4.61,47.9,43.46
5313,2023-11-10,600519,1780.55,1775.84,1788.0,1773.1,16466,2928380668.0,0.83,-1.02,-18.27,0.13,1775.84,1788.0,1773.1,520.28,237.31,34.7,45.61,6.67,56.15,45.54
5314,2023-11-13,600519,1772.28,1764.0,1784.88,1756.98,18370,3244573621.0,1.57,-0.67,-11.84,0.15,1764.0,1784.88,1756.98,516.03,237.31,50.43,45.99,9.77,61.16,46.84
5315,2023-11-14,600519,1764.0,1765.27,1774.99,1760.01,12817,2263963957.0,0.85,0.07,1.27,0.1,1765.27,1774.99,1760.01,475.96,192.67,50.43,40.48,10.6,64.42,48.37
5316,2023-11-15,600519,1779.0,1772.93,1782.89,1767.0,18435,3271230275.0,0.9,0.43,7.66,0.15,1772.93,1782.89,1767.0,467.59,200.57,45.42,42.89,9.71,69.58,50.19
5317,2023-11-16,600519,1774.0,1760.05,1776.0,1760.05,12558,2215937273.0,0.9,-0.73,-12.88,0.1,1760.05,1776.0,1760.05,452.26,196.69,52.37,43.49,11.58,66.73,51.56
5318,2023-11-17,600519,1752.0,1753.42,1759.0,1737.9,21714,3793781119.0,1.2,-0.38,-6.63,0.17,1753.42,1759.0,1737.9,454.53,196.69,74.52,43.27,16.39,60.67,54.29
5319,2023-11-20,600519,1755.0,1762.5,1769.5,1736.66,18608,3265514010.0,1.87,0.52,9.08,0.15,1762.5,1769.5,1736.66,465.22,207.19,73.37,44.54,15.77,56.2,56.18
5320,2023-11-21,600519,1783.42,1790.0,1798.0,1770.1,30098,5383107810.0,1.58,1.56,27.5,0.24,1790.0,1798.0,1770.1,335.3,75.69,73.37,22.57,21.88,45.64,53.4
5321,2023-11-22,600519,1783.3,1781.51,1794.35,1780.54,12665,2263460167.0,0.77,-0.47,-8.49,0.1,1781.51,1794.35,1780.54,330.17,75.69,73.37,22.92,22.22,36.15,50.28
5322,2023-11-23,600519,1778.3,1786.0,1788.0,1771.0,11550,2055272193.0,0.95,0.25,4.49,0.09,1786.0,1788.0,1771.0,306.28,55.8,82.91,18.22,27.07,28.89,49.23
5323,2023-11-24,600519,1789.0,1777.0,1789.0,1775.0,13085,2329345658.0,0.78,-0.5,-9.0,0.1,1777.0,1789.0,1775.0,297.61,47.9,82.91,16.09,27.86,23.69,45.21
5324,2023-11-27,600519,1773.3,1763.0,1773.3,1755.0,16261,2865075217.0,1.03,-0.79,-14.0,0.13,1763.0,1773.3,1755.0,291.69,47.9,85.87,16.42,29.44,20.92,40.79
5325,2023-11-28,600519,1761.0,1769.04,1773.88,1758.0,14520,2562905659.0,0.9,0.34,6.04,0.12,1769.04,1773.88,1758.0,286.64,48.48,84.66,16.91,29.54,17.5,36.85
5326,2023-11-29,600519,1768.0,1774.71,1776.0,1758.0,17149,3034175614.0,1.02,0.32,5.67,0.14,1774.71,1776.0,1758.0,288.64,50.6,84.66,17.53,29.33,21.43,33.54
5327,2023-11-30,600519,1776.72,1791.5,1794.76,1771.08,21353,3817513545.0,1.33,0.95,16.79,0.17,1791.5,1794.76,1771.08,291.31,69.36,74.76,23.81,25.66,21.8,28.97
5328,2023-12-01,600519,1789.31,1760.28,1789.7,1748.0,33051,5830850111.0,2.33,-1.74,-31.22,0.26,1760.28,1789.7,1748.0,306.91,69.36,81.72,22.6,26.63,19.91,24.4
5329,2023-12-04,600519,1760.28,1750.71,1761.83,1745.28,18440,3233102118.0,0.94,-0.54,-9.57,0.15,1750.71,1761.83,1745.28,308.48,69.36,84.44,22.48,27.37,17.08,20.39
5330,2023-12-05,600519,1748.78,1709.0,1748.88,1708.02,29903,5168983317.0,2.33,-2.38,-41.71,0.24,1709.0,1748.88,1708.02,333.55,61.46,121.7,18.43,36.49,17.83,19.37
5331,2023-12-06,600519,1702.63,1703.0,1719.47,1701.13,23851,4078003022.0,1.07,-0.35,-6.0,0.19,1703.0,1719.47,1701.13,335.94,61.46,121.64,18.29,36.21,18.78,18.14
5332,2023-12-07,600519,1704.0,1700.0,1709.08,1687.3,25042,4249170906.0,1.28,-0.18,-3.0,0.2,1700.0,1709.08,1687.3,335.57,61.46,113.32,18.32,33.77,19.53,20.48
5333,2023-12-08,600519,1700.0,1704.92,1708.84,1692.22,26288,4474160126.0,0.98,0.29,4.92,0.21,1704.92,1708.84,1692.22,319.35,50.96,113.32,15.96,35.48,25.23,23.51
5334,2023-12-11,600519,1690.0,1698.0,1704.0,1657.0,36831,6172810248.0,2.76,-0.41,-6.92,0.29,1698.0,1704.0,1657.0,331.77,22.46,148.54,6.77,44.77,36.15,28.03
5335,2023-12-12,600519,1687.6,1709.99,1709.99,1684.0,21011,3564305866.0,1.53,0.71,11.99,0.17,1709.99,1709.99,1684.0,343.95,28.45,148.54,8.27,43.19,45.83,31.45
5336,2023-12-13,600519,1705.22,1660.0,1705.72,1657.08,38789,6480807500.0,2.84,-2.92,-49.99,0.31,1660.0,1705.72,1657.08,379.86,28.45,165.92,7.49,43.68,52.13,34.98
5337,2023-12-14,600519,1665.96,1635.9,1669.87,1635.02,40672,6703240107.0,2.1,-1.45,-24.1,0.32,1635.9,1669.87,1635.02,400.71,27.45,187.98,6.85,46.91,59.08,38.93
5338,2023-12-15,600519,1648.23,1645.0,1677.77,1644.01,37093,6140791726.0,2.06,0.56,9.1,0.3,1645.0,1677.77,1644.01,420.58,35.35,167.98,8.41,39.94,65.0,42.26
5339,2023-12-18,600519,1640.0,1662.0,1663.33,1635.0,19897,3292194757.0,1.72,1.03,17.0,0.16,1662.0,1663.33,1635.0,433.03,34.77,176.99,8.03,40.87,69.87,47.55
5340,2023-12-19,600519,1665.0,1675.0,1679.87,1645.09,22207,3706057587.0,2.09,0.78,13.0,0.18,1675.0,1679.87,1645.09,449.81,49.19,176.99,10.94,39.35,67.0,51.58
5341,2023-12-20,600519,1658.0,1649.79,1660.0,1643.0,23092,3816133219.0,1.01,-1.51,-25.21,0.18,1649.79,1660.0,1643.0,458.13,30.43,179.08,6.64,39.09,67.51,56.67
5342,2023-12-21,600519,1640.01,1670.0,1672.32,1640.01,29012,4827827888.0,1.96,1.23,20.21,0.23,1670.0,1672.32,1640.01,446.94,42.75,156.0,9.57,34.9,65.22,58.68
5343,2023-12-22,600519,1669.7,1670.65,1679.1,1658.01,21667,3613238325.0,1.26,0.04,0.65,0.17,1670.65,1679.1,1658.01,451.48,49.53,153.28,10.97,33.95,61.33,60.2
5344,2023-12-25,600519,1671.0,1672.0,1678.6,1668.0,12471,2086014390.0,0.63,0.08,1.35,0.1,1672.0,1678.6,1668.0,419.39,49.53,116.02,11.81,27.66,57.15,61.08
5345,2023-12-26,600519,1672.5,1670.0,1674.9,1657.5,14771,2457177339.0,1.04,-0.12,-2.0,0.12,1670.0,1674.9,1657.5,418.45,49.53,119.63,11.84,28.59,52.87,61.37
5346,2023-12-27,600519,1668.0,1667.06,1677.15,1661.0,16056,2679221365.0,0.97,-0.18,-2.94,0.13,1667.06,1677.15,1661.0,412.82,51.78,105.8,12.54,25.63,49.16,58.08
5347,2023-12-28,600519,1670.99,1724.99,1727.99,1667.06,38338,6537401380.0,3.65,3.47,57.93,0.31,1724.99,1727.99,1667.06,457.13,102.62,105.8,22.45,23.14,37.59,52.55
5348,2023-12-29,600519,1720.0,1726.0,1749.58,1720.0,27539,4768857531.0,1.71,0.06,1.01,0.22,1726.0,1749.58,1720.0,438.79,124.21,70.58,28.31,16.09,32.68,48.95
5349,2024-01-02,600519,1715.0,1685.01,1718.19,1678.1,32156,5440082548.0,2.32,-2.37,-40.99,0.26,1685.01,1718.19,1678.1,460.7,118.22,112.48,25.66,24.42,24.57,42.95
5350,2024-01-03,600519,1681.11,1694.0,1695.22,1676.33,20229,3411400667.0,1.12,0.53,8.99,0.16,1694.0,1695.22,1676.33,426.68,118.22,87.33,27.71,20.47,20.38,38.77
5351,2024-01-04,600519,1693.0,1669.0,1693.0,1662.93,21551,3603970147.0,1.78,-1.48,-25.0,0.17,1669.0,1693.0,1662.93,422.9,118.22,78.67,27.95,18.6,16.82,34.84
5352,2024-01-05,600519,1661.33,1663.36,1678.66,1652.11,20243,3373155627.0,1.59,-0.34,-5.64,0.16,1663.36,1678.66,1652.11,407.58,110.32,89.49,27.07,21.96,12.85,31.0
5353,2024-01-08,600519,1661.0,1643.99,1662.0,1640.01,25586,4211918629.0,1.32,-1.16,-19.37,0.2,1643.99,1662.0,1640.01,402.6,110.32,92.58,27.4,23.0,14.05,25.82
5354,2024-01-09,600519,1641.01,1641.0,1652.32,1635.07,24412,4009826496.0,1.05,-0.18,-2.99,0.19,1641.0,1652.32,1635.07,385.07,93.78,97.52,24.35,25.33,9.79,21.24
5355,2024-01-10,600519,1641.1,1641.5,1659.46,1638.0,17351,2856120718.0,1.31,0.03,0.5,0.14,1641.5,1659.46,1638.0,374.53,100.92,95.43,26.95,25.48,9.84,17.21
5356,2024-01-11,600519,1640.1,1646.57,1657.94,1638.06,16441,2708764500.0,1.21,0.31,5.07,0.13,1646.57,1657.94,1638.06,362.1,88.6,95.43,24.47,26.35,7.95,14.17
5357,2024-01-12,600519,1639.97,1643.06,1651.26,1639.4,11603,1908084612.0,0.72,-0.21,-3.51,0.09,1643.06,1651.26,1639.4,352.87,81.82,95.43,23.19,27.04,5.88,11.35
5358,2024-01-15,600519,1635.0,1640.0,1654.97,1634.45,17854,2931202343.0,1.25,-0.19,-3.06,0.14,1640.0,1654.97,1634.45,362.79,81.82,100.38,22.55,27.67,5.85,9.35
5359,2024-01-16,600519,1638.5,1639.43,1647.0,1624.94,25903,4236042960.0,1.35,-0.03,-0.57,0.21,1639.43,1647.0,1624.94,367.45,81.82,99.39,22.27,27.05,6.0,10.03
5360,2024-01-17,600519,1630.0,1577.0,1635.48,1577.0,51633,8251735591.0,3.57,-3.81,-62.43,0.41,1577.0,1635.48,1577.0,413.73,79.57,147.33,19.23,35.61,10.66,10.22
5361,2024-01-18,600519,1574.0,1610.87,1612.8,1555.55,60440,9566349514.0,3.63,2.15,33.87,0.48,1610.87,1612.8,1555.55,410.05,28.73,168.78,7.01,41.16,22.01,15.92
5362,2024-01-19,600519,1608.87,1635.0,1638.01,1600.88,46378,7550144389.0,2.3,1.5,24.13,0.37,1635.0,1638.01,1600.88,417.6,32.35,168.78,7.75,40.42,32.69,20.32
5363,2024-01-22,600519,1629.0,1642.0,1643.0,1618.88,46946,7678297836.0,1.48,0.43,7.0,0.37,1642.0,1643.0,1618.88,393.82,37.34,126.88,9.48,32.22,40.5,23.19
5364,2024-01-23,600519,1632.01,1619.0,1639.95,1609.0,34835,5659457115.0,1.88,-1.4,-23.0,0.28,1619.0,1639.95,1609.0,407.93,37.34,134.99,9.15,33.09,48.25,27.05
5365,2024-01-24,600519,1629.0,1626.0,1633.84,1603.56,33216,5373603703.0,1.87,0.43,7.0,0.26,1626.0,1633.84,1603.56,407.14,37.34,127.03,9.17,31.2,55.73,30.87
5366,2024-01-25,600519,1626.82,1638.0,1641.0,1622.0,31206,5094508165.0,1.17,0.74,12.0,0.25,1638.0,1641.0,1622.0,399.59,44.5,116.21,11.14,29.08,58.19,34.42
5367,2024-01-26,600519,1630.36,1637.32,1644.1,1623.0,26955,4402111882.0,1.29,-0.04,-0.68,0.21,1637.32,1644.1,1623.0,397.34,47.6,104.11,11.98,26.2,52.58,37.29
5368,2024-01-29,600519,1640.3,1650.0,1660.58,1640.29,31421,5189014946.0,1.24,0.77,12.68,0.25,1650.0,1660.58,1640.29,403.35,64.08,99.17,15.89,24.59,44.85,38.77
5369,2024-01-30,600519,1649.98,1613.0,1649.98,1610.0,30866,5010784454.0,2.42,-2.24,-37.0,0.25,1613.0,1649.98,1610.0,421.89,56.94,129.46,13.5,30.69,42.25,41.38
5370,2024-01-31,600519,1613.0,1604.91,1619.97,1598.13,29649,4770104891.0,1.35,-0.5,-8.09,0.24,1604.91,1619.97,1598.13,423.85,56.94,141.33,13.43,33.34,39.9,44.07
5371,2024-02-01,600519,1605.5,1610.03,1623.89,1601.0,26485,4272298576.0,1.43,0.32,5.12,0.21,1610.03,1623.89,1601.0,434.88,60.86,141.33,13.99,32.5,37.44,46.58
5372,2024-02-02,600519,1615.0,1596.0,1627.78,1581.0,39382,6336691194.0,2.91,-0.87,-14.03,0.31,1596.0,1627.78,1581.0,461.14,60.86,156.38,13.2,33.91,37.33,47.76
5373,2024-02-05,600519,1596.0,1630.01,1637.44,1595.25,53130,8590683071.0,2.64,2.13,34.01,0.42,1630.01,1637.44,1595.25,481.27,70.52,146.87,14.65,30.52,36.98,44.78
5374,2024-02-06,600519,1630.01,1676.0,1685.48,1626.1,52472,8740646588.0,3.64,2.82,45.99,0.42,1676.0,1685.48,1626.1,478.22,118.56,98.93,24.79,20.69,34.9,39.88
5375,2024-02-07,600519,1681.03,1710.99,1714.59,1661.61,52601,8899606867.0,3.16,2.09,34.99,0.42,1710.99,1714.59,1661.61,473.95,147.67,77.48,31.16,16.35,33.61,37.93
5376,2024-02-08,600519,1720.01,1706.0,1725.0,1685.0,46757,7953438044.0,2.34,-0.29,-4.99,0.37,1706.0,1725.0,1685.0,476.82,132.87,77.48,27.87,16.25,30.9,35.4
5377,2024-02-19,600519,1737.87,1695.43,1737.93,1688.0,36977,6288277980.0,2.93,-0.62,-10.57,0.29,1695.43,1737.93,1688.0,502.63,140.81,77.48,28.01,15.41,29.11,33.27
5378,2024-02-20,600519,1697.36,1670.0,1697.36,1656.56,34470,5755266893.0,2.41,-1.5,-25.43,0.27,1670.0,1697.36,1656.56,510.43,140.81,99.04,27.59,19.4,24.68,31.01
5379,2024-02-21,600519,1666.02,1717.66,1731.0,1662.0,46154,7868784082.0,4.13,2.85,47.66,0.37,1717.66,1731.0,1662.0,549.15,174.45,93.6,31.77,17.04,23.85,30.41
5380,2024-02-22,600519,1707.5,1718.38,1723.01,1700.53,22794,3905984695.0,1.31,0.04,0.72,0.18,1718.38,1723.01,1700.53,552.63,167.29,93.6,30.27,16.94,27.06,30.98
5381,2024-02-23,600519,1711.11,1714.09,1724.38,1700.02,27306,4670706950.0,1.42,-0.25,-4.29,0.22,1714.09,1724.38,1700.02,555.89,165.56,93.6,29.78,16.84,26.49,30.05
5382,2024-02-26,600519,1708.0,1694.98,1708.74,1685.02,27318,4625594409.0,1.38,-1.11,-19.11,0.22,1694.98,1708.74,1685.02,561.7,149.08,108.6,26.54,19.33,24.72,27.81
5383,2024-02-27,600519,1683.0,1689.5,1692.92,1678.0,22080,3718478358.0,0.88,-0.32,-5.48,0.18,1689.5,1692.92,1678.0,538.68,149.08,85.33,27.68,15.84,24.42,26.76
5384,2024-02-28,600519,1688.92,1681.55,1696.57,1674.01,31867,5371312847.0,1.34,-0.47,-7.95,0.25,1681.55,1696.57,1674.01,539.4,149.08,77.45,27.64,14.36,26.78,25.73
5385,2024-02-29,600519,1681.55,1695.0,1696.5,1679.2,24758,4184917973.0,1.03,0.8,13.45,0.2,1695.0,1696.5,1679.2,533.81,145.16,77.45,27.19,14.51,26.83,25.34
5386,2024-03-01,600519,1690.0,1685.06,1694.97,1676.68,26868,4526845398.0,1.08,-0.59,-9.94,0.21,1685.06,1694.97,1676.68,505.35,145.16,59.97,28.72,11.87,29.04,28.05
5387,2024-03-04,600519,1679.0,1676.3,1680.99,1670.05,26485,4434401015.0,0.65,-0.52,-8.76,0.21,1676.3,1680.99,1670.05,478.17,135.5,66.6,28.34,13.93,30.09,28.29
5388,2024-03-05,600519,1670.81,1695.1,1697.0,1666.68,36238,6102136582.0,1.81,1.12,18.8,0.29,1695.1,1697.0,1666.68,449.11,103.47,66.6,23.04,14.83,31.09,27.9
5389,2024-03-06,600519,1691.0,1680.55,1695.0,1678.02,22142,3725582802.0,1.0,-0.86,-14.55,0.18,1680.55,1695.0,1678.02,413.21,74.36,66.6,18.0,16.12,27.47,25.94
5390,2024-03-07,600519,1680.0,1683.63,1689.8,1678.0,21599,3633934774.0,0.7,0.18,3.08,0.17,1683.63,1689.8,1678.0,385.01,63.95,66.62,16.61,17.3,22.54,24.66
5391,2024-03-08,600519,1680.56,1671.43,1686.68,1670.05,22156,3710678522.0,0.99,-0.72,-12.2,0.18,1671.43,1686.68,1670.05,351.71,51.02,74.57,14.51,21.2,20.6,23.71
5392,2024-03-11,600519,1675.0,1694.49,1698.88,1673.18,29895,5048394347.0,1.54,1.38,23.06,0.24,1694.49,1698.88,1673.18,338.36,63.22,43.13,18.68,12.75,16.83,22.93
5393,2024-03-12,600519,1693.94,1745.0,1749.1,1690.5,54227,9393309052.0,3.46,2.98,50.51,0.43,1745.0,1749.1,1690.5,327.96,79.8,43.13,24.33,13.15,16.12,23.11
5394,2024-03-13,600519,1739.97,1727.45,1748.0,1720.1,26500,4588879420.0,1.6,-1.01,-17.55,0.21,1727.45,1748.0,1720.1,333.38,79.8,43.13,23.94,12.94,17.48,24.28
5395,2024-03-14,600519,1719.0,1716.63,1734.84,1711.5,19405,3338768308.0,1.35,-0.63,-10.82,0.15,1716.63,1734.84,1711.5,332.36,78.43,51.73,23.6,15.56,19.98,23.73
5396,2024-03-15,600519,1712.5,1717.49,1732.4,1712.0,17834,3066692399.0,1.19,0.05,0.86,0.14,1717.49,1732.4,1712.0,323.69,78.43,36.73,24.23,11.35,25.67,24.11
5397,2024-03-18,600519,1715.0,1708.26,1719.85,1699.0,26055,4446059130.0,1.21,-0.54,-9.23,0.21,1708.26,1719.85,1699.0,327.56,78.43,42.71,23.94,13.04,27.46,24.03
5398,2024-03-19,600519,1703.0,1708.02,1719.94,1693.11,23948,4093701261.0,1.57,-0.01,-0.24,0.19,1708.02,1719.94,1693.11,331.83,78.43,44.61,23.64,13.44,28.89,22.86
5399,2024-03-20,600519,1703.36,1709.6,1713.68,1700.23,15249,2604543856.0,0.79,0.09,1.58,0.12,1709.6,1713.68,1700.23,327.98,78.43,44.61,23.91,13.6,28.5,22.31
5400,2024-03-21,600519,1708.1,1709.0,1719.0,1704.5,16596,2839332631.0,0.85,-0.04,-0.6,0.13,1709.0,1719.0,1704.5,324.16,83.75,42.09,25.84,12.98,29.05,23.26
5401,2024-03-22,600519,1705.03,1701.35,1708.99,1688.0,25456,4318592818.0,1.23,-0.45,-7.65,0.2,1701.35,1708.99,1688.0,330.15,83.75,51.96,25.37,15.74,29.53,24.76
5402,2024-03-25,600519,1698.54,1689.01,1698.77,1680.58,24473,4131446237.0,1.07,-0.73,-12.34,0.19,1689.01,1698.77,1680.58,320.6,67.74,59.38,21.13,18.52,24.59,25.13
5403,2024-03-26,600519,1687.46,1709.29,1712.8,1687.46,28069,4782899074.0,1.5,1.2,20.28,0.22,1709.29,1712.8,1687.46,328.86,81.77,59.38,24.86,18.06,22.32,24.89
5404,2024-03-27,600519,1705.0,1701.0,1712.0,1699.0,18113,3087792980.0,0.76,-0.48,-8.29,0.14,1701.0,1712.0,1699.0,330.06,81.77,59.36,24.77,17.98,20.39,24.64
5405,2024-03-28,600519,1695.0,1701.64,1718.0,1693.2,24642,4201857059.0,1.46,0.04,0.64,0.2,1701.64,1718.0,1693.2,338.23,87.77,51.41,25.95,15.2,20.16,24.33
5406,2024-03-29,600519,1701.64,1702.9,1710.99,1698.1,13457,2290584417.0,0.76,0.07,1.26,0.11,1702.9,1710.99,1698.1,323.67,75.57,51.41,23.35,15.88,17.82,23.43
5407,2024-04-01,600519,1709.99,1721.33,1734.0,1708.7,27131,4679371035.0,1.49,1.08,18.43,0.22,1721.33,1734.0,1708.7,296.17,48.36,51.41,16.33,17.36,14.42,21.98
5408,2024-04-02,600519,1722.0,1713.99,1724.99,1705.05,25449,4360973684.0,1.16,-0.43,-7.34,0.2,1713.99,1724.99,1705.05,288.21,48.36,55.06,16.78,19.1,14.4,19.5
5409,2024-04-03,600519,1734.0,1715.11,1739.44,1710.02,29046,5002390042.0,1.72,0.07,1.12,0.23,1715.11,1739.44,1710.02,294.29,62.81,46.46,21.34,15.79,14.25,18.29
5410,2024-04-08,600519,1695.0,1666.66,1696.0,1662.6,59167,9907355766.0,1.95,-2.82,-48.45,0.47,1666.66,1696.0,1662.6,326.4,62.81,93.88,19.24,28.76,14.91,17.65
5411,2024-04-09,600519,1660.67,1662.22,1673.0,1658.45,25590,4256226333.0,0.87,-0.27,-4.44,0.2,1662.22,1673.0,1658.45,320.1,62.81,85.03,19.62,26.56,13.06,16.61
5412,2024-04-10,600519,1662.27,1647.98,1664.99,1645.0,27631,4562853880.0,1.2,-0.86,-14.24,0.22,1647.98,1664.99,1645.0,313.26,62.81,92.59,20.05,29.56,13.09,15.45
5413,2024-04-11,600519,1640.11,1648.0,1650.0,1634.69,22766,3736417595.0,0.93,0.0,0.02,0.18,1648.0,1650.0,1634.69,315.12,62.81,102.9,19.93,32.65,16.61,15.52
5414,2024-04-12,600519,1651.0,1634.03,1664.0,1634.03,26744,4403968129.0,1.82,-0.85,-13.97,0.21,1634.03,1664.0,1634.03,330.59,71.49,102.9,21.62,31.13,18.53,16.47
5415,2024-04-15,600519,1635.01,1672.98,1675.61,1634.98,35818,5960815532.0,2.49,2.38,38.95,0.29,1672.98,1675.61,1634.98,351.17,83.1,86.4,23.66,24.6,16.36,15.31
5416,2024-04-16,600519,1665.49,1670.0,1679.56,1659.0,26266,4382796962.0,1.23,-0.18,-2.98,0.21,1670.0,1679.56,1659.0,350.96,87.05,78.98,24.8,22.5,13.87,14.39
5417,2024-04-17,600519,1668.0,1667.0,1675.2,1658.0,24819,4130322018.0,1.03,-0.18,-3.0,0.2,1667.0,1675.2,1658.0,342.82,73.02,79.98,21.3,23.33,12.12,12.59
5418,2024-04-18,600519,1659.01,1670.78,1682.98,1658.18,26568,4445487745.0,1.49,0.23,3.78,0.21,1670.78,1682.98,1658.18,354.62,80.8,79.98,22.78,22.55,9.01,11.05
5419,2024-04-19,600519,1660.78,1646.64,1668.5,1641.28,23500,3879233242.0,1.63,-1.44,-24.14,0.19,1646.64,1668.5,1641.28,359.32,74.8,96.88,20.82,26.96,7.12,11.87
5420,2024-04-22,600519,1654.0,1675.06,1678.88,1645.0,29951,5001684635.0,2.06,1.73,28.42,0.24,1675.06,1678.88,1645.0,380.31,85.18,96.88,22.4,25.47,5.19,11.86
5421,2024-04-23,600519,1675.0,1692.28,1695.0,1675.0,24980,4217855279.0,1.19,1.03,17.22,0.2,1692.28,1695.0,1675.0,369.21,78.29,96.88,21.2,26.24,6.64,11.5
5422,2024-04-24,600519,1696.98,1693.6,1699.91,1683.33,17086,2893555635.0,0.98,0.08,1.32,0.14,1693.6,1699.91,1683.33,365.85,83.2,93.23,22.74,25.48,6.77,10.32
5423,2024-04-25,600519,1690.33,1693.04,1695.6,1682.25,14476,2447183879.0,0.79,-0.03,-0.56,0.12,1693.04,1695.6,1682.25,349.78,68.75,94.31,19.66,26.96,8.63,10.37
5424,2024-04-26,600519,1694.0,1709.43,1714.0,1693.98,30996,5290248521.0,1.18,0.97,16.39,0.25,1709.43,1714.0,1693.98,318.23,87.15,46.89,27.39,14.73,13.55,11.28
5425,2024-04-29,600519,1696.95,1704.0,1728.0,1693.82,41332,7072096590.0,2.0,-0.32,-5.43,0.33,1704.0,1728.0,1693.82,337.86,101.15,42.74,29.94,12.65,18.17,12.65
5426,2024-04-30,600519,1705.01,1705.0,1729.88,1705.0,30760,5273902374.0,1.46,0.06,1.0,0.24,1705.0,1729.88,1705.0,343.75,103.03,29.29,29.97,8.52,26.39,15.79
5427,2024-05-06,600519,1733.97,1760.2,1765.0,1727.0,59909,10504351712.0,2.23,3.24,55.2,0.48,1760.2,1765.0,1727.0,388.44,138.15,18.98,35.57,4.89,37.26,21.95
5428,2024-05-07,600519,1765.79,1770.0,1777.8,1756.68,24925,4413196426.0,1.2,0.56,9.8,0.2,1770.0,1777.8,1756.68,379.59,136.95,18.98,36.08,5.0,48.92,27.85
5429,2024-05-08,600519,1769.69,1763.97,1769.97,1755.67,14769,2603293863.0,0.81,-0.34,-6.03,0.12,1763.97,1769.97,1755.67,352.34,125.34,19.99,35.57,5.67,58.39,33.51
5430,2024-05-09,600519,1758.0,1756.0,1764.98,1750.0,22387,3929804849.0,0.85,-0.45,-7.97,0.18,1756.0,1764.98,1750.0,346.76,121.39,25.66,35.01,7.4,64.23,38.89
5431,2024-05-10,600519,1761.1,1738.98,1767.88,1733.99,26207,4571398242.0,1.93,-0.97,-17.02,0.21,1738.98,1767.88,1733.99,363.45,121.39,40.67,33.4,11.19,65.77,41.97
5432,2024-05-13,600519,1732.02,1706.0,1732.66,1701.22,37662,6435415674.0,1.81,-1.9,-32.98,0.3,1706.0,1732.66,1701.22,376.41,113.61,73.44,30.18,19.51,60.06,43.23
5433,2024-05-14,600519,1705.99,1701.98,1713.27,1700.01,21274,3623282672.0,0.78,-0.24,-4.02,0.17,1701.98,1713.27,1700.01,360.17,113.61,57.75,31.54,16.03,52.85,45.06
5434,2024-05-15,600519,1702.58,1700.0,1708.0,1698.59,15739,2677203002.0,0.55,-0.12,-1.98,0.13,1700.0,1708.0,1698.59,335.7,103.23,59.17,30.75,17.63,44.77,46.84
5435,2024-05-16,600519,1705.0,1704.5,1709.88,1690.0,29680,5048754769.0,1.17,0.26,4.5,0.24,1704.5,1709.88,1690.0,335.58,87.11,67.76,25.96,20.19,34.77,46.58
5436,2024-05-17,600519,1700.01,1715.0,1716.58,1700.0,28924,4936920634.0,0.97,0.62,10.5,0.23,1715.0,1716.58,1700.0,335.58,88.9,67.76,26.49,20.19,26.17,45.2
5437,2024-05-20,600519,1717.99,1709.0,1732.99,1708.11,31426,5401389335.0,1.45,-0.35,-6.0,0.25,1709.0,1732.99,1708.11,347.11,105.31,66.68,30.34,19.21,21.61,43.69
5438,2024-05-21,600519,1708.0,1705.0,1709.73,1698.16,16293,2776847499.0,0.68,-0.23,-4.0,0.13,1705.0,1709.73,1698.16,337.72,86.91,76.63,25.73,22.69,19.08,39.57
5439,2024-05-22,600519,1703.0,1697.71,1709.96,1691.0,20286,3443977767.0,1.11,-0.43,-7.29,0.16,1697.71,1709.96,1691.0,322.5,72.91,83.79,22.61,25.98,14.8,33.83
5440,2024-05-23,600519,1700.0,1692.01,1706.38,1690.08,18885,3199923320.0,0.96,-0.34,-5.7,0.15,1692.01,1706.38,1690.08,312.92,71.03,84.71,22.7,27.07,11.74,28.26
5441,2024-05-24,600519,1693.0,1677.08,1695.0,1677.0,20217,3401323915.0,1.06,-0.88,-14.93,0.16,1677.08,1695.0,1677.0,270.92,35.91,97.79,13.25,36.1,17.38,26.07
5442,2024-05-27,600519,1678.0,1670.12,1687.45,1668.01,25098,4199001866.0,1.16,-0.42,-6.96,0.2,1670.12,1687.45,1668.01,269.24,23.11,106.78,8.58,39.66,25.86,26.01
5443,2024-05-28,600519,1670.4,1664.64,1675.17,1663.0,23521,3923020375.0,0.73,-0.33,-5.48,0.19,1664.64,1675.17,1663.0,267.08,23.11,110.78,8.65,41.48,33.03,27.32
5444,2024-05-29,600519,1666.0,1674.0,1680.0,1665.0,19651,3289173345.0,0.9,0.56,9.36,0.16,1674.0,1680.0,1665.0,267.46,27.94,105.11,10.45,39.3,41.65,30.36
5445,2024-05-30,600519,1675.0,1649.0,1675.38,1649.0,32208,5333306808.0,1.58,-1.49,-25.0,0.26,1649.0,1675.38,1649.0,259.95,27.94,105.1,10.75,40.43,50.16,32.48
5446,2024-05-31,600519,1650.5,1648.45,1663.5,1648.45,21857,3617654788.0,0.91,-0.03,-0.55,0.17,1648.45,1663.5,1648.45,237.24,27.94,72.88,11.78,30.72,56.13,33.93
5447,2024-06-03,600519,1650.0,1639.39,1650.92,1635.11,30261,4966041477.0,0.96,-0.55,-9.06,0.24,1639.39,1650.92,1635.11,239.79,27.94,85.01,11.65,35.45,56.83,37.1
5448,2024-06-04,600519,1640.5,1653.2,1656.0,1636.55,20841,3432497303.0,1.19,0.84,13.81,0.17,1653.2,1656.0,1636.55,249.83,33.02,83.59,13.22,33.46,53.32,39.59
5449,2024-06-05,600519,1652.0,1644.0,1658.68,1643.03,19056,3140824328.0,0.95,-0.56,-9.2,0.15,1644.0,1658.68,1643.03,245.6,35.7,75.0,14.54,30.54,48.33,40.68
5450,2024-06-06,600519,1643.66,1639.81,1651.99,1635.91,25610,4205700983.0,0.98,-0.25,-4.19,0.2,1639.81,1651.99,1635.91,245.1,29.0,82.12,11.83,33.5,46.63,44.14
5451,2024-06-07,600519,1646.13,1619.18,1646.18,1619.01,33525,5453120695.0,1.66,-1.26,-20.63,0.27,1619.18,1646.18,1619.01,247.39,12.59,99.02,5.09,40.03,49.87,50.01
5452,2024-06-11,600519,1602.99,1569.0,1605.0,1567.0,70247,11090577610.0,2.35,-3.1,-50.18,0.56,1569.0,1605.0,1567.0,288.0,12.59,141.08,4.37,48.99,56.38,56.25
5453,2024-06-12,600519,1570.0,1571.68,1590.0,1570.0,33171,5230086503.0,1.27,0.17,2.68,0.26,1571.68,1590.0,1570.0,290.04,12.59,133.92,4.34,46.17,61.76,59.29
5454,2024-06-13,600519,1576.77,1555.01,1576.89,1553.15,36186,5654938942.0,1.51,-1.06,-16.67,0.29,1555.01,1576.89,1553.15,297.48,12.59,149.85,4.23,50.37,68.61,60.97
5455,2024-06-14,600519,1555.0,1555.0,1563.96,1520.46,59514,9177637168.0,2.8,0.0,-0.01,0.47,1555.0,1563.96,1520.46,322.98,12.59,169.46,3.9,52.47,77.06,62.69
5456,2024-06-17,600519,1532.29,1541.5,1548.77,1511.01,48318,7400883243.0,2.43,-0.87,-13.5,0.38,1541.5,1548.77,1511.01,347.53,12.59,169.92,3.62,48.89,83.46,65.04
5457,2024-06-18,600519,1530.89,1521.5,1554.54,1516.68,41258,6317590943.0,2.46,-1.3,-20.0,0.33,1521.5,1554.54,1516.68,373.22,18.36,164.91,4.92,44.19,83.88,66.87
5458,2024-06-19,600519,1497.99,1501.0,1504.0,1482.1,41262,6167728416.0,1.44,-1.35,-20.5,0.33,1501.0,1504.0,1482.1,397.26,13.53,199.49,3.41,50.22,84.49,70.43
5459,2024-06-20,600519,1500.0,1500.1,1516.01,1498.0,24711,3715924984.0,1.2,-0.06,-0.9,0.2,1500.1,1516.01,1498.0,388.89,25.54,183.49,6.57,47.18,83.28,72.52
5460,2024-06-21,600519,1500.5,1471.0,1504.98,1470.22,43320,6418543742.0,2.32,-1.94,-29.1,0.34,1471.0,1504.98,1470.22,408.6,25.54,210.72,6.25,51.57,82.26,75.44
5461,2024-06-24,600519,1423.0,1476.55,1488.99,1414.01,63840,9319362390.0,5.1,0.38,5.55,0.51,1476.55,1488.99,1414.01,467.77,25.54,253.59,5.46,54.21,81.52,79.29
5462,2024-06-25,600519,1477.0,1486.65,1502.99,1477.0,42098,6273919386.0,1.76,0.68,10.1,0.34,1486.65,1502.99,1477.0,474.76,34.46,253.59,7.26,53.41,79.83,81.64
5463,2024-06-26,600519,1480.0,1489.22,1501.07,1477.8,29570,4414601922.0,1.57,0.17,2.57,0.24,1489.22,1501.07,1477.8,482.38,31.78,253.59,6.59,52.57,79.46,81.67
5464,2024-06-27,600519,1492.0,1490.49,1493.97,1468.0,32822,4857959457.0,1.74,0.09,1.27,0.26,1490.49,1493.97,1468.0,492.27,31.78,256.27,6.46,52.06,77.9,81.19
5465,2024-06-28,600519,1480.0,1467.39,1494.49,1464.0,38582,5699649047.0,2.05,-1.55,-23.1,0.31,1467.39,1494.49,1464.0,495.59,31.78,243.37,6.41,49.11,78.12,80.7
5466,2024-07-01,600519,1468.88,1440.38,1472.99,1428.0,32161,4636689118.0,3.07,-1.84,-27.01,0.26,1440.38,1472.99,1428.0,488.4,31.78,227.36,6.51,46.55,77.63,79.95
5467,2024-07-02,600519,1433.0,1490.7,1498.0,1433.0,51853,7659166816.0,4.51,3.49,50.32,0.41,1490.7,1498.0,1433.0,532.4,56.79,227.36,10.67,42.7,74.02,77.77
5468,2024-07-03,600519,1499.0,1500.0,1513.01,1488.02,31573,4740808130.0,1.68,0.62,9.3,0.25,1500.0,1513.01,1488.02,533.65,71.8,210.51,13.45,39.45,69.53,74.68
5469,2024-07-04,600519,1505.0,1485.74,1512.0,1481.13,24380,3637968895.0,2.06,-0.95,-14.26,0.19,1485.74,1512.0,1481.13,521.02,71.8,184.71,13.78,35.45,63.91,71.69
5470,2024-07-05,600519,1479.0,1453.0,1493.18,1450.0,38829,5664477336.0,2.91,-2.2,-32.74,0.31,1453.0,1493.18,1450.0,520.21,71.8,206.39,13.8,39.67,58.99,68.44
5471,2024-07-08,600519,1443.0,1420.0,1457.77,1419.14,39527,5657951348.0,2.66,-2.27,-33.0,0.31,1420.0,1457.77,1419.14,520.98,66.03,237.25,12.67,45.54,55.58,66.85
5472,2024-07-09,600519,1420.0,1438.03,1454.89,1410.1,33621,4807957927.0,3.15,1.27,18.03,0.27,1438.03,1454.89,1410.1,526.37,66.03,211.71,12.54,40.22,51.74,64.69
5473,2024-07-10,600519,1439.25,1437.59,1465.88,1435.0,23763,3436693365.0,2.15,-0.03,-0.44,0.19,1437.59,1465.88,1435.0,539.24,65.01,211.71,12.06,39.26,50.58,62.3
5474,2024-07-11,600519,1449.97,1462.09,1469.0,1440.21,29020,4236960596.0,2.0,1.7,24.5,0.23,1462.09,1469.0,1440.21,535.89,68.13,183.93,12.71,34.32,50.04,59.79
5475,2024-07-12,600519,1473.01,1478.82,1486.4,1465.45,23386,3451132648.0,1.43,1.14,16.73,0.19,1478.82,1486.4,1465.45,485.22,85.53,127.72,17.63,26.32,46.0,54.96
5476,2024-07-15,600519,1470.0,1474.9,1488.0,1470.0,19176,2835374730.0,1.22,-0.27,-3.92,0.15,1474.9,1488.0,1470.0,476.78,73.13,127.72,15.34,26.79,42.47,50.73
5477,2024-07-16,600519,1476.0,1476.0,1482.0,1465.05,20316,2998367128.0,1.15,0.07,1.1,0.16,1476.0,1482.0,1465.05,470.46,73.13,132.67,15.54,28.2,37.88,46.73
5478,2024-07-17,600519,1476.1,1501.4,1503.0,1470.02,34311,5115680654.0,2.23,1.72,25.4,0.27,1501.4,1503.0,1470.02,477.47,94.13,122.87,19.71,25.73,31.35,41.55
5479,2024-07-18,600519,1499.5,1497.51,1515.0,1492.53,28870,4337214601.0,1.5,-0.26,-3.89,0.23,1497.51,1515.0,1492.53,469.45,106.13,118.87,22.61,25.32,23.46,37.02
5480,2024-07-19,600519,1490.81,1525.62,1529.18,1484.01,38943,5888615145.0,3.02,1.88,28.11,0.31,1525.62,1529.18,1484.01,469.63,120.31,82.87,25.62,17.65,18.87,34.46
5481,2024-07-22,600519,1525.03,1499.0,1529.98,1491.65,28543,4300813310.0,2.51,-1.74,-26.62,0.23,1499.0,1529.98,1491.65,442.96,96.1,82.87,21.69,18.71,16.81,31.41
5482,2024-07-23,600519,1499.0,1455.0,1501.0,1455.0,30944,4555460198.0,3.07,-2.94,-44.0,0.25,1455.0,1501.0,1455.0,463.97,81.09,119.52,17.48,25.76,15.47,28.97
5483,2024-07-24,600519,1450.2,1440.02,1463.7,1435.0,24123,3490200973.0,1.97,-1.03,-14.98,0.19,1440.02,1463.7,1435.0,461.8,81.09,132.63,17.56,28.72,14.67,26.28
5484,2024-07-25,600519,1440.02,1430.49,1448.0,1420.01,28347,4054086714.0,1.94,-0.66,-9.53,0.23,1430.49,1448.0,1420.01,446.61,81.09,116.49,18.16,26.08,15.45,23.4
5485,2024-07-26,600519,1430.49,1422.19,1437.72,1410.9,32354,4594928574.0,1.87,-0.58,-8.3,0.26,1422.19,1437.72,1410.9,434.8,81.09,94.74,18.65,21.79,15.8,19.63
5486,2024-07-29,600519,1415.0,1398.02,1421.99,1398.0,30869,4342610100.0,1.69,-1.7,-24.17,0.25,1398.02,1421.99,1398.0,414.2,81.09,98.6,19.58,23.8,14.35,16.61
5487,2024-07-30,600519,1385.98,1379.99,1390.27,1361.3,51779,7103491566.0,2.07,-1.29,-18.03,0.41,1379.99,1390.27,1361.3,420.04,70.1,135.3,16.69,32.21,18.41,17.61
5488,2024-07-31,600519,1373.1,1421.28,1427.27,1373.1,43272,6098149721.0,3.93,2.99,41.29,0.34,1421.28,1427.27,1373.1,442.8,103.98,135.3,23.48,30.56,17.4,16.43
5489,2024-08-01,600519,1418.0,1386.16,1420.0,1384.7,32038,4470988088.0,2.48,-2.47,-35.12,0.26,1386.16,1420.0,1384.7,455.07,86.58,135.3,19.03,29.73,17.04,15.85
5490,2024-08-02,600519,1373.6,1385.45,1396.97,1373.6,21928,3041726372.0,1.69,-0.05,-0.71,0.17,1385.45,1396.97,1373.6,460.44,84.98,146.4,18.46,31.8,18.47,16.96
5491,2024-08-05,600519,1388.88,1410.01,1426.0,1385.52,37736,5327127147.0,2.92,1.77,24.56,0.3,1410.01,1426.0,1385.52,484.04,114.01,141.45,23.55,29.22,18.97,17.38
5492,2024-08-06,600519,1422.0,1404.7,1424.0,1394.01,27444,3860735014.0,2.13,-0.38,-5.31,0.22,1404.7,1424.0,1394.01,481.05,93.01,141.45,19.33,29.4,20.79,17.57
5493,2024-08-07,600519,1405.5,1415.5,1421.99,1398.3,20622,2910580747.0,1.69,0.77,10.8,0.16,1415.5,1421.99,1398.3,482.27,81.01,141.45,16.8,29.33,20.03,19.22
5494,2024-08-08,600519,1411.0,1430.69,1448.18,1409.0,25131,3592705430.0,2.77,1.07,15.19,0.2,1430.69,1448.18,1409.0,476.28,93.02,141.45,19.53,29.7,21.29,19.34
5495,2024-08-09,600519,1460.03,1436.8,1469.0,1436.8,30138,4368705515.0,2.25,0.43,6.11,0.24,1436.8,1469.0,1436.8,476.26,113.04,141.45,23.73,29.7,19.49,18.26
5496,2024-08-12,600519,1430.0,1436.1,1443.0,1426.58,13632,1956573438.0,1.14,-0.05,-0.7,0.11,1436.1,1443.0,1426.58,446.68,113.04,115.02,25.31,25.75,15.21,16.84
5497,2024-08-13,600519,1433.0,1423.01,1435.0,1412.01,16308,2317037756.0,1.6,-0.91,-13.09,0.13,1423.01,1435.0,1412.01,442.07,113.04,109.59,25.57,24.79,13.68,16.32
5498,2024-08-14,600519,1423.01,1413.3,1424.9,1412.02,13414,1898377426.0,0.91,-0.68,-9.71,0.11,1413.3,1424.9,1412.02,426.96,113.04,94.6,26.48,22.16,11.71,16.25
5499,2024-08-15,600519,1405.03,1426.89,1435.99,1403.95,23039,3275699572.0,2.27,0.96,13.59,0.18,1426.89,1435.99,1403.95,432.18,124.13,85.49,28.72,19.78,10.26,15.14
5500,2024-08-16,600519,1426.79,1431.2,1435.92,1417.01,16455,2349825846.0,1.33,0.3,4.31,0.13,1431.2,1435.92,1417.01,426.9,124.13,72.59,29.08,17.0,11.18,16.24
5501,2024-08-19,600519,1432.0,1425.44,1458.88,1425.0,20433,2942106435.0,2.37,-0.4,-5.76,0.16,1425.44,1458.88,1425.0,424.06,147.09,35.89,34.69,8.46,19.45,19.47
5502,2024-08-20,600519,1429.9,1422.72,1429.93,1414.0,18591,2644814344.0,1.12,-0.19,-2.72,0.15,1422.72,1429.93,1414.0,385.82,110.09,46.89,28.53,12.15,26.02,20.61
5503,2024-08-21,600519,1420.0,1417.58,1427.98,1415.69,15092,2144746551.0,0.86,-0.36,-5.14,0.12,1417.58,1427.98,1415.69,361.53,110.09,46.89,30.45,12.97,32.47,23.07
5504,2024-08-22,600519,1416.0,1410.05,1420.0,1400.01,19527,2750868073.0,1.41,-0.53,-7.53,0.16,1410.05,1420.0,1400.01,358.15,110.09,51.47,30.74,14.37,37.03,24.37
5505,2024-08-23,600519,1408.0,1414.99,1423.5,1406.12,15320,2166499202.0,1.23,0.35,4.94,0.12,1414.99,1423.5,1406.12,334.98,84.56,51.47,25.24,15.37,38.02,24.14
5506,2024-08-26,600519,1417.0,1412.0,1423.86,1403.15,15628,2207595461.0,1.46,-0.21,-2.99,0.12,1412.0,1423.86,1403.15,325.7,84.56,54.44,25.96,16.71,37.26,24.22
5507,2024-08-27,600519,1412.0,1404.07,1413.0,1401.11,13657,1920770570.0,0.84,-0.56,-7.93,0.11,1404.07,1413.0,1401.11,313.9,84.56,56.48,26.94,17.99,30.45,24.95
5508,2024-08-28,600519,1404.07,1389.0,1406.0,1375.0,31664,4388025875.0,2.21,-1.07,-15.07,0.25,1389.0,1406.0,1375.0,305.72,58.37,82.59,19.09,27.01,26.6,26.31
5509,2024-08-29,600519,1380.0,1413.3,1418.0,1380.0,27472,3864270621.0,2.74,1.75,24.3,0.22,1413.3,1418.0,1380.0,305.41,49.55,82.59,16.22,27.04,24.06,28.26
5510,2024-08-30,600519,1413.0,1443.19,1458.07,1405.0,38739,5576118649.0,3.76,2.11,29.89,0.31,1443.19,1458.07,1405.0,342.06,89.62,72.37,26.2,21.16,19.79,28.41
5511,2024-09-02,600519,1430.0,1395.0,1438.0,1395.0,34135,4801049927.0,2.98,-3.34,-48.19,0.27,1395.0,1438.0,1395.0,366.16,89.62,67.8,24.48,18.52,18.05,28.03
5512,2024-09-03,600519,1398.0,1410.0,1414.98,1393.02,17888,2516125842.0,1.57,1.08,15.0,0.14,1410.0,1414.98,1393.02,375.24,89.62,69.78,23.88,18.6,16.51,26.89
5513,2024-09-04,600519,1402.0,1400.0,1419.19,1399.74,14211,1995221417.0,1.38,-0.71,-10.0,0.11,1400.0,1419.19,1399.74,362.65,82.74,69.78,22.82,19.24,14.61,22.53
5514,2024-09-05,600519,1400.5,1404.88,1407.0,1397.0,14503,2033680839.0,0.71,0.35,4.88,0.12,1404.88,1407.0,1397.0,353.74,82.74,72.52,23.39,20.5,12.84,19.72
5515,2024-09-06,600519,1405.0,1398.0,1406.0,1398.0,10321,1445537257.0,0.57,-0.49,-6.88,0.08,1398.0,1406.0,1398.0,327.86,59.78,72.52,18.23,22.12,10.28,17.17
5516,2024-09-09,600519,1380.01,1375.0,1393.71,1370.08,28638,3950086825.0,1.69,-1.65,-23.0,0.23,1375.0,1393.71,1370.08,339.85,59.78,89.44,17.59,26.32,11.82,15.8
5517,2024-09-10,600519,1370.02,1378.0,1393.0,1370.02,19803,2737295644.0,1.67,0.22,3.0,0.16,1378.0,1393.0,1370.02,350.54,59.78,89.5,17.05,25.53,12.82,15.43
5518,2024-09-11,600519,1375.6,1380.0,1385.88,1365.0,20996,2892932794.0,1.52,0.15,2.0,0.17,1380.0,1385.88,1365.0,351.43,59.78,78.84,17.01,22.43,13.04,14.77
5519,2024-09-12,600519,1380.0,1335.06,1385.0,1334.91,47948,6482445000.0,3.63,-3.26,-44.94,0.38,1335.06,1385.0,1334.91,384.14,56.28,108.93,14.65,28.36,16.94,15.77
5520,2024-09-13,600519,1331.0,1304.13,1332.0,1297.3,56005,7329376917.0,2.6,-2.32,-30.93,0.45,1304.13,1332.0,1297.3,401.19,56.28,143.57,14.03,35.79,23.12,17.98
5521,2024-09-18,600519,1300.0,1266.9,1300.01,1266.66,46185,5895948011.0,2.56,-2.85,-37.23,0.37,1266.9,1300.01,1266.66,426.77,56.28,172.17,13.19,40.34,29.97,20.12
5522,2024-09-19,600519,1262.0,1261.0,1292.88,1245.83,59988,7623739997.0,3.71,-0.47,-5.9,0.48,1261.0,1292.88,1245.83,442.82,56.28,166.89,12.71,37.69,34.92,23.37
5523,2024-09-20,600519,1261.5,1263.92,1273.9,1250.03,39982,5038507835.0,1.89,0.23,2.92,0.32,1263.92,1273.9,1250.03,428.69,44.28,166.89,10.33,38.93,41.28,27.05
5524,2024-09-23,600519,1268.0,1261.54,1293.5,1260.66,45550,5809791682.0,2.6,-0.19,-2.38,0.36,1261.54,1293.5,1260.66,408.46,23.81,166.89,5.83,40.86,51.49,32.26
5525,2024-09-24,600519,1285.09,1372.6,1373.0,1265.09,100413,13297277523.0,8.55,8.8,111.06,0.8,1372.6,1373.0,1265.09,471.73,103.31,156.89,21.9,33.26,49.61,33.27
5526,2024-09-25,600519,1400.05,1399.0,1427.0,1396.71,73954,10420109655.0,2.21,1.92,26.4,0.59,1399.0,1427.0,1396.71,504.17,157.31,154.91,31.2,30.73,42.46,32.79
5527,2024-09-26,600519,1399.96,1529.0,1529.87,1396.0,97278,14269262657.0,9.57,9.29,130.0,0.77,1529.0,1529.87,1396.0,618.59,255.97,154.91,41.38,25.04,38.1,34.04
5528,2024-09-27,600519,1600.0,1629.2,1629.2,1565.36,87922,14050260569.0,4.18,6.55,100.2,0.7,1629.2,1629.2,1565.36,708.79,355.3,152.17,50.13,21.47,36.51,35.71
5529,2024-09-30,600519,1692.0,1748.0,1759.88,1652.0,157293,26982747037.0,6.62,7.29,118.8,1.25,1748.0,1759.88,1652.0,831.47,485.98,152.17,58.45,18.3,35.55,38.41
5530,2024-10-08,600519,1910.0,1723.0,1910.0,1680.18,194709,35114075007.0,13.15,-1.43,-25.0,1.55,1723.0,1910.0,1680.18,1033.37,636.1,124.25,61.56,12.02,34.27,42.88
5531,2024-10-09,600519,1700.0,1595.15,1700.0,1590.0,120197,19708432734.0,6.38,-7.42,-127.85,0.96,1595.15,1700.0,1590.0,1143.39,636.1,214.37,55.63,18.75,39.1,44.35
5532,2024-10-10,600519,1622.26,1640.0,1668.08,1591.0,74603,12198964035.0,4.83,2.81,44.85,0.59,1640.0,1668.08,1591.0,1199.59,636.1,209.35,53.03,17.45,47.39,44.92
5533,2024-10-11,600519,1615.4,1604.99,1639.96,1590.0,41915,6764982707.0,3.05,-2.13,-35.01,0.33,1604.99,1639.96,1590.0,1199.5,636.1,180.26,53.03,15.03,52.59,45.35
5534,2024-10-14,600519,1613.0,1601.99,1620.63,1581.17,44812,7181350822.0,2.46,-0.19,-3.0,0.36,1601.99,1620.63,1581.17,1201.2,636.1,151.48,52.96,12.61,56.18,46.34
5535,2024-10-15,600519,1599.0,1554.25,1600.99,1553.01,43571,6884141869.0,3.0,-2.98,-47.74,0.35,1554.25,1600.99,1553.01,1212.71,636.1,149.0,52.45,12.29,57.8,46.68
5536,2024-10-16,600519,1540.88,1522.5,1549.8,1510.0,46664,7140169692.0,2.56,-2.04,-31.75,0.37,1522.5,1549.8,1510.0,1209.91,636.1,171.18,52.57,14.15,56.18,45.22
5537,2024-10-17,600519,1537.0,1494.6,1537.66,1493.41,39460,5964778958.0,2.91,-1.83,-27.9,0.31,1494.6,1537.66,1493.41,1230.29,636.1,187.77,51.7,15.26,56.98,48.04
5538,2024-10-18,600519,1493.0,1541.0,1567.84,1478.96,68619,10418043492.0,5.95,3.1,46.4,0.55,1541.0,1567.84,1478.96,1286.33,646.68,187.77,50.27,14.6,57.74,52.56
5539,2024-10-21,600519,1541.21,1528.8,1549.97,1521.21,42008,6433918335.0,1.87,-0.79,-12.2,0.33,1528.8,1549.97,1521.21,1203.63,567.18,187.77,47.12,15.6,56.81,54.7
5540,2024-10-22,600519,1526.56,1543.0,1560.18,1524.2,36269,5607826492.0,2.35,0.93,14.2,0.29,1543.0,1560.18,1524.2,1185.21,523.39,187.77,44.16,15.84,54.42,55.3
5541,2024-10-23,600519,1544.11,1567.5,1576.95,1532.0,40088,6259600035.0,2.91,1.59,24.5,0.32,1567.5,1576.95,1532.0,1096.29,437.29,187.77,39.89,17.13,50.73,54.26
5542,2024-10-24,600519,1561.0,1552.2,1575.0,1545.01,23923,3723973209.0,1.91,-0.98,-15.3,0.19,1552.2,1575.0,1545.01,1026.08,337.96,187.77,32.94,18.3,45.89,51.03
5543,2024-10-25,600519,1547.0,1558.85,1574.79,1546.01,27745,4328271351.0,1.85,0.43,6.65,0.22,1558.85,1574.79,1546.01,924.18,207.28,187.77,22.43,20.32,37.65,47.31
5544,2024-10-28,600519,1560.0,1565.0,1565.0,1522.23,39121,6064453668.0,2.74,0.39,6.15,0.31,1565.0,1565.0,1522.23,737.13,57.16,211.55,7.75,28.7,38.06,47.9
5545,2024-10-29,600519,1560.0,1531.62,1580.0,1530.0,41166,6368105233.0,3.19,-2.13,-33.38,0.33,1531.62,1580.0,1530.0,654.13,72.16,121.37,11.03,18.55,33.92,45.36
5546,2024-10-30,600519,1525.0,1532.0,1551.19,1523.41,32006,4913175983.0,1.81,0.02,0.38,0.25,1532.0,1551.19,1523.41,604.83,72.16,127.96,11.93,21.16,30.7,42.56
5547,2024-10-31,600519,1532.15,1527.79,1540.0,1520.0,29957,4575545180.0,1.31,-0.27,-4.21,0.24,1527.79,1540.0,1520.0,574.83,72.16,130.37,12.55,22.68,28.84,39.78
5548,2024-11-01,600519,1521.0,1533.75,1545.13,1520.8,32284,4954302212.0,1.59,0.39,5.96,0.26,1533.75,1545.13,1520.8,559.7,77.29,121.54,13.81,21.72,27.78,36.84
5549,2024-11-04,600519,1544.93,1548.2,1550.0,1528.06,29093,4481761764.0,1.43,0.94,14.45,0.23,1548.2,1550.0,1528.06,532.66,82.16,93.38,15.42,17.53,28.03,32.84
5550,2024-11-05,600519,1540.0,1576.99,1577.7,1536.01,45640,7134443464.0,2.69,1.86,28.79,0.36,1576.99,1577.7,1536.01,530.1,109.86,50.37,20.72,9.5,24.64,31.35
5551,2024-11-06,600519,1575.0,1571.0,1588.99,1561.22,37631,5916917616.0,1.76,-0.38,-5.99,0.3,1571.0,1588.99,1561.22,513.62,121.15,33.78,23.59,6.58,29.8,31.86
5552,2024-11-07,600519,1562.46,1649.14,1653.5,1562.3,74739,12074951757.0,5.81,4.97,78.14,0.59,1649.14,1653.5,1562.3,515.94,155.48,33.78,30.14,6.55,35.87,33.28
5553,2024-11-08,600519,1660.89,1609.97,1667.11,1601.01,60771,9885645907.0,4.01,-2.38,-39.17,0.48,1609.97,1667.11,1601.01,553.28,169.09,33.78,30.56,6.11,42.19,35.52
5554,2024-11-11,600519,1590.0,1598.01,1609.95,1567.19,43854,6957095385.0,2.66,-0.74,-11.96,0.35,1598.01,1609.95,1567.19,560.08,158.88,67.6,28.37,12.07,45.2,36.49
5555,2024-11-12,600519,1589.0,1577.2,1623.0,1573.95,49223,7844798676.0,3.07,-1.3,-20.81,0.39,1577.2,1623.0,1573.95,564.18,155.16,67.6,27.5,11.98,50.69,39.36
5556,2024-11-13,600519,1568.0,1578.5,1586.66,1561.28,29125,4594445032.0,1.61,0.08,1.3,0.23,1578.5,1586.66,1561.28,559.57,155.16,80.27,27.73,14.34,49.8,37.22
5557,2024-11-14,600519,1570.0,1573.8,1594.45,1565.65,29248,4617144097.0,1.82,-0.3,-4.7,0.23,1573.8,1594.45,1565.65,559.59,162.95,80.27,29.12,14.34,46.07,37.93
5558,2024-11-15,600519,1569.0,1559.0,1583.8,1553.0,33761,5295326892.0,1.96,-0.94,-14.8,0.27,1559.0,1583.8,1553.0,547.62,162.95,69.14,29.76,12.63,42.09,38.98
5559,2024-11-18,600519,1562.0,1559.0,1575.99,1555.0,27092,4237197499.0,1.35,0.0,0.0,0.22,1559.0,1575.99,1555.0,518.61,147.95,69.14,28.53,13.33,37.02,39.61
5560,2024-11-19,600519,1565.0,1541.92,1569.37,1525.0,33266,5138831155.0,2.85,-1.1,-17.08,0.26,1541.92,1569.37,1525.0,535.2,147.95,92.55,27.64,17.29,34.14,39.67
5561,2024-11-20,600519,1543.0,1544.81,1553.97,1531.3,21345,3292675257.0,1.47,0.19,2.89,0.17,1544.81,1553.97,1531.3,537.87,147.95,89.14,27.51,16.57,31.73,41.21
5562,2024-11-21,600519,1543.87,1545.13,1548.99,1532.0,18262,2810933515.0,1.1,0.02,0.32,0.15,1545.13,1548.99,1532.0,530.53,142.82,89.14,26.92,16.8,30.28,40.04
5563,2024-11-22,600519,1541.15,1507.82,1547.77,1507.82,33436,5107288992.0,2.59,-2.41,-37.31,0.27,1507.82,1547.77,1507.82,548.54,137.95,113.32,25.15,20.66,26.25,36.16
5564,2024-11-25,600519,1511.0,1498.57,1532.0,1496.67,33186,5011136234.0,2.34,-0.61,-9.25,0.26,1498.57,1532.0,1496.67,542.18,110.25,124.47,20.33,22.96,20.52,31.31
5565,2024-11-26,600519,1498.57,1509.0,1518.88,1488.88,25745,3876885984.0,2.0,0.7,10.43,0.2,1509.0,1518.88,1488.88,544.41,98.96,132.26,18.18,24.29,16.87,26.95
5566,2024-11-27,600519,1509.0,1519.05,1522.15,1505.0,25934,3927607772.0,1.14,0.67,10.05,0.21,1519.05,1522.15,1505.0,470.36,37.72,132.26,8.02,28.12,22.3,28.22
5567,2024-11-28,600519,1522.0,1518.0,1524.99,1502.0,23952,3627662382.0,1.51,-0.07,-1.05,0.19,1518.0,1524.99,1502.0,427.25,24.11,135.26,5.64,31.66,29.79,30.76
5568,2024-11-29,600519,1517.0,1525.74,1555.0,1513.21,36088,5534035503.0,2.75,0.51,7.74,0.29,1525.74,1555.0,1513.21,426.26,54.12,101.44,12.7,23.8,31.01,30.65
5569,2024-12-02,600519,1526.0,1525.0,1529.99,1515.1,26820,4086609952.0,0.98,-0.05,-0.74,0.21,1525.0,1529.99,1515.1,392.1,41.07,101.44,10.47,25.87,36.43,31.34
5570,2024-12-03,600519,1524.0,1526.74,1528.9,1516.08,24807,3777197199.0,0.84,0.11,1.74,0.2,1526.74,1528.9,1516.08,379.54,41.07,88.77,10.82,23.39,41.55,31.04
5571,2024-12-04,600519,1520.07,1520.0,1523.66,1510.0,23924,3626565544.0,0.89,-0.44,-6.74,0.19,1520.0,1523.66,1510.0,367.48,33.28,94.85,9.06,25.81,47.16,32.01
5572,2024-12-05,600519,1510.86,1511.0,1517.86,1510.0,16141,2441318387.0,0.52,-0.59,-9.0,0.13,1511.0,1517.86,1510.0,346.68,33.28,82.2,9.6,23.71,44.95,33.63
5573,2024-12-06,600519,1513.0,1521.01,1538.9,1508.07,32040,4883148600.0,2.04,0.66,10.01,0.26,1521.01,1538.9,1508.07,356.52,54.32,82.2,15.24,23.06,36.73,33.26
5574,2024-12-09,600519,1522.02,1518.8,1529.72,1513.2,19800,3008173586.0,1.09,-0.15,-2.21,0.16,1518.8,1529.72,1513.2,328.67,54.32,52.2,16.53,15.88,31.99,31.5
5575,2024-12-10,600519,1570.0,1546.59,1579.73,1545.18,60312,9421340719.0,2.27,1.83,27.79,0.48,1546.59,1579.73,1545.18,366.93,104.33,52.2,28.43,14.23,30.48,33.46
5576,2024-12-11,600519,1540.0,1535.6,1555.0,1530.98,29671,4569662604.0,1.55,-0.71,-10.99,0.24,1535.6,1555.0,1530.98,373.96,104.33,66.4,27.9,17.76,28.06,34.8
5577,2024-12-12,600519,1532.02,1565.8,1566.0,1529.0,41937,6510547810.0,2.41,1.97,30.2,0.33,1565.8,1566.0,1529.0,371.01,115.33,42.22,31.09,11.38,27.78,37.47
5578,2024-12-13,600519,1550.01,1519.0,1554.99,1518.88,49512,7580908315.0,2.31,-2.99,-46.8,0.39,1519.0,1554.99,1518.88,382.6,115.33,41.19,30.14,10.77,28.62,36.78
5579,2024-12-16,600519,1521.0,1527.2,1529.0,1510.71,32537,4945298799.0,1.2,0.54,8.2,0.26,1527.2,1529.0,1510.71,370.89,115.33,41.57,31.1,11.21,33.05,34.89
5580,2024-12-17,600519,1525.99,1558.0,1569.0,1521.01,54172,8398945449.0,3.14,2.02,30.8,0.43,1558.0,1569.0,1521.01,401.73,152.06,41.57,37.85,10.35,42.23,37.11
5581,2024-12-18,600519,1557.97,1571.5,1577.0,1547.1,41162,6440801971.0,1.92,0.87,13.5,0.33,1571.5,1577.0,1547.1,408.64,160.06,38.57,39.17,9.44,46.87,38.67
5582,2024-12-19,600519,1565.14,1551.01,1567.93,1550.33,24809,3862602665.0,1.12,-1.3,-20.49,0.2,1551.01,1567.93,1550.33,388.02,130.05,38.57,33.52,9.94,52.21,40.13
5583,2024-12-20,600519,1531.13,1522.0,1541.8,1520.02,28158,4307425535.0,1.4,-1.87,-29.01,0.22,1522.0,1541.8,1520.02,404.12,130.05,68.88,32.18,17.04,49.6,38.69
5584,2024-12-23,600519,1523.0,1526.45,1538.0,1517.0,21603,3300971424.0,1.38,0.29,4.45,0.17,1526.45,1538.0,1517.0,412.3,130.05,71.9,31.54,17.44,46.51,37.56
5585,2024-12-24,600519,1525.0,1538.82,1544.0,1521.59,22105,3394160299.0,1.47,0.81,12.37,0.18,1538.82,1544.0,1521.59,417.97,136.05,65.82,32.55,15.75,44.47,38.76
5586,2024-12-25,600519,1538.8,1530.0,1538.8,1526.1,17123,2621061878.0,0.83,-0.57,-8.82,0.14,1530.0,1538.8,1526.1,420.69,136.05,65.82,32.34,15.65,40.76,41.49
5587,2024-12-26,600519,1534.0,1527.79,1538.78,1523.0,18287,2798840003.0,1.03,-0.14,-2.21,0.15,1527.79,1538.78,1523.0,405.64,115.01,68.92,28.35,16.99,34.74,40.8
5588,2024-12-27,600519,1528.9,1528.97,1536.0,1519.5,20759,3170191445.0,1.08,0.08,1.18,0.17,1528.97,1536.0,1519.5,405.62,115.01,72.42,28.35,17.85,29.48,40.85
5589,2024-12-30,600519,1533.97,1525.0,1543.96,1525.0,25130,3849542646.0,1.24,-0.26,-3.97,0.2,1525.0,1543.96,1525.0,363.65,72.96,72.42,20.06,19.91,24.42,37.01
5590,2024-12-31,600519,1525.4,1524.0,1545.0,1522.01,39354,6033540366.0,1.51,-0.07,-1.0,0.31,1524.0,1545.0,1522.01,362.62,72.96,61.21,20.12,16.88,21.08,33.79
5591,2025-01-02,600519,1524.0,1488.0,1524.49,1480.0,50029,7490883773.0,2.92,-2.36,-36.0,0.4,1488.0,1524.49,1480.0,370.11,61.96,103.22,16.74,27.89,19.45,31.96
5592,2025-01-03,600519,1494.5,1475.0,1494.99,1467.01,32628,4836610288.0,1.88,-0.87,-13.0,0.26,1475.0,1494.99,1467.01,351.17,61.96,106.09,17.64,30.21,18.02,29.39
5593,2025-01-06,600519,1453.0,1440.0,1462.66,1432.8,44255,6392479712.0,2.02,-2.37,-35.0,0.35,1440.0,1462.66,1432.8,375.08,61.96,132.13,16.52,35.23,19.87,27.31
5594,2025-01-07,600519,1444.66,1440.2,1451.89,1439.0,24221,3494634227.0,0.9,0.01,0.2,0.19,1440.2,1451.89,1439.0,339.98,21.96,132.13,6.46,38.86,28.0,28.74
5595,2025-01-08,600519,1440.0,1442.5,1451.82,1426.66,35258,5071821246.0,1.75,0.16,2.3,0.28,1442.5,1451.82,1426.66,335.24,13.96,144.47,4.16,43.09,41.67,33.05
5596,2025-01-09,600519,1448.99,1444.0,1464.58,1432.98,29706,4295852736.0,2.19,0.1,1.5,0.24,1444.0,1464.58,1432.98,345.67,26.72,144.47,7.73,41.79,51.67,36.38
5597,2025-01-10,600519,1447.1,1436.0,1451.95,1436.0,21872,3154677598.0,1.1,-0.55,-8.0,0.17,1436.0,1451.95,1436.0,330.63,26.72,114.16,8.08,34.53,57.86,38.65
5598,2025-01-13,600519,1425.0,1443.98,1444.44,1422.01,21083,3030806870.0,1.56,0.56,7.98,0.17,1443.98,1444.44,1422.01,332.06,26.72,125.13,8.05,37.68,64.28,41.15
5599,2025-01-14,600519,1444.95,1472.5,1478.68,1442.0,30957,4535651504.0,2.54,1.98,28.52,0.25,1472.5,1478.68,1442.0,346.33,54.96,125.13,15.87,36.13,64.75,42.31
5600,2025-01-15,600519,1467.0,1471.27,1474.6,1460.01,18399,2701518712.0,0.99,-0.08,-1.23,0.15,1471.27,1474.6,1460.01,348.2,54.96,125.13,15.78,35.94,59.33,43.67
5601,2025-01-16,600519,1474.0,1446.38,1482.66,1442.0,26342,3840411437.0,2.76,-1.69,-24.89,0.21,1446.38,1482.66,1442.0,373.08,54.96,140.04,14.73,37.54,52.87,47.27
5602,2025-01-17,600519,1446.39,1454.75,1461.0,1446.38,18309,2663227309.0,1.01,0.58,8.37,0.15,1454.75,1461.0,1446.38,371.2,54.96,136.54,14.81,36.78,48.51,50.09
5603,2025-01-20,600519,1461.0,1474.8,1489.79,1460.0,31410,4647626351.0,2.05,1.38,20.05,0.25,1474.8,1489.79,1460.0,387.28,75.79,136.54,19.57,35.26,42.93,50.39
5604,2025-01-21,600519,1481.0,1468.15,1482.0,1465.0,16856,2481821229.0,1.15,-0.45,-6.65,0.13,1468.15,1482.0,1465.0,381.29,75.79,133.55,19.88,35.03,36.73,50.5
5605,2025-01-22,600519,1463.27,1441.0,1467.95,1438.0,28294,4088101682.0,2.04,-1.85,-27.15,0.23,1441.0,1467.95,1438.0,366.95,75.79,118.54,20.65,32.3,33.9,49.32
5606,2025-01-23,600519,1449.97,1443.0,1468.0,1438.0,27125,3932700850.0,2.08,0.14,2.0,0.22,1443.0,1468.0,1438.0,368.97,75.84,105.55,20.55,28.61,30.14,44.73
5607,2025-01-24,600519,1442.0,1436.0,1447.79,1430.31,31360,4515322685.0,1.21,-0.49,-7.0,0.25,1436.0,1447.79,1430.31,344.25,75.84,79.03,22.03,22.96,23.21,38.04
5608,2025-01-27,600519,1437.0,1434.99,1443.97,1427.02,29356,4213534543.0,1.18,-0.07,-1.01,0.23,1434.99,1443.97,1427.02,348.31,75.84,82.32,21.77,23.63,16.79,32.65
5609,2025-02-05,600519,1440.0,1403.8,1443.0,1402.21,40757,5753730034.0,2.84,-2.17,-31.19,0.32,1403.8,1443.0,1402.21,363.94,75.84,94.79,20.84,26.05,13.87,28.4
5610,2025-02-06,600519,1400.01,1412.84,1421.99,1400.01,27356,3859568163.0,1.57,0.64,9.04,0.22,1412.84,1421.99,1400.01,354.32,63.08,96.99,17.8,27.37,12.8,24.77
5611,2025-02-07,600519,1413.68,1436.0,1442.68,1403.41,37242,5310850624.0,2.78,1.64,23.16,0.3,1436.0,1442.68,1403.41,377.64,83.77,96.99,22.18,25.68,10.36,22.13
5612,2025-02-10,600519,1438.0,1431.51,1440.0,1427.09,20840,2988101756.0,0.9,-0.31,-4.49,0.17,1431.51,1440.0,1427.09,368.12,83.77,83.0,22.76,22.55,7.7,18.92
5613,2025-02-11,600519,1434.95,1418.0,1435.96,1415.9,23573,3348668867.0,1.4,-0.94,-13.51,0.19,1418.0,1435.96,1415.9,351.5,49.53,94.19,14.09,26.8,12.54,17.87
5614,2025-02-12,600519,1418.0,1443.0,1445.0,1416.88,25476,3644170477.0,1.98,1.76,25.0,0.2,1443.0,1445.0,1416.88,365.03,58.57,94.19,16.05,25.8,15.74,16.27
5615,2025-02-13,600519,1443.02,1465.06,1475.25,1434.51,43385,6335985851.0,2.82,1.53,22.06,0.35,1465.06,1475.25,1434.51,365.11,88.82,76.18,24.33,20.86,15.17,14.52
5616,2025-02-14,600519,1465.06,1475.0,1477.0,1458.22,27100,3978694098.0,1.28,0.68,9.94,0.22,1475.0,1477.0,1458.22,369.27,90.57,76.18,24.53,20.63,13.08,12.94
5617,2025-02-17,600519,1481.0,1471.62,1494.98,1467.1,32471,4804663813.0,1.89,-0.23,-3.38,0.26,1471.62,1494.98,1467.1,362.11,79.76,76.18,22.03,21.04,12.24,11.3
5618,2025-02-18,600519,1470.0,1475.0,1492.99,1462.08,27800,4113845397.0,2.1,0.23,3.38,0.22,1475.0,1492.99,1462.08,376.02,79.76,81.2,21.21,21.59,12.31,10.01
5619,2025-02-19,600519,1475.05,1491.0,1494.44,1464.9,32393,4803378441.0,2.0,1.08,16.0,0.26,1491.0,1494.44,1464.9,375.41,81.21,54.2,21.63,14.44,10.46,11.5
5620,2025-02-20,600519,1483.0,1474.0,1491.97,1473.39,23750,3513552984.0,1.25,-1.14,-17.0,0.19,1474.0,1491.97,1473.39,363.99,81.16,54.2,22.3,14.89,9.89,12.82
5621,2025-02-21,600519,1480.0,1488.21,1496.73,1473.01,36418,5418169587.0,1.61,0.96,14.21,0.29,1488.21,1496.73,1473.01,370.23,85.92,46.51,23.21,12.56,13.57,14.37
5622,2025-02-24,600519,1488.0,1479.07,1499.52,1474.0,34744,5157907322.0,1.71,-0.61,-9.14,0.28,1479.07,1499.52,1474.0,378.8,88.71,43.22,23.42,11.41,17.88,15.48
5623,2025-02-25,600519,1470.01,1454.0,1473.39,1452.0,28387,4142814459.0,1.45,-1.69,-25.07,0.23,1454.0,1473.39,1452.0,365.08,88.71,40.41,24.3,11.07,23.73,17.99
5624,2025-02-26,600519,1455.45,1460.01,1464.96,1445.0,26366,3835949041.0,1.37,0.41,6.01,0.21,1460.01,1464.96,1445.0,363.06,88.71,45.21,24.43,12.45,29.0,20.66
5625,2025-02-27,600519,1460.02,1485.56,1489.9,1454.0,49762,7368002361.0,2.46,1.75,25.55,0.4,1485.56,1489.9,1454.0,359.69,92.96,45.21,25.84,12.57,31.43,20.95
5626,2025-02-28,600519,1485.5,1500.79,1528.38,1482.0,56129,8475738166.0,3.12,1.03,15.23,0.45,1500.79,1528.38,1482.0,393.16,131.44,45.21,33.43,11.5,36.25,23.07
5627,2025-03-03,600519,1502.6,1487.02,1520.99,1481.5,31596,4736679903.0,2.63,-0.92,-13.77,0.25,1487.02,1520.99,1481.5,412.59,131.44,34.52,31.86,8.37,41.02,27.3
5628,2025-03-04,600519,1485.0,1470.11,1486.0,1465.21,25211,3710675863.0,1.4,-1.14,-16.91,0.2,1470.11,1486.0,1465.21,406.28,122.4,50.81,30.13,12.51,42.17,30.02
5629,2025-03-05,600519,1472.0,1466.37,1474.0,1460.1,24605,3606932152.0,0.95,-0.25,-3.74,0.2,1466.37,1474.0,1460.1,379.44,92.15,55.92,24.29,14.74,40.01,31.87
5630,2025-03-06,600519,1474.0,1505.98,1510.2,1472.08,42168,6297117400.0,2.6,2.7,39.61,0.34,1505.98,1510.2,1472.08,404.49,126.6,55.92,31.3,13.82,41.05,35.02
5631,2025-03-07,600519,1503.0,1521.0,1528.36,1503.0,37991,5760608729.0,1.68,1.0,15.02,0.3,1521.0,1528.36,1503.0,401.97,126.78,55.92,31.54,13.91,41.75,36.59
5632,2025-03-10,600519,1519.81,1522.9,1526.88,1506.14,31369,4758789260.0,1.36,0.12,1.9,0.25,1522.9,1526.88,1506.14,391.8,126.78,50.9,32.36,12.99,40.74,38.49
5633,2025-03-11,600519,1517.0,1548.68,1548.68,1512.0,39776,6094007854.0,2.41,1.69,25.78,0.32,1548.68,1548.68,1512.0,398.94,147.13,50.9,36.88,12.76,39.1,40.06
5634,2025-03-12,600519,1546.96,1542.58,1549.68,1526.35,29604,4552923644.0,1.51,-0.39,-6.1,0.24,1542.58,1549.68,1526.35,403.69,148.13,50.9,36.69,12.61,40.35,41.26
5635,2025-03-13,600519,1544.0,1537.77,1555.5,1530.88,25724,3966369271.0,1.6,-0.31,-4.81,0.2,1537.77,1555.5,1530.88,404.59,149.19,50.9,36.87,12.58,44.46,42.24
5636,2025-03-14,600519,1547.66,1628.01,1628.01,1541.0,92913,14882842708.0,5.66,5.87,90.24,0.74,1628.01,1628.01,1541.0,469.31,218.91,50.9,46.65,10.85,48.39,44.72
5637,2025-03-17,600519,1657.0,1637.86,1657.99,1626.88,54689,8985138902.0,1.91,0.61,9.85,0.44,1637.86,1657.99,1626.88,473.35,248.89,28.9,52.58,6.11,55.12,48.44
5638,2025-03-18,600519,1645.04,1624.0,1652.0,1621.7,31613,5153210436.0,1.85,-0.85,-13.86,0.25,1624.0,1652.0,1621.7,483.69,248.89,27.08,51.46,5.6,61.4,51.07
5639,2025-03-19,600519,1624.29,1635.71,1648.0,1623.0,27390,4477128770.0,1.54,0.72,11.71,0.22,1635.71,1648.0,1623.0,472.79,223.95,27.08,47.37,5.73,66.37,52.74
5640,2025-03-20,600519,1635.71,1604.0,1637.6,1595.07,36737,5903879207.0,2.6,-1.94,-31.71,0.29,1604.0,1637.6,1595.07,468.94,185.47,55.01,39.55,11.73,67.27,53.81
5641,2025-03-21,600519,1599.0,1573.75,1612.2,1568.83,33614,5324973190.0,2.7,-1.89,-30.25,0.27,1573.75,1612.2,1568.83,472.82,185.47,80.75,39.23,17.08,65.64,55.05
5642,2025-03-24,600519,1570.0,1583.0,1589.66,1562.38,25566,4032223482.0,1.73,0.59,9.25,0.2,1583.0,1589.66,1562.38,478.29,185.47,70.91,38.78,14.83,62.71,55.55
5643,2025-03-25,600519,1588.0,1575.5,1592.8,1566.66,17674,2783286813.0,1.65,-0.47,-7.5,0.14,1575.5,1592.8,1566.66,490.53,188.61,65.8,38.45,13.41,57.56,56.34
5644,2025-03-26,600519,1572.77,1576.0,1582.58,1571.0,14324,2257639750.0,0.74,0.03,0.5,0.11,1576.0,1582.58,1571.0,458.28,152.41,65.8,33.26,14.36,50.78,56.09
5645,2025-03-27,600519,1576.0,1589.0,1598.25,1573.38,17956,2848889210.0,1.58,0.82,13.0,0.14,1589.0,1598.25,1573.38,457.79,149.92,65.8,32.75,14.37,44.2,55.29
5646,2025-03-28,600519,1590.93,1585.21,1593.0,1576.0,16228,2569470015.0,1.07,-0.24,-3.79,0.13,1585.21,1593.0,1576.0,454.05,149.92,65.8,33.02,14.49,41.66,54.47
5647,2025-03-31,600519,1580.98,1561.0,1586.96,1560.06,21085,3311857714.0,1.7,-1.53,-24.21,0.17,1561.0,1586.96,1560.06,444.27,128.12,81.74,28.84,18.4,38.79,52.22
5648,2025-04-01,600519,1564.0,1556.02,1569.89,1552.21,18556,2893739955.0,1.13,-0.32,-4.98,0.15,1556.02,1569.89,1552.21,438.62,127.12,89.59,28.98,20.43,34.23,48.47
5649,2025-04-02,600519,1558.0,1549.02,1567.8,1545.5,21674,3371883024.0,1.43,-0.45,-7.0,0.17,1549.02,1567.8,1545.5,436.3,121.3,96.3,27.8,22.07,28.1,42.83
5650,2025-04-03,600519,1530.0,1568.88,1586.0,1529.01,35481,5557442052.0,3.68,1.28,19.86,0.28,1568.88,1586.0,1529.01,403.05,66.99,96.3,16.62,23.89,24.47,37.63
5651,2025-04-07,600519,1520.01,1500.0,1536.85,1462.0,101953,15314738235.0,4.77,-4.39,-68.88,0.81,1500.0,1536.85,1462.0,478.82,37.01,163.31,7.73,34.11,28.48,36.34
5652,2025-04-08,600519,1513.0,1545.0,1545.0,1495.0,73876,11226977557.0,3.33,3.0,45.0,0.59,1545.0,1545.0,1495.0,498.52,45.16,158.13,9.06,31.72,31.25,36.45
5653,2025-04-09,600519,1525.02,1541.04,1556.8,1520.55,55630,8562928225.0,2.35,-0.26,-3.96,0.44,1541.04,1556.8,1520.55,509.77,56.96,158.13,11.17,31.02,35.4,37.1
5654,2025-04-10,600519,1550.99,1549.0,1555.0,1528.0,38620,5963650791.0,1.75,0.52,7.96,0.31,1549.0,1555.0,1528.0,494.24,56.96,130.2,11.52,26.34,39.04,36.63
5655,2025-04-11,600519,1579.97,1568.98,1579.97,1545.0,32634,5087359924.0,2.26,1.29,19.98,0.26,1568.98,1579.97,1545.0,485.84,81.93,103.96,16.86,21.4,39.1,33.6
5656,2025-04-14,600519,1560.97,1551.99,1566.0,1551.53,21711,3379425640.0,0.92,-1.08,-16.99,0.17,1551.99,1566.0,1551.53,476.01,81.93,97.51,17.21,20.48,37.55,31.01
5657,2025-04-15,600519,1552.0,1558.0,1565.0,1545.0,21489,3339942729.0,1.29,0.39,6.01,0.17,1558.0,1565.0,1545.0,469.87,78.79,104.04,16.77,22.14,29.35,28.92
5658,2025-04-16,600519,1552.0,1559.17,1576.0,1537.0,31156,4834880596.0,2.5,0.08,1.17,0.25,1559.17,1576.0,1537.0,497.29,89.79,104.04,18.06,20.92,21.31,26.28
5659,2025-04-17,600519,1554.0,1570.0,1576.5,1549.99,23846,3733924973.0,1.7,0.69,10.83,0.19,1570.0,1576.5,1549.99,498.93,74.62,104.04,14.96,20.85,16.22,25.81
5660,2025-04-18,600519,1566.0,1565.94,1575.0,1556.0,20298,3179974340.0,1.21,-0.26,-4.06,0.16,1565.94,1575.0,1556.0,500.93,74.62,104.04,14.9,20.77,12.44,25.74
5661,2025-04-21,600519,1565.5,1551.0,1565.5,1551.0,18057,2808158177.0,0.93,-0.95,-14.94,0.14,1551.0,1565.5,1551.0,488.97,74.62,93.1,15.26,19.04,12.3,25.7
5662,2025-04-22,600519,1550.0,1548.8,1556.3,1543.21,18432,2857525967.0,0.84,-0.14,-2.2,0.15,1548.8,1556.3,1543.21,484.38,74.62,93.04,15.41,19.21,12.68,25.12
5663,2025-04-23,600519,1559.0,1552.0,1559.22,1545.0,18669,2895468892.0,0.92,0.21,3.2,0.15,1552.0,1559.22,1545.0,476.3,77.54,86.33,16.28,18.13,11.28,20.31
5664,2025-04-24,600519,1552.0,1552.25,1560.68,1548.98,14872,2313372072.0,0.75,0.02,0.25,0.12,1552.25,1560.68,1548.98,431.01,60.8,86.33,14.11,20.03,12.94,17.13
5665,2025-04-25,600519,1557.1,1550.0,1561.2,1550.0,14765,2295029705.0,0.72,-0.14,-2.25,0.12,1550.0,1561.2,1550.0,335.33,61.32,19.32,18.29,5.76,18.88,17.55
5666,2025-04-28,600519,1552.0,1550.0,1555.0,1546.6,14660,2274252465.0,0.54,0.0,0.0,0.12,1550.0,1555.0,1546.6,293.73,53.17,22.72,18.1,7.73,22.82,17.63
5667,2025-04-29,600519,1550.0,1544.0,1552.54,1532.02,18922,2917422938.0,1.32,-0.39,-6.0,0.15,1544.0,1552.54,1532.02,278.0,41.37,37.3,14.88,13.42,21.85,17.07
5668,2025-04-30,600519,1549.99,1547.0,1566.66,1546.3,25754,4005439429.0,1.32,0.19,3.0,0.21,1547.0,1566.66,1546.3,273.66,55.49,37.3,20.28,13.63,23.28,17.98
5669,2025-05-06,600519,1559.0,1550.2,1559.0,1544.33,18300,2838614215.0,0.95,0.21,3.2,0.15,1550.2,1559.0,1544.33,253.36,30.52,39.27,12.05,15.5,24.48,17.88
5670,2025-05-07,600519,1570.0,1555.0,1570.0,1550.2,27462,4275142569.0,1.28,0.31,4.8,0.22,1555.0,1570.0,1550.2,255.71,41.52,39.27,16.24,15.36,22.05,17.5
5671,2025-05-08,600519,1553.0,1578.19,1592.78,1549.83,33481,5265446444.0,2.76,1.49,23.19,0.27,1578.19,1592.78,1549.83,278.66,64.3,32.74,23.07,11.75,18.79,18.83
5672,2025-05-09,600519,1578.99,1591.18,1597.45,1575.05,23672,3757574546.0,1.42,0.82,12.99,0.19,1591.18,1597.45,1575.05,262.06,57.97,32.74,22.12,12.49,16.74,19.78
5673,2025-05-12,600519,1598.0,1604.5,1618.93,1596.61,24735,3967785800.0,1.4,0.84,13.32,0.2,1604.5,1618.93,1596.61,263.3,78.95,32.74,29.98,12.43,22.77,22.31
5674,2025-05-13,600519,1608.92,1590.3,1608.92,1585.11,21258,3386617848.0,1.48,-0.89,-14.2,0.17,1590.3,1608.92,1585.11,268.11,78.95,44.24,29.45,16.5,24.2,23.74
5675,2025-05-14,600519,1590.0,1634.99,1645.0,1588.18,39460,6394735058.0,3.57,2.81,44.69,0.31,1634.99,1645.0,1588.18,309.99,115.03,39.24,37.11,12.66,30.3,27.39
5676,2025-05-15,600519,1634.8,1632.01,1643.59,1624.13,24733,4043402636.0,1.19,-0.18,-2.98,0.2,1632.01,1643.59,1624.13,316.36,115.03,31.45,36.36,9.94,39.35,30.7
5677,2025-05-16,600519,1633.99,1614.13,1636.99,1614.13,22935,3714508659.0,1.4,-1.1,-17.88,0.18,1614.13,1636.99,1614.13,325.0,112.11,41.45,34.5,12.75,41.59,30.19
5678,2025-05-19,600519,1596.0,1578.98,1600.0,1573.88,38063,6021950010.0,1.62,-2.18,-35.15,0.3,1578.98,1600.0,1573.88,353.55,110.65,81.7,31.3,23.11,39.47,28.1
5679,2025-05-20,600519,1580.0,1586.0,1594.8,1575.1,19522,3095742637.0,1.25,0.44,7.02,0.16,1586.0,1594.8,1575.1,362.05,110.13,81.7,30.42,22.57,35.04,28.91
5680,2025-05-21,600519,1585.0,1580.97,1595.94,1580.97,19795,3143941416.0,0.94,-0.32,-5.03,0.16,1580.97,1595.94,1580.97,368.62,111.27,78.3,30.19,21.24,33.24,28.72
5681,2025-05-22,600519,1580.99,1580.0,1584.99,1570.1,15090,2381236586.0,0.94,-0.06,-0.97,0.12,1580.0,1584.99,1570.1,362.99,111.27,74.59,30.65,20.55,28.35,29.32
5682,2025-05-23,600519,1575.2,1572.6,1587.9,1571.66,21537,3399424961.0,1.03,-0.47,-7.4,0.17,1572.6,1587.9,1571.66,356.57,100.06,74.59,28.06,20.92,21.27,30.31
5683,2025-05-26,600519,1570.0,1550.5,1574.63,1545.0,27087,4212944430.0,1.88,-1.41,-22.1,0.22,1550.5,1574.63,1545.0,371.53,100.06,99.28,26.93,26.72,13.66,27.63
5684,2025-05-27,600519,1551.0,1543.9,1558.6,1543.51,17752,2748945675.0,0.97,-0.43,-6.6,0.14,1543.9,1558.6,1543.51,366.82,89.06,100.77,24.28,27.47,12.18,25.82
5685,2025-05-28,600519,1543.99,1537.0,1546.46,1533.0,16266,2504624605.0,0.87,-0.45,-6.9,0.13,1537.0,1546.46,1533.0,337.33,66.28,111.28,19.65,32.99,13.94,24.49
5686,2025-05-29,600519,1540.0,1540.0,1555.0,1532.0,21860,3375465796.0,1.5,0.2,3.0,0.17,1540.0,1555.0,1532.0,337.93,70.15,111.28,20.76,32.93,14.82,24.03
5687,2025-05-30,600519,1540.15,1522.0,1545.0,1515.24,31239,4764875947.0,1.93,-1.17,-18.0,0.25,1522.0,1545.0,1515.24,339.94,48.67,128.04,14.32,37.67,19.01,23.68
5688,2025-06-03,600519,1508.01,1509.0,1519.0,1505.02,28979,4377892799.0,0.92,-0.85,-13.0,0.23,1509.0,1519.0,1505.02,333.11,48.67,126.76,14.61,38.05,24.0,22.63
5689,2025-06-04,600519,1510.5,1509.96,1523.0,1509.22,23008,3480363797.0,0.91,0.06,0.96,0.18,1509.96,1523.0,1509.22,290.29,16.59,126.76,5.71,43.67,36.74,25.2
5690,2025-06-05,600519,1514.0,1514.0,1516.0,1502.2,23214,3504925524.0,0.91,0.27,4.04,0.18,1514.0,1516.0,1502.2,284.63,16.59,133.78,5.83,47.0,48.71,30.44
5691,2025-06-06,600519,1513.8,1506.39,1518.97,1503.0,25023,3777727616.0,1.05,-0.5,-7.61,0.2,1506.39,1518.97,1503.0,277.74,19.56,123.78,7.04,44.57,56.6,35.27
5692,2025-06-09,600519,1505.02,1486.11,1508.7,1485.68,44959,6723839138.0,1.53,-1.35,-20.28,0.36,1486.11,1508.7,1485.68,260.51,19.56,100.85,7.51,38.71,64.07,39.44
5693,2025-06-10,600519,1486.0,1475.01,1492.0,1474.8,30492,4511934584.0,1.16,-0.75,-11.1,0.24,1475.01,1492.0,1474.8,258.01,19.56,111.73,7.58,43.3,68.29,43.65
5694,2025-06-11,600519,1476.8,1480.0,1494.0,1476.1,30893,4585522755.0,1.21,0.34,4.99,0.25,1480.0,1494.0,1476.1,262.03,20.42,111.73,7.79,42.64,72.38,48.19
5695,2025-06-12,600519,1480.0,1459.0,1483.87,1454.1,49904,7306800800.0,2.01,-1.42,-21.0,0.4,1459.0,1483.87,1454.1,276.91,20.42,122.86,7.37,44.37,71.49,54.12
5696,2025-06-13,600519,1444.41,1426.95,1449.97,1425.06,59113,8466515559.0,1.71,-2.2,-32.05,0.47,1426.95,1449.97,1425.06,294.61,17.51,151.9,5.94,51.56,71.72,60.21
5697,2025-06-16,600519,1401.2,1422.29,1425.04,1401.18,42888,6060448438.0,1.67,-0.33,-4.66,0.34,1422.29,1425.04,1401.18,290.75,17.51,149.12,6.02,51.29,72.77,64.68
5698,2025-06-17,600519,1420.0,1427.0,1427.0,1412.18,27232,3868364671.0,1.04,0.33,4.71,0.22,1427.0,1427.0,1412.18,290.48,19.47,147.63,6.7,50.82,74.3,69.19
5699,2025-06-18,600519,1440.0,1425.0,1443.44,1421.01,30761,4404131364.0,1.57,-0.14,-2.0,0.24,1425.0,1443.44,1421.01,299.45,35.91,137.12,11.99,45.79,72.35,70.32
5700,2025-06-19,600519,1426.0,1426.0,1433.67,1417.18,24501,3490268568.0,1.16,0.07,1.0,0.2,1426.0,1433.67,1417.18,292.94,27.37,140.95,9.34,48.12,72.08,72.23
5701,2025-06-20,600519,1423.58,1428.66,1441.14,1420.2,34816,4990683314.0,1.47,0.19,2.66,0.28,1428.66,1441.14,1420.2,284.12,34.84,124.19,12.26,43.71,69.53,70.51
5702,2025-06-23,600519,1420.0,1420.0,1433.0,1405.18,26723,3794012343.0,1.95,-0.61,-8.66,0.21,1420.0,1433.0,1405.18,294.96,34.84,128.99,11.81,43.73,65.88,68.8
5703,2025-06-24,600519,1423.35,1437.2,1451.68,1423.35,36312,5229183514.0,2.0,1.21,17.2,0.29,1437.2,1451.68,1423.35,312.64,49.52,128.99,15.84,41.26,60.14,66.45
5704,2025-06-25,600519,1439.11,1435.86,1449.2,1420.51,41050,5869292227.0,2.0,-0.09,-1.34,0.33,1435.86,1449.2,1420.51,327.53,49.52,124.81,15.12,38.11,54.56,64.43
5705,2025-06-26,600519,1415.0,1420.0,1428.0,1410.08,34860,4955829982.0,1.25,-1.1,-15.86,0.28,1420.0,1428.0,1410.08,337.34,46.55,135.24,13.8,40.09,52.94,62.64
5706,2025-06-27,600519,1420.01,1403.09,1423.0,1403.09,38250,5404312675.0,1.4,-1.19,-16.91,0.3,1403.09,1423.0,1403.09,334.23,46.55,124.91,13.93,37.37,49.31,60.69
5707,2025-06-30,600519,1403.5,1409.52,1413.23,1402.0,30457,4287373691.0,0.8,0.46,6.43,0.24,1409.52,1413.23,1402.0,328.26,46.55,115.12,14.18,35.07,47.01,58.27
5708,2025-07-01,600519,1409.0,1405.1,1411.94,1403.31,19878,2794423203.0,0.61,-0.31,-4.42,0.16,1405.1,1411.94,1403.31,317.9,44.55,115.12,14.01,36.21,44.8,55.34
5709,2025-07-02,600519,1409.5,1409.6,1414.8,1400.0,26218,3689246316.0,1.05,0.32,4.5,0.21,1409.6,1414.8,1400.0,302.93,44.55,96.43,14.71,31.83,43.51,51.83
5710,2025-07-03,600519,1412.0,1415.6,1422.69,1408.0,24413,3456733002.0,1.04,0.43,6.0,0.19,1415.6,1422.69,1408.0,283.68,52.44,67.39,18.49,23.76,38.4,46.48
5711,2025-07-04,600519,1415.7,1422.22,1431.89,1410.01,28767,4086547268.0,1.55,0.47,6.62,0.23,1422.22,1431.89,1410.01,279.79,61.64,43.51,22.03,15.55,33.14,43.04
5712,2025-07-07,600519,1422.28,1410.7,1423.5,1410.01,23855,3370562659.0,0.95,-0.81,-11.52,0.19,1410.7,1423.5,1410.01,278.46,59.68,43.51,21.43,15.63,28.13,38.72
5713,2025-07-08,600519,1410.71,1416.11,1420.0,1410.7,18674,2643302691.0,0.66,0.38,5.41,0.15,1416.11,1420.0,1410.7,265.33,43.24,43.51,16.3,16.4,21.12,34.06
5714,2025-07-09,600519,1415.0,1418.88,1429.97,1414.17,27745,3950810723.0,1.12,0.2,2.77,0.22,1418.88,1429.97,1414.17,264.64,53.21,39.68,20.11,14.99,16.18,30.49
5715,2025-07-10,600519,1418.97,1426.5,1436.18,1410.4,38725,5503329754.0,1.82,0.54,7.62,0.31,1426.5,1436.18,1410.4,269.48,51.95,39.68,19.28,14.72,12.28,27.9
5716,2025-07-11,600519,1423.16,1427.0,1458.0,1423.16,57243,8239010390.0,2.44,0.04,0.5,0.46,1427.0,1458.0,1423.16,276.5,73.77,24.66,26.68,8.92,18.51,28.45
5717,2025-07-14,600519,1430.0,1423.6,1434.98,1421.6,27781,3961736006.0,0.94,-0.24,-3.4,0.22,1423.6,1434.98,1421.6,258.2,55.09,26.22,21.34,10.15,21.56,27.35
5718,2025-07-15,600519,1420.98,1411.0,1422.93,1408.32,35406,5005150165.0,1.03,-0.89,-12.6,0.28,1411.0,1422.93,1408.32,244.79,55.09,36.66,22.51,14.98,22.29,25.21
5719,2025-07-16,600519,1410.01,1411.03,1417.49,1409.95,21286,3006882579.0,0.53,0.0,0.03,0.17,1411.03,1417.49,1409.95,226.55,55.09,26.23,24.32,11.58,28.16,24.64
5720,2025-07-17,600519,1413.98,1416.35,1423.01,1412.88,23106,3273100406.0,0.72,0.38,5.32,0.18,1416.35,1423.01,1412.88,218.62,60.61,19.24,27.72,8.8,34.36,25.27
5721,2025-07-18,600519,1420.0,1437.0,1437.81,1416.38,41823,5984949774.0,1.51,1.46,20.65,0.33,1437.0,1437.81,1416.38,228.85,75.41,18.15,32.95,7.93,42.33,27.3
5722,2025-07-21,600519,1436.99,1443.0,1446.8,1435.0,26203,3779891829.0,0.82,0.42,6.0,0.21,1443.0,1446.8,1435.0,232.02,84.4,18.15,36.38,7.82,44.78,31.65
5723,2025-07-22,600519,1444.0,1464.98,1466.6,1440.68,42119,6127636851.0,1.8,1.52,21.98,0.34,1464.98,1466.6,1440.68,243.14,104.2,14.84,42.86,6.1,51.38,36.47
5724,2025-07-23,600519,1469.0,1475.5,1495.0,1468.95,45045,6676301462.0,1.78,0.72,10.52,0.36,1475.5,1495.0,1468.95,258.47,124.71,14.84,48.25,5.74,61.15,41.72
5725,2025-07-24,600519,1476.0,1491.5,1499.0,1475.0,38804,5786337377.0,1.63,1.08,16.0,0.31,1491.5,1499.0,1475.0,260.59,119.51,14.84,45.86,5.69,68.22,48.19
5726,2025-07-25,600519,1491.4,1455.0,1491.4,1453.0,41911,6140078741.0,2.57,-2.45,-36.5,0.33,1455.0,1491.4,1453.0,285.6,119.51,36.84,41.85,12.9,68.4,51.38
5727,2025-07-28,600519,1453.0,1438.66,1454.99,1436.3,38586,5560966386.0,1.28,-1.12,-16.34,0.31,1438.66,1454.99,1436.3,295.0,119.51,53.54,40.51,18.15,64.55,53.44
5728,2025-07-29,600519,1439.6,1439.0,1448.79,1435.01,26304,3785848102.0,0.96,0.02,0.34,0.21,1439.0,1448.79,1435.01,292.98,109.54,54.83,37.39,18.71,59.33,52.06
5729,2025-07-30,600519,1444.0,1449.44,1457.16,1437.0,31868,4612883040.0,1.4,0.73,10.44,0.25,1449.44,1457.16,1437.0,287.36,111.7,54.83,38.87,19.08,52.51,51.94
5730,2025-07-31,600519,1443.0,1421.67,1444.87,1418.0,51798,7386302758.0,1.85,-1.92,-27.77,0.41,1421.67,1444.87,1418.0,283.96,89.88,73.83,31.65,26.0,41.02,51.09
5731,2025-08-01,600519,1421.87,1417.0,1425.96,1414.0,29636,4200850790.0,0.84,-0.33,-4.67,0.24,1417.0,1425.96,1414.0,282.54,89.88,76.27,31.81,26.99,29.4,48.81
5732,2025-08-04,600519,1415.0,1419.0,1419.8,1414.0,18688,2647105740.0,0.41,0.14,2.0,0.15,1419.0,1419.8,1414.0,273.06,89.88,62.99,32.92,23.07,23.52,45.96
5733,2025-08-05,600519,1421.0,1427.74,1429.94,1417.11,25342,3607931488.0,0.9,0.62,8.74,0.2,1427.74,1429.94,1417.11,278.35,100.02,62.99,35.93,22.63,20.96,42.75
5734,2025-08-06,600519,1429.0,1423.88,1429.0,1419.3,23699,3372334940.0,0.68,-0.27,-3.86,0.19,1423.88,1429.0,1419.3,276.07,94.5,62.99,34.23,22.82,18.74,39.04
5735,2025-08-07,600519,1423.88,1422.35,1427.7,1420.06,28001,3988765795.0,0.54,-0.11,-1.53,0.22,1422.35,1427.7,1420.06,262.25,79.7,62.99,30.39,24.02,15.0,33.76
5736,2025-08-08,600519,1423.05,1420.97,1426.5,1418.0,18655,2651478118.0,0.6,-0.1,-1.38,0.15,1420.97,1426.5,1418.0,258.95,70.71,65.05,27.31,25.12,14.06,27.54
5737,2025-08-11,600519,1423.5,1445.0,1451.99,1423.0,47159,6794034090.0,2.04,1.69,24.03,0.38,1445.0,1451.99,1423.0,264.05,76.4,65.05,28.93,24.64,14.04,21.72
5738,2025-08-12,600519,1449.0,1437.04,1465.07,1436.0,42019,6095342036.0,2.01,-0.55,-7.96,0.33,1437.04,1465.07,1436.0,263.1,61.08,65.05,23.22,24.72,11.63,17.58
5739,2025-08-13,600519,1425.0,1420.05,1433.68,1420.0,65528,9325460101.0,0.95,-1.18,-16.99,0.52,1420.05,1433.68,1420.0,256.14,57.08,81.05,22.28,31.64,10.74,15.85
5740,2025-08-14,600519,1420.94,1426.99,1447.51,1420.94,48129,6897535330.0,1.87,0.49,6.94,0.38,1426.99,1447.51,1420.94,245.1,70.91,59.05,28.93,24.09,8.92,13.83
5741,2025-08-15,600519,1426.01,1422.08,1428.66,1420.22,47582,6772436997.0,0.59,-0.34,-4.91,0.38,1422.08,1428.66,1420.22,234.84,70.91,43.07,30.2,18.34,11.04,13.02
5742,2025-08-18,600519,1426.99,1428.5,1436.64,1423.1,47378,6773477871.0,0.95,0.45,6.42,0.38,1428.5,1436.64,1423.1,235.62,78.89,41.78,33.48,17.73,15.47,14.77
5743,2025-08-19,600519,1433.5,1438.0,1446.66,1432.0,46372,6678541001.0,1.03,0.67,9.5,0.37,1438.0,1446.66,1432.0,233.62,80.54,41.78,34.47,17.88,19.42,16.73
5744,2025-08-20,600519,1438.0,1450.0,1452.8,1430.02,45805,6623095725.0,1.58,0.83,12.0,0.36,1450.0,1452.8,1430.02,224.96,86.68,22.78,38.53,10.13,28.62,20.12
5745,2025-08-21,600519,1453.45,1448.25,1454.99,1443.65,30891,4470441662.0,0.78,-0.12,-1.75,0.25,1448.25,1454.99,1443.65,224.34,88.87,18.78,39.61,8.37,36.58,23.66
5746,2025-08-22,600519,1448.88,1463.95,1464.0,1444.77,44971,6544867368.0,1.33,1.08,15.7,0.36,1463.95,1464.0,1444.77,237.77,97.88,18.78,41.17,7.9,46.36,27.64
5747,2025-08-25,600519,1470.01,1490.33,1496.0,1466.0,65325,9676719498.0,2.05,1.8,26.38,0.52,1490.33,1496.0,1466.0,256.99,119.74,18.78,46.59,7.31,54.44,32.74
5748,2025-08-26,600519,1490.32,1481.61,1494.23,1480.01,39602,5883917000.0,0.95,-0.59,-8.72,0.32,1481.61,1494.23,1480.01,261.51,119.74,18.78,45.79,7.18,61.46,38.46
5749,2025-08-27,600519,1481.88,1448.0,1484.93,1448.0,56006,8184169113.0,2.49,-2.27,-33.61,0.45,1448.0,1484.93,1448.0,290.8,119.74,50.79,41.18,17.47,62.92,41.17
5750,2025-08-28,600519,1447.97,1446.1,1456.1,1438.77,39282,5683673273.0,1.2,-0.13,-1.9,0.31,1446.1,1456.1,1438.77,299.63,119.74,57.96,39.96,19.34,58.98,43.8
5751,2025-08-29,600519,1453.0,1480.0,1482.58,1452.0,62256,9159701454.0,2.11,2.34,33.9,0.5,1480.0,1482.58,1452.0,305.09,120.73,57.96,39.57,19.0,53.98,45.28
5752,2025-09-01,600519,1482.2,1476.1,1488.0,1465.7,45123,6658918555.0,1.51,-0.26,-3.9,0.36,1476.1,1488.0,1465.7,298.32,113.07,57.96,37.9,19.43,48.05,47.21
5753,2025-09-02,600519,1478.66,1491.3,1509.0,1478.0,56688,8470012816.0,2.1,1.03,15.2,0.45,1491.3,1509.0,1478.0,314.18,134.07,41.96,42.67,13.36,44.63,49.53
5754,2025-09-03,600519,1491.0,1480.55,1503.5,1466.0,45045,6656011145.0,2.51,-0.72,-10.75,0.36,1480.55,1503.5,1466.0,324.22,120.24,53.96,37.09,16.64,38.82,50.14
5755,2025-09-04,600519,1472.0,1472.66,1479.3,1460.47,47747,7017084750.0,1.27,-0.53,-7.89,0.38,1472.66,1479.3,1460.47,335.86,120.24,58.77,35.8,17.5,37.81,50.36
